/usr/bin/ps: /comm/swstack/core/anaconda3/2021.05/lib/libuuid.so.1: no version information available (required by /lib64/libblkid.so.1)
--------------------------------------------------------------------------
WARNING: There was an error initializing an OpenFabrics device.

  Local host:   s41n11
  Local device: mlx5_0
--------------------------------------------------------------------------
[CHILD][Parent Rank 497] | The following model took too long to complete: 
params: {'lensing': 'yes', 'output': 'tCl,lCl,pCl,mPk', 'l_max_scalars': 2508, 'k_pivot': 0.05, 'N_ur': 2.0328, 'N_ncdm': 1, 'm_ncdm': 0.06, 'T_ncdm': 0.71611, 'N_ncdm_decay_dr': 1, 'quadrature_strategy_ncdm_decay_dr': 3, 'ncdm_fluid_approximation': 3, 'maximum_q_ncdm_decay_dr': 15.0, 'background_method': 0, 'evolver': 1, 'N_momentum_bins_ncdm_decay_dr': 7, 'l_max_ncdm': 13, 'l_max_dr': 13, 'l_max_dr_col': 13, 'omega_b': 0.02508455, 'omega_cdm': 0.1435652, 'Neff_ini_dncdm': 2.248048, 'log10lifetime_ncdm_decay_dr': 5.004984, 'm_ncdm_decay_dr': 0.05797715, 'H0': 60.55546, 'ln10^{10}A_s': 2.842667, 'n_s': 0.951774, 'tau_reio': 0.09711261, 'P_k_max_1/Mpc': 1.0}

[PARENT][Rank 497] | ERROR: Child process failed during CLASS computation
Model: {'lensing': 'yes', 'output': 'tCl,lCl,pCl,mPk', 'l_max_scalars': 2508, 'k_pivot': 0.05, 'N_ur': 2.0328, 'N_ncdm': 1, 'm_ncdm': 0.06, 'T_ncdm': 0.71611, 'N_ncdm_decay_dr': 1, 'quadrature_strategy_ncdm_decay_dr': 3, 'ncdm_fluid_approximation': 3, 'maximum_q_ncdm_decay_dr': 15.0, 'background_method': 0, 'evolver': 1, 'N_momentum_bins_ncdm_decay_dr': 7, 'l_max_ncdm': 13, 'l_max_dr': 13, 'l_max_dr_col': 13, 'omega_b': 0.02508455, 'omega_cdm': 0.1435652, 'Neff_ini_dncdm': 2.248048, 'log10lifetime_ncdm_decay_dr': 5.004984, 'm_ncdm_decay_dr': 0.05797715, 'H0': 60.55546, 'ln10^{10}A_s': 2.842667, 'n_s': 0.951774, 'tau_reio': 0.09711261, 'P_k_max_1/Mpc': 1.0}
skipping to the next model...
[CHILD][Parent Rank 465] | The following model took too long to complete: 
params: {'lensing': 'yes', 'output': 'tCl,lCl,pCl,mPk', 'l_max_scalars': 2508, 'k_pivot': 0.05, 'N_ur': 2.0328, 'N_ncdm': 1, 'm_ncdm': 0.06, 'T_ncdm': 0.71611, 'N_ncdm_decay_dr': 1, 'quadrature_strategy_ncdm_decay_dr': 3, 'ncdm_fluid_approximation': 3, 'maximum_q_ncdm_decay_dr': 15.0, 'background_method': 0, 'evolver': 1, 'N_momentum_bins_ncdm_decay_dr': 7, 'l_max_ncdm': 13, 'l_max_dr': 13, 'l_max_dr_col': 13, 'omega_b': 0.02508455, 'omega_cdm': 0.1435652, 'Neff_ini_dncdm': 2.248048, 'log10lifetime_ncdm_decay_dr': 5.004984, 'm_ncdm_decay_dr': 0.05797715, 'H0': 60.55546, 'ln10^{10}A_s': 2.842667, 'n_s': 0.951774, 'tau_reio': 0.09711261, 'P_k_max_1/Mpc': 1.0}

[PARENT][Rank 465] | ERROR: Child process failed during CLASS computation
Model: {'lensing': 'yes', 'output': 'tCl,lCl,pCl,mPk', 'l_max_scalars': 2508, 'k_pivot': 0.05, 'N_ur': 2.0328, 'N_ncdm': 1, 'm_ncdm': 0.06, 'T_ncdm': 0.71611, 'N_ncdm_decay_dr': 1, 'quadrature_strategy_ncdm_decay_dr': 3, 'ncdm_fluid_approximation': 3, 'maximum_q_ncdm_decay_dr': 15.0, 'background_method': 0, 'evolver': 1, 'N_momentum_bins_ncdm_decay_dr': 7, 'l_max_ncdm': 13, 'l_max_dr': 13, 'l_max_dr_col': 13, 'omega_b': 0.02508455, 'omega_cdm': 0.1435652, 'Neff_ini_dncdm': 2.248048, 'log10lifetime_ncdm_decay_dr': 5.004984, 'm_ncdm_decay_dr': 0.05797715, 'H0': 60.55546, 'ln10^{10}A_s': 2.842667, 'n_s': 0.951774, 'tau_reio': 0.09711261, 'P_k_max_1/Mpc': 1.0}
skipping to the next model...
[PARENT][Rank 119] | ERROR: Timeout while waiting for response from child process after CLASS computations. Child may be unresponsive.

[PARENT][Rank 120] | ERROR: Timeout while waiting for response from child process after CLASS computations. Child may be unresponsive.

[PARENT][Rank 172] | ERROR: Timeout while waiting for response from child process after CLASS computations. Child may be unresponsive.

[PARENT][Rank 167] | ERROR: Timeout while waiting for response from child process after CLASS computations. Child may be unresponsive.

[PARENT][Rank 60] | ERROR: Timeout while waiting for response from child process after CLASS computations. Child may be unresponsive.

[PARENT][Rank 63] | ERROR: Timeout while waiting for response from child process after CLASS computations. Child may be unresponsive.

[PARENT][Rank 61] | ERROR: Timeout while waiting for response from child process after CLASS computations. Child may be unresponsive.

[PARENT][Rank 31] | ERROR: Timeout while waiting for response from child process after CLASS computations. Child may be unresponsive.

[PARENT][Rank 109] | ERROR: Timeout while waiting for response from child process after CLASS computations. Child may be unresponsive.

[PARENT][Rank 397] | ERROR: Timeout while waiting for response from child process after CLASS computations. Child may be unresponsive.

[PARENT][Rank 209] | ERROR: Timeout while waiting for response from child process after CLASS computations. Child may be unresponsive.

[PARENT][Rank 210] | ERROR: Timeout while waiting for response from child process after CLASS computations. Child may be unresponsive.

[PARENT][Rank 247] | ERROR: Timeout while waiting for response from child process after CLASS computations. Child may be unresponsive.

[PARENT][Rank 249] | ERROR: Timeout while waiting for response from child process after CLASS computations. Child may be unresponsive.

[PARENT][Rank 251] | ERROR: Timeout while waiting for response from child process after CLASS computations. Child may be unresponsive.

[PARENT][Rank 260] | ERROR: Timeout while waiting for response from child process after CLASS computations. Child may be unresponsive.

[PARENT][Rank 264] | ERROR: Timeout while waiting for response from child process after CLASS computations. Child may be unresponsive.

[PARENT][Rank 269] | ERROR: Timeout while waiting for response from child process after CLASS computations. Child may be unresponsive.

[PARENT][Rank 277] | ERROR: Timeout while waiting for response from child process after CLASS computations. Child may be unresponsive.

[PARENT][Rank 169] | ERROR: Timeout while waiting for response from child process after CLASS computations. Child may be unresponsive.

[PARENT][Rank 225] | ERROR: Timeout while waiting for response from child process after CLASS computations. Child may be unresponsive.

[PARENT][Rank 496] | ERROR: Timeout while waiting for response from child process after CLASS computations. Child may be unresponsive.

[PARENT][Rank 57] | ERROR: Timeout while waiting for response from child process after CLASS computations. Child may be unresponsive.

[PARENT][Rank 110] | ERROR: Timeout while waiting for response from child process after CLASS computations. Child may be unresponsive.

[PARENT][Rank 113] | ERROR: Timeout while waiting for response from child process after CLASS computations. Child may be unresponsive.

[PARENT][Rank 153] | ERROR: Timeout while waiting for response from child process after CLASS computations. Child may be unresponsive.

[PARENT][Rank 242] | ERROR: Timeout while waiting for response from child process after CLASS computations. Child may be unresponsive.

[PARENT][Rank 230] | ERROR: Timeout while waiting for response from child process after CLASS computations. Child may be unresponsive.

[PARENT][Rank 128] | ERROR: Timeout while waiting for response from child process after CLASS computations. Child may be unresponsive.

[PARENT][Rank 434] | ERROR: Timeout while waiting for response from child process after CLASS computations. Child may be unresponsive.

[PARENT][Rank 455] | ERROR: Timeout while waiting for response from child process after CLASS computations. Child may be unresponsive.

[PARENT][Rank 486] | ERROR: Timeout while waiting for response from child process after CLASS computations. Child may be unresponsive.

[PARENT][Rank 64] | ERROR: Timeout while waiting for response from child process after CLASS computations. Child may be unresponsive.

[PARENT][Rank 170] | ERROR: Timeout while waiting for response from child process after CLASS computations. Child may be unresponsive.

[PARENT][Rank 206] | ERROR: Timeout while waiting for response from child process after CLASS computations. Child may be unresponsive.

[PARENT][Rank 286] | ERROR: Timeout while waiting for response from child process after CLASS computations. Child may be unresponsive.

[PARENT][Rank 385] | ERROR: Timeout while waiting for response from child process after CLASS computations. Child may be unresponsive.

[PARENT][Rank 491] | ERROR: Timeout while waiting for response from child process after CLASS computations. Child may be unresponsive.

[PARENT][Rank 431] | ERROR: Timeout while waiting for response from child process after CLASS computations. Child may be unresponsive.

[PARENT][Rank 49] | ERROR: Timeout while waiting for response from child process after CLASS computations. Child may be unresponsive.

[PARENT][Rank 129] | ERROR: Timeout while waiting for response from child process after CLASS computations. Child may be unresponsive.

[PARENT][Rank 162] | ERROR: Timeout while waiting for response from child process after CLASS computations. Child may be unresponsive.

[PARENT][Rank 435] | ERROR: Timeout while waiting for response from child process after CLASS computations. Child may be unresponsive.

[PARENT][Rank 200] | ERROR: Timeout while waiting for response from child process after CLASS computations. Child may be unresponsive.

[PARENT][Rank 17] | ERROR: Timeout while waiting for response from child process after CLASS computations. Child may be unresponsive.

[PARENT][Rank 167] | ERROR: Timeout while waiting for PONG response from child process. Child may be unresponsive.
Respawning child process...
[PARENT][Rank 172] | ERROR: Timeout while waiting for PONG response from child process. Child may be unresponsive.
Respawning child process...
[PARENT][Rank 209] | ERROR: Timeout while waiting for PONG response from child process. Child may be unresponsive.
Respawning child process...
[PARENT][Rank 210] | ERROR: Timeout while waiting for PONG response from child process. Child may be unresponsive.
Respawning child process...
[PARENT][Rank 264] | ERROR: Timeout while waiting for PONG response from child process. Child may be unresponsive.
Respawning child process...
[PARENT][Rank 269] | ERROR: Timeout while waiting for PONG response from child process. Child may be unresponsive.
Respawning child process...
[PARENT][Rank 247] | ERROR: Timeout while waiting for PONG response from child process. Child may be unresponsive.
Respawning child process...
[PARENT][Rank 249] | ERROR: Timeout while waiting for PONG response from child process. Child may be unresponsive.
Respawning child process...
[PARENT][Rank 251] | ERROR: Timeout while waiting for PONG response from child process. Child may be unresponsive.
Respawning child process...
[PARENT][Rank 260] | ERROR: Timeout while waiting for PONG response from child process. Child may be unresponsive.
Respawning child process...
[PARENT][Rank 277] | ERROR: Timeout while waiting for PONG response from child process. Child may be unresponsive.
Respawning child process...
[PARENT][Rank 172] | WARNING: Child process died or is unresponsive. Respawning...
[PARENT][Rank 167] | WARNING: Child process died or is unresponsive. Respawning...
[PARENT][Rank 31] | ERROR: Timeout while waiting for PONG response from child process. Child may be unresponsive.
Respawning child process...
[PARENT][Rank 397] | ERROR: Timeout while waiting for PONG response from child process. Child may be unresponsive.
Respawning child process...
[PARENT][Rank 60] | ERROR: Timeout while waiting for PONG response from child process. Child may be unresponsive.
Respawning child process...
[PARENT][Rank 61] | ERROR: Timeout while waiting for PONG response from child process. Child may be unresponsive.
Respawning child process...
[PARENT][Rank 109] | ERROR: Timeout while waiting for PONG response from child process. Child may be unresponsive.
Respawning child process...
[PARENT][Rank 63] | ERROR: Timeout while waiting for PONG response from child process. Child may be unresponsive.
Respawning child process...
[PARENT][Rank 119] | ERROR: Timeout while waiting for PONG response from child process. Child may be unresponsive.
Respawning child process...
[PARENT][Rank 120] | ERROR: Timeout while waiting for PONG response from child process. Child may be unresponsive.
Respawning child process...
[PARENT][Rank 210] | WARNING: Child process died or is unresponsive. Respawning...
[PARENT][Rank 209] | WARNING: Child process died or is unresponsive. Respawning...
[PARENT][Rank 31] | WARNING: Child process died or is unresponsive. Respawning...
[PARENT][Rank 397] | WARNING: Child process died or is unresponsive. Respawning...
[PARENT][Rank 60] | WARNING: Child process died or is unresponsive. Respawning...
[PARENT][Rank 63] | WARNING: Child process died or is unresponsive. Respawning...
[PARENT][Rank 109] | WARNING: Child process died or is unresponsive. Respawning...
[PARENT][Rank 61] | WARNING: Child process died or is unresponsive. Respawning...
[PARENT][Rank 264] | WARNING: Child process died or is unresponsive. Respawning...
[PARENT][Rank 260] | WARNING: Child process died or is unresponsive. Respawning...
[PARENT][Rank 277] | WARNING: Child process died or is unresponsive. Respawning...
[PARENT][Rank 269] | WARNING: Child process died or is unresponsive. Respawning...
[PARENT][Rank 251] | WARNING: Child process died or is unresponsive. Respawning...
[PARENT][Rank 249] | WARNING: Child process died or is unresponsive. Respawning...
[PARENT][Rank 247] | WARNING: Child process died or is unresponsive. Respawning...
[PARENT][Rank 119] | WARNING: Child process died or is unresponsive. Respawning...
[PARENT][Rank 120] | WARNING: Child process died or is unresponsive. Respawning...
[PARENT][Rank 153] | ERROR: Timeout while waiting for PONG response from child process. Child may be unresponsive.
Respawning child process...
[PARENT][Rank 169] | ERROR: Timeout while waiting for PONG response from child process. Child may be unresponsive.
Respawning child process...
[PARENT][Rank 169] | WARNING: Child process died or is unresponsive. Respawning...
[PARENT][Rank 230] | ERROR: Timeout while waiting for PONG response from child process. Child may be unresponsive.
Respawning child process...
[PARENT][Rank 242] | ERROR: Timeout while waiting for PONG response from child process. Child may be unresponsive.
Respawning child process...
[PARENT][Rank 225] | ERROR: Timeout while waiting for PONG response from child process. Child may be unresponsive.
Respawning child process...
[PARENT][Rank 225] | WARNING: Child process died or is unresponsive. Respawning...
[PARENT][Rank 242] | WARNING: Child process died or is unresponsive. Respawning...
[PARENT][Rank 230] | WARNING: Child process died or is unresponsive. Respawning...
[PARENT][Rank 434] | ERROR: Timeout while waiting for PONG response from child process. Child may be unresponsive.
Respawning child process...
[PARENT][Rank 486] | ERROR: Timeout while waiting for PONG response from child process. Child may be unresponsive.
Respawning child process...
[PARENT][Rank 455] | ERROR: Timeout while waiting for PONG response from child process. Child may be unresponsive.
Respawning child process...
[PARENT][Rank 496] | ERROR: Timeout while waiting for PONG response from child process. Child may be unresponsive.
Respawning child process...
[PARENT][Rank 57] | ERROR: Timeout while waiting for PONG response from child process. Child may be unresponsive.
Respawning child process...
[PARENT][Rank 57] | WARNING: Child process died or is unresponsive. Respawning...
[PARENT][Rank 64] | ERROR: Timeout while waiting for PONG response from child process. Child may be unresponsive.
Respawning child process...
[PARENT][Rank 110] | ERROR: Timeout while waiting for PONG response from child process. Child may be unresponsive.
Respawning child process...
[PARENT][Rank 110] | WARNING: Child process died or is unresponsive. Respawning...
[PARENT][Rank 128] | ERROR: Timeout while waiting for PONG response from child process. Child may be unresponsive.
Respawning child process...
[PARENT][Rank 113] | ERROR: Timeout while waiting for PONG response from child process. Child may be unresponsive.
Respawning child process...
[PARENT][Rank 113] | WARNING: Child process died or is unresponsive. Respawning...
[PARENT][Rank 153] | WARNING: Child process died or is unresponsive. Respawning...
[PARENT][Rank 434] | WARNING: Child process died or is unresponsive. Respawning...
[PARENT][Rank 455] | WARNING: Child process died or is unresponsive. Respawning...
[PARENT][Rank 486] | WARNING: Child process died or is unresponsive. Respawning...
[PARENT][Rank 128] | WARNING: Child process died or is unresponsive. Respawning...
[PARENT][Rank 64] | WARNING: Child process died or is unresponsive. Respawning...
[PARENT][Rank 496] | WARNING: Child process died or is unresponsive. Respawning...
[PARENT][Rank 170] | ERROR: Timeout while waiting for PONG response from child process. Child may be unresponsive.
Respawning child process...
[PARENT][Rank 170] | WARNING: Child process died or is unresponsive. Respawning...
[PARENT][Rank 200] | ERROR: Timeout while waiting for PONG response from child process. Child may be unresponsive.
Respawning child process...
[PARENT][Rank 206] | ERROR: Timeout while waiting for PONG response from child process. Child may be unresponsive.
Respawning child process...
[PARENT][Rank 206] | WARNING: Child process died or is unresponsive. Respawning...
[PARENT][Rank 286] | ERROR: Timeout while waiting for PONG response from child process. Child may be unresponsive.
Respawning child process...
[PARENT][Rank 286] | WARNING: Child process died or is unresponsive. Respawning...
[PARENT][Rank 385] | ERROR: Timeout while waiting for PONG response from child process. Child may be unresponsive.
Respawning child process...
[PARENT][Rank 385] | WARNING: Child process died or is unresponsive. Respawning...
[PARENT][Rank 491] | ERROR: Timeout while waiting for PONG response from child process. Child may be unresponsive.
Respawning child process...
[PARENT][Rank 491] | WARNING: Child process died or is unresponsive. Respawning...
[PARENT][Rank 200] | WARNING: Child process died or is unresponsive. Respawning...
[PARENT][Rank 435] | ERROR: Timeout while waiting for PONG response from child process. Child may be unresponsive.
Respawning child process...
[PARENT][Rank 435] | WARNING: Child process died or is unresponsive. Respawning...
[PARENT][Rank 431] | ERROR: Timeout while waiting for PONG response from child process. Child may be unresponsive.
Respawning child process...
[PARENT][Rank 431] | WARNING: Child process died or is unresponsive. Respawning...
[PARENT][Rank 49] | ERROR: Timeout while waiting for PONG response from child process. Child may be unresponsive.
Respawning child process...
[PARENT][Rank 49] | WARNING: Child process died or is unresponsive. Respawning...
[PARENT][Rank 162] | ERROR: Timeout while waiting for PONG response from child process. Child may be unresponsive.
Respawning child process...
[PARENT][Rank 162] | WARNING: Child process died or is unresponsive. Respawning...
[PARENT][Rank 129] | ERROR: Timeout while waiting for PONG response from child process. Child may be unresponsive.
Respawning child process...
[PARENT][Rank 129] | WARNING: Child process died or is unresponsive. Respawning...
[PARENT][Rank 496] | [INFO] Successfully respawned child process.
[PARENT][Rank 491] | [INFO] Successfully respawned child process.
[PARENT][Rank 170] | [INFO] Successfully respawned child process.
[PARENT][Rank 172] | [INFO] Successfully respawned child process.
[PARENT][Rank 169] | [INFO] Successfully respawned child process.
[PARENT][Rank 162] | [INFO] Successfully respawned child process.
[PARENT][Rank 167] | [INFO] Successfully respawned child process.
[PARENT][Rank 31] | [INFO] Successfully respawned child process.
[PARENT][Rank 64] | [INFO] Successfully respawned child process.
[PARENT][Rank 397] | [INFO] Successfully respawned child process.
[PARENT][Rank 385] | [INFO] Successfully respawned child process.
[PARENT][Rank 113] | [INFO] Successfully respawned child process.
[PARENT][Rank 110] | [INFO] Successfully respawned child process.
[PARENT][Rank 109] | [INFO] Successfully respawned child process.
[PARENT][Rank 209] | [INFO] Successfully respawned child process.
[PARENT][Rank 210] | [INFO] Successfully respawned child process.
[PARENT][Rank 206] | [INFO] Successfully respawned child process.
[PARENT][Rank 225] | [INFO] Successfully respawned child process.
[PARENT][Rank 60] | [INFO] Successfully respawned child process.
[PARENT][Rank 49] | [INFO] Successfully respawned child process.
[PARENT][Rank 57] | [INFO] Successfully respawned child process.
[PARENT][Rank 63] | [INFO] Successfully respawned child process.
[PARENT][Rank 61] | [INFO] Successfully respawned child process.
[PARENT][Rank 128] | [INFO] Successfully respawned child process.
[PARENT][Rank 129] | [INFO] Successfully respawned child process.
[PARENT][Rank 434] | [INFO] Successfully respawned child process.
[PARENT][Rank 431] | [INFO] Successfully respawned child process.
[PARENT][Rank 435] | [INFO] Successfully respawned child process.
[PARENT][Rank 200] | [INFO] Successfully respawned child process.
[PARENT][Rank 230] | [INFO] Successfully respawned child process.
[PARENT][Rank 242] | [INFO] Successfully respawned child process.
[PARENT][Rank 455] | [INFO] Successfully respawned child process.
[PARENT][Rank 486] | [INFO] Successfully respawned child process.
[PARENT][Rank 17] | ERROR: Timeout while waiting for PONG response from child process. Child may be unresponsive.
Respawning child process...
[PARENT][Rank 17] | WARNING: Child process died or is unresponsive. Respawning...
[PARENT][Rank 17] | [INFO] Successfully respawned child process.
[PARENT][Rank 249] | [INFO] Successfully respawned child process.
[PARENT][Rank 251] | [INFO] Successfully respawned child process.
[PARENT][Rank 286] | [INFO] Successfully respawned child process.
[PARENT][Rank 247] | [INFO] Successfully respawned child process.
[PARENT][Rank 269] | [INFO] Successfully respawned child process.
[PARENT][Rank 260] | [INFO] Successfully respawned child process.
[PARENT][Rank 277] | [INFO] Successfully respawned child process.
[PARENT][Rank 264] | [INFO] Successfully respawned child process.
[PARENT][Rank 153] | [INFO] Successfully respawned child process.
[PARENT][Rank 120] | [INFO] Successfully respawned child process.
[PARENT][Rank 119] | [INFO] Successfully respawned child process.
[PARENT][Rank 484] | ERROR: Timeout while waiting for response from child process after CLASS computations. Child may be unresponsive.

[PARENT][Rank 16] | ERROR: Timeout while waiting for response from child process after CLASS computations. Child may be unresponsive.

[PARENT][Rank 29] | ERROR: Timeout while waiting for response from child process after CLASS computations. Child may be unresponsive.

[PARENT][Rank 59] | ERROR: Timeout while waiting for response from child process after CLASS computations. Child may be unresponsive.

[PARENT][Rank 117] | ERROR: Timeout while waiting for response from child process after CLASS computations. Child may be unresponsive.

[PARENT][Rank 121] | ERROR: Timeout while waiting for response from child process after CLASS computations. Child may be unresponsive.

[PARENT][Rank 156] | ERROR: Timeout while waiting for response from child process after CLASS computations. Child may be unresponsive.

[PARENT][Rank 168] | ERROR: Timeout while waiting for response from child process after CLASS computations. Child may be unresponsive.

[PARENT][Rank 174] | ERROR: Timeout while waiting for response from child process after CLASS computations. Child may be unresponsive.

[PARENT][Rank 171] | ERROR: Timeout while waiting for response from child process after CLASS computations. Child may be unresponsive.

[PARENT][Rank 207] | ERROR: Timeout while waiting for response from child process after CLASS computations. Child may be unresponsive.

[PARENT][Rank 45] | ERROR: Timeout while waiting for response from child process after CLASS computations. Child may be unresponsive.

[PARENT][Rank 138] | ERROR: Timeout while waiting for response from child process after CLASS computations. Child may be unresponsive.

[PARENT][Rank 248] | ERROR: Timeout while waiting for response from child process after CLASS computations. Child may be unresponsive.

[PARENT][Rank 259] | ERROR: Timeout while waiting for response from child process after CLASS computations. Child may be unresponsive.

[PARENT][Rank 312] | ERROR: Timeout while waiting for response from child process after CLASS computations. Child may be unresponsive.

[PARENT][Rank 313] | ERROR: Timeout while waiting for response from child process after CLASS computations. Child may be unresponsive.

[PARENT][Rank 386] | ERROR: Timeout while waiting for response from child process after CLASS computations. Child may be unresponsive.

[PARENT][Rank 372] | ERROR: Timeout while waiting for response from child process after CLASS computations. Child may be unresponsive.

[PARENT][Rank 393] | ERROR: Timeout while waiting for response from child process after CLASS computations. Child may be unresponsive.

[PARENT][Rank 484] | ERROR: Timeout while waiting for PONG response from child process. Child may be unresponsive.
Respawning child process...
[PARENT][Rank 484] | WARNING: Child process died or is unresponsive. Respawning...
[PARENT][Rank 29] | ERROR: Timeout while waiting for PONG response from child process. Child may be unresponsive.
Respawning child process...
[PARENT][Rank 29] | WARNING: Child process died or is unresponsive. Respawning...
[PARENT][Rank 59] | ERROR: Timeout while waiting for PONG response from child process. Child may be unresponsive.
Respawning child process...
[PARENT][Rank 59] | WARNING: Child process died or is unresponsive. Respawning...
[PARENT][Rank 16] | ERROR: Timeout while waiting for PONG response from child process. Child may be unresponsive.
Respawning child process...
[PARENT][Rank 16] | WARNING: Child process died or is unresponsive. Respawning...
[PARENT][Rank 45] | ERROR: Timeout while waiting for PONG response from child process. Child may be unresponsive.
Respawning child process...
[PARENT][Rank 138] | ERROR: Timeout while waiting for PONG response from child process. Child may be unresponsive.
Respawning child process...
[PARENT][Rank 156] | ERROR: Timeout while waiting for PONG response from child process. Child may be unresponsive.
Respawning child process...
[PARENT][Rank 156] | WARNING: Child process died or is unresponsive. Respawning...
[PARENT][Rank 117] | ERROR: Timeout while waiting for PONG response from child process. Child may be unresponsive.
Respawning child process...
[PARENT][Rank 117] | WARNING: Child process died or is unresponsive. Respawning...
[PARENT][Rank 168] | ERROR: Timeout while waiting for PONG response from child process. Child may be unresponsive.
Respawning child process...
[PARENT][Rank 168] | WARNING: Child process died or is unresponsive. Respawning...
[PARENT][Rank 171] | ERROR: Timeout while waiting for PONG response from child process. Child may be unresponsive.
Respawning child process...
[PARENT][Rank 121] | ERROR: Timeout while waiting for PONG response from child process. Child may be unresponsive.
Respawning child process...
[PARENT][Rank 121] | WARNING: Child process died or is unresponsive. Respawning...
[PARENT][Rank 207] | ERROR: Timeout while waiting for PONG response from child process. Child may be unresponsive.
Respawning child process...
[PARENT][Rank 207] | WARNING: Child process died or is unresponsive. Respawning...
[PARENT][Rank 171] | WARNING: Child process died or is unresponsive. Respawning...
[PARENT][Rank 174] | ERROR: Timeout while waiting for PONG response from child process. Child may be unresponsive.
Respawning child process...
[PARENT][Rank 174] | WARNING: Child process died or is unresponsive. Respawning...
[PARENT][Rank 138] | WARNING: Child process died or is unresponsive. Respawning...
[PARENT][Rank 45] | WARNING: Child process died or is unresponsive. Respawning...
[PARENT][Rank 174] | [INFO] Successfully respawned child process.
[PARENT][Rank 171] | [INFO] Successfully respawned child process.
[PARENT][Rank 168] | [INFO] Successfully respawned child process.
[PARENT][Rank 59] | [INFO] Successfully respawned child process.
[PARENT][Rank 16] | [INFO] Successfully respawned child process.
[PARENT][Rank 207] | [INFO] Successfully respawned child process.
[PARENT][Rank 29] | [INFO] Successfully respawned child process.
[PARENT][Rank 117] | [INFO] Successfully respawned child process.
[PARENT][Rank 484] | [INFO] Successfully respawned child process.
[PARENT][Rank 156] | [INFO] Successfully respawned child process.
[PARENT][Rank 121] | [INFO] Successfully respawned child process.
[PARENT][Rank 372] | ERROR: Timeout while waiting for PONG response from child process. Child may be unresponsive.
Respawning child process...
[PARENT][Rank 372] | WARNING: Child process died or is unresponsive. Respawning...
[PARENT][Rank 386] | ERROR: Timeout while waiting for PONG response from child process. Child may be unresponsive.
Respawning child process...
[PARENT][Rank 386] | WARNING: Child process died or is unresponsive. Respawning...
[PARENT][Rank 393] | ERROR: Timeout while waiting for PONG response from child process. Child may be unresponsive.
Respawning child process...
[PARENT][Rank 393] | WARNING: Child process died or is unresponsive. Respawning...
[PARENT][Rank 248] | ERROR: Timeout while waiting for PONG response from child process. Child may be unresponsive.
Respawning child process...
[PARENT][Rank 248] | WARNING: Child process died or is unresponsive. Respawning...
[PARENT][Rank 259] | ERROR: Timeout while waiting for PONG response from child process. Child may be unresponsive.
Respawning child process...
[PARENT][Rank 259] | WARNING: Child process died or is unresponsive. Respawning...
[PARENT][Rank 386] | [INFO] Successfully respawned child process.
[PARENT][Rank 312] | ERROR: Timeout while waiting for PONG response from child process. Child may be unresponsive.
Respawning child process...
[PARENT][Rank 313] | ERROR: Timeout while waiting for PONG response from child process. Child may be unresponsive.
Respawning child process...
[PARENT][Rank 393] | [INFO] Successfully respawned child process.
[PARENT][Rank 313] | WARNING: Child process died or is unresponsive. Respawning...
[PARENT][Rank 312] | WARNING: Child process died or is unresponsive. Respawning...
[PARENT][Rank 138] | [INFO] Successfully respawned child process.
[PARENT][Rank 259] | [INFO] Successfully respawned child process.
[PARENT][Rank 248] | [INFO] Successfully respawned child process.
[PARENT][Rank 372] | [INFO] Successfully respawned child process.
[PARENT][Rank 45] | [INFO] Successfully respawned child process.
[PARENT][Rank 313] | [INFO] Successfully respawned child process.
[PARENT][Rank 312] | [INFO] Successfully respawned child process.
[PARENT][Rank 165] | ERROR: Timeout while waiting for response from child process after CLASS computations. Child may be unresponsive.

[CHILD][Parent Rank 208] | The following model took too long to complete: 
params: {'lensing': 'yes', 'output': 'tCl,lCl,pCl,mPk', 'l_max_scalars': 2508, 'k_pivot': 0.05, 'N_ur': 2.0328, 'N_ncdm': 1, 'm_ncdm': 0.06, 'T_ncdm': 0.71611, 'N_ncdm_decay_dr': 1, 'quadrature_strategy_ncdm_decay_dr': 3, 'ncdm_fluid_approximation': 3, 'maximum_q_ncdm_decay_dr': 15.0, 'background_method': 0, 'evolver': 1, 'N_momentum_bins_ncdm_decay_dr': 7, 'l_max_ncdm': 13, 'l_max_dr': 13, 'l_max_dr_col': 13, 'omega_b': 0.023483459, 'omega_cdm': 0.1958348, 'Neff_ini_dncdm': 0.9581979, 'log10lifetime_ncdm_decay_dr': 2.004582, 'm_ncdm_decay_dr': 51.65689, 'H0': 42.47493, 'ln10^{10}A_s': 3.100385, 'n_s': 0.9232402, 'tau_reio': 0.08348794, 'P_k_max_1/Mpc': 1.0}

[PARENT][Rank 208] | ERROR: Child process failed during CLASS computation
Model: {'lensing': 'yes', 'output': 'tCl,lCl,pCl,mPk', 'l_max_scalars': 2508, 'k_pivot': 0.05, 'N_ur': 2.0328, 'N_ncdm': 1, 'm_ncdm': 0.06, 'T_ncdm': 0.71611, 'N_ncdm_decay_dr': 1, 'quadrature_strategy_ncdm_decay_dr': 3, 'ncdm_fluid_approximation': 3, 'maximum_q_ncdm_decay_dr': 15.0, 'background_method': 0, 'evolver': 1, 'N_momentum_bins_ncdm_decay_dr': 7, 'l_max_ncdm': 13, 'l_max_dr': 13, 'l_max_dr_col': 13, 'omega_b': 0.023483459, 'omega_cdm': 0.1958348, 'Neff_ini_dncdm': 0.9581979, 'log10lifetime_ncdm_decay_dr': 2.004582, 'm_ncdm_decay_dr': 51.65689, 'H0': 42.47493, 'ln10^{10}A_s': 3.100385, 'n_s': 0.9232402, 'tau_reio': 0.08348794, 'P_k_max_1/Mpc': 1.0}
skipping to the next model...
[CHILD][Parent Rank 122] | The following model took too long to complete: 
params: {'lensing': 'yes', 'output': 'tCl,lCl,pCl,mPk', 'l_max_scalars': 2508, 'k_pivot': 0.05, 'N_ur': 2.0328, 'N_ncdm': 1, 'm_ncdm': 0.06, 'T_ncdm': 0.71611, 'N_ncdm_decay_dr': 1, 'quadrature_strategy_ncdm_decay_dr': 3, 'ncdm_fluid_approximation': 3, 'maximum_q_ncdm_decay_dr': 15.0, 'background_method': 0, 'evolver': 1, 'N_momentum_bins_ncdm_decay_dr': 7, 'l_max_ncdm': 13, 'l_max_dr': 13, 'l_max_dr_col': 13, 'omega_b': 0.023483459, 'omega_cdm': 0.1958348, 'Neff_ini_dncdm': 0.9581979, 'log10lifetime_ncdm_decay_dr': 2.004582, 'm_ncdm_decay_dr': 51.65689, 'H0': 42.47493, 'ln10^{10}A_s': 3.100385, 'n_s': 0.9232402, 'tau_reio': 0.08348794, 'P_k_max_1/Mpc': 1.0}

[PARENT][Rank 122] | ERROR: Child process failed during CLASS computation
Model: {'lensing': 'yes', 'output': 'tCl,lCl,pCl,mPk', 'l_max_scalars': 2508, 'k_pivot': 0.05, 'N_ur': 2.0328, 'N_ncdm': 1, 'm_ncdm': 0.06, 'T_ncdm': 0.71611, 'N_ncdm_decay_dr': 1, 'quadrature_strategy_ncdm_decay_dr': 3, 'ncdm_fluid_approximation': 3, 'maximum_q_ncdm_decay_dr': 15.0, 'background_method': 0, 'evolver': 1, 'N_momentum_bins_ncdm_decay_dr': 7, 'l_max_ncdm': 13, 'l_max_dr': 13, 'l_max_dr_col': 13, 'omega_b': 0.023483459, 'omega_cdm': 0.1958348, 'Neff_ini_dncdm': 0.9581979, 'log10lifetime_ncdm_decay_dr': 2.004582, 'm_ncdm_decay_dr': 51.65689, 'H0': 42.47493, 'ln10^{10}A_s': 3.100385, 'n_s': 0.9232402, 'tau_reio': 0.08348794, 'P_k_max_1/Mpc': 1.0}
skipping to the next model...
[CHILD][Parent Rank 165] | The following model took too long to complete: 
params: {'lensing': 'yes', 'output': 'tCl,lCl,pCl,mPk', 'l_max_scalars': 2508, 'k_pivot': 0.05, 'N_ur': 2.0328, 'N_ncdm': 1, 'm_ncdm': 0.06, 'T_ncdm': 0.71611, 'N_ncdm_decay_dr': 1, 'quadrature_strategy_ncdm_decay_dr': 3, 'ncdm_fluid_approximation': 3, 'maximum_q_ncdm_decay_dr': 15.0, 'background_method': 0, 'evolver': 1, 'N_momentum_bins_ncdm_decay_dr': 7, 'l_max_ncdm': 13, 'l_max_dr': 13, 'l_max_dr_col': 13, 'omega_b': 0.023483459, 'omega_cdm': 0.1958348, 'Neff_ini_dncdm': 0.9581979, 'log10lifetime_ncdm_decay_dr': 2.004582, 'm_ncdm_decay_dr': 51.65689, 'H0': 42.47493, 'ln10^{10}A_s': 3.100385, 'n_s': 0.9232402, 'tau_reio': 0.08348794, 'P_k_max_1/Mpc': 1.0}

[PARENT][Rank 165] | ERROR: Child process failed during CLASS computation
Model: {'lensing': 'yes', 'output': 'tCl,lCl,pCl,mPk', 'l_max_scalars': 2508, 'k_pivot': 0.05, 'N_ur': 2.0328, 'N_ncdm': 1, 'm_ncdm': 0.06, 'T_ncdm': 0.71611, 'N_ncdm_decay_dr': 1, 'quadrature_strategy_ncdm_decay_dr': 3, 'ncdm_fluid_approximation': 3, 'maximum_q_ncdm_decay_dr': 15.0, 'background_method': 0, 'evolver': 1, 'N_momentum_bins_ncdm_decay_dr': 7, 'l_max_ncdm': 13, 'l_max_dr': 13, 'l_max_dr_col': 13, 'omega_b': 0.023285018, 'omega_cdm': 0.1917883, 'Neff_ini_dncdm': 0.8818996, 'log10lifetime_ncdm_decay_dr': 2.004696, 'm_ncdm_decay_dr': 65.90775, 'H0': 43.75014, 'ln10^{10}A_s': 3.085675, 'n_s': 0.9244216, 'tau_reio': 0.07866154, 'P_k_max_1/Mpc': 1.0}
skipping to the next model...
[PARENT][Rank 164] | ERROR: Timeout while waiting for response from child process after CLASS computations. Child may be unresponsive.

[PARENT][Rank 166] | ERROR: Timeout while waiting for response from child process after CLASS computations. Child may be unresponsive.

[PARENT][Rank 112] | ERROR: Timeout while waiting for response from child process after CLASS computations. Child may be unresponsive.

[CHILD][Parent Rank 57] | The following model took too long to complete: 
params: {'lensing': 'yes', 'output': 'tCl,lCl,pCl,mPk', 'l_max_scalars': 2508, 'k_pivot': 0.05, 'N_ur': 2.0328, 'N_ncdm': 1, 'm_ncdm': 0.06, 'T_ncdm': 0.71611, 'N_ncdm_decay_dr': 1, 'quadrature_strategy_ncdm_decay_dr': 3, 'ncdm_fluid_approximation': 3, 'maximum_q_ncdm_decay_dr': 15.0, 'background_method': 0, 'evolver': 1, 'N_momentum_bins_ncdm_decay_dr': 7, 'l_max_ncdm': 13, 'l_max_dr': 13, 'l_max_dr_col': 13, 'omega_b': 0.023483459, 'omega_cdm': 0.1958348, 'Neff_ini_dncdm': 0.9581979, 'log10lifetime_ncdm_decay_dr': 2.004582, 'm_ncdm_decay_dr': 51.65689, 'H0': 42.47493, 'ln10^{10}A_s': 3.100385, 'n_s': 0.9232402, 'tau_reio': 0.08348794, 'P_k_max_1/Mpc': 1.0}

[PARENT][Rank 57] | ERROR: Child process failed during CLASS computation
Model: {'lensing': 'yes', 'output': 'tCl,lCl,pCl,mPk', 'l_max_scalars': 2508, 'k_pivot': 0.05, 'N_ur': 2.0328, 'N_ncdm': 1, 'm_ncdm': 0.06, 'T_ncdm': 0.71611, 'N_ncdm_decay_dr': 1, 'quadrature_strategy_ncdm_decay_dr': 3, 'ncdm_fluid_approximation': 3, 'maximum_q_ncdm_decay_dr': 15.0, 'background_method': 0, 'evolver': 1, 'N_momentum_bins_ncdm_decay_dr': 7, 'l_max_ncdm': 13, 'l_max_dr': 13, 'l_max_dr_col': 13, 'omega_b': 0.023483459, 'omega_cdm': 0.1958348, 'Neff_ini_dncdm': 0.9581979, 'log10lifetime_ncdm_decay_dr': 2.004582, 'm_ncdm_decay_dr': 51.65689, 'H0': 42.47493, 'ln10^{10}A_s': 3.100385, 'n_s': 0.9232402, 'tau_reio': 0.08348794, 'P_k_max_1/Mpc': 1.0}
skipping to the next model...
[CHILD][Parent Rank 61] | The following model took too long to complete: 
params: {'lensing': 'yes', 'output': 'tCl,lCl,pCl,mPk', 'l_max_scalars': 2508, 'k_pivot': 0.05, 'N_ur': 2.0328, 'N_ncdm': 1, 'm_ncdm': 0.06, 'T_ncdm': 0.71611, 'N_ncdm_decay_dr': 1, 'quadrature_strategy_ncdm_decay_dr': 3, 'ncdm_fluid_approximation': 3, 'maximum_q_ncdm_decay_dr': 15.0, 'background_method': 0, 'evolver': 1, 'N_momentum_bins_ncdm_decay_dr': 7, 'l_max_ncdm': 13, 'l_max_dr': 13, 'l_max_dr_col': 13, 'omega_b': 0.023483459, 'omega_cdm': 0.1958348, 'Neff_ini_dncdm': 0.9581979, 'log10lifetime_ncdm_decay_dr': 2.004582, 'm_ncdm_decay_dr': 51.65689, 'H0': 42.47493, 'ln10^{10}A_s': 3.100385, 'n_s': 0.9232402, 'tau_reio': 0.08348794, 'P_k_max_1/Mpc': 1.0}

[CHILD][Parent Rank 164] | The following model took too long to complete: 
params: {'lensing': 'yes', 'output': 'tCl,lCl,pCl,mPk', 'l_max_scalars': 2508, 'k_pivot': 0.05, 'N_ur': 2.0328, 'N_ncdm': 1, 'm_ncdm': 0.06, 'T_ncdm': 0.71611, 'N_ncdm_decay_dr': 1, 'quadrature_strategy_ncdm_decay_dr': 3, 'ncdm_fluid_approximation': 3, 'maximum_q_ncdm_decay_dr': 15.0, 'background_method': 0, 'evolver': 1, 'N_momentum_bins_ncdm_decay_dr': 7, 'l_max_ncdm': 13, 'l_max_dr': 13, 'l_max_dr_col': 13, 'omega_b': 0.023483459, 'omega_cdm': 0.1958348, 'Neff_ini_dncdm': 0.9581979, 'log10lifetime_ncdm_decay_dr': 2.004582, 'm_ncdm_decay_dr': 51.65689, 'H0': 42.47493, 'ln10^{10}A_s': 3.100385, 'n_s': 0.9232402, 'tau_reio': 0.08348794, 'P_k_max_1/Mpc': 1.0}

[PARENT][Rank 61] | ERROR: Child process failed during CLASS computation
Model: {'lensing': 'yes', 'output': 'tCl,lCl,pCl,mPk', 'l_max_scalars': 2508, 'k_pivot': 0.05, 'N_ur': 2.0328, 'N_ncdm': 1, 'm_ncdm': 0.06, 'T_ncdm': 0.71611, 'N_ncdm_decay_dr': 1, 'quadrature_strategy_ncdm_decay_dr': 3, 'ncdm_fluid_approximation': 3, 'maximum_q_ncdm_decay_dr': 15.0, 'background_method': 0, 'evolver': 1, 'N_momentum_bins_ncdm_decay_dr': 7, 'l_max_ncdm': 13, 'l_max_dr': 13, 'l_max_dr_col': 13, 'omega_b': 0.023483459, 'omega_cdm': 0.1958348, 'Neff_ini_dncdm': 0.9581979, 'log10lifetime_ncdm_decay_dr': 2.004582, 'm_ncdm_decay_dr': 51.65689, 'H0': 42.47493, 'ln10^{10}A_s': 3.100385, 'n_s': 0.9232402, 'tau_reio': 0.08348794, 'P_k_max_1/Mpc': 1.0}
skipping to the next model...
[PARENT][Rank 164] | ERROR: Child process failed during CLASS computation
Model: {'lensing': 'yes', 'output': 'tCl,lCl,pCl,mPk', 'l_max_scalars': 2508, 'k_pivot': 0.05, 'N_ur': 2.0328, 'N_ncdm': 1, 'm_ncdm': 0.06, 'T_ncdm': 0.71611, 'N_ncdm_decay_dr': 1, 'quadrature_strategy_ncdm_decay_dr': 3, 'ncdm_fluid_approximation': 3, 'maximum_q_ncdm_decay_dr': 15.0, 'background_method': 0, 'evolver': 1, 'N_momentum_bins_ncdm_decay_dr': 7, 'l_max_ncdm': 13, 'l_max_dr': 13, 'l_max_dr_col': 13, 'omega_b': 0.023309281, 'omega_cdm': 0.1898974, 'Neff_ini_dncdm': 0.9661972, 'log10lifetime_ncdm_decay_dr': 2.02807, 'm_ncdm_decay_dr': 65.89184, 'H0': 44.43745, 'ln10^{10}A_s': 3.091008, 'n_s': 0.927695, 'tau_reio': 0.08318155, 'P_k_max_1/Mpc': 1.0}
skipping to the next model...
[CHILD][Parent Rank 116] | The following model took too long to complete: 
params: {'lensing': 'yes', 'output': 'tCl,lCl,pCl,mPk', 'l_max_scalars': 2508, 'k_pivot': 0.05, 'N_ur': 2.0328, 'N_ncdm': 1, 'm_ncdm': 0.06, 'T_ncdm': 0.71611, 'N_ncdm_decay_dr': 1, 'quadrature_strategy_ncdm_decay_dr': 3, 'ncdm_fluid_approximation': 3, 'maximum_q_ncdm_decay_dr': 15.0, 'background_method': 0, 'evolver': 1, 'N_momentum_bins_ncdm_decay_dr': 7, 'l_max_ncdm': 13, 'l_max_dr': 13, 'l_max_dr_col': 13, 'omega_b': 0.023683459, 'omega_cdm': 0.1934309, 'Neff_ini_dncdm': 0.8555335, 'log10lifetime_ncdm_decay_dr': 2.006013, 'm_ncdm_decay_dr': 64.32594, 'H0': 43.41608, 'ln10^{10}A_s': 3.089556, 'n_s': 0.9263349, 'tau_reio': 0.08032432, 'P_k_max_1/Mpc': 1.0}

[PARENT][Rank 116] | ERROR: Child process failed during CLASS computation
Model: {'lensing': 'yes', 'output': 'tCl,lCl,pCl,mPk', 'l_max_scalars': 2508, 'k_pivot': 0.05, 'N_ur': 2.0328, 'N_ncdm': 1, 'm_ncdm': 0.06, 'T_ncdm': 0.71611, 'N_ncdm_decay_dr': 1, 'quadrature_strategy_ncdm_decay_dr': 3, 'ncdm_fluid_approximation': 3, 'maximum_q_ncdm_decay_dr': 15.0, 'background_method': 0, 'evolver': 1, 'N_momentum_bins_ncdm_decay_dr': 7, 'l_max_ncdm': 13, 'l_max_dr': 13, 'l_max_dr_col': 13, 'omega_b': 0.023683459, 'omega_cdm': 0.1934309, 'Neff_ini_dncdm': 0.8555335, 'log10lifetime_ncdm_decay_dr': 2.006013, 'm_ncdm_decay_dr': 64.32594, 'H0': 43.41608, 'ln10^{10}A_s': 3.089556, 'n_s': 0.9263349, 'tau_reio': 0.08032432, 'P_k_max_1/Mpc': 1.0}
skipping to the next model...
[CHILD][Parent Rank 128] | The following model took too long to complete: 
params: {'lensing': 'yes', 'output': 'tCl,lCl,pCl,mPk', 'l_max_scalars': 2508, 'k_pivot': 0.05, 'N_ur': 2.0328, 'N_ncdm': 1, 'm_ncdm': 0.06, 'T_ncdm': 0.71611, 'N_ncdm_decay_dr': 1, 'quadrature_strategy_ncdm_decay_dr': 3, 'ncdm_fluid_approximation': 3, 'maximum_q_ncdm_decay_dr': 15.0, 'background_method': 0, 'evolver': 1, 'N_momentum_bins_ncdm_decay_dr': 7, 'l_max_ncdm': 13, 'l_max_dr': 13, 'l_max_dr_col': 13, 'omega_b': 0.023483459, 'omega_cdm': 0.1958348, 'Neff_ini_dncdm': 0.9581979, 'log10lifetime_ncdm_decay_dr': 2.004582, 'm_ncdm_decay_dr': 51.65689, 'H0': 42.47493, 'ln10^{10}A_s': 3.100385, 'n_s': 0.9232402, 'tau_reio': 0.08348794, 'P_k_max_1/Mpc': 1.0}

[PARENT][Rank 128] | ERROR: Child process failed during CLASS computation
Model: {'lensing': 'yes', 'output': 'tCl,lCl,pCl,mPk', 'l_max_scalars': 2508, 'k_pivot': 0.05, 'N_ur': 2.0328, 'N_ncdm': 1, 'm_ncdm': 0.06, 'T_ncdm': 0.71611, 'N_ncdm_decay_dr': 1, 'quadrature_strategy_ncdm_decay_dr': 3, 'ncdm_fluid_approximation': 3, 'maximum_q_ncdm_decay_dr': 15.0, 'background_method': 0, 'evolver': 1, 'N_momentum_bins_ncdm_decay_dr': 7, 'l_max_ncdm': 13, 'l_max_dr': 13, 'l_max_dr_col': 13, 'omega_b': 0.023483459, 'omega_cdm': 0.1958348, 'Neff_ini_dncdm': 0.9581979, 'log10lifetime_ncdm_decay_dr': 2.004582, 'm_ncdm_decay_dr': 51.65689, 'H0': 42.47493, 'ln10^{10}A_s': 3.100385, 'n_s': 0.9232402, 'tau_reio': 0.08348794, 'P_k_max_1/Mpc': 1.0}
skipping to the next model...
[CHILD][Parent Rank 166] | The following model took too long to complete: 
params: {'lensing': 'yes', 'output': 'tCl,lCl,pCl,mPk', 'l_max_scalars': 2508, 'k_pivot': 0.05, 'N_ur': 2.0328, 'N_ncdm': 1, 'm_ncdm': 0.06, 'T_ncdm': 0.71611, 'N_ncdm_decay_dr': 1, 'quadrature_strategy_ncdm_decay_dr': 3, 'ncdm_fluid_approximation': 3, 'maximum_q_ncdm_decay_dr': 15.0, 'background_method': 0, 'evolver': 1, 'N_momentum_bins_ncdm_decay_dr': 7, 'l_max_ncdm': 13, 'l_max_dr': 13, 'l_max_dr_col': 13, 'omega_b': 0.023483459, 'omega_cdm': 0.1958348, 'Neff_ini_dncdm': 0.9581979, 'log10lifetime_ncdm_decay_dr': 2.004582, 'm_ncdm_decay_dr': 51.65689, 'H0': 42.47493, 'ln10^{10}A_s': 3.100385, 'n_s': 0.9232402, 'tau_reio': 0.08348794, 'P_k_max_1/Mpc': 1.0}

[PARENT][Rank 166] | ERROR: Child process failed during CLASS computation
Model: {'lensing': 'yes', 'output': 'tCl,lCl,pCl,mPk', 'l_max_scalars': 2508, 'k_pivot': 0.05, 'N_ur': 2.0328, 'N_ncdm': 1, 'm_ncdm': 0.06, 'T_ncdm': 0.71611, 'N_ncdm_decay_dr': 1, 'quadrature_strategy_ncdm_decay_dr': 3, 'ncdm_fluid_approximation': 3, 'maximum_q_ncdm_decay_dr': 15.0, 'background_method': 0, 'evolver': 1, 'N_momentum_bins_ncdm_decay_dr': 7, 'l_max_ncdm': 13, 'l_max_dr': 13, 'l_max_dr_col': 13, 'omega_b': 0.0233084, 'omega_cdm': 0.1895159, 'Neff_ini_dncdm': 0.9625336, 'log10lifetime_ncdm_decay_dr': 2.018632, 'm_ncdm_decay_dr': 71.55104, 'H0': 44.68962, 'ln10^{10}A_s': 3.089253, 'n_s': 0.9309038, 'tau_reio': 0.08267057, 'P_k_max_1/Mpc': 1.0}
skipping to the next model...
[CHILD][Parent Rank 274] | The following model took too long to complete: 
params: {'lensing': 'yes', 'output': 'tCl,lCl,pCl,mPk', 'l_max_scalars': 2508, 'k_pivot': 0.05, 'N_ur': 2.0328, 'N_ncdm': 1, 'm_ncdm': 0.06, 'T_ncdm': 0.71611, 'N_ncdm_decay_dr': 1, 'quadrature_strategy_ncdm_decay_dr': 3, 'ncdm_fluid_approximation': 3, 'maximum_q_ncdm_decay_dr': 15.0, 'background_method': 0, 'evolver': 1, 'N_momentum_bins_ncdm_decay_dr': 7, 'l_max_ncdm': 13, 'l_max_dr': 13, 'l_max_dr_col': 13, 'omega_b': 0.02344244, 'omega_cdm': 0.1940762, 'Neff_ini_dncdm': 0.8393785, 'log10lifetime_ncdm_decay_dr': 2.000419, 'm_ncdm_decay_dr': 62.26554, 'H0': 42.92763, 'ln10^{10}A_s': 3.085358, 'n_s': 0.9232532, 'tau_reio': 0.07793588, 'P_k_max_1/Mpc': 1.0}

[PARENT][Rank 274] | ERROR: Child process failed during CLASS computation
Model: {'lensing': 'yes', 'output': 'tCl,lCl,pCl,mPk', 'l_max_scalars': 2508, 'k_pivot': 0.05, 'N_ur': 2.0328, 'N_ncdm': 1, 'm_ncdm': 0.06, 'T_ncdm': 0.71611, 'N_ncdm_decay_dr': 1, 'quadrature_strategy_ncdm_decay_dr': 3, 'ncdm_fluid_approximation': 3, 'maximum_q_ncdm_decay_dr': 15.0, 'background_method': 0, 'evolver': 1, 'N_momentum_bins_ncdm_decay_dr': 7, 'l_max_ncdm': 13, 'l_max_dr': 13, 'l_max_dr_col': 13, 'omega_b': 0.02344244, 'omega_cdm': 0.1940762, 'Neff_ini_dncdm': 0.8393785, 'log10lifetime_ncdm_decay_dr': 2.000419, 'm_ncdm_decay_dr': 62.26554, 'H0': 42.92763, 'ln10^{10}A_s': 3.085358, 'n_s': 0.9232532, 'tau_reio': 0.07793588, 'P_k_max_1/Mpc': 1.0}
skipping to the next model...
[PARENT][Rank 170] | ERROR: Failed to send or receive data to/from child process. Child process may have crashed.Possibly due to out-of-memory or other critical error during CLASS computation    .
Model: {'lensing': 'yes', 'output': 'tCl,lCl,pCl,mPk', 'l_max_scalars': 2508, 'k_pivot': 0.05, 'N_ur': 2.0328, 'N_ncdm': 1, 'm_ncdm': 0.06, 'T_ncdm': 0.71611, 'N_ncdm_decay_dr': 1, 'quadrature_strategy_ncdm_decay_dr': 3, 'ncdm_fluid_approximation': 3, 'maximum_q_ncdm_decay_dr': 15.0, 'background_method': 0, 'evolver': 1, 'N_momentum_bins_ncdm_decay_dr': 7, 'l_max_ncdm': 13, 'l_max_dr': 13, 'l_max_dr_col': 13, 'omega_b': 0.023483459, 'omega_cdm': 0.1958348, 'Neff_ini_dncdm': 0.9581979, 'log10lifetime_ncdm_decay_dr': 2.004582, 'm_ncdm_decay_dr': 51.65689, 'H0': 42.47493, 'ln10^{10}A_s': 3.100385, 'n_s': 0.9232402, 'tau_reio': 0.08348794, 'P_k_max_1/Mpc': 1.0}
skipping to the next model...
[PARENT][Rank 170] | Exception: TimeoutError('Timeout while waiting for child to respond.')
[PARENT][Rank 225] | ERROR: Failed to send or receive data to/from child process. Child process may have crashed.Possibly due to out-of-memory or other critical error during CLASS computation    .
Model: {'lensing': 'yes', 'output': 'tCl,lCl,pCl,mPk', 'l_max_scalars': 2508, 'k_pivot': 0.05, 'N_ur': 2.0328, 'N_ncdm': 1, 'm_ncdm': 0.06, 'T_ncdm': 0.71611, 'N_ncdm_decay_dr': 1, 'quadrature_strategy_ncdm_decay_dr': 3, 'ncdm_fluid_approximation': 3, 'maximum_q_ncdm_decay_dr': 15.0, 'background_method': 0, 'evolver': 1, 'N_momentum_bins_ncdm_decay_dr': 7, 'l_max_ncdm': 13, 'l_max_dr': 13, 'l_max_dr_col': 13, 'omega_b': 0.023483459, 'omega_cdm': 0.1958348, 'Neff_ini_dncdm': 0.9581979, 'log10lifetime_ncdm_decay_dr': 2.004582, 'm_ncdm_decay_dr': 51.65689, 'H0': 42.47493, 'ln10^{10}A_s': 3.100385, 'n_s': 0.9232402, 'tau_reio': 0.08348794, 'P_k_max_1/Mpc': 1.0}
skipping to the next model...
[PARENT][Rank 225] | Exception: TimeoutError('Timeout while waiting for child to respond.')
[PARENT][Rank 167] | ERROR: Failed to send or receive data to/from child process. Child process may have crashed.Possibly due to out-of-memory or other critical error during CLASS computation    .
Model: {'lensing': 'yes', 'output': 'tCl,lCl,pCl,mPk', 'l_max_scalars': 2508, 'k_pivot': 0.05, 'N_ur': 2.0328, 'N_ncdm': 1, 'm_ncdm': 0.06, 'T_ncdm': 0.71611, 'N_ncdm_decay_dr': 1, 'quadrature_strategy_ncdm_decay_dr': 3, 'ncdm_fluid_approximation': 3, 'maximum_q_ncdm_decay_dr': 15.0, 'background_method': 0, 'evolver': 1, 'N_momentum_bins_ncdm_decay_dr': 7, 'l_max_ncdm': 13, 'l_max_dr': 13, 'l_max_dr_col': 13, 'omega_b': 0.023483459, 'omega_cdm': 0.1958348, 'Neff_ini_dncdm': 0.9581979, 'log10lifetime_ncdm_decay_dr': 2.004582, 'm_ncdm_decay_dr': 51.65689, 'H0': 42.47493, 'ln10^{10}A_s': 3.100385, 'n_s': 0.9232402, 'tau_reio': 0.08348794, 'P_k_max_1/Mpc': 1.0}
skipping to the next model...
[PARENT][Rank 167] | Exception: TimeoutError('Timeout while waiting for child to respond.')
[CHILD][Parent Rank 225] | The following model took too long to complete: 
params: {'lensing': 'yes', 'output': 'tCl,lCl,pCl,mPk', 'l_max_scalars': 2508, 'k_pivot': 0.05, 'N_ur': 2.0328, 'N_ncdm': 1, 'm_ncdm': 0.06, 'T_ncdm': 0.71611, 'N_ncdm_decay_dr': 1, 'quadrature_strategy_ncdm_decay_dr': 3, 'ncdm_fluid_approximation': 3, 'maximum_q_ncdm_decay_dr': 15.0, 'background_method': 0, 'evolver': 1, 'N_momentum_bins_ncdm_decay_dr': 7, 'l_max_ncdm': 13, 'l_max_dr': 13, 'l_max_dr_col': 13, 'omega_b': 0.023483459, 'omega_cdm': 0.1958348, 'Neff_ini_dncdm': 0.9581979, 'log10lifetime_ncdm_decay_dr': 2.004582, 'm_ncdm_decay_dr': 51.65689, 'H0': 42.47493, 'ln10^{10}A_s': 3.100385, 'n_s': 0.9232402, 'tau_reio': 0.08348794, 'P_k_max_1/Mpc': 1.0}

[PARENT][Rank 63] | ERROR: Failed to send or receive data to/from child process. Child process may have crashed.Possibly due to out-of-memory or other critical error during CLASS computation    .
Model: {'lensing': 'yes', 'output': 'tCl,lCl,pCl,mPk', 'l_max_scalars': 2508, 'k_pivot': 0.05, 'N_ur': 2.0328, 'N_ncdm': 1, 'm_ncdm': 0.06, 'T_ncdm': 0.71611, 'N_ncdm_decay_dr': 1, 'quadrature_strategy_ncdm_decay_dr': 3, 'ncdm_fluid_approximation': 3, 'maximum_q_ncdm_decay_dr': 15.0, 'background_method': 0, 'evolver': 1, 'N_momentum_bins_ncdm_decay_dr': 7, 'l_max_ncdm': 13, 'l_max_dr': 13, 'l_max_dr_col': 13, 'omega_b': 0.023483459, 'omega_cdm': 0.1958348, 'Neff_ini_dncdm': 0.9581979, 'log10lifetime_ncdm_decay_dr': 2.004582, 'm_ncdm_decay_dr': 51.65689, 'H0': 42.47493, 'ln10^{10}A_s': 3.100385, 'n_s': 0.9232402, 'tau_reio': 0.08348794, 'P_k_max_1/Mpc': 1.0}
skipping to the next model...
[PARENT][Rank 63] | Exception: TimeoutError('Timeout while waiting for child to respond.')
[CHILD][Parent Rank 115] | The following model took too long to complete: 
params: {'lensing': 'yes', 'output': 'tCl,lCl,pCl,mPk', 'l_max_scalars': 2508, 'k_pivot': 0.05, 'N_ur': 2.0328, 'N_ncdm': 1, 'm_ncdm': 0.06, 'T_ncdm': 0.71611, 'N_ncdm_decay_dr': 1, 'quadrature_strategy_ncdm_decay_dr': 3, 'ncdm_fluid_approximation': 3, 'maximum_q_ncdm_decay_dr': 15.0, 'background_method': 0, 'evolver': 1, 'N_momentum_bins_ncdm_decay_dr': 7, 'l_max_ncdm': 13, 'l_max_dr': 13, 'l_max_dr_col': 13, 'omega_b': 0.02344244, 'omega_cdm': 0.1940762, 'Neff_ini_dncdm': 0.8393785, 'log10lifetime_ncdm_decay_dr': 2.000419, 'm_ncdm_decay_dr': 62.26554, 'H0': 42.92763, 'ln10^{10}A_s': 3.085358, 'n_s': 0.9232532, 'tau_reio': 0.07793588, 'P_k_max_1/Mpc': 1.0}

[PARENT][Rank 115] | ERROR: Child process failed during CLASS computation
Model: {'lensing': 'yes', 'output': 'tCl,lCl,pCl,mPk', 'l_max_scalars': 2508, 'k_pivot': 0.05, 'N_ur': 2.0328, 'N_ncdm': 1, 'm_ncdm': 0.06, 'T_ncdm': 0.71611, 'N_ncdm_decay_dr': 1, 'quadrature_strategy_ncdm_decay_dr': 3, 'ncdm_fluid_approximation': 3, 'maximum_q_ncdm_decay_dr': 15.0, 'background_method': 0, 'evolver': 1, 'N_momentum_bins_ncdm_decay_dr': 7, 'l_max_ncdm': 13, 'l_max_dr': 13, 'l_max_dr_col': 13, 'omega_b': 0.02344244, 'omega_cdm': 0.1940762, 'Neff_ini_dncdm': 0.8393785, 'log10lifetime_ncdm_decay_dr': 2.000419, 'm_ncdm_decay_dr': 62.26554, 'H0': 42.92763, 'ln10^{10}A_s': 3.085358, 'n_s': 0.9232532, 'tau_reio': 0.07793588, 'P_k_max_1/Mpc': 1.0}
skipping to the next model...
[PARENT][Rank 225] | ERROR: Child process failed during CLASS computation
Model: {'lensing': 'yes', 'output': 'tCl,lCl,pCl,mPk', 'l_max_scalars': 2508, 'k_pivot': 0.05, 'N_ur': 2.0328, 'N_ncdm': 1, 'm_ncdm': 0.06, 'T_ncdm': 0.71611, 'N_ncdm_decay_dr': 1, 'quadrature_strategy_ncdm_decay_dr': 3, 'ncdm_fluid_approximation': 3, 'maximum_q_ncdm_decay_dr': 15.0, 'background_method': 0, 'evolver': 1, 'N_momentum_bins_ncdm_decay_dr': 7, 'l_max_ncdm': 13, 'l_max_dr': 13, 'l_max_dr_col': 13, 'omega_b': 0.02313906, 'omega_cdm': 0.1858684, 'Neff_ini_dncdm': 0.9259543, 'log10lifetime_ncdm_decay_dr': 2.003303, 'm_ncdm_decay_dr': 80.6493, 'H0': 45.87724, 'ln10^{10}A_s': 3.082037, 'n_s': 0.9360689, 'tau_reio': 0.08349602, 'P_k_max_1/Mpc': 1.0}
skipping to the next model...
[CHILD][Parent Rank 63] | The following model took too long to complete: 
params: {'lensing': 'yes', 'output': 'tCl,lCl,pCl,mPk', 'l_max_scalars': 2508, 'k_pivot': 0.05, 'N_ur': 2.0328, 'N_ncdm': 1, 'm_ncdm': 0.06, 'T_ncdm': 0.71611, 'N_ncdm_decay_dr': 1, 'quadrature_strategy_ncdm_decay_dr': 3, 'ncdm_fluid_approximation': 3, 'maximum_q_ncdm_decay_dr': 15.0, 'background_method': 0, 'evolver': 1, 'N_momentum_bins_ncdm_decay_dr': 7, 'l_max_ncdm': 13, 'l_max_dr': 13, 'l_max_dr_col': 13, 'omega_b': 0.023483459, 'omega_cdm': 0.1958348, 'Neff_ini_dncdm': 0.9581979, 'log10lifetime_ncdm_decay_dr': 2.004582, 'm_ncdm_decay_dr': 51.65689, 'H0': 42.47493, 'ln10^{10}A_s': 3.100385, 'n_s': 0.9232402, 'tau_reio': 0.08348794, 'P_k_max_1/Mpc': 1.0}

[PARENT][Rank 109] | ERROR: Failed to send or receive data to/from child process. Child process may have crashed.Possibly due to out-of-memory or other critical error during CLASS computation    .
Model: {'lensing': 'yes', 'output': 'tCl,lCl,pCl,mPk', 'l_max_scalars': 2508, 'k_pivot': 0.05, 'N_ur': 2.0328, 'N_ncdm': 1, 'm_ncdm': 0.06, 'T_ncdm': 0.71611, 'N_ncdm_decay_dr': 1, 'quadrature_strategy_ncdm_decay_dr': 3, 'ncdm_fluid_approximation': 3, 'maximum_q_ncdm_decay_dr': 15.0, 'background_method': 0, 'evolver': 1, 'N_momentum_bins_ncdm_decay_dr': 7, 'l_max_ncdm': 13, 'l_max_dr': 13, 'l_max_dr_col': 13, 'omega_b': 0.023483459, 'omega_cdm': 0.1958348, 'Neff_ini_dncdm': 0.9581979, 'log10lifetime_ncdm_decay_dr': 2.004582, 'm_ncdm_decay_dr': 51.65689, 'H0': 42.47493, 'ln10^{10}A_s': 3.100385, 'n_s': 0.9232402, 'tau_reio': 0.08348794, 'P_k_max_1/Mpc': 1.0}
skipping to the next model...
[PARENT][Rank 109] | Exception: TimeoutError('Timeout while waiting for child to respond.')
[PARENT][Rank 110] | ERROR: Failed to send or receive data to/from child process. Child process may have crashed.Possibly due to out-of-memory or other critical error during CLASS computation    .
Model: {'lensing': 'yes', 'output': 'tCl,lCl,pCl,mPk', 'l_max_scalars': 2508, 'k_pivot': 0.05, 'N_ur': 2.0328, 'N_ncdm': 1, 'm_ncdm': 0.06, 'T_ncdm': 0.71611, 'N_ncdm_decay_dr': 1, 'quadrature_strategy_ncdm_decay_dr': 3, 'ncdm_fluid_approximation': 3, 'maximum_q_ncdm_decay_dr': 15.0, 'background_method': 0, 'evolver': 1, 'N_momentum_bins_ncdm_decay_dr': 7, 'l_max_ncdm': 13, 'l_max_dr': 13, 'l_max_dr_col': 13, 'omega_b': 0.023483459, 'omega_cdm': 0.1958348, 'Neff_ini_dncdm': 0.9581979, 'log10lifetime_ncdm_decay_dr': 2.004582, 'm_ncdm_decay_dr': 51.65689, 'H0': 42.47493, 'ln10^{10}A_s': 3.100385, 'n_s': 0.9232402, 'tau_reio': 0.08348794, 'P_k_max_1/Mpc': 1.0}
skipping to the next model...
[PARENT][Rank 110] | Exception: TimeoutError('Timeout while waiting for child to respond.')
[PARENT][Rank 63] | ERROR: Child process failed during CLASS computation
Model: {'lensing': 'yes', 'output': 'tCl,lCl,pCl,mPk', 'l_max_scalars': 2508, 'k_pivot': 0.05, 'N_ur': 2.0328, 'N_ncdm': 1, 'm_ncdm': 0.06, 'T_ncdm': 0.71611, 'N_ncdm_decay_dr': 1, 'quadrature_strategy_ncdm_decay_dr': 3, 'ncdm_fluid_approximation': 3, 'maximum_q_ncdm_decay_dr': 15.0, 'background_method': 0, 'evolver': 1, 'N_momentum_bins_ncdm_decay_dr': 7, 'l_max_ncdm': 13, 'l_max_dr': 13, 'l_max_dr_col': 13, 'omega_b': 0.02313906, 'omega_cdm': 0.1858684, 'Neff_ini_dncdm': 0.9259543, 'log10lifetime_ncdm_decay_dr': 2.003303, 'm_ncdm_decay_dr': 80.6493, 'H0': 45.87724, 'ln10^{10}A_s': 3.082037, 'n_s': 0.9360689, 'tau_reio': 0.08349602, 'P_k_max_1/Mpc': 1.0}
skipping to the next model...
[PARENT][Rank 173] | ERROR: Timeout while waiting for response from child process after CLASS computations. Child may be unresponsive.

[PARENT][Rank 214] | ERROR: Timeout while waiting for response from child process after CLASS computations. Child may be unresponsive.

[CHILD][Parent Rank 68] | The following model took too long to complete: 
params: {'lensing': 'yes', 'output': 'tCl,lCl,pCl,mPk', 'l_max_scalars': 2508, 'k_pivot': 0.05, 'N_ur': 2.0328, 'N_ncdm': 1, 'm_ncdm': 0.06, 'T_ncdm': 0.71611, 'N_ncdm_decay_dr': 1, 'quadrature_strategy_ncdm_decay_dr': 3, 'ncdm_fluid_approximation': 3, 'maximum_q_ncdm_decay_dr': 15.0, 'background_method': 0, 'evolver': 1, 'N_momentum_bins_ncdm_decay_dr': 7, 'l_max_ncdm': 13, 'l_max_dr': 13, 'l_max_dr_col': 13, 'omega_b': 0.02344244, 'omega_cdm': 0.1940762, 'Neff_ini_dncdm': 0.8393785, 'log10lifetime_ncdm_decay_dr': 2.000419, 'm_ncdm_decay_dr': 62.26554, 'H0': 42.92763, 'ln10^{10}A_s': 3.085358, 'n_s': 0.9232532, 'tau_reio': 0.07793588, 'P_k_max_1/Mpc': 1.0}

[PARENT][Rank 68] | ERROR: Child process failed during CLASS computation
Model: {'lensing': 'yes', 'output': 'tCl,lCl,pCl,mPk', 'l_max_scalars': 2508, 'k_pivot': 0.05, 'N_ur': 2.0328, 'N_ncdm': 1, 'm_ncdm': 0.06, 'T_ncdm': 0.71611, 'N_ncdm_decay_dr': 1, 'quadrature_strategy_ncdm_decay_dr': 3, 'ncdm_fluid_approximation': 3, 'maximum_q_ncdm_decay_dr': 15.0, 'background_method': 0, 'evolver': 1, 'N_momentum_bins_ncdm_decay_dr': 7, 'l_max_ncdm': 13, 'l_max_dr': 13, 'l_max_dr_col': 13, 'omega_b': 0.02344244, 'omega_cdm': 0.1940762, 'Neff_ini_dncdm': 0.8393785, 'log10lifetime_ncdm_decay_dr': 2.000419, 'm_ncdm_decay_dr': 62.26554, 'H0': 42.92763, 'ln10^{10}A_s': 3.085358, 'n_s': 0.9232532, 'tau_reio': 0.07793588, 'P_k_max_1/Mpc': 1.0}
skipping to the next model...
[CHILD][Parent Rank 455] | The following model took too long to complete: 
params: {'lensing': 'yes', 'output': 'tCl,lCl,pCl,mPk', 'l_max_scalars': 2508, 'k_pivot': 0.05, 'N_ur': 2.0328, 'N_ncdm': 1, 'm_ncdm': 0.06, 'T_ncdm': 0.71611, 'N_ncdm_decay_dr': 1, 'quadrature_strategy_ncdm_decay_dr': 3, 'ncdm_fluid_approximation': 3, 'maximum_q_ncdm_decay_dr': 15.0, 'background_method': 0, 'evolver': 1, 'N_momentum_bins_ncdm_decay_dr': 7, 'l_max_ncdm': 13, 'l_max_dr': 13, 'l_max_dr_col': 13, 'omega_b': 0.023483459, 'omega_cdm': 0.1958348, 'Neff_ini_dncdm': 0.9581979, 'log10lifetime_ncdm_decay_dr': 2.004582, 'm_ncdm_decay_dr': 51.65689, 'H0': 42.47493, 'ln10^{10}A_s': 3.100385, 'n_s': 0.9232402, 'tau_reio': 0.08348794, 'P_k_max_1/Mpc': 1.0}

[PARENT][Rank 455] | ERROR: Child process failed during CLASS computation
Model: {'lensing': 'yes', 'output': 'tCl,lCl,pCl,mPk', 'l_max_scalars': 2508, 'k_pivot': 0.05, 'N_ur': 2.0328, 'N_ncdm': 1, 'm_ncdm': 0.06, 'T_ncdm': 0.71611, 'N_ncdm_decay_dr': 1, 'quadrature_strategy_ncdm_decay_dr': 3, 'ncdm_fluid_approximation': 3, 'maximum_q_ncdm_decay_dr': 15.0, 'background_method': 0, 'evolver': 1, 'N_momentum_bins_ncdm_decay_dr': 7, 'l_max_ncdm': 13, 'l_max_dr': 13, 'l_max_dr_col': 13, 'omega_b': 0.023483459, 'omega_cdm': 0.1958348, 'Neff_ini_dncdm': 0.9581979, 'log10lifetime_ncdm_decay_dr': 2.004582, 'm_ncdm_decay_dr': 51.65689, 'H0': 42.47493, 'ln10^{10}A_s': 3.100385, 'n_s': 0.9232402, 'tau_reio': 0.08348794, 'P_k_max_1/Mpc': 1.0}
skipping to the next model...
[CHILD][Parent Rank 112] | The following model took too long to complete: 
params: {'lensing': 'yes', 'output': 'tCl,lCl,pCl,mPk', 'l_max_scalars': 2508, 'k_pivot': 0.05, 'N_ur': 2.0328, 'N_ncdm': 1, 'm_ncdm': 0.06, 'T_ncdm': 0.71611, 'N_ncdm_decay_dr': 1, 'quadrature_strategy_ncdm_decay_dr': 3, 'ncdm_fluid_approximation': 3, 'maximum_q_ncdm_decay_dr': 15.0, 'background_method': 0, 'evolver': 1, 'N_momentum_bins_ncdm_decay_dr': 7, 'l_max_ncdm': 13, 'l_max_dr': 13, 'l_max_dr_col': 13, 'omega_b': 0.023483459, 'omega_cdm': 0.1958348, 'Neff_ini_dncdm': 0.9581979, 'log10lifetime_ncdm_decay_dr': 2.004582, 'm_ncdm_decay_dr': 51.65689, 'H0': 42.47493, 'ln10^{10}A_s': 3.100385, 'n_s': 0.9232402, 'tau_reio': 0.08348794, 'P_k_max_1/Mpc': 1.0}

[PARENT][Rank 112] | ERROR: Child process failed during CLASS computation
Model: {'lensing': 'yes', 'output': 'tCl,lCl,pCl,mPk', 'l_max_scalars': 2508, 'k_pivot': 0.05, 'N_ur': 2.0328, 'N_ncdm': 1, 'm_ncdm': 0.06, 'T_ncdm': 0.71611, 'N_ncdm_decay_dr': 1, 'quadrature_strategy_ncdm_decay_dr': 3, 'ncdm_fluid_approximation': 3, 'maximum_q_ncdm_decay_dr': 15.0, 'background_method': 0, 'evolver': 1, 'N_momentum_bins_ncdm_decay_dr': 7, 'l_max_ncdm': 13, 'l_max_dr': 13, 'l_max_dr_col': 13, 'omega_b': 0.023309281, 'omega_cdm': 0.1898974, 'Neff_ini_dncdm': 0.9661972, 'log10lifetime_ncdm_decay_dr': 2.02807, 'm_ncdm_decay_dr': 65.89184, 'H0': 44.43745, 'ln10^{10}A_s': 3.091008, 'n_s': 0.927695, 'tau_reio': 0.08318155, 'P_k_max_1/Mpc': 1.0}
skipping to the next model...
[CHILD][Parent Rank 460] | The following model took too long to complete: 
params: {'lensing': 'yes', 'output': 'tCl,lCl,pCl,mPk', 'l_max_scalars': 2508, 'k_pivot': 0.05, 'N_ur': 2.0328, 'N_ncdm': 1, 'm_ncdm': 0.06, 'T_ncdm': 0.71611, 'N_ncdm_decay_dr': 1, 'quadrature_strategy_ncdm_decay_dr': 3, 'ncdm_fluid_approximation': 3, 'maximum_q_ncdm_decay_dr': 15.0, 'background_method': 0, 'evolver': 1, 'N_momentum_bins_ncdm_decay_dr': 7, 'l_max_ncdm': 13, 'l_max_dr': 13, 'l_max_dr_col': 13, 'omega_b': 0.02344244, 'omega_cdm': 0.1940762, 'Neff_ini_dncdm': 0.8393785, 'log10lifetime_ncdm_decay_dr': 2.000419, 'm_ncdm_decay_dr': 62.26554, 'H0': 42.92763, 'ln10^{10}A_s': 3.085358, 'n_s': 0.9232532, 'tau_reio': 0.07793588, 'P_k_max_1/Mpc': 1.0}

[PARENT][Rank 460] | ERROR: Child process failed during CLASS computation
Model: {'lensing': 'yes', 'output': 'tCl,lCl,pCl,mPk', 'l_max_scalars': 2508, 'k_pivot': 0.05, 'N_ur': 2.0328, 'N_ncdm': 1, 'm_ncdm': 0.06, 'T_ncdm': 0.71611, 'N_ncdm_decay_dr': 1, 'quadrature_strategy_ncdm_decay_dr': 3, 'ncdm_fluid_approximation': 3, 'maximum_q_ncdm_decay_dr': 15.0, 'background_method': 0, 'evolver': 1, 'N_momentum_bins_ncdm_decay_dr': 7, 'l_max_ncdm': 13, 'l_max_dr': 13, 'l_max_dr_col': 13, 'omega_b': 0.02344244, 'omega_cdm': 0.1940762, 'Neff_ini_dncdm': 0.8393785, 'log10lifetime_ncdm_decay_dr': 2.000419, 'm_ncdm_decay_dr': 62.26554, 'H0': 42.92763, 'ln10^{10}A_s': 3.085358, 'n_s': 0.9232532, 'tau_reio': 0.07793588, 'P_k_max_1/Mpc': 1.0}
skipping to the next model...
[PARENT][Rank 487] | ERROR: Timeout while waiting for response from child process after CLASS computations. Child may be unresponsive.

[CHILD][Parent Rank 487] | The following model took too long to complete: 
params: {'lensing': 'yes', 'output': 'tCl,lCl,pCl,mPk', 'l_max_scalars': 2508, 'k_pivot': 0.05, 'N_ur': 2.0328, 'N_ncdm': 1, 'm_ncdm': 0.06, 'T_ncdm': 0.71611, 'N_ncdm_decay_dr': 1, 'quadrature_strategy_ncdm_decay_dr': 3, 'ncdm_fluid_approximation': 3, 'maximum_q_ncdm_decay_dr': 15.0, 'background_method': 0, 'evolver': 1, 'N_momentum_bins_ncdm_decay_dr': 7, 'l_max_ncdm': 13, 'l_max_dr': 13, 'l_max_dr_col': 13, 'omega_b': 0.02344244, 'omega_cdm': 0.1940762, 'Neff_ini_dncdm': 0.8393785, 'log10lifetime_ncdm_decay_dr': 2.000419, 'm_ncdm_decay_dr': 62.26554, 'H0': 42.92763, 'ln10^{10}A_s': 3.085358, 'n_s': 0.9232532, 'tau_reio': 0.07793588, 'P_k_max_1/Mpc': 1.0}

[CHILD][Parent Rank 170] | The following model took too long to complete: 
params: {'lensing': 'yes', 'output': 'tCl,lCl,pCl,mPk', 'l_max_scalars': 2508, 'k_pivot': 0.05, 'N_ur': 2.0328, 'N_ncdm': 1, 'm_ncdm': 0.06, 'T_ncdm': 0.71611, 'N_ncdm_decay_dr': 1, 'quadrature_strategy_ncdm_decay_dr': 3, 'ncdm_fluid_approximation': 3, 'maximum_q_ncdm_decay_dr': 15.0, 'background_method': 0, 'evolver': 1, 'N_momentum_bins_ncdm_decay_dr': 7, 'l_max_ncdm': 13, 'l_max_dr': 13, 'l_max_dr_col': 13, 'omega_b': 0.023483459, 'omega_cdm': 0.1958348, 'Neff_ini_dncdm': 0.9581979, 'log10lifetime_ncdm_decay_dr': 2.004582, 'm_ncdm_decay_dr': 51.65689, 'H0': 42.47493, 'ln10^{10}A_s': 3.100385, 'n_s': 0.9232402, 'tau_reio': 0.08348794, 'P_k_max_1/Mpc': 1.0}

[PARENT][Rank 170] | ERROR: Child process failed during CLASS computation
Model: {'lensing': 'yes', 'output': 'tCl,lCl,pCl,mPk', 'l_max_scalars': 2508, 'k_pivot': 0.05, 'N_ur': 2.0328, 'N_ncdm': 1, 'm_ncdm': 0.06, 'T_ncdm': 0.71611, 'N_ncdm_decay_dr': 1, 'quadrature_strategy_ncdm_decay_dr': 3, 'ncdm_fluid_approximation': 3, 'maximum_q_ncdm_decay_dr': 15.0, 'background_method': 0, 'evolver': 1, 'N_momentum_bins_ncdm_decay_dr': 7, 'l_max_ncdm': 13, 'l_max_dr': 13, 'l_max_dr_col': 13, 'omega_b': 0.02313906, 'omega_cdm': 0.1858684, 'Neff_ini_dncdm': 0.9259543, 'log10lifetime_ncdm_decay_dr': 2.003303, 'm_ncdm_decay_dr': 80.6493, 'H0': 45.87724, 'ln10^{10}A_s': 3.082037, 'n_s': 0.9360689, 'tau_reio': 0.08349602, 'P_k_max_1/Mpc': 1.0}
skipping to the next model...
[PARENT][Rank 487] | ERROR: Child process failed during CLASS computation
Model: {'lensing': 'yes', 'output': 'tCl,lCl,pCl,mPk', 'l_max_scalars': 2508, 'k_pivot': 0.05, 'N_ur': 2.0328, 'N_ncdm': 1, 'm_ncdm': 0.06, 'T_ncdm': 0.71611, 'N_ncdm_decay_dr': 1, 'quadrature_strategy_ncdm_decay_dr': 3, 'ncdm_fluid_approximation': 3, 'maximum_q_ncdm_decay_dr': 15.0, 'background_method': 0, 'evolver': 1, 'N_momentum_bins_ncdm_decay_dr': 7, 'l_max_ncdm': 13, 'l_max_dr': 13, 'l_max_dr_col': 13, 'omega_b': 0.02293395, 'omega_cdm': 0.186489, 'Neff_ini_dncdm': 0.9140519, 'log10lifetime_ncdm_decay_dr': 2.000377, 'm_ncdm_decay_dr': 73.20366, 'H0': 45.30067, 'ln10^{10}A_s': 3.081956, 'n_s': 0.9332279, 'tau_reio': 0.08327396, 'P_k_max_1/Mpc': 1.0}
skipping to the next model...
[PARENT][Rank 120] | ERROR: Failed to send or receive data to/from child process. Child process may have crashed.Possibly due to out-of-memory or other critical error during CLASS computation    .
Model: {'lensing': 'yes', 'output': 'tCl,lCl,pCl,mPk', 'l_max_scalars': 2508, 'k_pivot': 0.05, 'N_ur': 2.0328, 'N_ncdm': 1, 'm_ncdm': 0.06, 'T_ncdm': 0.71611, 'N_ncdm_decay_dr': 1, 'quadrature_strategy_ncdm_decay_dr': 3, 'ncdm_fluid_approximation': 3, 'maximum_q_ncdm_decay_dr': 15.0, 'background_method': 0, 'evolver': 1, 'N_momentum_bins_ncdm_decay_dr': 7, 'l_max_ncdm': 13, 'l_max_dr': 13, 'l_max_dr_col': 13, 'omega_b': 0.023483459, 'omega_cdm': 0.1958348, 'Neff_ini_dncdm': 0.9581979, 'log10lifetime_ncdm_decay_dr': 2.004582, 'm_ncdm_decay_dr': 51.65689, 'H0': 42.47493, 'ln10^{10}A_s': 3.100385, 'n_s': 0.9232402, 'tau_reio': 0.08348794, 'P_k_max_1/Mpc': 1.0}
skipping to the next model...
[PARENT][Rank 120] | Exception: TimeoutError('Timeout while waiting for child to respond.')
[PARENT][Rank 119] | ERROR: Failed to send or receive data to/from child process. Child process may have crashed.Possibly due to out-of-memory or other critical error during CLASS computation    .
Model: {'lensing': 'yes', 'output': 'tCl,lCl,pCl,mPk', 'l_max_scalars': 2508, 'k_pivot': 0.05, 'N_ur': 2.0328, 'N_ncdm': 1, 'm_ncdm': 0.06, 'T_ncdm': 0.71611, 'N_ncdm_decay_dr': 1, 'quadrature_strategy_ncdm_decay_dr': 3, 'ncdm_fluid_approximation': 3, 'maximum_q_ncdm_decay_dr': 15.0, 'background_method': 0, 'evolver': 1, 'N_momentum_bins_ncdm_decay_dr': 7, 'l_max_ncdm': 13, 'l_max_dr': 13, 'l_max_dr_col': 13, 'omega_b': 0.023483459, 'omega_cdm': 0.1958348, 'Neff_ini_dncdm': 0.9581979, 'log10lifetime_ncdm_decay_dr': 2.004582, 'm_ncdm_decay_dr': 51.65689, 'H0': 42.47493, 'ln10^{10}A_s': 3.100385, 'n_s': 0.9232402, 'tau_reio': 0.08348794, 'P_k_max_1/Mpc': 1.0}
skipping to the next model...
[PARENT][Rank 119] | Exception: TimeoutError('Timeout while waiting for child to respond.')
[CHILD][Parent Rank 214] | The following model took too long to complete: 
params: {'lensing': 'yes', 'output': 'tCl,lCl,pCl,mPk', 'l_max_scalars': 2508, 'k_pivot': 0.05, 'N_ur': 2.0328, 'N_ncdm': 1, 'm_ncdm': 0.06, 'T_ncdm': 0.71611, 'N_ncdm_decay_dr': 1, 'quadrature_strategy_ncdm_decay_dr': 3, 'ncdm_fluid_approximation': 3, 'maximum_q_ncdm_decay_dr': 15.0, 'background_method': 0, 'evolver': 1, 'N_momentum_bins_ncdm_decay_dr': 7, 'l_max_ncdm': 13, 'l_max_dr': 13, 'l_max_dr_col': 13, 'omega_b': 0.02344244, 'omega_cdm': 0.1940762, 'Neff_ini_dncdm': 0.8393785, 'log10lifetime_ncdm_decay_dr': 2.000419, 'm_ncdm_decay_dr': 62.26554, 'H0': 42.92763, 'ln10^{10}A_s': 3.085358, 'n_s': 0.9232532, 'tau_reio': 0.07793588, 'P_k_max_1/Mpc': 1.0}

[PARENT][Rank 214] | ERROR: Child process failed during CLASS computation
Model: {'lensing': 'yes', 'output': 'tCl,lCl,pCl,mPk', 'l_max_scalars': 2508, 'k_pivot': 0.05, 'N_ur': 2.0328, 'N_ncdm': 1, 'm_ncdm': 0.06, 'T_ncdm': 0.71611, 'N_ncdm_decay_dr': 1, 'quadrature_strategy_ncdm_decay_dr': 3, 'ncdm_fluid_approximation': 3, 'maximum_q_ncdm_decay_dr': 15.0, 'background_method': 0, 'evolver': 1, 'N_momentum_bins_ncdm_decay_dr': 7, 'l_max_ncdm': 13, 'l_max_dr': 13, 'l_max_dr_col': 13, 'omega_b': 0.02293395, 'omega_cdm': 0.186489, 'Neff_ini_dncdm': 0.9140519, 'log10lifetime_ncdm_decay_dr': 2.000377, 'm_ncdm_decay_dr': 73.20366, 'H0': 45.30067, 'ln10^{10}A_s': 3.081956, 'n_s': 0.9332279, 'tau_reio': 0.08327396, 'P_k_max_1/Mpc': 1.0}
skipping to the next model...
[CHILD][Parent Rank 167] | The following model took too long to complete: 
params: {'lensing': 'yes', 'output': 'tCl,lCl,pCl,mPk', 'l_max_scalars': 2508, 'k_pivot': 0.05, 'N_ur': 2.0328, 'N_ncdm': 1, 'm_ncdm': 0.06, 'T_ncdm': 0.71611, 'N_ncdm_decay_dr': 1, 'quadrature_strategy_ncdm_decay_dr': 3, 'ncdm_fluid_approximation': 3, 'maximum_q_ncdm_decay_dr': 15.0, 'background_method': 0, 'evolver': 1, 'N_momentum_bins_ncdm_decay_dr': 7, 'l_max_ncdm': 13, 'l_max_dr': 13, 'l_max_dr_col': 13, 'omega_b': 0.023483459, 'omega_cdm': 0.1958348, 'Neff_ini_dncdm': 0.9581979, 'log10lifetime_ncdm_decay_dr': 2.004582, 'm_ncdm_decay_dr': 51.65689, 'H0': 42.47493, 'ln10^{10}A_s': 3.100385, 'n_s': 0.9232402, 'tau_reio': 0.08348794, 'P_k_max_1/Mpc': 1.0}

[PARENT][Rank 167] | ERROR: Child process failed during CLASS computation
Model: {'lensing': 'yes', 'output': 'tCl,lCl,pCl,mPk', 'l_max_scalars': 2508, 'k_pivot': 0.05, 'N_ur': 2.0328, 'N_ncdm': 1, 'm_ncdm': 0.06, 'T_ncdm': 0.71611, 'N_ncdm_decay_dr': 1, 'quadrature_strategy_ncdm_decay_dr': 3, 'ncdm_fluid_approximation': 3, 'maximum_q_ncdm_decay_dr': 15.0, 'background_method': 0, 'evolver': 1, 'N_momentum_bins_ncdm_decay_dr': 7, 'l_max_ncdm': 13, 'l_max_dr': 13, 'l_max_dr_col': 13, 'omega_b': 0.02313906, 'omega_cdm': 0.1858684, 'Neff_ini_dncdm': 0.9259543, 'log10lifetime_ncdm_decay_dr': 2.003303, 'm_ncdm_decay_dr': 80.6493, 'H0': 45.87724, 'ln10^{10}A_s': 3.082037, 'n_s': 0.9360689, 'tau_reio': 0.08349602, 'P_k_max_1/Mpc': 1.0}
skipping to the next model...
[CHILD][Parent Rank 120] | The following model took too long to complete: 
params: {'lensing': 'yes', 'output': 'tCl,lCl,pCl,mPk', 'l_max_scalars': 2508, 'k_pivot': 0.05, 'N_ur': 2.0328, 'N_ncdm': 1, 'm_ncdm': 0.06, 'T_ncdm': 0.71611, 'N_ncdm_decay_dr': 1, 'quadrature_strategy_ncdm_decay_dr': 3, 'ncdm_fluid_approximation': 3, 'maximum_q_ncdm_decay_dr': 15.0, 'background_method': 0, 'evolver': 1, 'N_momentum_bins_ncdm_decay_dr': 7, 'l_max_ncdm': 13, 'l_max_dr': 13, 'l_max_dr_col': 13, 'omega_b': 0.023483459, 'omega_cdm': 0.1958348, 'Neff_ini_dncdm': 0.9581979, 'log10lifetime_ncdm_decay_dr': 2.004582, 'm_ncdm_decay_dr': 51.65689, 'H0': 42.47493, 'ln10^{10}A_s': 3.100385, 'n_s': 0.9232402, 'tau_reio': 0.08348794, 'P_k_max_1/Mpc': 1.0}

[PARENT][Rank 120] | ERROR: Child process failed during CLASS computation
Model: {'lensing': 'yes', 'output': 'tCl,lCl,pCl,mPk', 'l_max_scalars': 2508, 'k_pivot': 0.05, 'N_ur': 2.0328, 'N_ncdm': 1, 'm_ncdm': 0.06, 'T_ncdm': 0.71611, 'N_ncdm_decay_dr': 1, 'quadrature_strategy_ncdm_decay_dr': 3, 'ncdm_fluid_approximation': 3, 'maximum_q_ncdm_decay_dr': 15.0, 'background_method': 0, 'evolver': 1, 'N_momentum_bins_ncdm_decay_dr': 7, 'l_max_ncdm': 13, 'l_max_dr': 13, 'l_max_dr_col': 13, 'omega_b': 0.02293395, 'omega_cdm': 0.186489, 'Neff_ini_dncdm': 0.9140519, 'log10lifetime_ncdm_decay_dr': 2.000377, 'm_ncdm_decay_dr': 73.20366, 'H0': 45.30067, 'ln10^{10}A_s': 3.081956, 'n_s': 0.9332279, 'tau_reio': 0.08327396, 'P_k_max_1/Mpc': 1.0}
skipping to the next model...
[CHILD][Parent Rank 119] | The following model took too long to complete: 
params: {'lensing': 'yes', 'output': 'tCl,lCl,pCl,mPk', 'l_max_scalars': 2508, 'k_pivot': 0.05, 'N_ur': 2.0328, 'N_ncdm': 1, 'm_ncdm': 0.06, 'T_ncdm': 0.71611, 'N_ncdm_decay_dr': 1, 'quadrature_strategy_ncdm_decay_dr': 3, 'ncdm_fluid_approximation': 3, 'maximum_q_ncdm_decay_dr': 15.0, 'background_method': 0, 'evolver': 1, 'N_momentum_bins_ncdm_decay_dr': 7, 'l_max_ncdm': 13, 'l_max_dr': 13, 'l_max_dr_col': 13, 'omega_b': 0.023483459, 'omega_cdm': 0.1958348, 'Neff_ini_dncdm': 0.9581979, 'log10lifetime_ncdm_decay_dr': 2.004582, 'm_ncdm_decay_dr': 51.65689, 'H0': 42.47493, 'ln10^{10}A_s': 3.100385, 'n_s': 0.9232402, 'tau_reio': 0.08348794, 'P_k_max_1/Mpc': 1.0}

[PARENT][Rank 119] | ERROR: Child process failed during CLASS computation
Model: {'lensing': 'yes', 'output': 'tCl,lCl,pCl,mPk', 'l_max_scalars': 2508, 'k_pivot': 0.05, 'N_ur': 2.0328, 'N_ncdm': 1, 'm_ncdm': 0.06, 'T_ncdm': 0.71611, 'N_ncdm_decay_dr': 1, 'quadrature_strategy_ncdm_decay_dr': 3, 'ncdm_fluid_approximation': 3, 'maximum_q_ncdm_decay_dr': 15.0, 'background_method': 0, 'evolver': 1, 'N_momentum_bins_ncdm_decay_dr': 7, 'l_max_ncdm': 13, 'l_max_dr': 13, 'l_max_dr_col': 13, 'omega_b': 0.02293395, 'omega_cdm': 0.186489, 'Neff_ini_dncdm': 0.9140519, 'log10lifetime_ncdm_decay_dr': 2.000377, 'm_ncdm_decay_dr': 73.20366, 'H0': 45.30067, 'ln10^{10}A_s': 3.081956, 'n_s': 0.9332279, 'tau_reio': 0.08327396, 'P_k_max_1/Mpc': 1.0}
skipping to the next model...
[CHILD][Parent Rank 173] | The following model took too long to complete: 
params: {'lensing': 'yes', 'output': 'tCl,lCl,pCl,mPk', 'l_max_scalars': 2508, 'k_pivot': 0.05, 'N_ur': 2.0328, 'N_ncdm': 1, 'm_ncdm': 0.06, 'T_ncdm': 0.71611, 'N_ncdm_decay_dr': 1, 'quadrature_strategy_ncdm_decay_dr': 3, 'ncdm_fluid_approximation': 3, 'maximum_q_ncdm_decay_dr': 15.0, 'background_method': 0, 'evolver': 1, 'N_momentum_bins_ncdm_decay_dr': 7, 'l_max_ncdm': 13, 'l_max_dr': 13, 'l_max_dr_col': 13, 'omega_b': 0.02344244, 'omega_cdm': 0.1940762, 'Neff_ini_dncdm': 0.8393785, 'log10lifetime_ncdm_decay_dr': 2.000419, 'm_ncdm_decay_dr': 62.26554, 'H0': 42.92763, 'ln10^{10}A_s': 3.085358, 'n_s': 0.9232532, 'tau_reio': 0.07793588, 'P_k_max_1/Mpc': 1.0}

[PARENT][Rank 173] | ERROR: Child process failed during CLASS computation
Model: {'lensing': 'yes', 'output': 'tCl,lCl,pCl,mPk', 'l_max_scalars': 2508, 'k_pivot': 0.05, 'N_ur': 2.0328, 'N_ncdm': 1, 'm_ncdm': 0.06, 'T_ncdm': 0.71611, 'N_ncdm_decay_dr': 1, 'quadrature_strategy_ncdm_decay_dr': 3, 'ncdm_fluid_approximation': 3, 'maximum_q_ncdm_decay_dr': 15.0, 'background_method': 0, 'evolver': 1, 'N_momentum_bins_ncdm_decay_dr': 7, 'l_max_ncdm': 13, 'l_max_dr': 13, 'l_max_dr_col': 13, 'omega_b': 0.02293395, 'omega_cdm': 0.186489, 'Neff_ini_dncdm': 0.9140519, 'log10lifetime_ncdm_decay_dr': 2.000377, 'm_ncdm_decay_dr': 73.20366, 'H0': 45.30067, 'ln10^{10}A_s': 3.081956, 'n_s': 0.9332279, 'tau_reio': 0.08327396, 'P_k_max_1/Mpc': 1.0}
skipping to the next model...
[PARENT][Rank 165] | ERROR: Timeout while waiting for PONG response from child process. Child may be unresponsive.
Respawning child process...
[PARENT][Rank 165] | WARNING: Child process died or is unresponsive. Respawning...
[PARENT][Rank 165] | [INFO] Successfully respawned child process.
[PARENT][Rank 164] | ERROR: Timeout while waiting for PONG response from child process. Child may be unresponsive.
Respawning child process...
[PARENT][Rank 164] | WARNING: Child process died or is unresponsive. Respawning...
[PARENT][Rank 164] | [INFO] Successfully respawned child process.
[PARENT][Rank 166] | ERROR: Timeout while waiting for PONG response from child process. Child may be unresponsive.
Respawning child process...
[PARENT][Rank 166] | WARNING: Child process died or is unresponsive. Respawning...
[PARENT][Rank 166] | [INFO] Successfully respawned child process.
[CHILD][Parent Rank 127] | The following model took too long to complete: 
params: {'lensing': 'yes', 'output': 'tCl,lCl,pCl,mPk', 'l_max_scalars': 2508, 'k_pivot': 0.05, 'N_ur': 2.0328, 'N_ncdm': 1, 'm_ncdm': 0.06, 'T_ncdm': 0.71611, 'N_ncdm_decay_dr': 1, 'quadrature_strategy_ncdm_decay_dr': 3, 'ncdm_fluid_approximation': 3, 'maximum_q_ncdm_decay_dr': 15.0, 'background_method': 0, 'evolver': 1, 'N_momentum_bins_ncdm_decay_dr': 7, 'l_max_ncdm': 13, 'l_max_dr': 13, 'l_max_dr_col': 13, 'omega_b': 0.02344244, 'omega_cdm': 0.1940762, 'Neff_ini_dncdm': 0.8393785, 'log10lifetime_ncdm_decay_dr': 2.000419, 'm_ncdm_decay_dr': 62.26554, 'H0': 42.92763, 'ln10^{10}A_s': 3.085358, 'n_s': 0.9232532, 'tau_reio': 0.07793588, 'P_k_max_1/Mpc': 1.0}

[PARENT][Rank 127] | ERROR: Child process failed during CLASS computation
Model: {'lensing': 'yes', 'output': 'tCl,lCl,pCl,mPk', 'l_max_scalars': 2508, 'k_pivot': 0.05, 'N_ur': 2.0328, 'N_ncdm': 1, 'm_ncdm': 0.06, 'T_ncdm': 0.71611, 'N_ncdm_decay_dr': 1, 'quadrature_strategy_ncdm_decay_dr': 3, 'ncdm_fluid_approximation': 3, 'maximum_q_ncdm_decay_dr': 15.0, 'background_method': 0, 'evolver': 1, 'N_momentum_bins_ncdm_decay_dr': 7, 'l_max_ncdm': 13, 'l_max_dr': 13, 'l_max_dr_col': 13, 'omega_b': 0.02344244, 'omega_cdm': 0.1940762, 'Neff_ini_dncdm': 0.8393785, 'log10lifetime_ncdm_decay_dr': 2.000419, 'm_ncdm_decay_dr': 62.26554, 'H0': 42.92763, 'ln10^{10}A_s': 3.085358, 'n_s': 0.9232532, 'tau_reio': 0.07793588, 'P_k_max_1/Mpc': 1.0}
skipping to the next model...
[PARENT][Rank 107] | ERROR: Timeout while waiting for response from child process after CLASS computations. Child may be unresponsive.

[PARENT][Rank 63] | ERROR: Unexpected error during PING-PONG check: TimeoutError('Timeout while waiting for child to respond.')Attemping to respawn child process...
[PARENT][Rank 63] | WARNING: Child process died or is unresponsive. Respawning...
[PARENT][Rank 109] | ERROR: Unexpected error during PING-PONG check: TimeoutError('Timeout while waiting for child to respond.')Attemping to respawn child process...
[PARENT][Rank 109] | WARNING: Child process died or is unresponsive. Respawning...
[PARENT][Rank 110] | ERROR: Unexpected error during PING-PONG check: TimeoutError('Timeout while waiting for child to respond.')Attemping to respawn child process...
[PARENT][Rank 110] | WARNING: Child process died or is unresponsive. Respawning...
[PARENT][Rank 225] | ERROR: Unexpected error during PING-PONG check: TimeoutError('Timeout while waiting for child to respond.')Attemping to respawn child process...
[PARENT][Rank 225] | WARNING: Child process died or is unresponsive. Respawning...
[PARENT][Rank 112] | ERROR: Timeout while waiting for PONG response from child process. Child may be unresponsive.
Respawning child process...
[PARENT][Rank 112] | WARNING: Child process died or is unresponsive. Respawning...
[PARENT][Rank 225] | [INFO] Successfully respawned child process.
[PARENT][Rank 63] | [INFO] Successfully respawned child process.
[CHILD][Parent Rank 155] | The following model took too long to complete: 
params: {'lensing': 'yes', 'output': 'tCl,lCl,pCl,mPk', 'l_max_scalars': 2508, 'k_pivot': 0.05, 'N_ur': 2.0328, 'N_ncdm': 1, 'm_ncdm': 0.06, 'T_ncdm': 0.71611, 'N_ncdm_decay_dr': 1, 'quadrature_strategy_ncdm_decay_dr': 3, 'ncdm_fluid_approximation': 3, 'maximum_q_ncdm_decay_dr': 15.0, 'background_method': 0, 'evolver': 1, 'N_momentum_bins_ncdm_decay_dr': 7, 'l_max_ncdm': 13, 'l_max_dr': 13, 'l_max_dr_col': 13, 'omega_b': 0.02344244, 'omega_cdm': 0.1940762, 'Neff_ini_dncdm': 0.8393785, 'log10lifetime_ncdm_decay_dr': 2.000419, 'm_ncdm_decay_dr': 62.26554, 'H0': 42.92763, 'ln10^{10}A_s': 3.085358, 'n_s': 0.9232532, 'tau_reio': 0.07793588, 'P_k_max_1/Mpc': 1.0}

[PARENT][Rank 155] | ERROR: Child process failed during CLASS computation
Model: {'lensing': 'yes', 'output': 'tCl,lCl,pCl,mPk', 'l_max_scalars': 2508, 'k_pivot': 0.05, 'N_ur': 2.0328, 'N_ncdm': 1, 'm_ncdm': 0.06, 'T_ncdm': 0.71611, 'N_ncdm_decay_dr': 1, 'quadrature_strategy_ncdm_decay_dr': 3, 'ncdm_fluid_approximation': 3, 'maximum_q_ncdm_decay_dr': 15.0, 'background_method': 0, 'evolver': 1, 'N_momentum_bins_ncdm_decay_dr': 7, 'l_max_ncdm': 13, 'l_max_dr': 13, 'l_max_dr_col': 13, 'omega_b': 0.02344244, 'omega_cdm': 0.1940762, 'Neff_ini_dncdm': 0.8393785, 'log10lifetime_ncdm_decay_dr': 2.000419, 'm_ncdm_decay_dr': 62.26554, 'H0': 42.92763, 'ln10^{10}A_s': 3.085358, 'n_s': 0.9232532, 'tau_reio': 0.07793588, 'P_k_max_1/Mpc': 1.0}
skipping to the next model...
[PARENT][Rank 112] | [INFO] Successfully respawned child process.
[PARENT][Rank 109] | [INFO] Successfully respawned child process.
[PARENT][Rank 110] | [INFO] Successfully respawned child process.
[CHILD][Parent Rank 121] | The following model took too long to complete: 
params: {'lensing': 'yes', 'output': 'tCl,lCl,pCl,mPk', 'l_max_scalars': 2508, 'k_pivot': 0.05, 'N_ur': 2.0328, 'N_ncdm': 1, 'm_ncdm': 0.06, 'T_ncdm': 0.71611, 'N_ncdm_decay_dr': 1, 'quadrature_strategy_ncdm_decay_dr': 3, 'ncdm_fluid_approximation': 3, 'maximum_q_ncdm_decay_dr': 15.0, 'background_method': 0, 'evolver': 1, 'N_momentum_bins_ncdm_decay_dr': 7, 'l_max_ncdm': 13, 'l_max_dr': 13, 'l_max_dr_col': 13, 'omega_b': 0.02344244, 'omega_cdm': 0.1940762, 'Neff_ini_dncdm': 0.8393785, 'log10lifetime_ncdm_decay_dr': 2.000419, 'm_ncdm_decay_dr': 62.26554, 'H0': 42.92763, 'ln10^{10}A_s': 3.085358, 'n_s': 0.9232532, 'tau_reio': 0.07793588, 'P_k_max_1/Mpc': 1.0}

[PARENT][Rank 121] | ERROR: Child process failed during CLASS computation
Model: {'lensing': 'yes', 'output': 'tCl,lCl,pCl,mPk', 'l_max_scalars': 2508, 'k_pivot': 0.05, 'N_ur': 2.0328, 'N_ncdm': 1, 'm_ncdm': 0.06, 'T_ncdm': 0.71611, 'N_ncdm_decay_dr': 1, 'quadrature_strategy_ncdm_decay_dr': 3, 'ncdm_fluid_approximation': 3, 'maximum_q_ncdm_decay_dr': 15.0, 'background_method': 0, 'evolver': 1, 'N_momentum_bins_ncdm_decay_dr': 7, 'l_max_ncdm': 13, 'l_max_dr': 13, 'l_max_dr_col': 13, 'omega_b': 0.02344244, 'omega_cdm': 0.1940762, 'Neff_ini_dncdm': 0.8393785, 'log10lifetime_ncdm_decay_dr': 2.000419, 'm_ncdm_decay_dr': 62.26554, 'H0': 42.92763, 'ln10^{10}A_s': 3.085358, 'n_s': 0.9232532, 'tau_reio': 0.07793588, 'P_k_max_1/Mpc': 1.0}
skipping to the next model...
[CHILD][Parent Rank 47] | ERROR: Timeout while waiting for parent command. returning to PING PONG loop.
[CHILD][Parent Rank 59] | The following model took too long to complete: 
params: {'lensing': 'yes', 'output': 'tCl,lCl,pCl,mPk', 'l_max_scalars': 2508, 'k_pivot': 0.05, 'N_ur': 2.0328, 'N_ncdm': 1, 'm_ncdm': 0.06, 'T_ncdm': 0.71611, 'N_ncdm_decay_dr': 1, 'quadrature_strategy_ncdm_decay_dr': 3, 'ncdm_fluid_approximation': 3, 'maximum_q_ncdm_decay_dr': 15.0, 'background_method': 0, 'evolver': 1, 'N_momentum_bins_ncdm_decay_dr': 7, 'l_max_ncdm': 13, 'l_max_dr': 13, 'l_max_dr_col': 13, 'omega_b': 0.02344244, 'omega_cdm': 0.1940762, 'Neff_ini_dncdm': 0.8393785, 'log10lifetime_ncdm_decay_dr': 2.000419, 'm_ncdm_decay_dr': 62.26554, 'H0': 42.92763, 'ln10^{10}A_s': 3.085358, 'n_s': 0.9232532, 'tau_reio': 0.07793588, 'P_k_max_1/Mpc': 1.0}

[PARENT][Rank 59] | ERROR: Child process failed during CLASS computation
Model: {'lensing': 'yes', 'output': 'tCl,lCl,pCl,mPk', 'l_max_scalars': 2508, 'k_pivot': 0.05, 'N_ur': 2.0328, 'N_ncdm': 1, 'm_ncdm': 0.06, 'T_ncdm': 0.71611, 'N_ncdm_decay_dr': 1, 'quadrature_strategy_ncdm_decay_dr': 3, 'ncdm_fluid_approximation': 3, 'maximum_q_ncdm_decay_dr': 15.0, 'background_method': 0, 'evolver': 1, 'N_momentum_bins_ncdm_decay_dr': 7, 'l_max_ncdm': 13, 'l_max_dr': 13, 'l_max_dr_col': 13, 'omega_b': 0.02344244, 'omega_cdm': 0.1940762, 'Neff_ini_dncdm': 0.8393785, 'log10lifetime_ncdm_decay_dr': 2.000419, 'm_ncdm_decay_dr': 62.26554, 'H0': 42.92763, 'ln10^{10}A_s': 3.085358, 'n_s': 0.9232532, 'tau_reio': 0.07793588, 'P_k_max_1/Mpc': 1.0}
skipping to the next model...
[CHILD][Parent Rank 117] | The following model took too long to complete: 
params: {'lensing': 'yes', 'output': 'tCl,lCl,pCl,mPk', 'l_max_scalars': 2508, 'k_pivot': 0.05, 'N_ur': 2.0328, 'N_ncdm': 1, 'm_ncdm': 0.06, 'T_ncdm': 0.71611, 'N_ncdm_decay_dr': 1, 'quadrature_strategy_ncdm_decay_dr': 3, 'ncdm_fluid_approximation': 3, 'maximum_q_ncdm_decay_dr': 15.0, 'background_method': 0, 'evolver': 1, 'N_momentum_bins_ncdm_decay_dr': 7, 'l_max_ncdm': 13, 'l_max_dr': 13, 'l_max_dr_col': 13, 'omega_b': 0.02344244, 'omega_cdm': 0.1940762, 'Neff_ini_dncdm': 0.8393785, 'log10lifetime_ncdm_decay_dr': 2.000419, 'm_ncdm_decay_dr': 62.26554, 'H0': 42.92763, 'ln10^{10}A_s': 3.085358, 'n_s': 0.9232532, 'tau_reio': 0.07793588, 'P_k_max_1/Mpc': 1.0}

[PARENT][Rank 117] | ERROR: Child process failed during CLASS computation
Model: {'lensing': 'yes', 'output': 'tCl,lCl,pCl,mPk', 'l_max_scalars': 2508, 'k_pivot': 0.05, 'N_ur': 2.0328, 'N_ncdm': 1, 'm_ncdm': 0.06, 'T_ncdm': 0.71611, 'N_ncdm_decay_dr': 1, 'quadrature_strategy_ncdm_decay_dr': 3, 'ncdm_fluid_approximation': 3, 'maximum_q_ncdm_decay_dr': 15.0, 'background_method': 0, 'evolver': 1, 'N_momentum_bins_ncdm_decay_dr': 7, 'l_max_ncdm': 13, 'l_max_dr': 13, 'l_max_dr_col': 13, 'omega_b': 0.02344244, 'omega_cdm': 0.1940762, 'Neff_ini_dncdm': 0.8393785, 'log10lifetime_ncdm_decay_dr': 2.000419, 'm_ncdm_decay_dr': 62.26554, 'H0': 42.92763, 'ln10^{10}A_s': 3.085358, 'n_s': 0.9232532, 'tau_reio': 0.07793588, 'P_k_max_1/Mpc': 1.0}
skipping to the next model...
[PARENT][Rank 170] | ERROR: Unexpected error during PING-PONG check: TimeoutError('Timeout while waiting for child to respond.')Attemping to respawn child process...
[PARENT][Rank 170] | WARNING: Child process died or is unresponsive. Respawning...
[PARENT][Rank 170] | [INFO] Successfully respawned child process.
[CHILD][Parent Rank 263] | The following model took too long to complete: 
params: {'lensing': 'yes', 'output': 'tCl,lCl,pCl,mPk', 'l_max_scalars': 2508, 'k_pivot': 0.05, 'N_ur': 2.0328, 'N_ncdm': 1, 'm_ncdm': 0.06, 'T_ncdm': 0.71611, 'N_ncdm_decay_dr': 1, 'quadrature_strategy_ncdm_decay_dr': 3, 'ncdm_fluid_approximation': 3, 'maximum_q_ncdm_decay_dr': 15.0, 'background_method': 0, 'evolver': 1, 'N_momentum_bins_ncdm_decay_dr': 7, 'l_max_ncdm': 13, 'l_max_dr': 13, 'l_max_dr_col': 13, 'omega_b': 0.02344244, 'omega_cdm': 0.1940762, 'Neff_ini_dncdm': 0.8393785, 'log10lifetime_ncdm_decay_dr': 2.000419, 'm_ncdm_decay_dr': 62.26554, 'H0': 42.92763, 'ln10^{10}A_s': 3.085358, 'n_s': 0.9232532, 'tau_reio': 0.07793588, 'P_k_max_1/Mpc': 1.0}

[PARENT][Rank 263] | ERROR: Child process failed during CLASS computation
Model: {'lensing': 'yes', 'output': 'tCl,lCl,pCl,mPk', 'l_max_scalars': 2508, 'k_pivot': 0.05, 'N_ur': 2.0328, 'N_ncdm': 1, 'm_ncdm': 0.06, 'T_ncdm': 0.71611, 'N_ncdm_decay_dr': 1, 'quadrature_strategy_ncdm_decay_dr': 3, 'ncdm_fluid_approximation': 3, 'maximum_q_ncdm_decay_dr': 15.0, 'background_method': 0, 'evolver': 1, 'N_momentum_bins_ncdm_decay_dr': 7, 'l_max_ncdm': 13, 'l_max_dr': 13, 'l_max_dr_col': 13, 'omega_b': 0.02344244, 'omega_cdm': 0.1940762, 'Neff_ini_dncdm': 0.8393785, 'log10lifetime_ncdm_decay_dr': 2.000419, 'm_ncdm_decay_dr': 62.26554, 'H0': 42.92763, 'ln10^{10}A_s': 3.085358, 'n_s': 0.9232532, 'tau_reio': 0.07793588, 'P_k_max_1/Mpc': 1.0}
skipping to the next model...
[CHILD][Parent Rank 484] | The following model took too long to complete: 
params: {'lensing': 'yes', 'output': 'tCl,lCl,pCl,mPk', 'l_max_scalars': 2508, 'k_pivot': 0.05, 'N_ur': 2.0328, 'N_ncdm': 1, 'm_ncdm': 0.06, 'T_ncdm': 0.71611, 'N_ncdm_decay_dr': 1, 'quadrature_strategy_ncdm_decay_dr': 3, 'ncdm_fluid_approximation': 3, 'maximum_q_ncdm_decay_dr': 15.0, 'background_method': 0, 'evolver': 1, 'N_momentum_bins_ncdm_decay_dr': 7, 'l_max_ncdm': 13, 'l_max_dr': 13, 'l_max_dr_col': 13, 'omega_b': 0.02344244, 'omega_cdm': 0.1940762, 'Neff_ini_dncdm': 0.8393785, 'log10lifetime_ncdm_decay_dr': 2.000419, 'm_ncdm_decay_dr': 62.26554, 'H0': 42.92763, 'ln10^{10}A_s': 3.085358, 'n_s': 0.9232532, 'tau_reio': 0.07793588, 'P_k_max_1/Mpc': 1.0}

[PARENT][Rank 484] | ERROR: Child process failed during CLASS computation
Model: {'lensing': 'yes', 'output': 'tCl,lCl,pCl,mPk', 'l_max_scalars': 2508, 'k_pivot': 0.05, 'N_ur': 2.0328, 'N_ncdm': 1, 'm_ncdm': 0.06, 'T_ncdm': 0.71611, 'N_ncdm_decay_dr': 1, 'quadrature_strategy_ncdm_decay_dr': 3, 'ncdm_fluid_approximation': 3, 'maximum_q_ncdm_decay_dr': 15.0, 'background_method': 0, 'evolver': 1, 'N_momentum_bins_ncdm_decay_dr': 7, 'l_max_ncdm': 13, 'l_max_dr': 13, 'l_max_dr_col': 13, 'omega_b': 0.02344244, 'omega_cdm': 0.1940762, 'Neff_ini_dncdm': 0.8393785, 'log10lifetime_ncdm_decay_dr': 2.000419, 'm_ncdm_decay_dr': 62.26554, 'H0': 42.92763, 'ln10^{10}A_s': 3.085358, 'n_s': 0.9232532, 'tau_reio': 0.07793588, 'P_k_max_1/Mpc': 1.0}
skipping to the next model...
[PARENT][Rank 174] | ERROR: Failed to send or receive data to/from child process. Child process may have crashed.Possibly due to out-of-memory or other critical error during CLASS computation    .
Model: {'lensing': 'yes', 'output': 'tCl,lCl,pCl,mPk', 'l_max_scalars': 2508, 'k_pivot': 0.05, 'N_ur': 2.0328, 'N_ncdm': 1, 'm_ncdm': 0.06, 'T_ncdm': 0.71611, 'N_ncdm_decay_dr': 1, 'quadrature_strategy_ncdm_decay_dr': 3, 'ncdm_fluid_approximation': 3, 'maximum_q_ncdm_decay_dr': 15.0, 'background_method': 0, 'evolver': 1, 'N_momentum_bins_ncdm_decay_dr': 7, 'l_max_ncdm': 13, 'l_max_dr': 13, 'l_max_dr_col': 13, 'omega_b': 0.02344244, 'omega_cdm': 0.1940762, 'Neff_ini_dncdm': 0.8393785, 'log10lifetime_ncdm_decay_dr': 2.000419, 'm_ncdm_decay_dr': 62.26554, 'H0': 42.92763, 'ln10^{10}A_s': 3.085358, 'n_s': 0.9232532, 'tau_reio': 0.07793588, 'P_k_max_1/Mpc': 1.0}
skipping to the next model...
[PARENT][Rank 174] | Exception: TimeoutError('Timeout while waiting for child to respond.')
[PARENT][Rank 171] | ERROR: Failed to send or receive data to/from child process. Child process may have crashed.Possibly due to out-of-memory or other critical error during CLASS computation    .
Model: {'lensing': 'yes', 'output': 'tCl,lCl,pCl,mPk', 'l_max_scalars': 2508, 'k_pivot': 0.05, 'N_ur': 2.0328, 'N_ncdm': 1, 'm_ncdm': 0.06, 'T_ncdm': 0.71611, 'N_ncdm_decay_dr': 1, 'quadrature_strategy_ncdm_decay_dr': 3, 'ncdm_fluid_approximation': 3, 'maximum_q_ncdm_decay_dr': 15.0, 'background_method': 0, 'evolver': 1, 'N_momentum_bins_ncdm_decay_dr': 7, 'l_max_ncdm': 13, 'l_max_dr': 13, 'l_max_dr_col': 13, 'omega_b': 0.02344244, 'omega_cdm': 0.1940762, 'Neff_ini_dncdm': 0.8393785, 'log10lifetime_ncdm_decay_dr': 2.000419, 'm_ncdm_decay_dr': 62.26554, 'H0': 42.92763, 'ln10^{10}A_s': 3.085358, 'n_s': 0.9232532, 'tau_reio': 0.07793588, 'P_k_max_1/Mpc': 1.0}
skipping to the next model...
[PARENT][Rank 171] | Exception: TimeoutError('Timeout while waiting for child to respond.')
[PARENT][Rank 168] | ERROR: Failed to send or receive data to/from child process. Child process may have crashed.Possibly due to out-of-memory or other critical error during CLASS computation    .
Model: {'lensing': 'yes', 'output': 'tCl,lCl,pCl,mPk', 'l_max_scalars': 2508, 'k_pivot': 0.05, 'N_ur': 2.0328, 'N_ncdm': 1, 'm_ncdm': 0.06, 'T_ncdm': 0.71611, 'N_ncdm_decay_dr': 1, 'quadrature_strategy_ncdm_decay_dr': 3, 'ncdm_fluid_approximation': 3, 'maximum_q_ncdm_decay_dr': 15.0, 'background_method': 0, 'evolver': 1, 'N_momentum_bins_ncdm_decay_dr': 7, 'l_max_ncdm': 13, 'l_max_dr': 13, 'l_max_dr_col': 13, 'omega_b': 0.02344244, 'omega_cdm': 0.1940762, 'Neff_ini_dncdm': 0.8393785, 'log10lifetime_ncdm_decay_dr': 2.000419, 'm_ncdm_decay_dr': 62.26554, 'H0': 42.92763, 'ln10^{10}A_s': 3.085358, 'n_s': 0.9232532, 'tau_reio': 0.07793588, 'P_k_max_1/Mpc': 1.0}
skipping to the next model...
[PARENT][Rank 168] | Exception: TimeoutError('Timeout while waiting for child to respond.')
[PARENT][Rank 393] | ERROR: Failed to send or receive data to/from child process. Child process may have crashed.Possibly due to out-of-memory or other critical error during CLASS computation    .
Model: {'lensing': 'yes', 'output': 'tCl,lCl,pCl,mPk', 'l_max_scalars': 2508, 'k_pivot': 0.05, 'N_ur': 2.0328, 'N_ncdm': 1, 'm_ncdm': 0.06, 'T_ncdm': 0.71611, 'N_ncdm_decay_dr': 1, 'quadrature_strategy_ncdm_decay_dr': 3, 'ncdm_fluid_approximation': 3, 'maximum_q_ncdm_decay_dr': 15.0, 'background_method': 0, 'evolver': 1, 'N_momentum_bins_ncdm_decay_dr': 7, 'l_max_ncdm': 13, 'l_max_dr': 13, 'l_max_dr_col': 13, 'omega_b': 0.02344244, 'omega_cdm': 0.1940762, 'Neff_ini_dncdm': 0.8393785, 'log10lifetime_ncdm_decay_dr': 2.000419, 'm_ncdm_decay_dr': 62.26554, 'H0': 42.92763, 'ln10^{10}A_s': 3.085358, 'n_s': 0.9232532, 'tau_reio': 0.07793588, 'P_k_max_1/Mpc': 1.0}
skipping to the next model...
[PARENT][Rank 393] | Exception: TimeoutError('Timeout while waiting for child to respond.')
[PARENT][Rank 487] | ERROR: Timeout while waiting for PONG response from child process. Child may be unresponsive.
Respawning child process...
[PARENT][Rank 487] | WARNING: Child process died or is unresponsive. Respawning...
[PARENT][Rank 167] | ERROR: Unexpected error during PING-PONG check: TimeoutError('Timeout while waiting for child to respond.')Attemping to respawn child process...
[PARENT][Rank 167] | WARNING: Child process died or is unresponsive. Respawning...
[PARENT][Rank 214] | ERROR: Timeout while waiting for PONG response from child process. Child may be unresponsive.
Respawning child process...
[PARENT][Rank 214] | WARNING: Child process died or is unresponsive. Respawning...
[PARENT][Rank 167] | [INFO] Successfully respawned child process.
[PARENT][Rank 214] | [INFO] Successfully respawned child process.
[PARENT][Rank 47] | ERROR: Timeout while waiting for response from child process. Child may be unresponsive.
this happened during the likelihood calculation step for the model: {'lensing': 'yes', 'output': 'tCl,lCl,pCl,mPk', 'l_max_scalars': 2508, 'k_pivot': 0.05, 'N_ur': 2.0328, 'N_ncdm': 1, 'm_ncdm': 0.06, 'T_ncdm': 0.71611, 'N_ncdm_decay_dr': 1, 'quadrature_strategy_ncdm_decay_dr': 3, 'ncdm_fluid_approximation': 3, 'maximum_q_ncdm_decay_dr': 15.0, 'background_method': 0, 'evolver': 1, 'N_momentum_bins_ncdm_decay_dr': 7, 'l_max_ncdm': 13, 'l_max_dr': 13, 'l_max_dr_col': 13, 'omega_b': 0.02344244, 'omega_cdm': 0.1940762, 'Neff_ini_dncdm': 0.8393785, 'log10lifetime_ncdm_decay_dr': 2.000419, 'm_ncdm_decay_dr': 62.26554, 'H0': 42.92763, 'ln10^{10}A_s': 3.085358, 'n_s': 0.9232532, 'tau_reio': 0.07793588, 'P_k_max_1/Mpc': 1.0}
skipping to the next model...
[PARENT][Rank 487] | [INFO] Successfully respawned child process.
[PARENT][Rank 47] | ERROR: Child process failed during CLASS computation
Model: {'lensing': 'yes', 'output': 'tCl,lCl,pCl,mPk', 'l_max_scalars': 2508, 'k_pivot': 0.05, 'N_ur': 2.0328, 'N_ncdm': 1, 'm_ncdm': 0.06, 'T_ncdm': 0.71611, 'N_ncdm_decay_dr': 1, 'quadrature_strategy_ncdm_decay_dr': 3, 'ncdm_fluid_approximation': 3, 'maximum_q_ncdm_decay_dr': 15.0, 'background_method': 0, 'evolver': 1, 'N_momentum_bins_ncdm_decay_dr': 7, 'l_max_ncdm': 13, 'l_max_dr': 13, 'l_max_dr_col': 13, 'omega_b': 0.022764329, 'omega_cdm': 0.1636231, 'Neff_ini_dncdm': 0.534043, 'log10lifetime_ncdm_decay_dr': 2.653095, 'm_ncdm_decay_dr': 242.7335, 'H0': 53.16504, 'ln10^{10}A_s': 2.981708, 'n_s': 0.955751, 'tau_reio': 0.07689826, 'P_k_max_1/Mpc': 1.0}
skipping to the next model...
[PARENT][Rank 454] | ERROR: Timeout while waiting for response from child process after CLASS computations. Child may be unresponsive.

[PARENT][Rank 389] | ERROR: Timeout while waiting for response from child process after CLASS computations. Child may be unresponsive.

[CHILD][Parent Rank 220] | The following model took too long to complete: 
params: {'lensing': 'yes', 'output': 'tCl,lCl,pCl,mPk', 'l_max_scalars': 2508, 'k_pivot': 0.05, 'N_ur': 2.0328, 'N_ncdm': 1, 'm_ncdm': 0.06, 'T_ncdm': 0.71611, 'N_ncdm_decay_dr': 1, 'quadrature_strategy_ncdm_decay_dr': 3, 'ncdm_fluid_approximation': 3, 'maximum_q_ncdm_decay_dr': 15.0, 'background_method': 0, 'evolver': 1, 'N_momentum_bins_ncdm_decay_dr': 7, 'l_max_ncdm': 13, 'l_max_dr': 13, 'l_max_dr_col': 13, 'omega_b': 0.023365581, 'omega_cdm': 0.1942587, 'Neff_ini_dncdm': 0.9374647, 'log10lifetime_ncdm_decay_dr': 2.003991, 'm_ncdm_decay_dr': 55.08739, 'H0': 42.87637, 'ln10^{10}A_s': 3.095049, 'n_s': 0.9215408, 'tau_reio': 0.08106645, 'P_k_max_1/Mpc': 1.0}

[PARENT][Rank 220] | ERROR: Child process failed during CLASS computation
Model: {'lensing': 'yes', 'output': 'tCl,lCl,pCl,mPk', 'l_max_scalars': 2508, 'k_pivot': 0.05, 'N_ur': 2.0328, 'N_ncdm': 1, 'm_ncdm': 0.06, 'T_ncdm': 0.71611, 'N_ncdm_decay_dr': 1, 'quadrature_strategy_ncdm_decay_dr': 3, 'ncdm_fluid_approximation': 3, 'maximum_q_ncdm_decay_dr': 15.0, 'background_method': 0, 'evolver': 1, 'N_momentum_bins_ncdm_decay_dr': 7, 'l_max_ncdm': 13, 'l_max_dr': 13, 'l_max_dr_col': 13, 'omega_b': 0.023365581, 'omega_cdm': 0.1942587, 'Neff_ini_dncdm': 0.9374647, 'log10lifetime_ncdm_decay_dr': 2.003991, 'm_ncdm_decay_dr': 55.08739, 'H0': 42.87637, 'ln10^{10}A_s': 3.095049, 'n_s': 0.9215408, 'tau_reio': 0.08106645, 'P_k_max_1/Mpc': 1.0}
skipping to the next model...
[PARENT][Rank 120] | ERROR: Unexpected error during PING-PONG check: TimeoutError('Timeout while waiting for child to respond.')Attemping to respawn child process...
[PARENT][Rank 120] | WARNING: Child process died or is unresponsive. Respawning...
[PARENT][Rank 119] | ERROR: Unexpected error during PING-PONG check: TimeoutError('Timeout while waiting for child to respond.')Attemping to respawn child process...
[PARENT][Rank 119] | WARNING: Child process died or is unresponsive. Respawning...
[PARENT][Rank 173] | ERROR: Timeout while waiting for PONG response from child process. Child may be unresponsive.
Respawning child process...
[PARENT][Rank 173] | WARNING: Child process died or is unresponsive. Respawning...
[CHILD][Parent Rank 58] | The following model took too long to complete: 
params: {'lensing': 'yes', 'output': 'tCl,lCl,pCl,mPk', 'l_max_scalars': 2508, 'k_pivot': 0.05, 'N_ur': 2.0328, 'N_ncdm': 1, 'm_ncdm': 0.06, 'T_ncdm': 0.71611, 'N_ncdm_decay_dr': 1, 'quadrature_strategy_ncdm_decay_dr': 3, 'ncdm_fluid_approximation': 3, 'maximum_q_ncdm_decay_dr': 15.0, 'background_method': 0, 'evolver': 1, 'N_momentum_bins_ncdm_decay_dr': 7, 'l_max_ncdm': 13, 'l_max_dr': 13, 'l_max_dr_col': 13, 'omega_b': 0.02344244, 'omega_cdm': 0.1940762, 'Neff_ini_dncdm': 0.8393785, 'log10lifetime_ncdm_decay_dr': 2.000419, 'm_ncdm_decay_dr': 62.26554, 'H0': 42.92763, 'ln10^{10}A_s': 3.085358, 'n_s': 0.9232532, 'tau_reio': 0.07793588, 'P_k_max_1/Mpc': 1.0}

[PARENT][Rank 58] | ERROR: Child process failed during CLASS computation
Model: {'lensing': 'yes', 'output': 'tCl,lCl,pCl,mPk', 'l_max_scalars': 2508, 'k_pivot': 0.05, 'N_ur': 2.0328, 'N_ncdm': 1, 'm_ncdm': 0.06, 'T_ncdm': 0.71611, 'N_ncdm_decay_dr': 1, 'quadrature_strategy_ncdm_decay_dr': 3, 'ncdm_fluid_approximation': 3, 'maximum_q_ncdm_decay_dr': 15.0, 'background_method': 0, 'evolver': 1, 'N_momentum_bins_ncdm_decay_dr': 7, 'l_max_ncdm': 13, 'l_max_dr': 13, 'l_max_dr_col': 13, 'omega_b': 0.02344244, 'omega_cdm': 0.1940762, 'Neff_ini_dncdm': 0.8393785, 'log10lifetime_ncdm_decay_dr': 2.000419, 'm_ncdm_decay_dr': 62.26554, 'H0': 42.92763, 'ln10^{10}A_s': 3.085358, 'n_s': 0.9232532, 'tau_reio': 0.07793588, 'P_k_max_1/Mpc': 1.0}
skipping to the next model...
[PARENT][Rank 173] | [INFO] Successfully respawned child process.
[PARENT][Rank 119] | [INFO] Successfully respawned child process.
[PARENT][Rank 120] | [INFO] Successfully respawned child process.
[CHILD][Parent Rank 123] | The following model took too long to complete: 
params: {'lensing': 'yes', 'output': 'tCl,lCl,pCl,mPk', 'l_max_scalars': 2508, 'k_pivot': 0.05, 'N_ur': 2.0328, 'N_ncdm': 1, 'm_ncdm': 0.06, 'T_ncdm': 0.71611, 'N_ncdm_decay_dr': 1, 'quadrature_strategy_ncdm_decay_dr': 3, 'ncdm_fluid_approximation': 3, 'maximum_q_ncdm_decay_dr': 15.0, 'background_method': 0, 'evolver': 1, 'N_momentum_bins_ncdm_decay_dr': 7, 'l_max_ncdm': 13, 'l_max_dr': 13, 'l_max_dr_col': 13, 'omega_b': 0.023365581, 'omega_cdm': 0.1942587, 'Neff_ini_dncdm': 0.9374647, 'log10lifetime_ncdm_decay_dr': 2.003991, 'm_ncdm_decay_dr': 55.08739, 'H0': 42.87637, 'ln10^{10}A_s': 3.095049, 'n_s': 0.9215408, 'tau_reio': 0.08106645, 'P_k_max_1/Mpc': 1.0}

[PARENT][Rank 123] | ERROR: Child process failed during CLASS computation
Model: {'lensing': 'yes', 'output': 'tCl,lCl,pCl,mPk', 'l_max_scalars': 2508, 'k_pivot': 0.05, 'N_ur': 2.0328, 'N_ncdm': 1, 'm_ncdm': 0.06, 'T_ncdm': 0.71611, 'N_ncdm_decay_dr': 1, 'quadrature_strategy_ncdm_decay_dr': 3, 'ncdm_fluid_approximation': 3, 'maximum_q_ncdm_decay_dr': 15.0, 'background_method': 0, 'evolver': 1, 'N_momentum_bins_ncdm_decay_dr': 7, 'l_max_ncdm': 13, 'l_max_dr': 13, 'l_max_dr_col': 13, 'omega_b': 0.023365581, 'omega_cdm': 0.1942587, 'Neff_ini_dncdm': 0.9374647, 'log10lifetime_ncdm_decay_dr': 2.003991, 'm_ncdm_decay_dr': 55.08739, 'H0': 42.87637, 'ln10^{10}A_s': 3.095049, 'n_s': 0.9215408, 'tau_reio': 0.08106645, 'P_k_max_1/Mpc': 1.0}
skipping to the next model...
[PARENT][Rank 118] | ERROR: Timeout while waiting for response from child process after CLASS computations. Child may be unresponsive.

[CHILD][Parent Rank 124] | The following model took too long to complete: 
params: {'lensing': 'yes', 'output': 'tCl,lCl,pCl,mPk', 'l_max_scalars': 2508, 'k_pivot': 0.05, 'N_ur': 2.0328, 'N_ncdm': 1, 'm_ncdm': 0.06, 'T_ncdm': 0.71611, 'N_ncdm_decay_dr': 1, 'quadrature_strategy_ncdm_decay_dr': 3, 'ncdm_fluid_approximation': 3, 'maximum_q_ncdm_decay_dr': 15.0, 'background_method': 0, 'evolver': 1, 'N_momentum_bins_ncdm_decay_dr': 7, 'l_max_ncdm': 13, 'l_max_dr': 13, 'l_max_dr_col': 13, 'omega_b': 0.023365581, 'omega_cdm': 0.1942587, 'Neff_ini_dncdm': 0.9374647, 'log10lifetime_ncdm_decay_dr': 2.003991, 'm_ncdm_decay_dr': 55.08739, 'H0': 42.87637, 'ln10^{10}A_s': 3.095049, 'n_s': 0.9215408, 'tau_reio': 0.08106645, 'P_k_max_1/Mpc': 1.0}

[PARENT][Rank 124] | ERROR: Child process failed during CLASS computation
Model: {'lensing': 'yes', 'output': 'tCl,lCl,pCl,mPk', 'l_max_scalars': 2508, 'k_pivot': 0.05, 'N_ur': 2.0328, 'N_ncdm': 1, 'm_ncdm': 0.06, 'T_ncdm': 0.71611, 'N_ncdm_decay_dr': 1, 'quadrature_strategy_ncdm_decay_dr': 3, 'ncdm_fluid_approximation': 3, 'maximum_q_ncdm_decay_dr': 15.0, 'background_method': 0, 'evolver': 1, 'N_momentum_bins_ncdm_decay_dr': 7, 'l_max_ncdm': 13, 'l_max_dr': 13, 'l_max_dr_col': 13, 'omega_b': 0.023365581, 'omega_cdm': 0.1942587, 'Neff_ini_dncdm': 0.9374647, 'log10lifetime_ncdm_decay_dr': 2.003991, 'm_ncdm_decay_dr': 55.08739, 'H0': 42.87637, 'ln10^{10}A_s': 3.095049, 'n_s': 0.9215408, 'tau_reio': 0.08106645, 'P_k_max_1/Mpc': 1.0}
skipping to the next model...
[PARENT][Rank 215] | ERROR: Timeout while waiting for response from child process after CLASS computations. Child may be unresponsive.

[PARENT][Rank 44] | ERROR: Timeout while waiting for response from child process after CLASS computations. Child may be unresponsive.

[CHILD][Parent Rank 393] | The following model took too long to complete: 
params: {'lensing': 'yes', 'output': 'tCl,lCl,pCl,mPk', 'l_max_scalars': 2508, 'k_pivot': 0.05, 'N_ur': 2.0328, 'N_ncdm': 1, 'm_ncdm': 0.06, 'T_ncdm': 0.71611, 'N_ncdm_decay_dr': 1, 'quadrature_strategy_ncdm_decay_dr': 3, 'ncdm_fluid_approximation': 3, 'maximum_q_ncdm_decay_dr': 15.0, 'background_method': 0, 'evolver': 1, 'N_momentum_bins_ncdm_decay_dr': 7, 'l_max_ncdm': 13, 'l_max_dr': 13, 'l_max_dr_col': 13, 'omega_b': 0.02344244, 'omega_cdm': 0.1940762, 'Neff_ini_dncdm': 0.8393785, 'log10lifetime_ncdm_decay_dr': 2.000419, 'm_ncdm_decay_dr': 62.26554, 'H0': 42.92763, 'ln10^{10}A_s': 3.085358, 'n_s': 0.9232532, 'tau_reio': 0.07793588, 'P_k_max_1/Mpc': 1.0}

[PARENT][Rank 393] | ERROR: Child process failed during CLASS computation
Model: {'lensing': 'yes', 'output': 'tCl,lCl,pCl,mPk', 'l_max_scalars': 2508, 'k_pivot': 0.05, 'N_ur': 2.0328, 'N_ncdm': 1, 'm_ncdm': 0.06, 'T_ncdm': 0.71611, 'N_ncdm_decay_dr': 1, 'quadrature_strategy_ncdm_decay_dr': 3, 'ncdm_fluid_approximation': 3, 'maximum_q_ncdm_decay_dr': 15.0, 'background_method': 0, 'evolver': 1, 'N_momentum_bins_ncdm_decay_dr': 7, 'l_max_ncdm': 13, 'l_max_dr': 13, 'l_max_dr_col': 13, 'omega_b': 0.02300196, 'omega_cdm': 0.1592031, 'Neff_ini_dncdm': 0.4368125, 'log10lifetime_ncdm_decay_dr': 2.363439, 'm_ncdm_decay_dr': 196.7235, 'H0': 55.5994, 'ln10^{10}A_s': 2.975041, 'n_s': 0.9752246, 'tau_reio': 0.06948144, 'P_k_max_1/Mpc': 1.0}
skipping to the next model...
[CHILD][Parent Rank 389] | The following model took too long to complete: 
params: {'lensing': 'yes', 'output': 'tCl,lCl,pCl,mPk', 'l_max_scalars': 2508, 'k_pivot': 0.05, 'N_ur': 2.0328, 'N_ncdm': 1, 'm_ncdm': 0.06, 'T_ncdm': 0.71611, 'N_ncdm_decay_dr': 1, 'quadrature_strategy_ncdm_decay_dr': 3, 'ncdm_fluid_approximation': 3, 'maximum_q_ncdm_decay_dr': 15.0, 'background_method': 0, 'evolver': 1, 'N_momentum_bins_ncdm_decay_dr': 7, 'l_max_ncdm': 13, 'l_max_dr': 13, 'l_max_dr_col': 13, 'omega_b': 0.02344244, 'omega_cdm': 0.1940762, 'Neff_ini_dncdm': 0.8393785, 'log10lifetime_ncdm_decay_dr': 2.000419, 'm_ncdm_decay_dr': 62.26554, 'H0': 42.92763, 'ln10^{10}A_s': 3.085358, 'n_s': 0.9232532, 'tau_reio': 0.07793588, 'P_k_max_1/Mpc': 1.0}

[PARENT][Rank 389] | ERROR: Child process failed during CLASS computation
Model: {'lensing': 'yes', 'output': 'tCl,lCl,pCl,mPk', 'l_max_scalars': 2508, 'k_pivot': 0.05, 'N_ur': 2.0328, 'N_ncdm': 1, 'm_ncdm': 0.06, 'T_ncdm': 0.71611, 'N_ncdm_decay_dr': 1, 'quadrature_strategy_ncdm_decay_dr': 3, 'ncdm_fluid_approximation': 3, 'maximum_q_ncdm_decay_dr': 15.0, 'background_method': 0, 'evolver': 1, 'N_momentum_bins_ncdm_decay_dr': 7, 'l_max_ncdm': 13, 'l_max_dr': 13, 'l_max_dr_col': 13, 'omega_b': 0.02306719, 'omega_cdm': 0.1595585, 'Neff_ini_dncdm': 0.65984, 'log10lifetime_ncdm_decay_dr': 3.390318, 'm_ncdm_decay_dr': 254.3469, 'H0': 54.87467, 'ln10^{10}A_s': 2.924205, 'n_s': 0.9484374, 'tau_reio': 0.07116167, 'P_k_max_1/Mpc': 1.0}
skipping to the next model...
[CHILD][Parent Rank 454] | The following model took too long to complete: 
params: {'lensing': 'yes', 'output': 'tCl,lCl,pCl,mPk', 'l_max_scalars': 2508, 'k_pivot': 0.05, 'N_ur': 2.0328, 'N_ncdm': 1, 'm_ncdm': 0.06, 'T_ncdm': 0.71611, 'N_ncdm_decay_dr': 1, 'quadrature_strategy_ncdm_decay_dr': 3, 'ncdm_fluid_approximation': 3, 'maximum_q_ncdm_decay_dr': 15.0, 'background_method': 0, 'evolver': 1, 'N_momentum_bins_ncdm_decay_dr': 7, 'l_max_ncdm': 13, 'l_max_dr': 13, 'l_max_dr_col': 13, 'omega_b': 0.02344244, 'omega_cdm': 0.1940762, 'Neff_ini_dncdm': 0.8393785, 'log10lifetime_ncdm_decay_dr': 2.000419, 'm_ncdm_decay_dr': 62.26554, 'H0': 42.92763, 'ln10^{10}A_s': 3.085358, 'n_s': 0.9232532, 'tau_reio': 0.07793588, 'P_k_max_1/Mpc': 1.0}

[PARENT][Rank 454] | ERROR: Child process failed during CLASS computation
Model: {'lensing': 'yes', 'output': 'tCl,lCl,pCl,mPk', 'l_max_scalars': 2508, 'k_pivot': 0.05, 'N_ur': 2.0328, 'N_ncdm': 1, 'm_ncdm': 0.06, 'T_ncdm': 0.71611, 'N_ncdm_decay_dr': 1, 'quadrature_strategy_ncdm_decay_dr': 3, 'ncdm_fluid_approximation': 3, 'maximum_q_ncdm_decay_dr': 15.0, 'background_method': 0, 'evolver': 1, 'N_momentum_bins_ncdm_decay_dr': 7, 'l_max_ncdm': 13, 'l_max_dr': 13, 'l_max_dr_col': 13, 'omega_b': 0.022729, 'omega_cdm': 0.163411, 'Neff_ini_dncdm': 0.4098175, 'log10lifetime_ncdm_decay_dr': 3.000711, 'm_ncdm_decay_dr': 237.2429, 'H0': 52.98845, 'ln10^{10}A_s': 2.946242, 'n_s': 0.9457881, 'tau_reio': 0.06369993, 'P_k_max_1/Mpc': 1.0}
skipping to the next model...
[CHILD][Parent Rank 44] | The following model took too long to complete: 
params: {'lensing': 'yes', 'output': 'tCl,lCl,pCl,mPk', 'l_max_scalars': 2508, 'k_pivot': 0.05, 'N_ur': 2.0328, 'N_ncdm': 1, 'm_ncdm': 0.06, 'T_ncdm': 0.71611, 'N_ncdm_decay_dr': 1, 'quadrature_strategy_ncdm_decay_dr': 3, 'ncdm_fluid_approximation': 3, 'maximum_q_ncdm_decay_dr': 15.0, 'background_method': 0, 'evolver': 1, 'N_momentum_bins_ncdm_decay_dr': 7, 'l_max_ncdm': 13, 'l_max_dr': 13, 'l_max_dr_col': 13, 'omega_b': 0.023365581, 'omega_cdm': 0.1942587, 'Neff_ini_dncdm': 0.9374647, 'log10lifetime_ncdm_decay_dr': 2.003991, 'm_ncdm_decay_dr': 55.08739, 'H0': 42.87637, 'ln10^{10}A_s': 3.095049, 'n_s': 0.9215408, 'tau_reio': 0.08106645, 'P_k_max_1/Mpc': 1.0}

[PARENT][Rank 44] | ERROR: Child process failed during CLASS computation
Model: {'lensing': 'yes', 'output': 'tCl,lCl,pCl,mPk', 'l_max_scalars': 2508, 'k_pivot': 0.05, 'N_ur': 2.0328, 'N_ncdm': 1, 'm_ncdm': 0.06, 'T_ncdm': 0.71611, 'N_ncdm_decay_dr': 1, 'quadrature_strategy_ncdm_decay_dr': 3, 'ncdm_fluid_approximation': 3, 'maximum_q_ncdm_decay_dr': 15.0, 'background_method': 0, 'evolver': 1, 'N_momentum_bins_ncdm_decay_dr': 7, 'l_max_ncdm': 13, 'l_max_dr': 13, 'l_max_dr_col': 13, 'omega_b': 0.02247452, 'omega_cdm': 0.162416, 'Neff_ini_dncdm': 0.9985398, 'log10lifetime_ncdm_decay_dr': 3.925039, 'm_ncdm_decay_dr': 301.0018, 'H0': 53.12358, 'ln10^{10}A_s': 2.872863, 'n_s': 0.9407789, 'tau_reio': 0.08460436, 'P_k_max_1/Mpc': 1.0}
skipping to the next model...
[PARENT][Rank 172] | ERROR: Failed to send or receive data to/from child process. Child process may have crashed.Possibly due to out-of-memory or other critical error during CLASS computation    .
Model: {'lensing': 'yes', 'output': 'tCl,lCl,pCl,mPk', 'l_max_scalars': 2508, 'k_pivot': 0.05, 'N_ur': 2.0328, 'N_ncdm': 1, 'm_ncdm': 0.06, 'T_ncdm': 0.71611, 'N_ncdm_decay_dr': 1, 'quadrature_strategy_ncdm_decay_dr': 3, 'ncdm_fluid_approximation': 3, 'maximum_q_ncdm_decay_dr': 15.0, 'background_method': 0, 'evolver': 1, 'N_momentum_bins_ncdm_decay_dr': 7, 'l_max_ncdm': 13, 'l_max_dr': 13, 'l_max_dr_col': 13, 'omega_b': 0.023365581, 'omega_cdm': 0.1942587, 'Neff_ini_dncdm': 0.9374647, 'log10lifetime_ncdm_decay_dr': 2.003991, 'm_ncdm_decay_dr': 55.08739, 'H0': 42.87637, 'ln10^{10}A_s': 3.095049, 'n_s': 0.9215408, 'tau_reio': 0.08106645, 'P_k_max_1/Mpc': 1.0}
skipping to the next model...
[PARENT][Rank 172] | Exception: TimeoutError('Timeout while waiting for child to respond.')
[CHILD][Parent Rank 109] | The following model took too long to complete: 
params: {'lensing': 'yes', 'output': 'tCl,lCl,pCl,mPk', 'l_max_scalars': 2508, 'k_pivot': 0.05, 'N_ur': 2.0328, 'N_ncdm': 1, 'm_ncdm': 0.06, 'T_ncdm': 0.71611, 'N_ncdm_decay_dr': 1, 'quadrature_strategy_ncdm_decay_dr': 3, 'ncdm_fluid_approximation': 3, 'maximum_q_ncdm_decay_dr': 15.0, 'background_method': 0, 'evolver': 1, 'N_momentum_bins_ncdm_decay_dr': 7, 'l_max_ncdm': 13, 'l_max_dr': 13, 'l_max_dr_col': 13, 'omega_b': 0.023483459, 'omega_cdm': 0.1958348, 'Neff_ini_dncdm': 0.9581979, 'log10lifetime_ncdm_decay_dr': 2.004582, 'm_ncdm_decay_dr': 51.65689, 'H0': 42.47493, 'ln10^{10}A_s': 3.100385, 'n_s': 0.9232402, 'tau_reio': 0.08348794, 'P_k_max_1/Mpc': 1.0}

[PARENT][Rank 109] | ERROR: Child process failed during CLASS computation
Model: {'lensing': 'yes', 'output': 'tCl,lCl,pCl,mPk', 'l_max_scalars': 2508, 'k_pivot': 0.05, 'N_ur': 2.0328, 'N_ncdm': 1, 'm_ncdm': 0.06, 'T_ncdm': 0.71611, 'N_ncdm_decay_dr': 1, 'quadrature_strategy_ncdm_decay_dr': 3, 'ncdm_fluid_approximation': 3, 'maximum_q_ncdm_decay_dr': 15.0, 'background_method': 0, 'evolver': 1, 'N_momentum_bins_ncdm_decay_dr': 7, 'l_max_ncdm': 13, 'l_max_dr': 13, 'l_max_dr_col': 13, 'omega_b': 0.02293395, 'omega_cdm': 0.186489, 'Neff_ini_dncdm': 0.9140519, 'log10lifetime_ncdm_decay_dr': 2.000377, 'm_ncdm_decay_dr': 73.20366, 'H0': 45.30067, 'ln10^{10}A_s': 3.081956, 'n_s': 0.9332279, 'tau_reio': 0.08327396, 'P_k_max_1/Mpc': 1.0}
skipping to the next model...
[CHILD][Parent Rank 122] | The following model took too long to complete: 
params: {'lensing': 'yes', 'output': 'tCl,lCl,pCl,mPk', 'l_max_scalars': 2508, 'k_pivot': 0.05, 'N_ur': 2.0328, 'N_ncdm': 1, 'm_ncdm': 0.06, 'T_ncdm': 0.71611, 'N_ncdm_decay_dr': 1, 'quadrature_strategy_ncdm_decay_dr': 3, 'ncdm_fluid_approximation': 3, 'maximum_q_ncdm_decay_dr': 15.0, 'background_method': 0, 'evolver': 1, 'N_momentum_bins_ncdm_decay_dr': 7, 'l_max_ncdm': 13, 'l_max_dr': 13, 'l_max_dr_col': 13, 'omega_b': 0.023285018, 'omega_cdm': 0.1917883, 'Neff_ini_dncdm': 0.8818996, 'log10lifetime_ncdm_decay_dr': 2.004696, 'm_ncdm_decay_dr': 65.90775, 'H0': 43.75014, 'ln10^{10}A_s': 3.085675, 'n_s': 0.9244216, 'tau_reio': 0.07866154, 'P_k_max_1/Mpc': 1.0}

[PARENT][Rank 122] | ERROR: Child process failed during CLASS computation
Model: {'lensing': 'yes', 'output': 'tCl,lCl,pCl,mPk', 'l_max_scalars': 2508, 'k_pivot': 0.05, 'N_ur': 2.0328, 'N_ncdm': 1, 'm_ncdm': 0.06, 'T_ncdm': 0.71611, 'N_ncdm_decay_dr': 1, 'quadrature_strategy_ncdm_decay_dr': 3, 'ncdm_fluid_approximation': 3, 'maximum_q_ncdm_decay_dr': 15.0, 'background_method': 0, 'evolver': 1, 'N_momentum_bins_ncdm_decay_dr': 7, 'l_max_ncdm': 13, 'l_max_dr': 13, 'l_max_dr_col': 13, 'omega_b': 0.023285018, 'omega_cdm': 0.1917883, 'Neff_ini_dncdm': 0.8818996, 'log10lifetime_ncdm_decay_dr': 2.004696, 'm_ncdm_decay_dr': 65.90775, 'H0': 43.75014, 'ln10^{10}A_s': 3.085675, 'n_s': 0.9244216, 'tau_reio': 0.07866154, 'P_k_max_1/Mpc': 1.0}
skipping to the next model...
[PARENT][Rank 50] | ERROR: Timeout while waiting for response from child process after CLASS computations. Child may be unresponsive.

[PARENT][Rank 218] | ERROR: Timeout while waiting for response from child process after CLASS computations. Child may be unresponsive.

[CHILD][Parent Rank 281] | The following model took too long to complete: 
params: {'lensing': 'yes', 'output': 'tCl,lCl,pCl,mPk', 'l_max_scalars': 2508, 'k_pivot': 0.05, 'N_ur': 2.0328, 'N_ncdm': 1, 'm_ncdm': 0.06, 'T_ncdm': 0.71611, 'N_ncdm_decay_dr': 1, 'quadrature_strategy_ncdm_decay_dr': 3, 'ncdm_fluid_approximation': 3, 'maximum_q_ncdm_decay_dr': 15.0, 'background_method': 0, 'evolver': 1, 'N_momentum_bins_ncdm_decay_dr': 7, 'l_max_ncdm': 13, 'l_max_dr': 13, 'l_max_dr_col': 13, 'omega_b': 0.023285018, 'omega_cdm': 0.1917883, 'Neff_ini_dncdm': 0.8818996, 'log10lifetime_ncdm_decay_dr': 2.004696, 'm_ncdm_decay_dr': 65.90775, 'H0': 43.75014, 'ln10^{10}A_s': 3.085675, 'n_s': 0.9244216, 'tau_reio': 0.07866154, 'P_k_max_1/Mpc': 1.0}

[PARENT][Rank 281] | ERROR: Child process failed during CLASS computation
Model: {'lensing': 'yes', 'output': 'tCl,lCl,pCl,mPk', 'l_max_scalars': 2508, 'k_pivot': 0.05, 'N_ur': 2.0328, 'N_ncdm': 1, 'm_ncdm': 0.06, 'T_ncdm': 0.71611, 'N_ncdm_decay_dr': 1, 'quadrature_strategy_ncdm_decay_dr': 3, 'ncdm_fluid_approximation': 3, 'maximum_q_ncdm_decay_dr': 15.0, 'background_method': 0, 'evolver': 1, 'N_momentum_bins_ncdm_decay_dr': 7, 'l_max_ncdm': 13, 'l_max_dr': 13, 'l_max_dr_col': 13, 'omega_b': 0.023285018, 'omega_cdm': 0.1917883, 'Neff_ini_dncdm': 0.8818996, 'log10lifetime_ncdm_decay_dr': 2.004696, 'm_ncdm_decay_dr': 65.90775, 'H0': 43.75014, 'ln10^{10}A_s': 3.085675, 'n_s': 0.9244216, 'tau_reio': 0.07866154, 'P_k_max_1/Mpc': 1.0}
skipping to the next model...
[CHILD][Parent Rank 172] | The following model took too long to complete: 
params: {'lensing': 'yes', 'output': 'tCl,lCl,pCl,mPk', 'l_max_scalars': 2508, 'k_pivot': 0.05, 'N_ur': 2.0328, 'N_ncdm': 1, 'm_ncdm': 0.06, 'T_ncdm': 0.71611, 'N_ncdm_decay_dr': 1, 'quadrature_strategy_ncdm_decay_dr': 3, 'ncdm_fluid_approximation': 3, 'maximum_q_ncdm_decay_dr': 15.0, 'background_method': 0, 'evolver': 1, 'N_momentum_bins_ncdm_decay_dr': 7, 'l_max_ncdm': 13, 'l_max_dr': 13, 'l_max_dr_col': 13, 'omega_b': 0.023365581, 'omega_cdm': 0.1942587, 'Neff_ini_dncdm': 0.9374647, 'log10lifetime_ncdm_decay_dr': 2.003991, 'm_ncdm_decay_dr': 55.08739, 'H0': 42.87637, 'ln10^{10}A_s': 3.095049, 'n_s': 0.9215408, 'tau_reio': 0.08106645, 'P_k_max_1/Mpc': 1.0}

[PARENT][Rank 172] | ERROR: Child process failed during CLASS computation
Model: {'lensing': 'yes', 'output': 'tCl,lCl,pCl,mPk', 'l_max_scalars': 2508, 'k_pivot': 0.05, 'N_ur': 2.0328, 'N_ncdm': 1, 'm_ncdm': 0.06, 'T_ncdm': 0.71611, 'N_ncdm_decay_dr': 1, 'quadrature_strategy_ncdm_decay_dr': 3, 'ncdm_fluid_approximation': 3, 'maximum_q_ncdm_decay_dr': 15.0, 'background_method': 0, 'evolver': 1, 'N_momentum_bins_ncdm_decay_dr': 7, 'l_max_ncdm': 13, 'l_max_dr': 13, 'l_max_dr_col': 13, 'omega_b': 0.02238595, 'omega_cdm': 0.1608325, 'Neff_ini_dncdm': 0.9496888, 'log10lifetime_ncdm_decay_dr': 3.66445, 'm_ncdm_decay_dr': 305.8522, 'H0': 53.67047, 'ln10^{10}A_s': 2.891722, 'n_s': 0.9403087, 'tau_reio': 0.1014559, 'P_k_max_1/Mpc': 1.0}
skipping to the next model...
[CHILD][Parent Rank 215] | The following model took too long to complete: 
params: {'lensing': 'yes', 'output': 'tCl,lCl,pCl,mPk', 'l_max_scalars': 2508, 'k_pivot': 0.05, 'N_ur': 2.0328, 'N_ncdm': 1, 'm_ncdm': 0.06, 'T_ncdm': 0.71611, 'N_ncdm_decay_dr': 1, 'quadrature_strategy_ncdm_decay_dr': 3, 'ncdm_fluid_approximation': 3, 'maximum_q_ncdm_decay_dr': 15.0, 'background_method': 0, 'evolver': 1, 'N_momentum_bins_ncdm_decay_dr': 7, 'l_max_ncdm': 13, 'l_max_dr': 13, 'l_max_dr_col': 13, 'omega_b': 0.023365581, 'omega_cdm': 0.1942587, 'Neff_ini_dncdm': 0.9374647, 'log10lifetime_ncdm_decay_dr': 2.003991, 'm_ncdm_decay_dr': 55.08739, 'H0': 42.87637, 'ln10^{10}A_s': 3.095049, 'n_s': 0.9215408, 'tau_reio': 0.08106645, 'P_k_max_1/Mpc': 1.0}

[PARENT][Rank 215] | ERROR: Child process failed during CLASS computation
Model: {'lensing': 'yes', 'output': 'tCl,lCl,pCl,mPk', 'l_max_scalars': 2508, 'k_pivot': 0.05, 'N_ur': 2.0328, 'N_ncdm': 1, 'm_ncdm': 0.06, 'T_ncdm': 0.71611, 'N_ncdm_decay_dr': 1, 'quadrature_strategy_ncdm_decay_dr': 3, 'ncdm_fluid_approximation': 3, 'maximum_q_ncdm_decay_dr': 15.0, 'background_method': 0, 'evolver': 1, 'N_momentum_bins_ncdm_decay_dr': 7, 'l_max_ncdm': 13, 'l_max_dr': 13, 'l_max_dr_col': 13, 'omega_b': 0.02245505, 'omega_cdm': 0.1603862, 'Neff_ini_dncdm': 0.8787359, 'log10lifetime_ncdm_decay_dr': 3.999874, 'm_ncdm_decay_dr': 269.1736, 'H0': 54.04122, 'ln10^{10}A_s': 2.881592, 'n_s': 0.9434063, 'tau_reio': 0.08597583, 'P_k_max_1/Mpc': 1.0}
skipping to the next model...
[CHILD][Parent Rank 110] | The following model took too long to complete: 
params: {'lensing': 'yes', 'output': 'tCl,lCl,pCl,mPk', 'l_max_scalars': 2508, 'k_pivot': 0.05, 'N_ur': 2.0328, 'N_ncdm': 1, 'm_ncdm': 0.06, 'T_ncdm': 0.71611, 'N_ncdm_decay_dr': 1, 'quadrature_strategy_ncdm_decay_dr': 3, 'ncdm_fluid_approximation': 3, 'maximum_q_ncdm_decay_dr': 15.0, 'background_method': 0, 'evolver': 1, 'N_momentum_bins_ncdm_decay_dr': 7, 'l_max_ncdm': 13, 'l_max_dr': 13, 'l_max_dr_col': 13, 'omega_b': 0.023483459, 'omega_cdm': 0.1958348, 'Neff_ini_dncdm': 0.9581979, 'log10lifetime_ncdm_decay_dr': 2.004582, 'm_ncdm_decay_dr': 51.65689, 'H0': 42.47493, 'ln10^{10}A_s': 3.100385, 'n_s': 0.9232402, 'tau_reio': 0.08348794, 'P_k_max_1/Mpc': 1.0}

[PARENT][Rank 110] | ERROR: Child process failed during CLASS computation
Model: {'lensing': 'yes', 'output': 'tCl,lCl,pCl,mPk', 'l_max_scalars': 2508, 'k_pivot': 0.05, 'N_ur': 2.0328, 'N_ncdm': 1, 'm_ncdm': 0.06, 'T_ncdm': 0.71611, 'N_ncdm_decay_dr': 1, 'quadrature_strategy_ncdm_decay_dr': 3, 'ncdm_fluid_approximation': 3, 'maximum_q_ncdm_decay_dr': 15.0, 'background_method': 0, 'evolver': 1, 'N_momentum_bins_ncdm_decay_dr': 7, 'l_max_ncdm': 13, 'l_max_dr': 13, 'l_max_dr_col': 13, 'omega_b': 0.02293395, 'omega_cdm': 0.186489, 'Neff_ini_dncdm': 0.9140519, 'log10lifetime_ncdm_decay_dr': 2.000377, 'm_ncdm_decay_dr': 73.20366, 'H0': 45.30067, 'ln10^{10}A_s': 3.081956, 'n_s': 0.9332279, 'tau_reio': 0.08327396, 'P_k_max_1/Mpc': 1.0}
skipping to the next model...
[PARENT][Rank 480] | ERROR: Timeout while waiting for response from child process after CLASS computations. Child may be unresponsive.

[CHILD][Parent Rank 50] | The following model took too long to complete: 
params: {'lensing': 'yes', 'output': 'tCl,lCl,pCl,mPk', 'l_max_scalars': 2508, 'k_pivot': 0.05, 'N_ur': 2.0328, 'N_ncdm': 1, 'm_ncdm': 0.06, 'T_ncdm': 0.71611, 'N_ncdm_decay_dr': 1, 'quadrature_strategy_ncdm_decay_dr': 3, 'ncdm_fluid_approximation': 3, 'maximum_q_ncdm_decay_dr': 15.0, 'background_method': 0, 'evolver': 1, 'N_momentum_bins_ncdm_decay_dr': 7, 'l_max_ncdm': 13, 'l_max_dr': 13, 'l_max_dr_col': 13, 'omega_b': 0.023478998, 'omega_cdm': 0.1918154, 'Neff_ini_dncdm': 0.9281433, 'log10lifetime_ncdm_decay_dr': 2.00267, 'm_ncdm_decay_dr': 65.69745, 'H0': 43.92909, 'ln10^{10}A_s': 3.094111, 'n_s': 0.9281827, 'tau_reio': 0.08305524, 'P_k_max_1/Mpc': 1.0}

[PARENT][Rank 50] | ERROR: Child process failed during CLASS computation
Model: {'lensing': 'yes', 'output': 'tCl,lCl,pCl,mPk', 'l_max_scalars': 2508, 'k_pivot': 0.05, 'N_ur': 2.0328, 'N_ncdm': 1, 'm_ncdm': 0.06, 'T_ncdm': 0.71611, 'N_ncdm_decay_dr': 1, 'quadrature_strategy_ncdm_decay_dr': 3, 'ncdm_fluid_approximation': 3, 'maximum_q_ncdm_decay_dr': 15.0, 'background_method': 0, 'evolver': 1, 'N_momentum_bins_ncdm_decay_dr': 7, 'l_max_ncdm': 13, 'l_max_dr': 13, 'l_max_dr_col': 13, 'omega_b': 0.022965541, 'omega_cdm': 0.1550324, 'Neff_ini_dncdm': 1.341549, 'log10lifetime_ncdm_decay_dr': 3.584321, 'm_ncdm_decay_dr': 317.9913, 'H0': 55.96325, 'ln10^{10}A_s': 2.888791, 'n_s': 0.9596102, 'tau_reio': 0.1091693, 'P_k_max_1/Mpc': 1.0}
skipping to the next model...
[CHILD][Parent Rank 109] | ERROR: Timeout while waiting for message.
Exiting safely.
[CHILD][Parent Rank 206] | The following model took too long to complete: 
params: {'lensing': 'yes', 'output': 'tCl,lCl,pCl,mPk', 'l_max_scalars': 2508, 'k_pivot': 0.05, 'N_ur': 2.0328, 'N_ncdm': 1, 'm_ncdm': 0.06, 'T_ncdm': 0.71611, 'N_ncdm_decay_dr': 1, 'quadrature_strategy_ncdm_decay_dr': 3, 'ncdm_fluid_approximation': 3, 'maximum_q_ncdm_decay_dr': 15.0, 'background_method': 0, 'evolver': 1, 'N_momentum_bins_ncdm_decay_dr': 7, 'l_max_ncdm': 13, 'l_max_dr': 13, 'l_max_dr_col': 13, 'omega_b': 0.023285018, 'omega_cdm': 0.1917883, 'Neff_ini_dncdm': 0.8818996, 'log10lifetime_ncdm_decay_dr': 2.004696, 'm_ncdm_decay_dr': 65.90775, 'H0': 43.75014, 'ln10^{10}A_s': 3.085675, 'n_s': 0.9244216, 'tau_reio': 0.07866154, 'P_k_max_1/Mpc': 1.0}

[PARENT][Rank 206] | ERROR: Child process failed during CLASS computation
Model: {'lensing': 'yes', 'output': 'tCl,lCl,pCl,mPk', 'l_max_scalars': 2508, 'k_pivot': 0.05, 'N_ur': 2.0328, 'N_ncdm': 1, 'm_ncdm': 0.06, 'T_ncdm': 0.71611, 'N_ncdm_decay_dr': 1, 'quadrature_strategy_ncdm_decay_dr': 3, 'ncdm_fluid_approximation': 3, 'maximum_q_ncdm_decay_dr': 15.0, 'background_method': 0, 'evolver': 1, 'N_momentum_bins_ncdm_decay_dr': 7, 'l_max_ncdm': 13, 'l_max_dr': 13, 'l_max_dr_col': 13, 'omega_b': 0.023285018, 'omega_cdm': 0.1917883, 'Neff_ini_dncdm': 0.8818996, 'log10lifetime_ncdm_decay_dr': 2.004696, 'm_ncdm_decay_dr': 65.90775, 'H0': 43.75014, 'ln10^{10}A_s': 3.085675, 'n_s': 0.9244216, 'tau_reio': 0.07866154, 'P_k_max_1/Mpc': 1.0}
skipping to the next model...
[PARENT][Rank 107] | ERROR: Timeout while waiting for PONG response from child process. Child may be unresponsive.
Respawning child process...
[PARENT][Rank 107] | WARNING: Child process died or is unresponsive. Respawning...
[CHILD][Parent Rank 218] | The following model took too long to complete: 
params: {'lensing': 'yes', 'output': 'tCl,lCl,pCl,mPk', 'l_max_scalars': 2508, 'k_pivot': 0.05, 'N_ur': 2.0328, 'N_ncdm': 1, 'm_ncdm': 0.06, 'T_ncdm': 0.71611, 'N_ncdm_decay_dr': 1, 'quadrature_strategy_ncdm_decay_dr': 3, 'ncdm_fluid_approximation': 3, 'maximum_q_ncdm_decay_dr': 15.0, 'background_method': 0, 'evolver': 1, 'N_momentum_bins_ncdm_decay_dr': 7, 'l_max_ncdm': 13, 'l_max_dr': 13, 'l_max_dr_col': 13, 'omega_b': 0.023478998, 'omega_cdm': 0.1918154, 'Neff_ini_dncdm': 0.9281433, 'log10lifetime_ncdm_decay_dr': 2.00267, 'm_ncdm_decay_dr': 65.69745, 'H0': 43.92909, 'ln10^{10}A_s': 3.094111, 'n_s': 0.9281827, 'tau_reio': 0.08305524, 'P_k_max_1/Mpc': 1.0}

[PARENT][Rank 218] | ERROR: Child process failed during CLASS computation
Model: {'lensing': 'yes', 'output': 'tCl,lCl,pCl,mPk', 'l_max_scalars': 2508, 'k_pivot': 0.05, 'N_ur': 2.0328, 'N_ncdm': 1, 'm_ncdm': 0.06, 'T_ncdm': 0.71611, 'N_ncdm_decay_dr': 1, 'quadrature_strategy_ncdm_decay_dr': 3, 'ncdm_fluid_approximation': 3, 'maximum_q_ncdm_decay_dr': 15.0, 'background_method': 0, 'evolver': 1, 'N_momentum_bins_ncdm_decay_dr': 7, 'l_max_ncdm': 13, 'l_max_dr': 13, 'l_max_dr_col': 13, 'omega_b': 0.02306326, 'omega_cdm': 0.1547341, 'Neff_ini_dncdm': 1.331135, 'log10lifetime_ncdm_decay_dr': 3.597192, 'm_ncdm_decay_dr': 314.565, 'H0': 56.17033, 'ln10^{10}A_s': 2.899228, 'n_s': 0.9642806, 'tau_reio': 0.1150339, 'P_k_max_1/Mpc': 1.0}
skipping to the next model...
[PARENT][Rank 107] | [INFO] Successfully respawned child process.
[CHILD][Parent Rank 110] | ERROR: Timeout while waiting for message.
Exiting safely.
[PARENT][Rank 113] | ERROR: Failed to send or receive data to/from child process. Child process may have crashed.Possibly due to out-of-memory or other critical error during CLASS computation    .
Model: {'lensing': 'yes', 'output': 'tCl,lCl,pCl,mPk', 'l_max_scalars': 2508, 'k_pivot': 0.05, 'N_ur': 2.0328, 'N_ncdm': 1, 'm_ncdm': 0.06, 'T_ncdm': 0.71611, 'N_ncdm_decay_dr': 1, 'quadrature_strategy_ncdm_decay_dr': 3, 'ncdm_fluid_approximation': 3, 'maximum_q_ncdm_decay_dr': 15.0, 'background_method': 0, 'evolver': 1, 'N_momentum_bins_ncdm_decay_dr': 7, 'l_max_ncdm': 13, 'l_max_dr': 13, 'l_max_dr_col': 13, 'omega_b': 0.023285018, 'omega_cdm': 0.1917883, 'Neff_ini_dncdm': 0.8818996, 'log10lifetime_ncdm_decay_dr': 2.004696, 'm_ncdm_decay_dr': 65.90775, 'H0': 43.75014, 'ln10^{10}A_s': 3.085675, 'n_s': 0.9244216, 'tau_reio': 0.07866154, 'P_k_max_1/Mpc': 1.0}
skipping to the next model...
[PARENT][Rank 113] | Exception: TimeoutError('Timeout while waiting for child to respond.')
[PARENT][Rank 397] | ERROR: Failed to send or receive data to/from child process. Child process may have crashed.Possibly due to out-of-memory or other critical error during CLASS computation    .
Model: {'lensing': 'yes', 'output': 'tCl,lCl,pCl,mPk', 'l_max_scalars': 2508, 'k_pivot': 0.05, 'N_ur': 2.0328, 'N_ncdm': 1, 'm_ncdm': 0.06, 'T_ncdm': 0.71611, 'N_ncdm_decay_dr': 1, 'quadrature_strategy_ncdm_decay_dr': 3, 'ncdm_fluid_approximation': 3, 'maximum_q_ncdm_decay_dr': 15.0, 'background_method': 0, 'evolver': 1, 'N_momentum_bins_ncdm_decay_dr': 7, 'l_max_ncdm': 13, 'l_max_dr': 13, 'l_max_dr_col': 13, 'omega_b': 0.023285018, 'omega_cdm': 0.1917883, 'Neff_ini_dncdm': 0.8818996, 'log10lifetime_ncdm_decay_dr': 2.004696, 'm_ncdm_decay_dr': 65.90775, 'H0': 43.75014, 'ln10^{10}A_s': 3.085675, 'n_s': 0.9244216, 'tau_reio': 0.07866154, 'P_k_max_1/Mpc': 1.0}
skipping to the next model...
[PARENT][Rank 397] | Exception: TimeoutError('Timeout while waiting for child to respond.')
[CHILD][Parent Rank 56] | The following model took too long to complete: 
params: {'lensing': 'yes', 'output': 'tCl,lCl,pCl,mPk', 'l_max_scalars': 2508, 'k_pivot': 0.05, 'N_ur': 2.0328, 'N_ncdm': 1, 'm_ncdm': 0.06, 'T_ncdm': 0.71611, 'N_ncdm_decay_dr': 1, 'quadrature_strategy_ncdm_decay_dr': 3, 'ncdm_fluid_approximation': 3, 'maximum_q_ncdm_decay_dr': 15.0, 'background_method': 0, 'evolver': 1, 'N_momentum_bins_ncdm_decay_dr': 7, 'l_max_ncdm': 13, 'l_max_dr': 13, 'l_max_dr_col': 13, 'omega_b': 0.02313906, 'omega_cdm': 0.1858684, 'Neff_ini_dncdm': 0.9259543, 'log10lifetime_ncdm_decay_dr': 2.003303, 'm_ncdm_decay_dr': 80.6493, 'H0': 45.87724, 'ln10^{10}A_s': 3.082037, 'n_s': 0.9360689, 'tau_reio': 0.08349602, 'P_k_max_1/Mpc': 1.0}

[PARENT][Rank 56] | ERROR: Child process failed during CLASS computation
Model: {'lensing': 'yes', 'output': 'tCl,lCl,pCl,mPk', 'l_max_scalars': 2508, 'k_pivot': 0.05, 'N_ur': 2.0328, 'N_ncdm': 1, 'm_ncdm': 0.06, 'T_ncdm': 0.71611, 'N_ncdm_decay_dr': 1, 'quadrature_strategy_ncdm_decay_dr': 3, 'ncdm_fluid_approximation': 3, 'maximum_q_ncdm_decay_dr': 15.0, 'background_method': 0, 'evolver': 1, 'N_momentum_bins_ncdm_decay_dr': 7, 'l_max_ncdm': 13, 'l_max_dr': 13, 'l_max_dr_col': 13, 'omega_b': 0.02313906, 'omega_cdm': 0.1858684, 'Neff_ini_dncdm': 0.9259543, 'log10lifetime_ncdm_decay_dr': 2.003303, 'm_ncdm_decay_dr': 80.6493, 'H0': 45.87724, 'ln10^{10}A_s': 3.082037, 'n_s': 0.9360689, 'tau_reio': 0.08349602, 'P_k_max_1/Mpc': 1.0}
skipping to the next model...
[CHILD][Parent Rank 397] | The following model took too long to complete: 
params: {'lensing': 'yes', 'output': 'tCl,lCl,pCl,mPk', 'l_max_scalars': 2508, 'k_pivot': 0.05, 'N_ur': 2.0328, 'N_ncdm': 1, 'm_ncdm': 0.06, 'T_ncdm': 0.71611, 'N_ncdm_decay_dr': 1, 'quadrature_strategy_ncdm_decay_dr': 3, 'ncdm_fluid_approximation': 3, 'maximum_q_ncdm_decay_dr': 15.0, 'background_method': 0, 'evolver': 1, 'N_momentum_bins_ncdm_decay_dr': 7, 'l_max_ncdm': 13, 'l_max_dr': 13, 'l_max_dr_col': 13, 'omega_b': 0.023285018, 'omega_cdm': 0.1917883, 'Neff_ini_dncdm': 0.8818996, 'log10lifetime_ncdm_decay_dr': 2.004696, 'm_ncdm_decay_dr': 65.90775, 'H0': 43.75014, 'ln10^{10}A_s': 3.085675, 'n_s': 0.9244216, 'tau_reio': 0.07866154, 'P_k_max_1/Mpc': 1.0}

[PARENT][Rank 397] | ERROR: Child process failed during CLASS computation
Model: {'lensing': 'yes', 'output': 'tCl,lCl,pCl,mPk', 'l_max_scalars': 2508, 'k_pivot': 0.05, 'N_ur': 2.0328, 'N_ncdm': 1, 'm_ncdm': 0.06, 'T_ncdm': 0.71611, 'N_ncdm_decay_dr': 1, 'quadrature_strategy_ncdm_decay_dr': 3, 'ncdm_fluid_approximation': 3, 'maximum_q_ncdm_decay_dr': 15.0, 'background_method': 0, 'evolver': 1, 'N_momentum_bins_ncdm_decay_dr': 7, 'l_max_ncdm': 13, 'l_max_dr': 13, 'l_max_dr_col': 13, 'omega_b': 0.022869589, 'omega_cdm': 0.1581634, 'Neff_ini_dncdm': 1.404801, 'log10lifetime_ncdm_decay_dr': 3.921439, 'm_ncdm_decay_dr': 312.6078, 'H0': 54.36931, 'ln10^{10}A_s': 2.977198, 'n_s': 0.941547, 'tau_reio': 0.161276, 'P_k_max_1/Mpc': 1.0}
skipping to the next model...
[PARENT][Rank 483] | ERROR: Timeout while waiting for response from child process after CLASS computations. Child may be unresponsive.

[CHILD][Parent Rank 61] | The following model took too long to complete: 
params: {'lensing': 'yes', 'output': 'tCl,lCl,pCl,mPk', 'l_max_scalars': 2508, 'k_pivot': 0.05, 'N_ur': 2.0328, 'N_ncdm': 1, 'm_ncdm': 0.06, 'T_ncdm': 0.71611, 'N_ncdm_decay_dr': 1, 'quadrature_strategy_ncdm_decay_dr': 3, 'ncdm_fluid_approximation': 3, 'maximum_q_ncdm_decay_dr': 15.0, 'background_method': 0, 'evolver': 1, 'N_momentum_bins_ncdm_decay_dr': 7, 'l_max_ncdm': 13, 'l_max_dr': 13, 'l_max_dr_col': 13, 'omega_b': 0.02313906, 'omega_cdm': 0.1858684, 'Neff_ini_dncdm': 0.9259543, 'log10lifetime_ncdm_decay_dr': 2.003303, 'm_ncdm_decay_dr': 80.6493, 'H0': 45.87724, 'ln10^{10}A_s': 3.082037, 'n_s': 0.9360689, 'tau_reio': 0.08349602, 'P_k_max_1/Mpc': 1.0}

[PARENT][Rank 61] | ERROR: Child process failed during CLASS computation
Model: {'lensing': 'yes', 'output': 'tCl,lCl,pCl,mPk', 'l_max_scalars': 2508, 'k_pivot': 0.05, 'N_ur': 2.0328, 'N_ncdm': 1, 'm_ncdm': 0.06, 'T_ncdm': 0.71611, 'N_ncdm_decay_dr': 1, 'quadrature_strategy_ncdm_decay_dr': 3, 'ncdm_fluid_approximation': 3, 'maximum_q_ncdm_decay_dr': 15.0, 'background_method': 0, 'evolver': 1, 'N_momentum_bins_ncdm_decay_dr': 7, 'l_max_ncdm': 13, 'l_max_dr': 13, 'l_max_dr_col': 13, 'omega_b': 0.02313906, 'omega_cdm': 0.1858684, 'Neff_ini_dncdm': 0.9259543, 'log10lifetime_ncdm_decay_dr': 2.003303, 'm_ncdm_decay_dr': 80.6493, 'H0': 45.87724, 'ln10^{10}A_s': 3.082037, 'n_s': 0.9360689, 'tau_reio': 0.08349602, 'P_k_max_1/Mpc': 1.0}
skipping to the next model...
[CHILD][Parent Rank 118] | The following model took too long to complete: 
params: {'lensing': 'yes', 'output': 'tCl,lCl,pCl,mPk', 'l_max_scalars': 2508, 'k_pivot': 0.05, 'N_ur': 2.0328, 'N_ncdm': 1, 'm_ncdm': 0.06, 'T_ncdm': 0.71611, 'N_ncdm_decay_dr': 1, 'quadrature_strategy_ncdm_decay_dr': 3, 'ncdm_fluid_approximation': 3, 'maximum_q_ncdm_decay_dr': 15.0, 'background_method': 0, 'evolver': 1, 'N_momentum_bins_ncdm_decay_dr': 7, 'l_max_ncdm': 13, 'l_max_dr': 13, 'l_max_dr_col': 13, 'omega_b': 0.02347767, 'omega_cdm': 0.195381, 'Neff_ini_dncdm': 0.9238958, 'log10lifetime_ncdm_decay_dr': 2.141467, 'm_ncdm_decay_dr': 60.61794, 'H0': 42.55077, 'ln10^{10}A_s': 3.087111, 'n_s': 0.9209313, 'tau_reio': 0.07651744, 'P_k_max_1/Mpc': 1.0}

[PARENT][Rank 118] | ERROR: Child process failed during CLASS computation
Model: {'lensing': 'yes', 'output': 'tCl,lCl,pCl,mPk', 'l_max_scalars': 2508, 'k_pivot': 0.05, 'N_ur': 2.0328, 'N_ncdm': 1, 'm_ncdm': 0.06, 'T_ncdm': 0.71611, 'N_ncdm_decay_dr': 1, 'quadrature_strategy_ncdm_decay_dr': 3, 'ncdm_fluid_approximation': 3, 'maximum_q_ncdm_decay_dr': 15.0, 'background_method': 0, 'evolver': 1, 'N_momentum_bins_ncdm_decay_dr': 7, 'l_max_ncdm': 13, 'l_max_dr': 13, 'l_max_dr_col': 13, 'omega_b': 0.022789061, 'omega_cdm': 0.1600476, 'Neff_ini_dncdm': 0.5605762, 'log10lifetime_ncdm_decay_dr': 3.551974, 'm_ncdm_decay_dr': 263.4756, 'H0': 54.3698, 'ln10^{10}A_s': 2.899941, 'n_s': 0.9433341, 'tau_reio': 0.0732017, 'P_k_max_1/Mpc': 1.0}
skipping to the next model...
[PARENT][Rank 168] | ERROR: Unexpected error during PING-PONG check: TimeoutError('Timeout while waiting for child to respond.')Attemping to respawn child process...
[PARENT][Rank 168] | WARNING: Child process died or is unresponsive. Respawning...
[PARENT][Rank 171] | ERROR: Unexpected error during PING-PONG check: TimeoutError('Timeout while waiting for child to respond.')Attemping to respawn child process...
[PARENT][Rank 171] | WARNING: Child process died or is unresponsive. Respawning...
[PARENT][Rank 174] | ERROR: Unexpected error during PING-PONG check: TimeoutError('Timeout while waiting for child to respond.')Attemping to respawn child process...
[PARENT][Rank 174] | WARNING: Child process died or is unresponsive. Respawning...
[PARENT][Rank 174] | [INFO] Successfully respawned child process.
[PARENT][Rank 168] | [INFO] Successfully respawned child process.
[CHILD][Parent Rank 480] | The following model took too long to complete: 
params: {'lensing': 'yes', 'output': 'tCl,lCl,pCl,mPk', 'l_max_scalars': 2508, 'k_pivot': 0.05, 'N_ur': 2.0328, 'N_ncdm': 1, 'm_ncdm': 0.06, 'T_ncdm': 0.71611, 'N_ncdm_decay_dr': 1, 'quadrature_strategy_ncdm_decay_dr': 3, 'ncdm_fluid_approximation': 3, 'maximum_q_ncdm_decay_dr': 15.0, 'background_method': 0, 'evolver': 1, 'N_momentum_bins_ncdm_decay_dr': 7, 'l_max_ncdm': 13, 'l_max_dr': 13, 'l_max_dr_col': 13, 'omega_b': 0.023285018, 'omega_cdm': 0.1917883, 'Neff_ini_dncdm': 0.8818996, 'log10lifetime_ncdm_decay_dr': 2.004696, 'm_ncdm_decay_dr': 65.90775, 'H0': 43.75014, 'ln10^{10}A_s': 3.085675, 'n_s': 0.9244216, 'tau_reio': 0.07866154, 'P_k_max_1/Mpc': 1.0}

[PARENT][Rank 171] | [INFO] Successfully respawned child process.
[PARENT][Rank 480] | ERROR: Child process failed during CLASS computation
Model: {'lensing': 'yes', 'output': 'tCl,lCl,pCl,mPk', 'l_max_scalars': 2508, 'k_pivot': 0.05, 'N_ur': 2.0328, 'N_ncdm': 1, 'm_ncdm': 0.06, 'T_ncdm': 0.71611, 'N_ncdm_decay_dr': 1, 'quadrature_strategy_ncdm_decay_dr': 3, 'ncdm_fluid_approximation': 3, 'maximum_q_ncdm_decay_dr': 15.0, 'background_method': 0, 'evolver': 1, 'N_momentum_bins_ncdm_decay_dr': 7, 'l_max_ncdm': 13, 'l_max_dr': 13, 'l_max_dr_col': 13, 'omega_b': 0.022335568, 'omega_cdm': 0.1627398, 'Neff_ini_dncdm': 1.464799, 'log10lifetime_ncdm_decay_dr': 3.661923, 'm_ncdm_decay_dr': 302.6134, 'H0': 52.43947, 'ln10^{10}A_s': 2.947836, 'n_s': 0.9490512, 'tau_reio': 0.1305073, 'P_k_max_1/Mpc': 1.0}
skipping to the next model...
[CHILD][Parent Rank 487] | ERROR: Timeout while waiting for message.
Exiting safely.
[PARENT][Rank 49] | ERROR: Failed to send or receive data to/from child process. Child process may have crashed.Possibly due to out-of-memory or other critical error during CLASS computation    .
Model: {'lensing': 'yes', 'output': 'tCl,lCl,pCl,mPk', 'l_max_scalars': 2508, 'k_pivot': 0.05, 'N_ur': 2.0328, 'N_ncdm': 1, 'm_ncdm': 0.06, 'T_ncdm': 0.71611, 'N_ncdm_decay_dr': 1, 'quadrature_strategy_ncdm_decay_dr': 3, 'ncdm_fluid_approximation': 3, 'maximum_q_ncdm_decay_dr': 15.0, 'background_method': 0, 'evolver': 1, 'N_momentum_bins_ncdm_decay_dr': 7, 'l_max_ncdm': 13, 'l_max_dr': 13, 'l_max_dr_col': 13, 'omega_b': 0.02313906, 'omega_cdm': 0.1858684, 'Neff_ini_dncdm': 0.9259543, 'log10lifetime_ncdm_decay_dr': 2.003303, 'm_ncdm_decay_dr': 80.6493, 'H0': 45.87724, 'ln10^{10}A_s': 3.082037, 'n_s': 0.9360689, 'tau_reio': 0.08349602, 'P_k_max_1/Mpc': 1.0}
skipping to the next model...
[PARENT][Rank 49] | Exception: TimeoutError('Timeout while waiting for child to respond.')
[CHILD][Parent Rank 49] | The following model took too long to complete: 
params: {'lensing': 'yes', 'output': 'tCl,lCl,pCl,mPk', 'l_max_scalars': 2508, 'k_pivot': 0.05, 'N_ur': 2.0328, 'N_ncdm': 1, 'm_ncdm': 0.06, 'T_ncdm': 0.71611, 'N_ncdm_decay_dr': 1, 'quadrature_strategy_ncdm_decay_dr': 3, 'ncdm_fluid_approximation': 3, 'maximum_q_ncdm_decay_dr': 15.0, 'background_method': 0, 'evolver': 1, 'N_momentum_bins_ncdm_decay_dr': 7, 'l_max_ncdm': 13, 'l_max_dr': 13, 'l_max_dr_col': 13, 'omega_b': 0.02313906, 'omega_cdm': 0.1858684, 'Neff_ini_dncdm': 0.9259543, 'log10lifetime_ncdm_decay_dr': 2.003303, 'm_ncdm_decay_dr': 80.6493, 'H0': 45.87724, 'ln10^{10}A_s': 3.082037, 'n_s': 0.9360689, 'tau_reio': 0.08349602, 'P_k_max_1/Mpc': 1.0}

[CHILD][Parent Rank 52] | The following model took too long to complete: 
params: {'lensing': 'yes', 'output': 'tCl,lCl,pCl,mPk', 'l_max_scalars': 2508, 'k_pivot': 0.05, 'N_ur': 2.0328, 'N_ncdm': 1, 'm_ncdm': 0.06, 'T_ncdm': 0.71611, 'N_ncdm_decay_dr': 1, 'quadrature_strategy_ncdm_decay_dr': 3, 'ncdm_fluid_approximation': 3, 'maximum_q_ncdm_decay_dr': 15.0, 'background_method': 0, 'evolver': 1, 'N_momentum_bins_ncdm_decay_dr': 7, 'l_max_ncdm': 13, 'l_max_dr': 13, 'l_max_dr_col': 13, 'omega_b': 0.02313906, 'omega_cdm': 0.1858684, 'Neff_ini_dncdm': 0.9259543, 'log10lifetime_ncdm_decay_dr': 2.003303, 'm_ncdm_decay_dr': 80.6493, 'H0': 45.87724, 'ln10^{10}A_s': 3.082037, 'n_s': 0.9360689, 'tau_reio': 0.08349602, 'P_k_max_1/Mpc': 1.0}

[PARENT][Rank 52] | ERROR: Child process failed during CLASS computation
Model: {'lensing': 'yes', 'output': 'tCl,lCl,pCl,mPk', 'l_max_scalars': 2508, 'k_pivot': 0.05, 'N_ur': 2.0328, 'N_ncdm': 1, 'm_ncdm': 0.06, 'T_ncdm': 0.71611, 'N_ncdm_decay_dr': 1, 'quadrature_strategy_ncdm_decay_dr': 3, 'ncdm_fluid_approximation': 3, 'maximum_q_ncdm_decay_dr': 15.0, 'background_method': 0, 'evolver': 1, 'N_momentum_bins_ncdm_decay_dr': 7, 'l_max_ncdm': 13, 'l_max_dr': 13, 'l_max_dr_col': 13, 'omega_b': 0.02313906, 'omega_cdm': 0.1858684, 'Neff_ini_dncdm': 0.9259543, 'log10lifetime_ncdm_decay_dr': 2.003303, 'm_ncdm_decay_dr': 80.6493, 'H0': 45.87724, 'ln10^{10}A_s': 3.082037, 'n_s': 0.9360689, 'tau_reio': 0.08349602, 'P_k_max_1/Mpc': 1.0}
skipping to the next model...
[CHILD][Parent Rank 128] | The following model took too long to complete: 
params: {'lensing': 'yes', 'output': 'tCl,lCl,pCl,mPk', 'l_max_scalars': 2508, 'k_pivot': 0.05, 'N_ur': 2.0328, 'N_ncdm': 1, 'm_ncdm': 0.06, 'T_ncdm': 0.71611, 'N_ncdm_decay_dr': 1, 'quadrature_strategy_ncdm_decay_dr': 3, 'ncdm_fluid_approximation': 3, 'maximum_q_ncdm_decay_dr': 15.0, 'background_method': 0, 'evolver': 1, 'N_momentum_bins_ncdm_decay_dr': 7, 'l_max_ncdm': 13, 'l_max_dr': 13, 'l_max_dr_col': 13, 'omega_b': 0.02313906, 'omega_cdm': 0.1858684, 'Neff_ini_dncdm': 0.9259543, 'log10lifetime_ncdm_decay_dr': 2.003303, 'm_ncdm_decay_dr': 80.6493, 'H0': 45.87724, 'ln10^{10}A_s': 3.082037, 'n_s': 0.9360689, 'tau_reio': 0.08349602, 'P_k_max_1/Mpc': 1.0}

[PARENT][Rank 128] | ERROR: Child process failed during CLASS computation
Model: {'lensing': 'yes', 'output': 'tCl,lCl,pCl,mPk', 'l_max_scalars': 2508, 'k_pivot': 0.05, 'N_ur': 2.0328, 'N_ncdm': 1, 'm_ncdm': 0.06, 'T_ncdm': 0.71611, 'N_ncdm_decay_dr': 1, 'quadrature_strategy_ncdm_decay_dr': 3, 'ncdm_fluid_approximation': 3, 'maximum_q_ncdm_decay_dr': 15.0, 'background_method': 0, 'evolver': 1, 'N_momentum_bins_ncdm_decay_dr': 7, 'l_max_ncdm': 13, 'l_max_dr': 13, 'l_max_dr_col': 13, 'omega_b': 0.02313906, 'omega_cdm': 0.1858684, 'Neff_ini_dncdm': 0.9259543, 'log10lifetime_ncdm_decay_dr': 2.003303, 'm_ncdm_decay_dr': 80.6493, 'H0': 45.87724, 'ln10^{10}A_s': 3.082037, 'n_s': 0.9360689, 'tau_reio': 0.08349602, 'P_k_max_1/Mpc': 1.0}
skipping to the next model...
[PARENT][Rank 116] | ERROR: Timeout while waiting for response from child process after CLASS computations. Child may be unresponsive.

[CHILD][Parent Rank 174] | The following model took too long to complete: 
params: {'lensing': 'yes', 'output': 'tCl,lCl,pCl,mPk', 'l_max_scalars': 2508, 'k_pivot': 0.05, 'N_ur': 2.0328, 'N_ncdm': 1, 'm_ncdm': 0.06, 'T_ncdm': 0.71611, 'N_ncdm_decay_dr': 1, 'quadrature_strategy_ncdm_decay_dr': 3, 'ncdm_fluid_approximation': 3, 'maximum_q_ncdm_decay_dr': 15.0, 'background_method': 0, 'evolver': 1, 'N_momentum_bins_ncdm_decay_dr': 7, 'l_max_ncdm': 13, 'l_max_dr': 13, 'l_max_dr_col': 13, 'omega_b': 0.02344244, 'omega_cdm': 0.1940762, 'Neff_ini_dncdm': 0.8393785, 'log10lifetime_ncdm_decay_dr': 2.000419, 'm_ncdm_decay_dr': 62.26554, 'H0': 42.92763, 'ln10^{10}A_s': 3.085358, 'n_s': 0.9232532, 'tau_reio': 0.07793588, 'P_k_max_1/Mpc': 1.0}

[PARENT][Rank 174] | ERROR: Child process failed during CLASS computation
Model: {'lensing': 'yes', 'output': 'tCl,lCl,pCl,mPk', 'l_max_scalars': 2508, 'k_pivot': 0.05, 'N_ur': 2.0328, 'N_ncdm': 1, 'm_ncdm': 0.06, 'T_ncdm': 0.71611, 'N_ncdm_decay_dr': 1, 'quadrature_strategy_ncdm_decay_dr': 3, 'ncdm_fluid_approximation': 3, 'maximum_q_ncdm_decay_dr': 15.0, 'background_method': 0, 'evolver': 1, 'N_momentum_bins_ncdm_decay_dr': 7, 'l_max_ncdm': 13, 'l_max_dr': 13, 'l_max_dr_col': 13, 'omega_b': 0.02322853, 'omega_cdm': 0.1619449, 'Neff_ini_dncdm': 0.5715309, 'log10lifetime_ncdm_decay_dr': 2.173149, 'm_ncdm_decay_dr': 181.6301, 'H0': 54.64454, 'ln10^{10}A_s': 3.0112, 'n_s': 0.9641449, 'tau_reio': 0.07259975, 'P_k_max_1/Mpc': 1.0}
skipping to the next model...
[PARENT][Rank 49] | ERROR: Child process failed during CLASS computation
Model: {'lensing': 'yes', 'output': 'tCl,lCl,pCl,mPk', 'l_max_scalars': 2508, 'k_pivot': 0.05, 'N_ur': 2.0328, 'N_ncdm': 1, 'm_ncdm': 0.06, 'T_ncdm': 0.71611, 'N_ncdm_decay_dr': 1, 'quadrature_strategy_ncdm_decay_dr': 3, 'ncdm_fluid_approximation': 3, 'maximum_q_ncdm_decay_dr': 15.0, 'background_method': 0, 'evolver': 1, 'N_momentum_bins_ncdm_decay_dr': 7, 'l_max_ncdm': 13, 'l_max_dr': 13, 'l_max_dr_col': 13, 'omega_b': 0.022359239, 'omega_cdm': 0.1672077, 'Neff_ini_dncdm': 1.34479, 'log10lifetime_ncdm_decay_dr': 3.938699, 'm_ncdm_decay_dr': 338.5444, 'H0': 51.09395, 'ln10^{10}A_s': 3.028799, 'n_s': 0.9281595, 'tau_reio': 0.1744176, 'P_k_max_1/Mpc': 1.0}
skipping to the next model...
[CHILD][Parent Rank 171] | The following model took too long to complete: 
params: {'lensing': 'yes', 'output': 'tCl,lCl,pCl,mPk', 'l_max_scalars': 2508, 'k_pivot': 0.05, 'N_ur': 2.0328, 'N_ncdm': 1, 'm_ncdm': 0.06, 'T_ncdm': 0.71611, 'N_ncdm_decay_dr': 1, 'quadrature_strategy_ncdm_decay_dr': 3, 'ncdm_fluid_approximation': 3, 'maximum_q_ncdm_decay_dr': 15.0, 'background_method': 0, 'evolver': 1, 'N_momentum_bins_ncdm_decay_dr': 7, 'l_max_ncdm': 13, 'l_max_dr': 13, 'l_max_dr_col': 13, 'omega_b': 0.02344244, 'omega_cdm': 0.1940762, 'Neff_ini_dncdm': 0.8393785, 'log10lifetime_ncdm_decay_dr': 2.000419, 'm_ncdm_decay_dr': 62.26554, 'H0': 42.92763, 'ln10^{10}A_s': 3.085358, 'n_s': 0.9232532, 'tau_reio': 0.07793588, 'P_k_max_1/Mpc': 1.0}

[CHILD][Parent Rank 483] | The following model took too long to complete: 
params: {'lensing': 'yes', 'output': 'tCl,lCl,pCl,mPk', 'l_max_scalars': 2508, 'k_pivot': 0.05, 'N_ur': 2.0328, 'N_ncdm': 1, 'm_ncdm': 0.06, 'T_ncdm': 0.71611, 'N_ncdm_decay_dr': 1, 'quadrature_strategy_ncdm_decay_dr': 3, 'ncdm_fluid_approximation': 3, 'maximum_q_ncdm_decay_dr': 15.0, 'background_method': 0, 'evolver': 1, 'N_momentum_bins_ncdm_decay_dr': 7, 'l_max_ncdm': 13, 'l_max_dr': 13, 'l_max_dr_col': 13, 'omega_b': 0.0233543, 'omega_cdm': 0.1855618, 'Neff_ini_dncdm': 0.9378801, 'log10lifetime_ncdm_decay_dr': 2.005605, 'm_ncdm_decay_dr': 82.53439, 'H0': 46.23098, 'ln10^{10}A_s': 3.085869, 'n_s': 0.9395162, 'tau_reio': 0.08583966, 'P_k_max_1/Mpc': 1.0}

[PARENT][Rank 171] | ERROR: Child process failed during CLASS computation
Model: {'lensing': 'yes', 'output': 'tCl,lCl,pCl,mPk', 'l_max_scalars': 2508, 'k_pivot': 0.05, 'N_ur': 2.0328, 'N_ncdm': 1, 'm_ncdm': 0.06, 'T_ncdm': 0.71611, 'N_ncdm_decay_dr': 1, 'quadrature_strategy_ncdm_decay_dr': 3, 'ncdm_fluid_approximation': 3, 'maximum_q_ncdm_decay_dr': 15.0, 'background_method': 0, 'evolver': 1, 'N_momentum_bins_ncdm_decay_dr': 7, 'l_max_ncdm': 13, 'l_max_dr': 13, 'l_max_dr_col': 13, 'omega_b': 0.02325717, 'omega_cdm': 0.1628417, 'Neff_ini_dncdm': 0.5376744, 'log10lifetime_ncdm_decay_dr': 2.150553, 'm_ncdm_decay_dr': 183.3431, 'H0': 54.2873, 'ln10^{10}A_s': 3.012003, 'n_s': 0.9614147, 'tau_reio': 0.07074927, 'P_k_max_1/Mpc': 1.0}
skipping to the next model...
[PARENT][Rank 483] | ERROR: Child process failed during CLASS computation
Model: {'lensing': 'yes', 'output': 'tCl,lCl,pCl,mPk', 'l_max_scalars': 2508, 'k_pivot': 0.05, 'N_ur': 2.0328, 'N_ncdm': 1, 'm_ncdm': 0.06, 'T_ncdm': 0.71611, 'N_ncdm_decay_dr': 1, 'quadrature_strategy_ncdm_decay_dr': 3, 'ncdm_fluid_approximation': 3, 'maximum_q_ncdm_decay_dr': 15.0, 'background_method': 0, 'evolver': 1, 'N_momentum_bins_ncdm_decay_dr': 7, 'l_max_ncdm': 13, 'l_max_dr': 13, 'l_max_dr_col': 13, 'omega_b': 0.02273363, 'omega_cdm': 0.1612517, 'Neff_ini_dncdm': 1.42155, 'log10lifetime_ncdm_decay_dr': 3.962382, 'm_ncdm_decay_dr': 351.2878, 'H0': 53.52441, 'ln10^{10}A_s': 3.002179, 'n_s': 0.9425329, 'tau_reio': 0.1630639, 'P_k_max_1/Mpc': 1.0}
skipping to the next model...
[CHILD][Parent Rank 48] | The following model took too long to complete: 
params: {'lensing': 'yes', 'output': 'tCl,lCl,pCl,mPk', 'l_max_scalars': 2508, 'k_pivot': 0.05, 'N_ur': 2.0328, 'N_ncdm': 1, 'm_ncdm': 0.06, 'T_ncdm': 0.71611, 'N_ncdm_decay_dr': 1, 'quadrature_strategy_ncdm_decay_dr': 3, 'ncdm_fluid_approximation': 3, 'maximum_q_ncdm_decay_dr': 15.0, 'background_method': 0, 'evolver': 1, 'N_momentum_bins_ncdm_decay_dr': 7, 'l_max_ncdm': 13, 'l_max_dr': 13, 'l_max_dr_col': 13, 'omega_b': 0.02313906, 'omega_cdm': 0.1858684, 'Neff_ini_dncdm': 0.9259543, 'log10lifetime_ncdm_decay_dr': 2.003303, 'm_ncdm_decay_dr': 80.6493, 'H0': 45.87724, 'ln10^{10}A_s': 3.082037, 'n_s': 0.9360689, 'tau_reio': 0.08349602, 'P_k_max_1/Mpc': 1.0}

[PARENT][Rank 48] | ERROR: Child process failed during CLASS computation
Model: {'lensing': 'yes', 'output': 'tCl,lCl,pCl,mPk', 'l_max_scalars': 2508, 'k_pivot': 0.05, 'N_ur': 2.0328, 'N_ncdm': 1, 'm_ncdm': 0.06, 'T_ncdm': 0.71611, 'N_ncdm_decay_dr': 1, 'quadrature_strategy_ncdm_decay_dr': 3, 'ncdm_fluid_approximation': 3, 'maximum_q_ncdm_decay_dr': 15.0, 'background_method': 0, 'evolver': 1, 'N_momentum_bins_ncdm_decay_dr': 7, 'l_max_ncdm': 13, 'l_max_dr': 13, 'l_max_dr_col': 13, 'omega_b': 0.02313906, 'omega_cdm': 0.1858684, 'Neff_ini_dncdm': 0.9259543, 'log10lifetime_ncdm_decay_dr': 2.003303, 'm_ncdm_decay_dr': 80.6493, 'H0': 45.87724, 'ln10^{10}A_s': 3.082037, 'n_s': 0.9360689, 'tau_reio': 0.08349602, 'P_k_max_1/Mpc': 1.0}
skipping to the next model...
[CHILD][Parent Rank 107] | The following model took too long to complete: 
params: {'lensing': 'yes', 'output': 'tCl,lCl,pCl,mPk', 'l_max_scalars': 2508, 'k_pivot': 0.05, 'N_ur': 2.0328, 'N_ncdm': 1, 'm_ncdm': 0.06, 'T_ncdm': 0.71611, 'N_ncdm_decay_dr': 1, 'quadrature_strategy_ncdm_decay_dr': 3, 'ncdm_fluid_approximation': 3, 'maximum_q_ncdm_decay_dr': 15.0, 'background_method': 0, 'evolver': 1, 'N_momentum_bins_ncdm_decay_dr': 7, 'l_max_ncdm': 13, 'l_max_dr': 13, 'l_max_dr_col': 13, 'omega_b': 0.02344244, 'omega_cdm': 0.1940762, 'Neff_ini_dncdm': 0.8393785, 'log10lifetime_ncdm_decay_dr': 2.000419, 'm_ncdm_decay_dr': 62.26554, 'H0': 42.92763, 'ln10^{10}A_s': 3.085358, 'n_s': 0.9232532, 'tau_reio': 0.07793588, 'P_k_max_1/Mpc': 1.0}

[CHILD][Parent Rank 63] | The following model took too long to complete: 
params: {'lensing': 'yes', 'output': 'tCl,lCl,pCl,mPk', 'l_max_scalars': 2508, 'k_pivot': 0.05, 'N_ur': 2.0328, 'N_ncdm': 1, 'm_ncdm': 0.06, 'T_ncdm': 0.71611, 'N_ncdm_decay_dr': 1, 'quadrature_strategy_ncdm_decay_dr': 3, 'ncdm_fluid_approximation': 3, 'maximum_q_ncdm_decay_dr': 15.0, 'background_method': 0, 'evolver': 1, 'N_momentum_bins_ncdm_decay_dr': 7, 'l_max_ncdm': 13, 'l_max_dr': 13, 'l_max_dr_col': 13, 'omega_b': 0.02313906, 'omega_cdm': 0.1858684, 'Neff_ini_dncdm': 0.9259543, 'log10lifetime_ncdm_decay_dr': 2.003303, 'm_ncdm_decay_dr': 80.6493, 'H0': 45.87724, 'ln10^{10}A_s': 3.082037, 'n_s': 0.9360689, 'tau_reio': 0.08349602, 'P_k_max_1/Mpc': 1.0}

[CHILD][Parent Rank 168] | The following model took too long to complete: 
params: {'lensing': 'yes', 'output': 'tCl,lCl,pCl,mPk', 'l_max_scalars': 2508, 'k_pivot': 0.05, 'N_ur': 2.0328, 'N_ncdm': 1, 'm_ncdm': 0.06, 'T_ncdm': 0.71611, 'N_ncdm_decay_dr': 1, 'quadrature_strategy_ncdm_decay_dr': 3, 'ncdm_fluid_approximation': 3, 'maximum_q_ncdm_decay_dr': 15.0, 'background_method': 0, 'evolver': 1, 'N_momentum_bins_ncdm_decay_dr': 7, 'l_max_ncdm': 13, 'l_max_dr': 13, 'l_max_dr_col': 13, 'omega_b': 0.02344244, 'omega_cdm': 0.1940762, 'Neff_ini_dncdm': 0.8393785, 'log10lifetime_ncdm_decay_dr': 2.000419, 'm_ncdm_decay_dr': 62.26554, 'H0': 42.92763, 'ln10^{10}A_s': 3.085358, 'n_s': 0.9232532, 'tau_reio': 0.07793588, 'P_k_max_1/Mpc': 1.0}

[PARENT][Rank 168] | ERROR: Child process failed during CLASS computation
Model: {'lensing': 'yes', 'output': 'tCl,lCl,pCl,mPk', 'l_max_scalars': 2508, 'k_pivot': 0.05, 'N_ur': 2.0328, 'N_ncdm': 1, 'm_ncdm': 0.06, 'T_ncdm': 0.71611, 'N_ncdm_decay_dr': 1, 'quadrature_strategy_ncdm_decay_dr': 3, 'ncdm_fluid_approximation': 3, 'maximum_q_ncdm_decay_dr': 15.0, 'background_method': 0, 'evolver': 1, 'N_momentum_bins_ncdm_decay_dr': 7, 'l_max_ncdm': 13, 'l_max_dr': 13, 'l_max_dr_col': 13, 'omega_b': 0.02335683, 'omega_cdm': 0.1627666, 'Neff_ini_dncdm': 0.5141038, 'log10lifetime_ncdm_decay_dr': 2.107529, 'm_ncdm_decay_dr': 182.8413, 'H0': 54.31073, 'ln10^{10}A_s': 3.006701, 'n_s': 0.9615736, 'tau_reio': 0.06760592, 'P_k_max_1/Mpc': 1.0}
skipping to the next model...
[PARENT][Rank 65] | ERROR: Timeout while waiting for response from child process after CLASS computations. Child may be unresponsive.

[PARENT][Rank 115] | ERROR: Timeout while waiting for response from child process after CLASS computations. Child may be unresponsive.

[CHILD][Parent Rank 174] | ERROR: Timeout while waiting for message.
Exiting safely.
[CHILD][Parent Rank 225] | The following model took too long to complete: 
params: {'lensing': 'yes', 'output': 'tCl,lCl,pCl,mPk', 'l_max_scalars': 2508, 'k_pivot': 0.05, 'N_ur': 2.0328, 'N_ncdm': 1, 'm_ncdm': 0.06, 'T_ncdm': 0.71611, 'N_ncdm_decay_dr': 1, 'quadrature_strategy_ncdm_decay_dr': 3, 'ncdm_fluid_approximation': 3, 'maximum_q_ncdm_decay_dr': 15.0, 'background_method': 0, 'evolver': 1, 'N_momentum_bins_ncdm_decay_dr': 7, 'l_max_ncdm': 13, 'l_max_dr': 13, 'l_max_dr_col': 13, 'omega_b': 0.02313906, 'omega_cdm': 0.1858684, 'Neff_ini_dncdm': 0.9259543, 'log10lifetime_ncdm_decay_dr': 2.003303, 'm_ncdm_decay_dr': 80.6493, 'H0': 45.87724, 'ln10^{10}A_s': 3.082037, 'n_s': 0.9360689, 'tau_reio': 0.08349602, 'P_k_max_1/Mpc': 1.0}

[CHILD][Parent Rank 171] | ERROR: Timeout while waiting for message.
Exiting safely.
[CHILD][Parent Rank 65] | The following model took too long to complete: 
params: {'lensing': 'yes', 'output': 'tCl,lCl,pCl,mPk', 'l_max_scalars': 2508, 'k_pivot': 0.05, 'N_ur': 2.0328, 'N_ncdm': 1, 'm_ncdm': 0.06, 'T_ncdm': 0.71611, 'N_ncdm_decay_dr': 1, 'quadrature_strategy_ncdm_decay_dr': 3, 'ncdm_fluid_approximation': 3, 'maximum_q_ncdm_decay_dr': 15.0, 'background_method': 0, 'evolver': 1, 'N_momentum_bins_ncdm_decay_dr': 7, 'l_max_ncdm': 13, 'l_max_dr': 13, 'l_max_dr_col': 13, 'omega_b': 0.02313906, 'omega_cdm': 0.1858684, 'Neff_ini_dncdm': 0.9259543, 'log10lifetime_ncdm_decay_dr': 2.003303, 'm_ncdm_decay_dr': 80.6493, 'H0': 45.87724, 'ln10^{10}A_s': 3.082037, 'n_s': 0.9360689, 'tau_reio': 0.08349602, 'P_k_max_1/Mpc': 1.0}

[CHILD][Parent Rank 116] | The following model took too long to complete: 
params: {'lensing': 'yes', 'output': 'tCl,lCl,pCl,mPk', 'l_max_scalars': 2508, 'k_pivot': 0.05, 'N_ur': 2.0328, 'N_ncdm': 1, 'm_ncdm': 0.06, 'T_ncdm': 0.71611, 'N_ncdm_decay_dr': 1, 'quadrature_strategy_ncdm_decay_dr': 3, 'ncdm_fluid_approximation': 3, 'maximum_q_ncdm_decay_dr': 15.0, 'background_method': 0, 'evolver': 1, 'N_momentum_bins_ncdm_decay_dr': 7, 'l_max_ncdm': 13, 'l_max_dr': 13, 'l_max_dr_col': 13, 'omega_b': 0.02313906, 'omega_cdm': 0.1858684, 'Neff_ini_dncdm': 0.9259543, 'log10lifetime_ncdm_decay_dr': 2.003303, 'm_ncdm_decay_dr': 80.6493, 'H0': 45.87724, 'ln10^{10}A_s': 3.082037, 'n_s': 0.9360689, 'tau_reio': 0.08349602, 'P_k_max_1/Mpc': 1.0}

[PARENT][Rank 116] | ERROR: Child process failed during CLASS computation
Model: {'lensing': 'yes', 'output': 'tCl,lCl,pCl,mPk', 'l_max_scalars': 2508, 'k_pivot': 0.05, 'N_ur': 2.0328, 'N_ncdm': 1, 'm_ncdm': 0.06, 'T_ncdm': 0.71611, 'N_ncdm_decay_dr': 1, 'quadrature_strategy_ncdm_decay_dr': 3, 'ncdm_fluid_approximation': 3, 'maximum_q_ncdm_decay_dr': 15.0, 'background_method': 0, 'evolver': 1, 'N_momentum_bins_ncdm_decay_dr': 7, 'l_max_ncdm': 13, 'l_max_dr': 13, 'l_max_dr_col': 13, 'omega_b': 0.02256856, 'omega_cdm': 0.1660771, 'Neff_ini_dncdm': 1.344434, 'log10lifetime_ncdm_decay_dr': 3.861925, 'm_ncdm_decay_dr': 335.2864, 'H0': 51.63253, 'ln10^{10}A_s': 3.021933, 'n_s': 0.9308957, 'tau_reio': 0.1773636, 'P_k_max_1/Mpc': 1.0}
skipping to the next model...
[CHILD][Parent Rank 107] | ERROR: Timeout while waiting for message.
Exiting safely.
[PARENT][Rank 393] | ERROR: Unexpected error during PING-PONG check: TimeoutError('Timeout while waiting for child to respond.')Attemping to respawn child process...
[PARENT][Rank 393] | WARNING: Child process died or is unresponsive. Respawning...
[PARENT][Rank 393] | [INFO] Successfully respawned child process.
[PARENT][Rank 65] | ERROR: Child process failed during CLASS computation
Model: {'lensing': 'yes', 'output': 'tCl,lCl,pCl,mPk', 'l_max_scalars': 2508, 'k_pivot': 0.05, 'N_ur': 2.0328, 'N_ncdm': 1, 'm_ncdm': 0.06, 'T_ncdm': 0.71611, 'N_ncdm_decay_dr': 1, 'quadrature_strategy_ncdm_decay_dr': 3, 'ncdm_fluid_approximation': 3, 'maximum_q_ncdm_decay_dr': 15.0, 'background_method': 0, 'evolver': 1, 'N_momentum_bins_ncdm_decay_dr': 7, 'l_max_ncdm': 13, 'l_max_dr': 13, 'l_max_dr_col': 13, 'omega_b': 0.021698078, 'omega_cdm': 0.1796134, 'Neff_ini_dncdm': 1.242756, 'log10lifetime_ncdm_decay_dr': 4.101485, 'm_ncdm_decay_dr': 337.9429, 'H0': 46.11892, 'ln10^{10}A_s': 3.042677, 'n_s': 0.9143227, 'tau_reio': 0.1676031, 'P_k_max_1/Mpc': 1.0}
skipping to the next model...
[CHILD][Parent Rank 63] | ERROR: Timeout while waiting for message.
Exiting safely.
[PARENT][Rank 389] | ERROR: Timeout while waiting for PONG response from child process. Child may be unresponsive.
Respawning child process...
[PARENT][Rank 389] | WARNING: Child process died or is unresponsive. Respawning...
[PARENT][Rank 454] | ERROR: Timeout while waiting for PONG response from child process. Child may be unresponsive.
Respawning child process...
[PARENT][Rank 454] | WARNING: Child process died or is unresponsive. Respawning...
[PARENT][Rank 68] | ERROR: Timeout while waiting for response from child process after CLASS computations. Child may be unresponsive.

[CHILD][Parent Rank 168] | ERROR: Timeout while waiting for message.
Exiting safely.
[PARENT][Rank 44] | ERROR: Timeout while waiting for PONG response from child process. Child may be unresponsive.
Respawning child process...
[PARENT][Rank 44] | WARNING: Child process died or is unresponsive. Respawning...
[PARENT][Rank 389] | [INFO] Successfully respawned child process.
[PARENT][Rank 44] | [INFO] Successfully respawned child process.
[CHILD][Parent Rank 225] | ERROR: Timeout while waiting for message.
Exiting safely.
[PARENT][Rank 172] | ERROR: Unexpected error during PING-PONG check: TimeoutError('Timeout while waiting for child to respond.')Attemping to respawn child process...
[PARENT][Rank 172] | WARNING: Child process died or is unresponsive. Respawning...
[PARENT][Rank 172] | [INFO] Successfully respawned child process.
[PARENT][Rank 50] | ERROR: Timeout while waiting for PONG response from child process. Child may be unresponsive.
Respawning child process...
[PARENT][Rank 50] | WARNING: Child process died or is unresponsive. Respawning...
[PARENT][Rank 215] | ERROR: Timeout while waiting for PONG response from child process. Child may be unresponsive.
Respawning child process...
[PARENT][Rank 215] | WARNING: Child process died or is unresponsive. Respawning...
[PARENT][Rank 50] | [INFO] Successfully respawned child process.
[PARENT][Rank 215] | [INFO] Successfully respawned child process.
[CHILD][Parent Rank 214] | The following model took too long to complete: 
params: {'lensing': 'yes', 'output': 'tCl,lCl,pCl,mPk', 'l_max_scalars': 2508, 'k_pivot': 0.05, 'N_ur': 2.0328, 'N_ncdm': 1, 'm_ncdm': 0.06, 'T_ncdm': 0.71611, 'N_ncdm_decay_dr': 1, 'quadrature_strategy_ncdm_decay_dr': 3, 'ncdm_fluid_approximation': 3, 'maximum_q_ncdm_decay_dr': 15.0, 'background_method': 0, 'evolver': 1, 'N_momentum_bins_ncdm_decay_dr': 7, 'l_max_ncdm': 13, 'l_max_dr': 13, 'l_max_dr_col': 13, 'omega_b': 0.02293395, 'omega_cdm': 0.186489, 'Neff_ini_dncdm': 0.9140519, 'log10lifetime_ncdm_decay_dr': 2.000377, 'm_ncdm_decay_dr': 73.20366, 'H0': 45.30067, 'ln10^{10}A_s': 3.081956, 'n_s': 0.9332279, 'tau_reio': 0.08327396, 'P_k_max_1/Mpc': 1.0}

[PARENT][Rank 218] | ERROR: Timeout while waiting for PONG response from child process. Child may be unresponsive.
Respawning child process...
[PARENT][Rank 218] | WARNING: Child process died or is unresponsive. Respawning...
[PARENT][Rank 218] | [INFO] Successfully respawned child process.
[CHILD][Parent Rank 217] | The following model took too long to complete: 
params: {'lensing': 'yes', 'output': 'tCl,lCl,pCl,mPk', 'l_max_scalars': 2508, 'k_pivot': 0.05, 'N_ur': 2.0328, 'N_ncdm': 1, 'm_ncdm': 0.06, 'T_ncdm': 0.71611, 'N_ncdm_decay_dr': 1, 'quadrature_strategy_ncdm_decay_dr': 3, 'ncdm_fluid_approximation': 3, 'maximum_q_ncdm_decay_dr': 15.0, 'background_method': 0, 'evolver': 1, 'N_momentum_bins_ncdm_decay_dr': 7, 'l_max_ncdm': 13, 'l_max_dr': 13, 'l_max_dr_col': 13, 'omega_b': 0.02293395, 'omega_cdm': 0.186489, 'Neff_ini_dncdm': 0.9140519, 'log10lifetime_ncdm_decay_dr': 2.000377, 'm_ncdm_decay_dr': 73.20366, 'H0': 45.30067, 'ln10^{10}A_s': 3.081956, 'n_s': 0.9332279, 'tau_reio': 0.08327396, 'P_k_max_1/Mpc': 1.0}

[PARENT][Rank 217] | ERROR: Child process failed during CLASS computation
Model: {'lensing': 'yes', 'output': 'tCl,lCl,pCl,mPk', 'l_max_scalars': 2508, 'k_pivot': 0.05, 'N_ur': 2.0328, 'N_ncdm': 1, 'm_ncdm': 0.06, 'T_ncdm': 0.71611, 'N_ncdm_decay_dr': 1, 'quadrature_strategy_ncdm_decay_dr': 3, 'ncdm_fluid_approximation': 3, 'maximum_q_ncdm_decay_dr': 15.0, 'background_method': 0, 'evolver': 1, 'N_momentum_bins_ncdm_decay_dr': 7, 'l_max_ncdm': 13, 'l_max_dr': 13, 'l_max_dr_col': 13, 'omega_b': 0.02293395, 'omega_cdm': 0.186489, 'Neff_ini_dncdm': 0.9140519, 'log10lifetime_ncdm_decay_dr': 2.000377, 'm_ncdm_decay_dr': 73.20366, 'H0': 45.30067, 'ln10^{10}A_s': 3.081956, 'n_s': 0.9332279, 'tau_reio': 0.08327396, 'P_k_max_1/Mpc': 1.0}
skipping to the next model...
[PARENT][Rank 454] | [INFO] Successfully respawned child process.
[CHILD][Parent Rank 113] | The following model took too long to complete: 
params: {'lensing': 'yes', 'output': 'tCl,lCl,pCl,mPk', 'l_max_scalars': 2508, 'k_pivot': 0.05, 'N_ur': 2.0328, 'N_ncdm': 1, 'm_ncdm': 0.06, 'T_ncdm': 0.71611, 'N_ncdm_decay_dr': 1, 'quadrature_strategy_ncdm_decay_dr': 3, 'ncdm_fluid_approximation': 3, 'maximum_q_ncdm_decay_dr': 15.0, 'background_method': 0, 'evolver': 1, 'N_momentum_bins_ncdm_decay_dr': 7, 'l_max_ncdm': 13, 'l_max_dr': 13, 'l_max_dr_col': 13, 'omega_b': 0.023285018, 'omega_cdm': 0.1917883, 'Neff_ini_dncdm': 0.8818996, 'log10lifetime_ncdm_decay_dr': 2.004696, 'm_ncdm_decay_dr': 65.90775, 'H0': 43.75014, 'ln10^{10}A_s': 3.085675, 'n_s': 0.9244216, 'tau_reio': 0.07866154, 'P_k_max_1/Mpc': 1.0}

[PARENT][Rank 225] | ERROR: Child process failed during CLASS computation
Model: {'lensing': 'yes', 'output': 'tCl,lCl,pCl,mPk', 'l_max_scalars': 2508, 'k_pivot': 0.05, 'N_ur': 2.0328, 'N_ncdm': 1, 'm_ncdm': 0.06, 'T_ncdm': 0.71611, 'N_ncdm_decay_dr': 1, 'quadrature_strategy_ncdm_decay_dr': 3, 'ncdm_fluid_approximation': 3, 'maximum_q_ncdm_decay_dr': 15.0, 'background_method': 0, 'evolver': 1, 'N_momentum_bins_ncdm_decay_dr': 7, 'l_max_ncdm': 13, 'l_max_dr': 13, 'l_max_dr_col': 13, 'omega_b': 0.02111566, 'omega_cdm': 0.1762448, 'Neff_ini_dncdm': 1.356578, 'log10lifetime_ncdm_decay_dr': 4.670876, 'm_ncdm_decay_dr': 507.8399, 'H0': 47.18661, 'ln10^{10}A_s': 3.0793, 'n_s': 0.959282, 'tau_reio': 0.1565596, 'P_k_max_1/Mpc': 1.0}
skipping to the next model...
[PARENT][Rank 113] | ERROR: Child process failed during CLASS computation
Model: {'lensing': 'yes', 'output': 'tCl,lCl,pCl,mPk', 'l_max_scalars': 2508, 'k_pivot': 0.05, 'N_ur': 2.0328, 'N_ncdm': 1, 'm_ncdm': 0.06, 'T_ncdm': 0.71611, 'N_ncdm_decay_dr': 1, 'quadrature_strategy_ncdm_decay_dr': 3, 'ncdm_fluid_approximation': 3, 'maximum_q_ncdm_decay_dr': 15.0, 'background_method': 0, 'evolver': 1, 'N_momentum_bins_ncdm_decay_dr': 7, 'l_max_ncdm': 13, 'l_max_dr': 13, 'l_max_dr_col': 13, 'omega_b': 0.02281625, 'omega_cdm': 0.1598385, 'Neff_ini_dncdm': 1.431365, 'log10lifetime_ncdm_decay_dr': 3.825775, 'm_ncdm_decay_dr': 305.854, 'H0': 53.83909, 'ln10^{10}A_s': 2.922274, 'n_s': 0.9389377, 'tau_reio': 0.1304709, 'P_k_max_1/Mpc': 1.0}
skipping to the next model...
[CHILD][Parent Rank 68] | The following model took too long to complete: 
params: {'lensing': 'yes', 'output': 'tCl,lCl,pCl,mPk', 'l_max_scalars': 2508, 'k_pivot': 0.05, 'N_ur': 2.0328, 'N_ncdm': 1, 'm_ncdm': 0.06, 'T_ncdm': 0.71611, 'N_ncdm_decay_dr': 1, 'quadrature_strategy_ncdm_decay_dr': 3, 'ncdm_fluid_approximation': 3, 'maximum_q_ncdm_decay_dr': 15.0, 'background_method': 0, 'evolver': 1, 'N_momentum_bins_ncdm_decay_dr': 7, 'l_max_ncdm': 13, 'l_max_dr': 13, 'l_max_dr_col': 13, 'omega_b': 0.02293395, 'omega_cdm': 0.186489, 'Neff_ini_dncdm': 0.9140519, 'log10lifetime_ncdm_decay_dr': 2.000377, 'm_ncdm_decay_dr': 73.20366, 'H0': 45.30067, 'ln10^{10}A_s': 3.081956, 'n_s': 0.9332279, 'tau_reio': 0.08327396, 'P_k_max_1/Mpc': 1.0}

[PARENT][Rank 68] | ERROR: Child process failed during CLASS computation
Model: {'lensing': 'yes', 'output': 'tCl,lCl,pCl,mPk', 'l_max_scalars': 2508, 'k_pivot': 0.05, 'N_ur': 2.0328, 'N_ncdm': 1, 'm_ncdm': 0.06, 'T_ncdm': 0.71611, 'N_ncdm_decay_dr': 1, 'quadrature_strategy_ncdm_decay_dr': 3, 'ncdm_fluid_approximation': 3, 'maximum_q_ncdm_decay_dr': 15.0, 'background_method': 0, 'evolver': 1, 'N_momentum_bins_ncdm_decay_dr': 7, 'l_max_ncdm': 13, 'l_max_dr': 13, 'l_max_dr_col': 13, 'omega_b': 0.021154981, 'omega_cdm': 0.1796635, 'Neff_ini_dncdm': 1.423373, 'log10lifetime_ncdm_decay_dr': 4.086324, 'm_ncdm_decay_dr': 290.6615, 'H0': 45.47693, 'ln10^{10}A_s': 3.03323, 'n_s': 0.9083853, 'tau_reio': 0.1626412, 'P_k_max_1/Mpc': 1.0}
skipping to the next model...
[CHILD][Parent Rank 214] | ERROR: Timeout while waiting for message.
Exiting safely.
[CHILD][Parent Rank 115] | The following model took too long to complete: 
params: {'lensing': 'yes', 'output': 'tCl,lCl,pCl,mPk', 'l_max_scalars': 2508, 'k_pivot': 0.05, 'N_ur': 2.0328, 'N_ncdm': 1, 'm_ncdm': 0.06, 'T_ncdm': 0.71611, 'N_ncdm_decay_dr': 1, 'quadrature_strategy_ncdm_decay_dr': 3, 'ncdm_fluid_approximation': 3, 'maximum_q_ncdm_decay_dr': 15.0, 'background_method': 0, 'evolver': 1, 'N_momentum_bins_ncdm_decay_dr': 7, 'l_max_ncdm': 13, 'l_max_dr': 13, 'l_max_dr_col': 13, 'omega_b': 0.02313906, 'omega_cdm': 0.1858684, 'Neff_ini_dncdm': 0.9259543, 'log10lifetime_ncdm_decay_dr': 2.003303, 'm_ncdm_decay_dr': 80.6493, 'H0': 45.87724, 'ln10^{10}A_s': 3.082037, 'n_s': 0.9360689, 'tau_reio': 0.08349602, 'P_k_max_1/Mpc': 1.0}

[PARENT][Rank 115] | ERROR: Child process failed during CLASS computation
Model: {'lensing': 'yes', 'output': 'tCl,lCl,pCl,mPk', 'l_max_scalars': 2508, 'k_pivot': 0.05, 'N_ur': 2.0328, 'N_ncdm': 1, 'm_ncdm': 0.06, 'T_ncdm': 0.71611, 'N_ncdm_decay_dr': 1, 'quadrature_strategy_ncdm_decay_dr': 3, 'ncdm_fluid_approximation': 3, 'maximum_q_ncdm_decay_dr': 15.0, 'background_method': 0, 'evolver': 1, 'N_momentum_bins_ncdm_decay_dr': 7, 'l_max_ncdm': 13, 'l_max_dr': 13, 'l_max_dr_col': 13, 'omega_b': 0.02144061, 'omega_cdm': 0.1805948, 'Neff_ini_dncdm': 1.370583, 'log10lifetime_ncdm_decay_dr': 4.174336, 'm_ncdm_decay_dr': 308.9891, 'H0': 45.515, 'ln10^{10}A_s': 3.016013, 'n_s': 0.9110714, 'tau_reio': 0.1515028, 'P_k_max_1/Mpc': 1.0}
skipping to the next model...
[PARENT][Rank 397] | ERROR: Unexpected error during PING-PONG check: TimeoutError('Timeout while waiting for child to respond.')Attemping to respawn child process...
[PARENT][Rank 397] | WARNING: Child process died or is unresponsive. Respawning...
[PARENT][Rank 118] | ERROR: Timeout while waiting for PONG response from child process. Child may be unresponsive.
Respawning child process...
[PARENT][Rank 118] | WARNING: Child process died or is unresponsive. Respawning...
[CHILD][Parent Rank 119] | The following model took too long to complete: 
params: {'lensing': 'yes', 'output': 'tCl,lCl,pCl,mPk', 'l_max_scalars': 2508, 'k_pivot': 0.05, 'N_ur': 2.0328, 'N_ncdm': 1, 'm_ncdm': 0.06, 'T_ncdm': 0.71611, 'N_ncdm_decay_dr': 1, 'quadrature_strategy_ncdm_decay_dr': 3, 'ncdm_fluid_approximation': 3, 'maximum_q_ncdm_decay_dr': 15.0, 'background_method': 0, 'evolver': 1, 'N_momentum_bins_ncdm_decay_dr': 7, 'l_max_ncdm': 13, 'l_max_dr': 13, 'l_max_dr_col': 13, 'omega_b': 0.02293395, 'omega_cdm': 0.186489, 'Neff_ini_dncdm': 0.9140519, 'log10lifetime_ncdm_decay_dr': 2.000377, 'm_ncdm_decay_dr': 73.20366, 'H0': 45.30067, 'ln10^{10}A_s': 3.081956, 'n_s': 0.9332279, 'tau_reio': 0.08327396, 'P_k_max_1/Mpc': 1.0}

[PARENT][Rank 118] | [INFO] Successfully respawned child process.
[PARENT][Rank 397] | [INFO] Successfully respawned child process.
[CHILD][Parent Rank 215] | ERROR: Timeout while waiting for message.
Exiting safely.
[CHILD][Parent Rank 119] | ERROR: Timeout while waiting for message.
Exiting safely.
[CHILD][Parent Rank 120] | The following model took too long to complete: 
params: {'lensing': 'yes', 'output': 'tCl,lCl,pCl,mPk', 'l_max_scalars': 2508, 'k_pivot': 0.05, 'N_ur': 2.0328, 'N_ncdm': 1, 'm_ncdm': 0.06, 'T_ncdm': 0.71611, 'N_ncdm_decay_dr': 1, 'quadrature_strategy_ncdm_decay_dr': 3, 'ncdm_fluid_approximation': 3, 'maximum_q_ncdm_decay_dr': 15.0, 'background_method': 0, 'evolver': 1, 'N_momentum_bins_ncdm_decay_dr': 7, 'l_max_ncdm': 13, 'l_max_dr': 13, 'l_max_dr_col': 13, 'omega_b': 0.02293395, 'omega_cdm': 0.186489, 'Neff_ini_dncdm': 0.9140519, 'log10lifetime_ncdm_decay_dr': 2.000377, 'm_ncdm_decay_dr': 73.20366, 'H0': 45.30067, 'ln10^{10}A_s': 3.081956, 'n_s': 0.9332279, 'tau_reio': 0.08327396, 'P_k_max_1/Mpc': 1.0}

[PARENT][Rank 480] | ERROR: Timeout while waiting for PONG response from child process. Child may be unresponsive.
Respawning child process...
[PARENT][Rank 480] | WARNING: Child process died or is unresponsive. Respawning...
[PARENT][Rank 164] | ERROR: Failed to send or receive data to/from child process. Child process may have crashed.Possibly due to out-of-memory or other critical error during CLASS computation    .
Model: {'lensing': 'yes', 'output': 'tCl,lCl,pCl,mPk', 'l_max_scalars': 2508, 'k_pivot': 0.05, 'N_ur': 2.0328, 'N_ncdm': 1, 'm_ncdm': 0.06, 'T_ncdm': 0.71611, 'N_ncdm_decay_dr': 1, 'quadrature_strategy_ncdm_decay_dr': 3, 'ncdm_fluid_approximation': 3, 'maximum_q_ncdm_decay_dr': 15.0, 'background_method': 0, 'evolver': 1, 'N_momentum_bins_ncdm_decay_dr': 7, 'l_max_ncdm': 13, 'l_max_dr': 13, 'l_max_dr_col': 13, 'omega_b': 0.02313906, 'omega_cdm': 0.1858684, 'Neff_ini_dncdm': 0.9259543, 'log10lifetime_ncdm_decay_dr': 2.003303, 'm_ncdm_decay_dr': 80.6493, 'H0': 45.87724, 'ln10^{10}A_s': 3.082037, 'n_s': 0.9360689, 'tau_reio': 0.08349602, 'P_k_max_1/Mpc': 1.0}
skipping to the next model...
[PARENT][Rank 164] | Exception: TimeoutError('Timeout while waiting for child to respond.')
[PARENT][Rank 221] | ERROR: Timeout while waiting for response from child process after CLASS computations. Child may be unresponsive.

[PARENT][Rank 480] | [INFO] Successfully respawned child process.
[CHILD][Parent Rank 222] | The following model took too long to complete: 
params: {'lensing': 'yes', 'output': 'tCl,lCl,pCl,mPk', 'l_max_scalars': 2508, 'k_pivot': 0.05, 'N_ur': 2.0328, 'N_ncdm': 1, 'm_ncdm': 0.06, 'T_ncdm': 0.71611, 'N_ncdm_decay_dr': 1, 'quadrature_strategy_ncdm_decay_dr': 3, 'ncdm_fluid_approximation': 3, 'maximum_q_ncdm_decay_dr': 15.0, 'background_method': 0, 'evolver': 1, 'N_momentum_bins_ncdm_decay_dr': 7, 'l_max_ncdm': 13, 'l_max_dr': 13, 'l_max_dr_col': 13, 'omega_b': 0.0226077, 'omega_cdm': 0.1804873, 'Neff_ini_dncdm': 0.9734356, 'log10lifetime_ncdm_decay_dr': 2.012959, 'm_ncdm_decay_dr': 84.78888, 'H0': 46.877, 'ln10^{10}A_s': 3.077296, 'n_s': 0.9457133, 'tau_reio': 0.08900774, 'P_k_max_1/Mpc': 1.0}

[PARENT][Rank 222] | ERROR: Child process failed during CLASS computation
Model: {'lensing': 'yes', 'output': 'tCl,lCl,pCl,mPk', 'l_max_scalars': 2508, 'k_pivot': 0.05, 'N_ur': 2.0328, 'N_ncdm': 1, 'm_ncdm': 0.06, 'T_ncdm': 0.71611, 'N_ncdm_decay_dr': 1, 'quadrature_strategy_ncdm_decay_dr': 3, 'ncdm_fluid_approximation': 3, 'maximum_q_ncdm_decay_dr': 15.0, 'background_method': 0, 'evolver': 1, 'N_momentum_bins_ncdm_decay_dr': 7, 'l_max_ncdm': 13, 'l_max_dr': 13, 'l_max_dr_col': 13, 'omega_b': 0.0226077, 'omega_cdm': 0.1804873, 'Neff_ini_dncdm': 0.9734356, 'log10lifetime_ncdm_decay_dr': 2.012959, 'm_ncdm_decay_dr': 84.78888, 'H0': 46.877, 'ln10^{10}A_s': 3.077296, 'n_s': 0.9457133, 'tau_reio': 0.08900774, 'P_k_max_1/Mpc': 1.0}
skipping to the next model...
[PARENT][Rank 49] | ERROR: Unexpected error during PING-PONG check: TimeoutError('Timeout while waiting for child to respond.')Attemping to respawn child process...
[PARENT][Rank 49] | WARNING: Child process died or is unresponsive. Respawning...
[PARENT][Rank 49] | [INFO] Successfully respawned child process.
[PARENT][Rank 479] | ERROR: Timeout while waiting for response from child process after CLASS computations. Child may be unresponsive.

[PARENT][Rank 216] | ERROR: Timeout while waiting for response from child process after CLASS computations. Child may be unresponsive.

[PARENT][Rank 166] | ERROR: Failed to send or receive data to/from child process. Child process may have crashed.Possibly due to out-of-memory or other critical error during CLASS computation    .
Model: {'lensing': 'yes', 'output': 'tCl,lCl,pCl,mPk', 'l_max_scalars': 2508, 'k_pivot': 0.05, 'N_ur': 2.0328, 'N_ncdm': 1, 'm_ncdm': 0.06, 'T_ncdm': 0.71611, 'N_ncdm_decay_dr': 1, 'quadrature_strategy_ncdm_decay_dr': 3, 'ncdm_fluid_approximation': 3, 'maximum_q_ncdm_decay_dr': 15.0, 'background_method': 0, 'evolver': 1, 'N_momentum_bins_ncdm_decay_dr': 7, 'l_max_ncdm': 13, 'l_max_dr': 13, 'l_max_dr_col': 13, 'omega_b': 0.02313906, 'omega_cdm': 0.1858684, 'Neff_ini_dncdm': 0.9259543, 'log10lifetime_ncdm_decay_dr': 2.003303, 'm_ncdm_decay_dr': 80.6493, 'H0': 45.87724, 'ln10^{10}A_s': 3.082037, 'n_s': 0.9360689, 'tau_reio': 0.08349602, 'P_k_max_1/Mpc': 1.0}
skipping to the next model...
[PARENT][Rank 166] | Exception: TimeoutError('Timeout while waiting for child to respond.')
[CHILD][Parent Rank 110] | ERROR: Timeout while waiting for message.
Exiting safely.
[CHILD][Parent Rank 165] | The following model took too long to complete: 
params: {'lensing': 'yes', 'output': 'tCl,lCl,pCl,mPk', 'l_max_scalars': 2508, 'k_pivot': 0.05, 'N_ur': 2.0328, 'N_ncdm': 1, 'm_ncdm': 0.06, 'T_ncdm': 0.71611, 'N_ncdm_decay_dr': 1, 'quadrature_strategy_ncdm_decay_dr': 3, 'ncdm_fluid_approximation': 3, 'maximum_q_ncdm_decay_dr': 15.0, 'background_method': 0, 'evolver': 1, 'N_momentum_bins_ncdm_decay_dr': 7, 'l_max_ncdm': 13, 'l_max_dr': 13, 'l_max_dr_col': 13, 'omega_b': 0.023285018, 'omega_cdm': 0.1917883, 'Neff_ini_dncdm': 0.8818996, 'log10lifetime_ncdm_decay_dr': 2.004696, 'm_ncdm_decay_dr': 65.90775, 'H0': 43.75014, 'ln10^{10}A_s': 3.085675, 'n_s': 0.9244216, 'tau_reio': 0.07866154, 'P_k_max_1/Mpc': 1.0}

[CHILD][Parent Rank 120] | ERROR: Timeout while waiting for message.
Exiting safely.
[PARENT][Rank 483] | ERROR: Timeout while waiting for PONG response from child process. Child may be unresponsive.
Respawning child process...
[PARENT][Rank 483] | WARNING: Child process died or is unresponsive. Respawning...
[CHILD][Parent Rank 50] | ERROR: Timeout while waiting for message.
Exiting safely.
[CHILD][Parent Rank 221] | The following model took too long to complete: 
params: {'lensing': 'yes', 'output': 'tCl,lCl,pCl,mPk', 'l_max_scalars': 2508, 'k_pivot': 0.05, 'N_ur': 2.0328, 'N_ncdm': 1, 'm_ncdm': 0.06, 'T_ncdm': 0.71611, 'N_ncdm_decay_dr': 1, 'quadrature_strategy_ncdm_decay_dr': 3, 'ncdm_fluid_approximation': 3, 'maximum_q_ncdm_decay_dr': 15.0, 'background_method': 0, 'evolver': 1, 'N_momentum_bins_ncdm_decay_dr': 7, 'l_max_ncdm': 13, 'l_max_dr': 13, 'l_max_dr_col': 13, 'omega_b': 0.02275323, 'omega_cdm': 0.182037, 'Neff_ini_dncdm': 0.8911618, 'log10lifetime_ncdm_decay_dr': 2.00223, 'm_ncdm_decay_dr': 86.76915, 'H0': 46.47986, 'ln10^{10}A_s': 3.071085, 'n_s': 0.939379, 'tau_reio': 0.08308057, 'P_k_max_1/Mpc': 1.0}

[PARENT][Rank 221] | ERROR: Child process failed during CLASS computation
Model: {'lensing': 'yes', 'output': 'tCl,lCl,pCl,mPk', 'l_max_scalars': 2508, 'k_pivot': 0.05, 'N_ur': 2.0328, 'N_ncdm': 1, 'm_ncdm': 0.06, 'T_ncdm': 0.71611, 'N_ncdm_decay_dr': 1, 'quadrature_strategy_ncdm_decay_dr': 3, 'ncdm_fluid_approximation': 3, 'maximum_q_ncdm_decay_dr': 15.0, 'background_method': 0, 'evolver': 1, 'N_momentum_bins_ncdm_decay_dr': 7, 'l_max_ncdm': 13, 'l_max_dr': 13, 'l_max_dr_col': 13, 'omega_b': 0.02081823, 'omega_cdm': 0.1797598, 'Neff_ini_dncdm': 2.146089, 'log10lifetime_ncdm_decay_dr': 4.598369, 'm_ncdm_decay_dr': 489.4949, 'H0': 43.88432, 'ln10^{10}A_s': 2.989509, 'n_s': 0.9406944, 'tau_reio': 0.1009933, 'P_k_max_1/Mpc': 1.0}
skipping to the next model...
[CHILD][Parent Rank 207] | The following model took too long to complete: 
params: {'lensing': 'yes', 'output': 'tCl,lCl,pCl,mPk', 'l_max_scalars': 2508, 'k_pivot': 0.05, 'N_ur': 2.0328, 'N_ncdm': 1, 'm_ncdm': 0.06, 'T_ncdm': 0.71611, 'N_ncdm_decay_dr': 1, 'quadrature_strategy_ncdm_decay_dr': 3, 'ncdm_fluid_approximation': 3, 'maximum_q_ncdm_decay_dr': 15.0, 'background_method': 0, 'evolver': 1, 'N_momentum_bins_ncdm_decay_dr': 7, 'l_max_ncdm': 13, 'l_max_dr': 13, 'l_max_dr_col': 13, 'omega_b': 0.0226077, 'omega_cdm': 0.1804873, 'Neff_ini_dncdm': 0.9734356, 'log10lifetime_ncdm_decay_dr': 2.012959, 'm_ncdm_decay_dr': 84.78888, 'H0': 46.877, 'ln10^{10}A_s': 3.077296, 'n_s': 0.9457133, 'tau_reio': 0.08900774, 'P_k_max_1/Mpc': 1.0}

[PARENT][Rank 207] | ERROR: Child process failed during CLASS computation
Model: {'lensing': 'yes', 'output': 'tCl,lCl,pCl,mPk', 'l_max_scalars': 2508, 'k_pivot': 0.05, 'N_ur': 2.0328, 'N_ncdm': 1, 'm_ncdm': 0.06, 'T_ncdm': 0.71611, 'N_ncdm_decay_dr': 1, 'quadrature_strategy_ncdm_decay_dr': 3, 'ncdm_fluid_approximation': 3, 'maximum_q_ncdm_decay_dr': 15.0, 'background_method': 0, 'evolver': 1, 'N_momentum_bins_ncdm_decay_dr': 7, 'l_max_ncdm': 13, 'l_max_dr': 13, 'l_max_dr_col': 13, 'omega_b': 0.0226077, 'omega_cdm': 0.1804873, 'Neff_ini_dncdm': 0.9734356, 'log10lifetime_ncdm_decay_dr': 2.012959, 'm_ncdm_decay_dr': 84.78888, 'H0': 46.877, 'ln10^{10}A_s': 3.077296, 'n_s': 0.9457133, 'tau_reio': 0.08900774, 'P_k_max_1/Mpc': 1.0}
skipping to the next model...
[PARENT][Rank 483] | [INFO] Successfully respawned child process.
[CHILD][Parent Rank 454] | ERROR: Timeout while waiting for message.
Exiting safely.
[CHILD][Parent Rank 44] | ERROR: Timeout while waiting for message.
Exiting safely.
[CHILD][Parent Rank 218] | ERROR: Timeout while waiting for message.
Exiting safely.
[PARENT][Rank 114] | ERROR: Timeout while waiting for response from child process after CLASS computations. Child may be unresponsive.

[CHILD][Parent Rank 155] | The following model took too long to complete: 
params: {'lensing': 'yes', 'output': 'tCl,lCl,pCl,mPk', 'l_max_scalars': 2508, 'k_pivot': 0.05, 'N_ur': 2.0328, 'N_ncdm': 1, 'm_ncdm': 0.06, 'T_ncdm': 0.71611, 'N_ncdm_decay_dr': 1, 'quadrature_strategy_ncdm_decay_dr': 3, 'ncdm_fluid_approximation': 3, 'maximum_q_ncdm_decay_dr': 15.0, 'background_method': 0, 'evolver': 1, 'N_momentum_bins_ncdm_decay_dr': 7, 'l_max_ncdm': 13, 'l_max_dr': 13, 'l_max_dr_col': 13, 'omega_b': 0.02268088, 'omega_cdm': 0.1740487, 'Neff_ini_dncdm': 0.7071227, 'log10lifetime_ncdm_decay_dr': 2.008201, 'm_ncdm_decay_dr': 125.102, 'H0': 49.33685, 'ln10^{10}A_s': 3.039478, 'n_s': 0.9494027, 'tau_reio': 0.07581568, 'P_k_max_1/Mpc': 1.0}

[PARENT][Rank 155] | ERROR: Child process failed during CLASS computation
Model: {'lensing': 'yes', 'output': 'tCl,lCl,pCl,mPk', 'l_max_scalars': 2508, 'k_pivot': 0.05, 'N_ur': 2.0328, 'N_ncdm': 1, 'm_ncdm': 0.06, 'T_ncdm': 0.71611, 'N_ncdm_decay_dr': 1, 'quadrature_strategy_ncdm_decay_dr': 3, 'ncdm_fluid_approximation': 3, 'maximum_q_ncdm_decay_dr': 15.0, 'background_method': 0, 'evolver': 1, 'N_momentum_bins_ncdm_decay_dr': 7, 'l_max_ncdm': 13, 'l_max_dr': 13, 'l_max_dr_col': 13, 'omega_b': 0.02268088, 'omega_cdm': 0.1740487, 'Neff_ini_dncdm': 0.7071227, 'log10lifetime_ncdm_decay_dr': 2.008201, 'm_ncdm_decay_dr': 125.102, 'H0': 49.33685, 'ln10^{10}A_s': 3.039478, 'n_s': 0.9494027, 'tau_reio': 0.07581568, 'P_k_max_1/Mpc': 1.0}
skipping to the next model...
[CHILD][Parent Rank 114] | The following model took too long to complete: 
params: {'lensing': 'yes', 'output': 'tCl,lCl,pCl,mPk', 'l_max_scalars': 2508, 'k_pivot': 0.05, 'N_ur': 2.0328, 'N_ncdm': 1, 'm_ncdm': 0.06, 'T_ncdm': 0.71611, 'N_ncdm_decay_dr': 1, 'quadrature_strategy_ncdm_decay_dr': 3, 'ncdm_fluid_approximation': 3, 'maximum_q_ncdm_decay_dr': 15.0, 'background_method': 0, 'evolver': 1, 'N_momentum_bins_ncdm_decay_dr': 7, 'l_max_ncdm': 13, 'l_max_dr': 13, 'l_max_dr_col': 13, 'omega_b': 0.02266792, 'omega_cdm': 0.1779748, 'Neff_ini_dncdm': 0.9741024, 'log10lifetime_ncdm_decay_dr': 2.014045, 'm_ncdm_decay_dr': 96.21773, 'H0': 47.92627, 'ln10^{10}A_s': 3.073669, 'n_s': 0.9482251, 'tau_reio': 0.08945771, 'P_k_max_1/Mpc': 1.0}

[PARENT][Rank 114] | ERROR: Child process failed during CLASS computation
Model: {'lensing': 'yes', 'output': 'tCl,lCl,pCl,mPk', 'l_max_scalars': 2508, 'k_pivot': 0.05, 'N_ur': 2.0328, 'N_ncdm': 1, 'm_ncdm': 0.06, 'T_ncdm': 0.71611, 'N_ncdm_decay_dr': 1, 'quadrature_strategy_ncdm_decay_dr': 3, 'ncdm_fluid_approximation': 3, 'maximum_q_ncdm_decay_dr': 15.0, 'background_method': 0, 'evolver': 1, 'N_momentum_bins_ncdm_decay_dr': 7, 'l_max_ncdm': 13, 'l_max_dr': 13, 'l_max_dr_col': 13, 'omega_b': 0.01916995, 'omega_cdm': 0.1861495, 'Neff_ini_dncdm': 2.124819, 'log10lifetime_ncdm_decay_dr': 3.793792, 'm_ncdm_decay_dr': 464.7587, 'H0': 40.22244, 'ln10^{10}A_s': 3.128866, 'n_s': 0.941527, 'tau_reio': 0.1527227, 'P_k_max_1/Mpc': 1.0}
skipping to the next model...
[CHILD][Parent Rank 216] | The following model took too long to complete: 
params: {'lensing': 'yes', 'output': 'tCl,lCl,pCl,mPk', 'l_max_scalars': 2508, 'k_pivot': 0.05, 'N_ur': 2.0328, 'N_ncdm': 1, 'm_ncdm': 0.06, 'T_ncdm': 0.71611, 'N_ncdm_decay_dr': 1, 'quadrature_strategy_ncdm_decay_dr': 3, 'ncdm_fluid_approximation': 3, 'maximum_q_ncdm_decay_dr': 15.0, 'background_method': 0, 'evolver': 1, 'N_momentum_bins_ncdm_decay_dr': 7, 'l_max_ncdm': 13, 'l_max_dr': 13, 'l_max_dr_col': 13, 'omega_b': 0.02275323, 'omega_cdm': 0.182037, 'Neff_ini_dncdm': 0.8911618, 'log10lifetime_ncdm_decay_dr': 2.00223, 'm_ncdm_decay_dr': 86.76915, 'H0': 46.47986, 'ln10^{10}A_s': 3.071085, 'n_s': 0.939379, 'tau_reio': 0.08308057, 'P_k_max_1/Mpc': 1.0}

[PARENT][Rank 216] | ERROR: Child process failed during CLASS computation
Model: {'lensing': 'yes', 'output': 'tCl,lCl,pCl,mPk', 'l_max_scalars': 2508, 'k_pivot': 0.05, 'N_ur': 2.0328, 'N_ncdm': 1, 'm_ncdm': 0.06, 'T_ncdm': 0.71611, 'N_ncdm_decay_dr': 1, 'quadrature_strategy_ncdm_decay_dr': 3, 'ncdm_fluid_approximation': 3, 'maximum_q_ncdm_decay_dr': 15.0, 'background_method': 0, 'evolver': 1, 'N_momentum_bins_ncdm_decay_dr': 7, 'l_max_ncdm': 13, 'l_max_dr': 13, 'l_max_dr_col': 13, 'omega_b': 0.019731909, 'omega_cdm': 0.1815472, 'Neff_ini_dncdm': 2.235077, 'log10lifetime_ncdm_decay_dr': 3.798743, 'm_ncdm_decay_dr': 496.1122, 'H0': 42.35581, 'ln10^{10}A_s': 3.120451, 'n_s': 0.9576194, 'tau_reio': 0.1481771, 'P_k_max_1/Mpc': 1.0}
skipping to the next model...
[PARENT][Rank 46] | ERROR: Timeout while waiting for response from child process after CLASS computations. Child may be unresponsive.

[PARENT][Rank 116] | ERROR: Timeout while waiting for PONG response from child process. Child may be unresponsive.
Respawning child process...
[PARENT][Rank 116] | WARNING: Child process died or is unresponsive. Respawning...
[PARENT][Rank 161] | ERROR: Timeout while waiting for response from child process after CLASS computations. Child may be unresponsive.

[CHILD][Parent Rank 51] | The following model took too long to complete: 
params: {'lensing': 'yes', 'output': 'tCl,lCl,pCl,mPk', 'l_max_scalars': 2508, 'k_pivot': 0.05, 'N_ur': 2.0328, 'N_ncdm': 1, 'm_ncdm': 0.06, 'T_ncdm': 0.71611, 'N_ncdm_decay_dr': 1, 'quadrature_strategy_ncdm_decay_dr': 3, 'ncdm_fluid_approximation': 3, 'maximum_q_ncdm_decay_dr': 15.0, 'background_method': 0, 'evolver': 1, 'N_momentum_bins_ncdm_decay_dr': 7, 'l_max_ncdm': 13, 'l_max_dr': 13, 'l_max_dr_col': 13, 'omega_b': 0.022691289, 'omega_cdm': 0.1736694, 'Neff_ini_dncdm': 0.6574165, 'log10lifetime_ncdm_decay_dr': 2.007541, 'm_ncdm_decay_dr': 125.9052, 'H0': 49.47026, 'ln10^{10}A_s': 3.034827, 'n_s': 0.9487813, 'tau_reio': 0.07407972, 'P_k_max_1/Mpc': 1.0}

[PARENT][Rank 51] | ERROR: Child process failed during CLASS computation
Model: {'lensing': 'yes', 'output': 'tCl,lCl,pCl,mPk', 'l_max_scalars': 2508, 'k_pivot': 0.05, 'N_ur': 2.0328, 'N_ncdm': 1, 'm_ncdm': 0.06, 'T_ncdm': 0.71611, 'N_ncdm_decay_dr': 1, 'quadrature_strategy_ncdm_decay_dr': 3, 'ncdm_fluid_approximation': 3, 'maximum_q_ncdm_decay_dr': 15.0, 'background_method': 0, 'evolver': 1, 'N_momentum_bins_ncdm_decay_dr': 7, 'l_max_ncdm': 13, 'l_max_dr': 13, 'l_max_dr_col': 13, 'omega_b': 0.022691289, 'omega_cdm': 0.1736694, 'Neff_ini_dncdm': 0.6574165, 'log10lifetime_ncdm_decay_dr': 2.007541, 'm_ncdm_decay_dr': 125.9052, 'H0': 49.47026, 'ln10^{10}A_s': 3.034827, 'n_s': 0.9487813, 'tau_reio': 0.07407972, 'P_k_max_1/Mpc': 1.0}
skipping to the next model...
[CHILD][Parent Rank 53] | The following model took too long to complete: 
params: {'lensing': 'yes', 'output': 'tCl,lCl,pCl,mPk', 'l_max_scalars': 2508, 'k_pivot': 0.05, 'N_ur': 2.0328, 'N_ncdm': 1, 'm_ncdm': 0.06, 'T_ncdm': 0.71611, 'N_ncdm_decay_dr': 1, 'quadrature_strategy_ncdm_decay_dr': 3, 'ncdm_fluid_approximation': 3, 'maximum_q_ncdm_decay_dr': 15.0, 'background_method': 0, 'evolver': 1, 'N_momentum_bins_ncdm_decay_dr': 7, 'l_max_ncdm': 13, 'l_max_dr': 13, 'l_max_dr_col': 13, 'omega_b': 0.02259723, 'omega_cdm': 0.1717368, 'Neff_ini_dncdm': 0.574245, 'log10lifetime_ncdm_decay_dr': 2.013191, 'm_ncdm_decay_dr': 141.3359, 'H0': 50.20656, 'ln10^{10}A_s': 3.025698, 'n_s': 0.950955, 'tau_reio': 0.07045687, 'P_k_max_1/Mpc': 1.0}

[PARENT][Rank 53] | ERROR: Child process failed during CLASS computation
Model: {'lensing': 'yes', 'output': 'tCl,lCl,pCl,mPk', 'l_max_scalars': 2508, 'k_pivot': 0.05, 'N_ur': 2.0328, 'N_ncdm': 1, 'm_ncdm': 0.06, 'T_ncdm': 0.71611, 'N_ncdm_decay_dr': 1, 'quadrature_strategy_ncdm_decay_dr': 3, 'ncdm_fluid_approximation': 3, 'maximum_q_ncdm_decay_dr': 15.0, 'background_method': 0, 'evolver': 1, 'N_momentum_bins_ncdm_decay_dr': 7, 'l_max_ncdm': 13, 'l_max_dr': 13, 'l_max_dr_col': 13, 'omega_b': 0.02259723, 'omega_cdm': 0.1717368, 'Neff_ini_dncdm': 0.574245, 'log10lifetime_ncdm_decay_dr': 2.013191, 'm_ncdm_decay_dr': 141.3359, 'H0': 50.20656, 'ln10^{10}A_s': 3.025698, 'n_s': 0.950955, 'tau_reio': 0.07045687, 'P_k_max_1/Mpc': 1.0}
skipping to the next model...
[PARENT][Rank 116] | [INFO] Successfully respawned child process.
[CHILD][Parent Rank 389] | ERROR: Timeout while waiting for message.
Exiting safely.
[CHILD][Parent Rank 165] | ERROR: Timeout while waiting for message.
Exiting safely.
[PARENT][Rank 65] | ERROR: Timeout while waiting for PONG response from child process. Child may be unresponsive.
Respawning child process...
[PARENT][Rank 65] | WARNING: Child process died or is unresponsive. Respawning...
[CHILD][Parent Rank 397] | ERROR: Timeout while waiting for message.
Exiting safely.
[PARENT][Rank 65] | [INFO] Successfully respawned child process.
[CHILD][Parent Rank 55] | The following model took too long to complete: 
params: {'lensing': 'yes', 'output': 'tCl,lCl,pCl,mPk', 'l_max_scalars': 2508, 'k_pivot': 0.05, 'N_ur': 2.0328, 'N_ncdm': 1, 'm_ncdm': 0.06, 'T_ncdm': 0.71611, 'N_ncdm_decay_dr': 1, 'quadrature_strategy_ncdm_decay_dr': 3, 'ncdm_fluid_approximation': 3, 'maximum_q_ncdm_decay_dr': 15.0, 'background_method': 0, 'evolver': 1, 'N_momentum_bins_ncdm_decay_dr': 7, 'l_max_ncdm': 13, 'l_max_dr': 13, 'l_max_dr_col': 13, 'omega_b': 0.022691289, 'omega_cdm': 0.1736694, 'Neff_ini_dncdm': 0.6574165, 'log10lifetime_ncdm_decay_dr': 2.007541, 'm_ncdm_decay_dr': 125.9052, 'H0': 49.47026, 'ln10^{10}A_s': 3.034827, 'n_s': 0.9487813, 'tau_reio': 0.07407972, 'P_k_max_1/Mpc': 1.0}

[PARENT][Rank 55] | ERROR: Child process failed during CLASS computation
Model: {'lensing': 'yes', 'output': 'tCl,lCl,pCl,mPk', 'l_max_scalars': 2508, 'k_pivot': 0.05, 'N_ur': 2.0328, 'N_ncdm': 1, 'm_ncdm': 0.06, 'T_ncdm': 0.71611, 'N_ncdm_decay_dr': 1, 'quadrature_strategy_ncdm_decay_dr': 3, 'ncdm_fluid_approximation': 3, 'maximum_q_ncdm_decay_dr': 15.0, 'background_method': 0, 'evolver': 1, 'N_momentum_bins_ncdm_decay_dr': 7, 'l_max_ncdm': 13, 'l_max_dr': 13, 'l_max_dr_col': 13, 'omega_b': 0.022691289, 'omega_cdm': 0.1736694, 'Neff_ini_dncdm': 0.6574165, 'log10lifetime_ncdm_decay_dr': 2.007541, 'm_ncdm_decay_dr': 125.9052, 'H0': 49.47026, 'ln10^{10}A_s': 3.034827, 'n_s': 0.9487813, 'tau_reio': 0.07407972, 'P_k_max_1/Mpc': 1.0}
skipping to the next model...
[CHILD][Parent Rank 59] | The following model took too long to complete: 
params: {'lensing': 'yes', 'output': 'tCl,lCl,pCl,mPk', 'l_max_scalars': 2508, 'k_pivot': 0.05, 'N_ur': 2.0328, 'N_ncdm': 1, 'm_ncdm': 0.06, 'T_ncdm': 0.71611, 'N_ncdm_decay_dr': 1, 'quadrature_strategy_ncdm_decay_dr': 3, 'ncdm_fluid_approximation': 3, 'maximum_q_ncdm_decay_dr': 15.0, 'background_method': 0, 'evolver': 1, 'N_momentum_bins_ncdm_decay_dr': 7, 'l_max_ncdm': 13, 'l_max_dr': 13, 'l_max_dr_col': 13, 'omega_b': 0.02259723, 'omega_cdm': 0.1717368, 'Neff_ini_dncdm': 0.574245, 'log10lifetime_ncdm_decay_dr': 2.013191, 'm_ncdm_decay_dr': 141.3359, 'H0': 50.20656, 'ln10^{10}A_s': 3.025698, 'n_s': 0.950955, 'tau_reio': 0.07045687, 'P_k_max_1/Mpc': 1.0}

[PARENT][Rank 59] | ERROR: Child process failed during CLASS computation
Model: {'lensing': 'yes', 'output': 'tCl,lCl,pCl,mPk', 'l_max_scalars': 2508, 'k_pivot': 0.05, 'N_ur': 2.0328, 'N_ncdm': 1, 'm_ncdm': 0.06, 'T_ncdm': 0.71611, 'N_ncdm_decay_dr': 1, 'quadrature_strategy_ncdm_decay_dr': 3, 'ncdm_fluid_approximation': 3, 'maximum_q_ncdm_decay_dr': 15.0, 'background_method': 0, 'evolver': 1, 'N_momentum_bins_ncdm_decay_dr': 7, 'l_max_ncdm': 13, 'l_max_dr': 13, 'l_max_dr_col': 13, 'omega_b': 0.02259723, 'omega_cdm': 0.1717368, 'Neff_ini_dncdm': 0.574245, 'log10lifetime_ncdm_decay_dr': 2.013191, 'm_ncdm_decay_dr': 141.3359, 'H0': 50.20656, 'ln10^{10}A_s': 3.025698, 'n_s': 0.950955, 'tau_reio': 0.07045687, 'P_k_max_1/Mpc': 1.0}
skipping to the next model...
[PARENT][Rank 47] | ERROR: Child process failed during likelihood calculation
Model: {'lensing': 'yes', 'output': 'tCl,lCl,pCl,mPk', 'l_max_scalars': 2508, 'k_pivot': 0.05, 'N_ur': 2.0328, 'N_ncdm': 1, 'm_ncdm': 0.06, 'T_ncdm': 0.71611, 'N_ncdm_decay_dr': 1, 'quadrature_strategy_ncdm_decay_dr': 3, 'ncdm_fluid_approximation': 3, 'maximum_q_ncdm_decay_dr': 15.0, 'background_method': 0, 'evolver': 1, 'N_momentum_bins_ncdm_decay_dr': 7, 'l_max_ncdm': 13, 'l_max_dr': 13, 'l_max_dr_col': 13, 'omega_b': 0.02271538, 'omega_cdm': 0.1646161, 'Neff_ini_dncdm': 0.4342508, 'log10lifetime_ncdm_decay_dr': 2.961723, 'm_ncdm_decay_dr': 246.4628, 'H0': 52.64868, 'ln10^{10}A_s': 2.939606, 'n_s': 0.9432347, 'tau_reio': 0.06174116, 'P_k_max_1/Mpc': 1.0}
skipping to the next model...
[PARENT][Rank 63] | ERROR: Failed to send or receive data to/from child process. Child process may have crashed.Possibly due to out-of-memory or other critical error during CLASS computation    .
Model: {'lensing': 'yes', 'output': 'tCl,lCl,pCl,mPk', 'l_max_scalars': 2508, 'k_pivot': 0.05, 'N_ur': 2.0328, 'N_ncdm': 1, 'm_ncdm': 0.06, 'T_ncdm': 0.71611, 'N_ncdm_decay_dr': 1, 'quadrature_strategy_ncdm_decay_dr': 3, 'ncdm_fluid_approximation': 3, 'maximum_q_ncdm_decay_dr': 15.0, 'background_method': 0, 'evolver': 1, 'N_momentum_bins_ncdm_decay_dr': 7, 'l_max_ncdm': 13, 'l_max_dr': 13, 'l_max_dr_col': 13, 'omega_b': 0.02293395, 'omega_cdm': 0.186489, 'Neff_ini_dncdm': 0.9140519, 'log10lifetime_ncdm_decay_dr': 2.000377, 'm_ncdm_decay_dr': 73.20366, 'H0': 45.30067, 'ln10^{10}A_s': 3.081956, 'n_s': 0.9332279, 'tau_reio': 0.08327396, 'P_k_max_1/Mpc': 1.0}
skipping to the next model...
[PARENT][Rank 63] | Exception: TimeoutError('Timeout while waiting for child to respond.')
[PARENT][Rank 112] | ERROR: Failed to send or receive data to/from child process. Child process may have crashed.Possibly due to out-of-memory or other critical error during CLASS computation    .
Model: {'lensing': 'yes', 'output': 'tCl,lCl,pCl,mPk', 'l_max_scalars': 2508, 'k_pivot': 0.05, 'N_ur': 2.0328, 'N_ncdm': 1, 'm_ncdm': 0.06, 'T_ncdm': 0.71611, 'N_ncdm_decay_dr': 1, 'quadrature_strategy_ncdm_decay_dr': 3, 'ncdm_fluid_approximation': 3, 'maximum_q_ncdm_decay_dr': 15.0, 'background_method': 0, 'evolver': 1, 'N_momentum_bins_ncdm_decay_dr': 7, 'l_max_ncdm': 13, 'l_max_dr': 13, 'l_max_dr_col': 13, 'omega_b': 0.02293395, 'omega_cdm': 0.186489, 'Neff_ini_dncdm': 0.9140519, 'log10lifetime_ncdm_decay_dr': 2.000377, 'm_ncdm_decay_dr': 73.20366, 'H0': 45.30067, 'ln10^{10}A_s': 3.081956, 'n_s': 0.9332279, 'tau_reio': 0.08327396, 'P_k_max_1/Mpc': 1.0}
skipping to the next model...
[PARENT][Rank 112] | Exception: TimeoutError('Timeout while waiting for child to respond.')
[PARENT][Rank 47] | ERROR: Child process failed during CLASS computation
Model: {'lensing': 'yes', 'output': 'tCl,lCl,pCl,mPk', 'l_max_scalars': 2508, 'k_pivot': 0.05, 'N_ur': 2.0328, 'N_ncdm': 1, 'm_ncdm': 0.06, 'T_ncdm': 0.71611, 'N_ncdm_decay_dr': 1, 'quadrature_strategy_ncdm_decay_dr': 3, 'ncdm_fluid_approximation': 3, 'maximum_q_ncdm_decay_dr': 15.0, 'background_method': 0, 'evolver': 1, 'N_momentum_bins_ncdm_decay_dr': 7, 'l_max_ncdm': 13, 'l_max_dr': 13, 'l_max_dr_col': 13, 'omega_b': 0.01947048, 'omega_cdm': 0.1841287, 'Neff_ini_dncdm': 2.220909, 'log10lifetime_ncdm_decay_dr': 4.084159, 'm_ncdm_decay_dr': 489.1702, 'H0': 41.40806, 'ln10^{10}A_s': 3.09009, 'n_s': 0.9347796, 'tau_reio': 0.1297147, 'P_k_max_1/Mpc': 1.0}
skipping to the next model...
[CHILD][Parent Rank 63] | The following model took too long to complete: 
params: {'lensing': 'yes', 'output': 'tCl,lCl,pCl,mPk', 'l_max_scalars': 2508, 'k_pivot': 0.05, 'N_ur': 2.0328, 'N_ncdm': 1, 'm_ncdm': 0.06, 'T_ncdm': 0.71611, 'N_ncdm_decay_dr': 1, 'quadrature_strategy_ncdm_decay_dr': 3, 'ncdm_fluid_approximation': 3, 'maximum_q_ncdm_decay_dr': 15.0, 'background_method': 0, 'evolver': 1, 'N_momentum_bins_ncdm_decay_dr': 7, 'l_max_ncdm': 13, 'l_max_dr': 13, 'l_max_dr_col': 13, 'omega_b': 0.02293395, 'omega_cdm': 0.186489, 'Neff_ini_dncdm': 0.9140519, 'log10lifetime_ncdm_decay_dr': 2.000377, 'm_ncdm_decay_dr': 73.20366, 'H0': 45.30067, 'ln10^{10}A_s': 3.081956, 'n_s': 0.9332279, 'tau_reio': 0.08327396, 'P_k_max_1/Mpc': 1.0}

[PARENT][Rank 63] | ERROR: Child process failed during CLASS computation
Model: {'lensing': 'yes', 'output': 'tCl,lCl,pCl,mPk', 'l_max_scalars': 2508, 'k_pivot': 0.05, 'N_ur': 2.0328, 'N_ncdm': 1, 'm_ncdm': 0.06, 'T_ncdm': 0.71611, 'N_ncdm_decay_dr': 1, 'quadrature_strategy_ncdm_decay_dr': 3, 'ncdm_fluid_approximation': 3, 'maximum_q_ncdm_decay_dr': 15.0, 'background_method': 0, 'evolver': 1, 'N_momentum_bins_ncdm_decay_dr': 7, 'l_max_ncdm': 13, 'l_max_dr': 13, 'l_max_dr_col': 13, 'omega_b': 0.01925526, 'omega_cdm': 0.1852428, 'Neff_ini_dncdm': 2.208454, 'log10lifetime_ncdm_decay_dr': 3.92722, 'm_ncdm_decay_dr': 512.123, 'H0': 40.90054, 'ln10^{10}A_s': 3.08473, 'n_s': 0.9286207, 'tau_reio': 0.1303617, 'P_k_max_1/Mpc': 1.0}
skipping to the next model...
[CHILD][Parent Rank 164] | The following model took too long to complete: 
params: {'lensing': 'yes', 'output': 'tCl,lCl,pCl,mPk', 'l_max_scalars': 2508, 'k_pivot': 0.05, 'N_ur': 2.0328, 'N_ncdm': 1, 'm_ncdm': 0.06, 'T_ncdm': 0.71611, 'N_ncdm_decay_dr': 1, 'quadrature_strategy_ncdm_decay_dr': 3, 'ncdm_fluid_approximation': 3, 'maximum_q_ncdm_decay_dr': 15.0, 'background_method': 0, 'evolver': 1, 'N_momentum_bins_ncdm_decay_dr': 7, 'l_max_ncdm': 13, 'l_max_dr': 13, 'l_max_dr_col': 13, 'omega_b': 0.023309281, 'omega_cdm': 0.1898974, 'Neff_ini_dncdm': 0.9661972, 'log10lifetime_ncdm_decay_dr': 2.02807, 'm_ncdm_decay_dr': 65.89184, 'H0': 44.43745, 'ln10^{10}A_s': 3.091008, 'n_s': 0.927695, 'tau_reio': 0.08318155, 'P_k_max_1/Mpc': 1.0}

[PARENT][Rank 69] | ERROR: Timeout while waiting for response from child process after CLASS computations. Child may be unresponsive.

[PARENT][Rank 163] | ERROR: Timeout while waiting for response from child process after CLASS computations. Child may be unresponsive.

[CHILD][Parent Rank 479] | The following model took too long to complete: 
params: {'lensing': 'yes', 'output': 'tCl,lCl,pCl,mPk', 'l_max_scalars': 2508, 'k_pivot': 0.05, 'N_ur': 2.0328, 'N_ncdm': 1, 'm_ncdm': 0.06, 'T_ncdm': 0.71611, 'N_ncdm_decay_dr': 1, 'quadrature_strategy_ncdm_decay_dr': 3, 'ncdm_fluid_approximation': 3, 'maximum_q_ncdm_decay_dr': 15.0, 'background_method': 0, 'evolver': 1, 'N_momentum_bins_ncdm_decay_dr': 7, 'l_max_ncdm': 13, 'l_max_dr': 13, 'l_max_dr_col': 13, 'omega_b': 0.02275323, 'omega_cdm': 0.182037, 'Neff_ini_dncdm': 0.8911618, 'log10lifetime_ncdm_decay_dr': 2.00223, 'm_ncdm_decay_dr': 86.76915, 'H0': 46.47986, 'ln10^{10}A_s': 3.071085, 'n_s': 0.939379, 'tau_reio': 0.08308057, 'P_k_max_1/Mpc': 1.0}

[PARENT][Rank 479] | ERROR: Child process failed during CLASS computation
Model: {'lensing': 'yes', 'output': 'tCl,lCl,pCl,mPk', 'l_max_scalars': 2508, 'k_pivot': 0.05, 'N_ur': 2.0328, 'N_ncdm': 1, 'm_ncdm': 0.06, 'T_ncdm': 0.71611, 'N_ncdm_decay_dr': 1, 'quadrature_strategy_ncdm_decay_dr': 3, 'ncdm_fluid_approximation': 3, 'maximum_q_ncdm_decay_dr': 15.0, 'background_method': 0, 'evolver': 1, 'N_momentum_bins_ncdm_decay_dr': 7, 'l_max_ncdm': 13, 'l_max_dr': 13, 'l_max_dr_col': 13, 'omega_b': 0.01985544, 'omega_cdm': 0.1789041, 'Neff_ini_dncdm': 2.154097, 'log10lifetime_ncdm_decay_dr': 4.029058, 'm_ncdm_decay_dr': 499.3489, 'H0': 43.44558, 'ln10^{10}A_s': 3.105093, 'n_s': 0.9650833, 'tau_reio': 0.1473619, 'P_k_max_1/Mpc': 1.0}
skipping to the next model...
[PARENT][Rank 63] | ERROR: Child process failed during CLASS computation
Model: {'lensing': 'yes', 'output': 'tCl,lCl,pCl,mPk', 'l_max_scalars': 2508, 'k_pivot': 0.05, 'N_ur': 2.0328, 'N_ncdm': 1, 'm_ncdm': 0.06, 'T_ncdm': 0.71611, 'N_ncdm_decay_dr': 1, 'quadrature_strategy_ncdm_decay_dr': 3, 'ncdm_fluid_approximation': 3, 'maximum_q_ncdm_decay_dr': 15.0, 'background_method': 0, 'evolver': 1, 'N_momentum_bins_ncdm_decay_dr': 7, 'l_max_ncdm': 13, 'l_max_dr': 13, 'l_max_dr_col': 13, 'omega_b': 0.01969769, 'omega_cdm': 0.1759698, 'Neff_ini_dncdm': 2.211825, 'log10lifetime_ncdm_decay_dr': 4.320772, 'm_ncdm_decay_dr': 459.5112, 'H0': 44.53232, 'ln10^{10}A_s': 3.014322, 'n_s': 0.9594067, 'tau_reio': 0.1222313, 'P_k_max_1/Mpc': 1.0}
skipping to the next model...
[PARENT][Rank 117] | ERROR: Failed to send or receive data to/from child process. Child process may have crashed.Possibly due to out-of-memory or other critical error during CLASS computation    .
Model: {'lensing': 'yes', 'output': 'tCl,lCl,pCl,mPk', 'l_max_scalars': 2508, 'k_pivot': 0.05, 'N_ur': 2.0328, 'N_ncdm': 1, 'm_ncdm': 0.06, 'T_ncdm': 0.71611, 'N_ncdm_decay_dr': 1, 'quadrature_strategy_ncdm_decay_dr': 3, 'ncdm_fluid_approximation': 3, 'maximum_q_ncdm_decay_dr': 15.0, 'background_method': 0, 'evolver': 1, 'N_momentum_bins_ncdm_decay_dr': 7, 'l_max_ncdm': 13, 'l_max_dr': 13, 'l_max_dr_col': 13, 'omega_b': 0.02267822, 'omega_cdm': 0.1710925, 'Neff_ini_dncdm': 0.5870818, 'log10lifetime_ncdm_decay_dr': 2.030117, 'm_ncdm_decay_dr': 142.9998, 'H0': 50.55959, 'ln10^{10}A_s': 3.024987, 'n_s': 0.951911, 'tau_reio': 0.07012943, 'P_k_max_1/Mpc': 1.0}
skipping to the next model...
[PARENT][Rank 117] | Exception: TimeoutError('Timeout while waiting for child to respond.')
[CHILD][Parent Rank 166] | The following model took too long to complete: 
params: {'lensing': 'yes', 'output': 'tCl,lCl,pCl,mPk', 'l_max_scalars': 2508, 'k_pivot': 0.05, 'N_ur': 2.0328, 'N_ncdm': 1, 'm_ncdm': 0.06, 'T_ncdm': 0.71611, 'N_ncdm_decay_dr': 1, 'quadrature_strategy_ncdm_decay_dr': 3, 'ncdm_fluid_approximation': 3, 'maximum_q_ncdm_decay_dr': 15.0, 'background_method': 0, 'evolver': 1, 'N_momentum_bins_ncdm_decay_dr': 7, 'l_max_ncdm': 13, 'l_max_dr': 13, 'l_max_dr_col': 13, 'omega_b': 0.0233084, 'omega_cdm': 0.1895159, 'Neff_ini_dncdm': 0.9625336, 'log10lifetime_ncdm_decay_dr': 2.018632, 'm_ncdm_decay_dr': 71.55104, 'H0': 44.68962, 'ln10^{10}A_s': 3.089253, 'n_s': 0.9309038, 'tau_reio': 0.08267057, 'P_k_max_1/Mpc': 1.0}

[PARENT][Rank 484] | ERROR: Failed to send or receive data to/from child process. Child process may have crashed.Possibly due to out-of-memory or other critical error during CLASS computation    .
Model: {'lensing': 'yes', 'output': 'tCl,lCl,pCl,mPk', 'l_max_scalars': 2508, 'k_pivot': 0.05, 'N_ur': 2.0328, 'N_ncdm': 1, 'm_ncdm': 0.06, 'T_ncdm': 0.71611, 'N_ncdm_decay_dr': 1, 'quadrature_strategy_ncdm_decay_dr': 3, 'ncdm_fluid_approximation': 3, 'maximum_q_ncdm_decay_dr': 15.0, 'background_method': 0, 'evolver': 1, 'N_momentum_bins_ncdm_decay_dr': 7, 'l_max_ncdm': 13, 'l_max_dr': 13, 'l_max_dr_col': 13, 'omega_b': 0.02322444, 'omega_cdm': 0.1650215, 'Neff_ini_dncdm': 0.4733246, 'log10lifetime_ncdm_decay_dr': 2.083367, 'm_ncdm_decay_dr': 173.4317, 'H0': 53.39792, 'ln10^{10}A_s': 3.011992, 'n_s': 0.9612055, 'tau_reio': 0.06814212, 'P_k_max_1/Mpc': 1.0}
skipping to the next model...
[PARENT][Rank 484] | Exception: TimeoutError('Timeout while waiting for child to respond.')
[CHILD][Parent Rank 484] | The following model took too long to complete: 
params: {'lensing': 'yes', 'output': 'tCl,lCl,pCl,mPk', 'l_max_scalars': 2508, 'k_pivot': 0.05, 'N_ur': 2.0328, 'N_ncdm': 1, 'm_ncdm': 0.06, 'T_ncdm': 0.71611, 'N_ncdm_decay_dr': 1, 'quadrature_strategy_ncdm_decay_dr': 3, 'ncdm_fluid_approximation': 3, 'maximum_q_ncdm_decay_dr': 15.0, 'background_method': 0, 'evolver': 1, 'N_momentum_bins_ncdm_decay_dr': 7, 'l_max_ncdm': 13, 'l_max_dr': 13, 'l_max_dr_col': 13, 'omega_b': 0.02322444, 'omega_cdm': 0.1650215, 'Neff_ini_dncdm': 0.4733246, 'log10lifetime_ncdm_decay_dr': 2.083367, 'm_ncdm_decay_dr': 173.4317, 'H0': 53.39792, 'ln10^{10}A_s': 3.011992, 'n_s': 0.9612055, 'tau_reio': 0.06814212, 'P_k_max_1/Mpc': 1.0}

[CHILD][Parent Rank 46] | The following model took too long to complete: 
params: {'lensing': 'yes', 'output': 'tCl,lCl,pCl,mPk', 'l_max_scalars': 2508, 'k_pivot': 0.05, 'N_ur': 2.0328, 'N_ncdm': 1, 'm_ncdm': 0.06, 'T_ncdm': 0.71611, 'N_ncdm_decay_dr': 1, 'quadrature_strategy_ncdm_decay_dr': 3, 'ncdm_fluid_approximation': 3, 'maximum_q_ncdm_decay_dr': 15.0, 'background_method': 0, 'evolver': 1, 'N_momentum_bins_ncdm_decay_dr': 7, 'l_max_ncdm': 13, 'l_max_dr': 13, 'l_max_dr_col': 13, 'omega_b': 0.0224615, 'omega_cdm': 0.1792573, 'Neff_ini_dncdm': 0.7891179, 'log10lifetime_ncdm_decay_dr': 2.002257, 'm_ncdm_decay_dr': 101.6172, 'H0': 47.1047, 'ln10^{10}A_s': 3.051402, 'n_s': 0.9400398, 'tau_reio': 0.076323, 'P_k_max_1/Mpc': 1.0}

[PARENT][Rank 484] | ERROR: Child process failed during CLASS computation
Model: {'lensing': 'yes', 'output': 'tCl,lCl,pCl,mPk', 'l_max_scalars': 2508, 'k_pivot': 0.05, 'N_ur': 2.0328, 'N_ncdm': 1, 'm_ncdm': 0.06, 'T_ncdm': 0.71611, 'N_ncdm_decay_dr': 1, 'quadrature_strategy_ncdm_decay_dr': 3, 'ncdm_fluid_approximation': 3, 'maximum_q_ncdm_decay_dr': 15.0, 'background_method': 0, 'evolver': 1, 'N_momentum_bins_ncdm_decay_dr': 7, 'l_max_ncdm': 13, 'l_max_dr': 13, 'l_max_dr_col': 13, 'omega_b': 0.0189163, 'omega_cdm': 0.1820056, 'Neff_ini_dncdm': 2.145215, 'log10lifetime_ncdm_decay_dr': 4.38711, 'm_ncdm_decay_dr': 491.2374, 'H0': 41.46665, 'ln10^{10}A_s': 3.034082, 'n_s': 0.9508544, 'tau_reio': 0.1267708, 'P_k_max_1/Mpc': 1.0}
skipping to the next model...
[PARENT][Rank 46] | ERROR: Child process failed during CLASS computation
Model: {'lensing': 'yes', 'output': 'tCl,lCl,pCl,mPk', 'l_max_scalars': 2508, 'k_pivot': 0.05, 'N_ur': 2.0328, 'N_ncdm': 1, 'm_ncdm': 0.06, 'T_ncdm': 0.71611, 'N_ncdm_decay_dr': 1, 'quadrature_strategy_ncdm_decay_dr': 3, 'ncdm_fluid_approximation': 3, 'maximum_q_ncdm_decay_dr': 15.0, 'background_method': 0, 'evolver': 1, 'N_momentum_bins_ncdm_decay_dr': 7, 'l_max_ncdm': 13, 'l_max_dr': 13, 'l_max_dr_col': 13, 'omega_b': 0.019185629, 'omega_cdm': 0.1863516, 'Neff_ini_dncdm': 1.981411, 'log10lifetime_ncdm_decay_dr': 3.940411, 'm_ncdm_decay_dr': 461.8934, 'H0': 40.30379, 'ln10^{10}A_s': 3.104305, 'n_s': 0.9397569, 'tau_reio': 0.1381535, 'P_k_max_1/Mpc': 1.0}
skipping to the next model...
[CHILD][Parent Rank 49] | ERROR: Timeout while waiting for message.
Exiting safely.
[PARENT][Rank 170] | ERROR: Failed to send or receive data to/from child process. Child process may have crashed.Possibly due to out-of-memory or other critical error during CLASS computation    .
Model: {'lensing': 'yes', 'output': 'tCl,lCl,pCl,mPk', 'l_max_scalars': 2508, 'k_pivot': 0.05, 'N_ur': 2.0328, 'N_ncdm': 1, 'm_ncdm': 0.06, 'T_ncdm': 0.71611, 'N_ncdm_decay_dr': 1, 'quadrature_strategy_ncdm_decay_dr': 3, 'ncdm_fluid_approximation': 3, 'maximum_q_ncdm_decay_dr': 15.0, 'background_method': 0, 'evolver': 1, 'N_momentum_bins_ncdm_decay_dr': 7, 'l_max_ncdm': 13, 'l_max_dr': 13, 'l_max_dr_col': 13, 'omega_b': 0.02293395, 'omega_cdm': 0.186489, 'Neff_ini_dncdm': 0.9140519, 'log10lifetime_ncdm_decay_dr': 2.000377, 'm_ncdm_decay_dr': 73.20366, 'H0': 45.30067, 'ln10^{10}A_s': 3.081956, 'n_s': 0.9332279, 'tau_reio': 0.08327396, 'P_k_max_1/Mpc': 1.0}
skipping to the next model...
[PARENT][Rank 170] | Exception: TimeoutError('Timeout while waiting for child to respond.')
[CHILD][Parent Rank 164] | ERROR: Timeout while waiting for message.
Exiting safely.
[PARENT][Rank 113] | ERROR: Unexpected error during PING-PONG check: TimeoutError('Timeout while waiting for child to respond.')Attemping to respawn child process...
[PARENT][Rank 113] | WARNING: Child process died or is unresponsive. Respawning...
[PARENT][Rank 225] | ERROR: Unexpected error during PING-PONG check: TimeoutError('Timeout while waiting for child to respond.')Attemping to respawn child process...
[PARENT][Rank 225] | WARNING: Child process died or is unresponsive. Respawning...
[CHILD][Parent Rank 166] | ERROR: Timeout while waiting for message.
Exiting safely.
[CHILD][Parent Rank 480] | ERROR: Timeout while waiting for message.
Exiting safely.
[PARENT][Rank 167] | ERROR: Failed to send or receive data to/from child process. Child process may have crashed.Possibly due to out-of-memory or other critical error during CLASS computation    .
Model: {'lensing': 'yes', 'output': 'tCl,lCl,pCl,mPk', 'l_max_scalars': 2508, 'k_pivot': 0.05, 'N_ur': 2.0328, 'N_ncdm': 1, 'm_ncdm': 0.06, 'T_ncdm': 0.71611, 'N_ncdm_decay_dr': 1, 'quadrature_strategy_ncdm_decay_dr': 3, 'ncdm_fluid_approximation': 3, 'maximum_q_ncdm_decay_dr': 15.0, 'background_method': 0, 'evolver': 1, 'N_momentum_bins_ncdm_decay_dr': 7, 'l_max_ncdm': 13, 'l_max_dr': 13, 'l_max_dr_col': 13, 'omega_b': 0.02293395, 'omega_cdm': 0.186489, 'Neff_ini_dncdm': 0.9140519, 'log10lifetime_ncdm_decay_dr': 2.000377, 'm_ncdm_decay_dr': 73.20366, 'H0': 45.30067, 'ln10^{10}A_s': 3.081956, 'n_s': 0.9332279, 'tau_reio': 0.08327396, 'P_k_max_1/Mpc': 1.0}
skipping to the next model...
[PARENT][Rank 167] | Exception: TimeoutError('Timeout while waiting for child to respond.')
[PARENT][Rank 225] | [INFO] Successfully respawned child process.
[PARENT][Rank 225] | [IDLE] Waiting for master to send 'Done'.
[PARENT][Rank 113] | [INFO] Successfully respawned child process.
[PARENT][Rank 162] | ERROR: Failed to send or receive data to/from child process. Child process may have crashed.Possibly due to out-of-memory or other critical error during CLASS computation    .
Model: {'lensing': 'yes', 'output': 'tCl,lCl,pCl,mPk', 'l_max_scalars': 2508, 'k_pivot': 0.05, 'N_ur': 2.0328, 'N_ncdm': 1, 'm_ncdm': 0.06, 'T_ncdm': 0.71611, 'N_ncdm_decay_dr': 1, 'quadrature_strategy_ncdm_decay_dr': 3, 'ncdm_fluid_approximation': 3, 'maximum_q_ncdm_decay_dr': 15.0, 'background_method': 0, 'evolver': 1, 'N_momentum_bins_ncdm_decay_dr': 7, 'l_max_ncdm': 13, 'l_max_dr': 13, 'l_max_dr_col': 13, 'omega_b': 0.022896111, 'omega_cdm': 0.1626146, 'Neff_ini_dncdm': 0.5145503, 'log10lifetime_ncdm_decay_dr': 2.69983, 'm_ncdm_decay_dr': 238.9157, 'H0': 53.69736, 'ln10^{10}A_s': 2.977364, 'n_s': 0.9538528, 'tau_reio': 0.07617016, 'P_k_max_1/Mpc': 1.0}
skipping to the next model...
[PARENT][Rank 162] | Exception: TimeoutError('Timeout while waiting for child to respond.')
[PARENT][Rank 68] | ERROR: Timeout while waiting for PONG response from child process. Child may be unresponsive.
Respawning child process...
[PARENT][Rank 68] | WARNING: Child process died or is unresponsive. Respawning...
[PARENT][Rank 68] | [INFO] Successfully respawned child process.
[PARENT][Rank 115] | ERROR: Timeout while waiting for PONG response from child process. Child may be unresponsive.
Respawning child process...
[PARENT][Rank 115] | WARNING: Child process died or is unresponsive. Respawning...
[PARENT][Rank 115] | [INFO] Successfully respawned child process.
[PARENT][Rank 119] | ERROR: Failed to send or receive data to/from child process. Child process may have crashed.Possibly due to out-of-memory or other critical error during CLASS computation    .
Model: {'lensing': 'yes', 'output': 'tCl,lCl,pCl,mPk', 'l_max_scalars': 2508, 'k_pivot': 0.05, 'N_ur': 2.0328, 'N_ncdm': 1, 'm_ncdm': 0.06, 'T_ncdm': 0.71611, 'N_ncdm_decay_dr': 1, 'quadrature_strategy_ncdm_decay_dr': 3, 'ncdm_fluid_approximation': 3, 'maximum_q_ncdm_decay_dr': 15.0, 'background_method': 0, 'evolver': 1, 'N_momentum_bins_ncdm_decay_dr': 7, 'l_max_ncdm': 13, 'l_max_dr': 13, 'l_max_dr_col': 13, 'omega_b': 0.02293395, 'omega_cdm': 0.186489, 'Neff_ini_dncdm': 0.9140519, 'log10lifetime_ncdm_decay_dr': 2.000377, 'm_ncdm_decay_dr': 73.20366, 'H0': 45.30067, 'ln10^{10}A_s': 3.081956, 'n_s': 0.9332279, 'tau_reio': 0.08327396, 'P_k_max_1/Mpc': 1.0}
skipping to the next model...
[PARENT][Rank 119] | Exception: TimeoutError('Timeout while waiting for child to respond.')
[PARENT][Rank 120] | ERROR: Failed to send or receive data to/from child process. Child process may have crashed.Possibly due to out-of-memory or other critical error during CLASS computation    .
Model: {'lensing': 'yes', 'output': 'tCl,lCl,pCl,mPk', 'l_max_scalars': 2508, 'k_pivot': 0.05, 'N_ur': 2.0328, 'N_ncdm': 1, 'm_ncdm': 0.06, 'T_ncdm': 0.71611, 'N_ncdm_decay_dr': 1, 'quadrature_strategy_ncdm_decay_dr': 3, 'ncdm_fluid_approximation': 3, 'maximum_q_ncdm_decay_dr': 15.0, 'background_method': 0, 'evolver': 1, 'N_momentum_bins_ncdm_decay_dr': 7, 'l_max_ncdm': 13, 'l_max_dr': 13, 'l_max_dr_col': 13, 'omega_b': 0.02293395, 'omega_cdm': 0.186489, 'Neff_ini_dncdm': 0.9140519, 'log10lifetime_ncdm_decay_dr': 2.000377, 'm_ncdm_decay_dr': 73.20366, 'H0': 45.30067, 'ln10^{10}A_s': 3.081956, 'n_s': 0.9332279, 'tau_reio': 0.08327396, 'P_k_max_1/Mpc': 1.0}
skipping to the next model...
[PARENT][Rank 120] | Exception: TimeoutError('Timeout while waiting for child to respond.')
[CHILD][Parent Rank 483] | ERROR: Timeout while waiting for message.
Exiting safely.
[CHILD][Parent Rank 118] | ERROR: Timeout while waiting for message.
Exiting safely.
[CHILD][Parent Rank 65] | ERROR: Timeout while waiting for message.
Exiting safely.
[CHILD][Parent Rank 225] | ERROR: Timeout while waiting for message.
Exiting safely.
[CHILD][Parent Rank 393] | The following model took too long to complete: 
params: {'lensing': 'yes', 'output': 'tCl,lCl,pCl,mPk', 'l_max_scalars': 2508, 'k_pivot': 0.05, 'N_ur': 2.0328, 'N_ncdm': 1, 'm_ncdm': 0.06, 'T_ncdm': 0.71611, 'N_ncdm_decay_dr': 1, 'quadrature_strategy_ncdm_decay_dr': 3, 'ncdm_fluid_approximation': 3, 'maximum_q_ncdm_decay_dr': 15.0, 'background_method': 0, 'evolver': 1, 'N_momentum_bins_ncdm_decay_dr': 7, 'l_max_ncdm': 13, 'l_max_dr': 13, 'l_max_dr_col': 13, 'omega_b': 0.02300196, 'omega_cdm': 0.1592031, 'Neff_ini_dncdm': 0.4368125, 'log10lifetime_ncdm_decay_dr': 2.363439, 'm_ncdm_decay_dr': 196.7235, 'H0': 55.5994, 'ln10^{10}A_s': 2.975041, 'n_s': 0.9752246, 'tau_reio': 0.06948144, 'P_k_max_1/Mpc': 1.0}

[CHILD][Parent Rank 117] | The following model took too long to complete: 
params: {'lensing': 'yes', 'output': 'tCl,lCl,pCl,mPk', 'l_max_scalars': 2508, 'k_pivot': 0.05, 'N_ur': 2.0328, 'N_ncdm': 1, 'm_ncdm': 0.06, 'T_ncdm': 0.71611, 'N_ncdm_decay_dr': 1, 'quadrature_strategy_ncdm_decay_dr': 3, 'ncdm_fluid_approximation': 3, 'maximum_q_ncdm_decay_dr': 15.0, 'background_method': 0, 'evolver': 1, 'N_momentum_bins_ncdm_decay_dr': 7, 'l_max_ncdm': 13, 'l_max_dr': 13, 'l_max_dr_col': 13, 'omega_b': 0.02267822, 'omega_cdm': 0.1710925, 'Neff_ini_dncdm': 0.5870818, 'log10lifetime_ncdm_decay_dr': 2.030117, 'm_ncdm_decay_dr': 142.9998, 'H0': 50.55959, 'ln10^{10}A_s': 3.024987, 'n_s': 0.951911, 'tau_reio': 0.07012943, 'P_k_max_1/Mpc': 1.0}

[PARENT][Rank 117] | ERROR: Child process failed during CLASS computation
Model: {'lensing': 'yes', 'output': 'tCl,lCl,pCl,mPk', 'l_max_scalars': 2508, 'k_pivot': 0.05, 'N_ur': 2.0328, 'N_ncdm': 1, 'm_ncdm': 0.06, 'T_ncdm': 0.71611, 'N_ncdm_decay_dr': 1, 'quadrature_strategy_ncdm_decay_dr': 3, 'ncdm_fluid_approximation': 3, 'maximum_q_ncdm_decay_dr': 15.0, 'background_method': 0, 'evolver': 1, 'N_momentum_bins_ncdm_decay_dr': 7, 'l_max_ncdm': 13, 'l_max_dr': 13, 'l_max_dr_col': 13, 'omega_b': 0.01886145, 'omega_cdm': 0.182332, 'Neff_ini_dncdm': 2.290316, 'log10lifetime_ncdm_decay_dr': 4.022705, 'm_ncdm_decay_dr': 481.5316, 'H0': 41.45653, 'ln10^{10}A_s': 3.045272, 'n_s': 0.9488312, 'tau_reio': 0.1402647, 'P_k_max_1/Mpc': 1.0}
skipping to the next model...
[PARENT][Rank 164] | ERROR: Unexpected error during PING-PONG check: TimeoutError('Timeout while waiting for child to respond.')Attemping to respawn child process...
[PARENT][Rank 164] | WARNING: Child process died or is unresponsive. Respawning...
[PARENT][Rank 164] | [INFO] Successfully respawned child process.
[CHILD][Parent Rank 69] | The following model took too long to complete: 
params: {'lensing': 'yes', 'output': 'tCl,lCl,pCl,mPk', 'l_max_scalars': 2508, 'k_pivot': 0.05, 'N_ur': 2.0328, 'N_ncdm': 1, 'm_ncdm': 0.06, 'T_ncdm': 0.71611, 'N_ncdm_decay_dr': 1, 'quadrature_strategy_ncdm_decay_dr': 3, 'ncdm_fluid_approximation': 3, 'maximum_q_ncdm_decay_dr': 15.0, 'background_method': 0, 'evolver': 1, 'N_momentum_bins_ncdm_decay_dr': 7, 'l_max_ncdm': 13, 'l_max_dr': 13, 'l_max_dr_col': 13, 'omega_b': 0.022691289, 'omega_cdm': 0.1736694, 'Neff_ini_dncdm': 0.6574165, 'log10lifetime_ncdm_decay_dr': 2.007541, 'm_ncdm_decay_dr': 125.9052, 'H0': 49.47026, 'ln10^{10}A_s': 3.034827, 'n_s': 0.9487813, 'tau_reio': 0.07407972, 'P_k_max_1/Mpc': 1.0}

[PARENT][Rank 69] | ERROR: Child process failed during CLASS computation
Model: {'lensing': 'yes', 'output': 'tCl,lCl,pCl,mPk', 'l_max_scalars': 2508, 'k_pivot': 0.05, 'N_ur': 2.0328, 'N_ncdm': 1, 'm_ncdm': 0.06, 'T_ncdm': 0.71611, 'N_ncdm_decay_dr': 1, 'quadrature_strategy_ncdm_decay_dr': 3, 'ncdm_fluid_approximation': 3, 'maximum_q_ncdm_decay_dr': 15.0, 'background_method': 0, 'evolver': 1, 'N_momentum_bins_ncdm_decay_dr': 7, 'l_max_ncdm': 13, 'l_max_dr': 13, 'l_max_dr_col': 13, 'omega_b': 0.01984749, 'omega_cdm': 0.1753122, 'Neff_ini_dncdm': 2.276749, 'log10lifetime_ncdm_decay_dr': 4.200545, 'm_ncdm_decay_dr': 462.6393, 'H0': 44.90118, 'ln10^{10}A_s': 3.024063, 'n_s': 0.9602312, 'tau_reio': 0.1286451, 'P_k_max_1/Mpc': 1.0}
skipping to the next model...
[CHILD][Parent Rank 393] | ERROR: Timeout while waiting for message.
Exiting safely.
[PARENT][Rank 109] | ERROR: Failed to send or receive data to/from child process. Child process may have crashed.Possibly due to out-of-memory or other critical error during CLASS computation    .
Model: {'lensing': 'yes', 'output': 'tCl,lCl,pCl,mPk', 'l_max_scalars': 2508, 'k_pivot': 0.05, 'N_ur': 2.0328, 'N_ncdm': 1, 'm_ncdm': 0.06, 'T_ncdm': 0.71611, 'N_ncdm_decay_dr': 1, 'quadrature_strategy_ncdm_decay_dr': 3, 'ncdm_fluid_approximation': 3, 'maximum_q_ncdm_decay_dr': 15.0, 'background_method': 0, 'evolver': 1, 'N_momentum_bins_ncdm_decay_dr': 7, 'l_max_ncdm': 13, 'l_max_dr': 13, 'l_max_dr_col': 13, 'omega_b': 0.02244856, 'omega_cdm': 0.161829, 'Neff_ini_dncdm': 0.9522722, 'log10lifetime_ncdm_decay_dr': 3.695641, 'm_ncdm_decay_dr': 322.2768, 'H0': 53.37869, 'ln10^{10}A_s': 2.871139, 'n_s': 0.9380761, 'tau_reio': 0.09283266, 'P_k_max_1/Mpc': 1.0}
skipping to the next model...
[PARENT][Rank 109] | Exception: TimeoutError('Timeout while waiting for child to respond.')
[CHILD][Parent Rank 116] | ERROR: Timeout while waiting for message.
Exiting safely.
[PARENT][Rank 166] | ERROR: Unexpected error during PING-PONG check: TimeoutError('Timeout while waiting for child to respond.')Attemping to respawn child process...
[PARENT][Rank 166] | WARNING: Child process died or is unresponsive. Respawning...
[CHILD][Parent Rank 170] | The following model took too long to complete: 
params: {'lensing': 'yes', 'output': 'tCl,lCl,pCl,mPk', 'l_max_scalars': 2508, 'k_pivot': 0.05, 'N_ur': 2.0328, 'N_ncdm': 1, 'm_ncdm': 0.06, 'T_ncdm': 0.71611, 'N_ncdm_decay_dr': 1, 'quadrature_strategy_ncdm_decay_dr': 3, 'ncdm_fluid_approximation': 3, 'maximum_q_ncdm_decay_dr': 15.0, 'background_method': 0, 'evolver': 1, 'N_momentum_bins_ncdm_decay_dr': 7, 'l_max_ncdm': 13, 'l_max_dr': 13, 'l_max_dr_col': 13, 'omega_b': 0.02313906, 'omega_cdm': 0.1858684, 'Neff_ini_dncdm': 0.9259543, 'log10lifetime_ncdm_decay_dr': 2.003303, 'm_ncdm_decay_dr': 80.6493, 'H0': 45.87724, 'ln10^{10}A_s': 3.082037, 'n_s': 0.9360689, 'tau_reio': 0.08349602, 'P_k_max_1/Mpc': 1.0}

[PARENT][Rank 166] | [INFO] Successfully respawned child process.
[CHILD][Parent Rank 172] | The following model took too long to complete: 
params: {'lensing': 'yes', 'output': 'tCl,lCl,pCl,mPk', 'l_max_scalars': 2508, 'k_pivot': 0.05, 'N_ur': 2.0328, 'N_ncdm': 1, 'm_ncdm': 0.06, 'T_ncdm': 0.71611, 'N_ncdm_decay_dr': 1, 'quadrature_strategy_ncdm_decay_dr': 3, 'ncdm_fluid_approximation': 3, 'maximum_q_ncdm_decay_dr': 15.0, 'background_method': 0, 'evolver': 1, 'N_momentum_bins_ncdm_decay_dr': 7, 'l_max_ncdm': 13, 'l_max_dr': 13, 'l_max_dr_col': 13, 'omega_b': 0.02238595, 'omega_cdm': 0.1608325, 'Neff_ini_dncdm': 0.9496888, 'log10lifetime_ncdm_decay_dr': 3.66445, 'm_ncdm_decay_dr': 305.8522, 'H0': 53.67047, 'ln10^{10}A_s': 2.891722, 'n_s': 0.9403087, 'tau_reio': 0.1014559, 'P_k_max_1/Mpc': 1.0}

[PARENT][Rank 221] | ERROR: Timeout while waiting for PONG response from child process. Child may be unresponsive.
Respawning child process...
[PARENT][Rank 221] | WARNING: Child process died or is unresponsive. Respawning...
[CHILD][Parent Rank 68] | ERROR: Timeout while waiting for message.
Exiting safely.
[PARENT][Rank 221] | [INFO] Successfully respawned child process.
[CHILD][Parent Rank 171] | ERROR: Timeout while waiting for message.
Exiting safely.
[PARENT][Rank 110] | ERROR: Failed to send or receive data to/from child process. Child process may have crashed.Possibly due to out-of-memory or other critical error during CLASS computation    .
Model: {'lensing': 'yes', 'output': 'tCl,lCl,pCl,mPk', 'l_max_scalars': 2508, 'k_pivot': 0.05, 'N_ur': 2.0328, 'N_ncdm': 1, 'm_ncdm': 0.06, 'T_ncdm': 0.71611, 'N_ncdm_decay_dr': 1, 'quadrature_strategy_ncdm_decay_dr': 3, 'ncdm_fluid_approximation': 3, 'maximum_q_ncdm_decay_dr': 15.0, 'background_method': 0, 'evolver': 1, 'N_momentum_bins_ncdm_decay_dr': 7, 'l_max_ncdm': 13, 'l_max_dr': 13, 'l_max_dr_col': 13, 'omega_b': 0.02242281, 'omega_cdm': 0.1620597, 'Neff_ini_dncdm': 1.530961, 'log10lifetime_ncdm_decay_dr': 3.722713, 'm_ncdm_decay_dr': 296.5574, 'H0': 52.76216, 'ln10^{10}A_s': 2.951263, 'n_s': 0.9470559, 'tau_reio': 0.1337335, 'P_k_max_1/Mpc': 1.0}
skipping to the next model...
[PARENT][Rank 110] | Exception: TimeoutError('Timeout while waiting for child to respond.')
[PARENT][Rank 216] | ERROR: Timeout while waiting for PONG response from child process. Child may be unresponsive.
Respawning child process...
[PARENT][Rank 216] | WARNING: Child process died or is unresponsive. Respawning...
[PARENT][Rank 114] | ERROR: Timeout while waiting for PONG response from child process. Child may be unresponsive.
Respawning child process...
[PARENT][Rank 114] | WARNING: Child process died or is unresponsive. Respawning...
[PARENT][Rank 216] | [INFO] Successfully respawned child process.
[CHILD][Parent Rank 170] | ERROR: Timeout while waiting for message.
Exiting safely.
[PARENT][Rank 114] | [INFO] Successfully respawned child process.
[CHILD][Parent Rank 174] | ERROR: Timeout while waiting for message.
Exiting safely.
[CHILD][Parent Rank 113] | ERROR: Timeout while waiting for message.
Exiting safely.
[CHILD][Parent Rank 172] | ERROR: Timeout while waiting for message.
Exiting safely.
[CHILD][Parent Rank 119] | The following model took too long to complete: 
params: {'lensing': 'yes', 'output': 'tCl,lCl,pCl,mPk', 'l_max_scalars': 2508, 'k_pivot': 0.05, 'N_ur': 2.0328, 'N_ncdm': 1, 'm_ncdm': 0.06, 'T_ncdm': 0.71611, 'N_ncdm_decay_dr': 1, 'quadrature_strategy_ncdm_decay_dr': 3, 'ncdm_fluid_approximation': 3, 'maximum_q_ncdm_decay_dr': 15.0, 'background_method': 0, 'evolver': 1, 'N_momentum_bins_ncdm_decay_dr': 7, 'l_max_ncdm': 13, 'l_max_dr': 13, 'l_max_dr_col': 13, 'omega_b': 0.02293395, 'omega_cdm': 0.186489, 'Neff_ini_dncdm': 0.9140519, 'log10lifetime_ncdm_decay_dr': 2.000377, 'm_ncdm_decay_dr': 73.20366, 'H0': 45.30067, 'ln10^{10}A_s': 3.081956, 'n_s': 0.9332279, 'tau_reio': 0.08327396, 'P_k_max_1/Mpc': 1.0}

[PARENT][Rank 119] | ERROR: Child process failed during CLASS computation
Model: {'lensing': 'yes', 'output': 'tCl,lCl,pCl,mPk', 'l_max_scalars': 2508, 'k_pivot': 0.05, 'N_ur': 2.0328, 'N_ncdm': 1, 'm_ncdm': 0.06, 'T_ncdm': 0.71611, 'N_ncdm_decay_dr': 1, 'quadrature_strategy_ncdm_decay_dr': 3, 'ncdm_fluid_approximation': 3, 'maximum_q_ncdm_decay_dr': 15.0, 'background_method': 0, 'evolver': 1, 'N_momentum_bins_ncdm_decay_dr': 7, 'l_max_ncdm': 13, 'l_max_dr': 13, 'l_max_dr_col': 13, 'omega_b': 0.01894333, 'omega_cdm': 0.177747, 'Neff_ini_dncdm': 2.710739, 'log10lifetime_ncdm_decay_dr': 5.08135, 'm_ncdm_decay_dr': 373.7807, 'H0': 43.28466, 'ln10^{10}A_s': 3.026898, 'n_s': 0.9617844, 'tau_reio': 0.1521769, 'P_k_max_1/Mpc': 1.0}
skipping to the next model...
[CHILD][Parent Rank 161] | The following model took too long to complete: 
params: {'lensing': 'yes', 'output': 'tCl,lCl,pCl,mPk', 'l_max_scalars': 2508, 'k_pivot': 0.05, 'N_ur': 2.0328, 'N_ncdm': 1, 'm_ncdm': 0.06, 'T_ncdm': 0.71611, 'N_ncdm_decay_dr': 1, 'quadrature_strategy_ncdm_decay_dr': 3, 'ncdm_fluid_approximation': 3, 'maximum_q_ncdm_decay_dr': 15.0, 'background_method': 0, 'evolver': 1, 'N_momentum_bins_ncdm_decay_dr': 7, 'l_max_ncdm': 13, 'l_max_dr': 13, 'l_max_dr_col': 13, 'omega_b': 0.0224615, 'omega_cdm': 0.1792573, 'Neff_ini_dncdm': 0.7891179, 'log10lifetime_ncdm_decay_dr': 2.002257, 'm_ncdm_decay_dr': 101.6172, 'H0': 47.1047, 'ln10^{10}A_s': 3.051402, 'n_s': 0.9400398, 'tau_reio': 0.076323, 'P_k_max_1/Mpc': 1.0}

[PARENT][Rank 161] | ERROR: Child process failed during CLASS computation
Model: {'lensing': 'yes', 'output': 'tCl,lCl,pCl,mPk', 'l_max_scalars': 2508, 'k_pivot': 0.05, 'N_ur': 2.0328, 'N_ncdm': 1, 'm_ncdm': 0.06, 'T_ncdm': 0.71611, 'N_ncdm_decay_dr': 1, 'quadrature_strategy_ncdm_decay_dr': 3, 'ncdm_fluid_approximation': 3, 'maximum_q_ncdm_decay_dr': 15.0, 'background_method': 0, 'evolver': 1, 'N_momentum_bins_ncdm_decay_dr': 7, 'l_max_ncdm': 13, 'l_max_dr': 13, 'l_max_dr_col': 13, 'omega_b': 0.01934035, 'omega_cdm': 0.1848737, 'Neff_ini_dncdm': 2.366118, 'log10lifetime_ncdm_decay_dr': 4.269045, 'm_ncdm_decay_dr': 472.3176, 'H0': 41.16629, 'ln10^{10}A_s': 3.045513, 'n_s': 0.938877, 'tau_reio': 0.1223331, 'P_k_max_1/Mpc': 1.0}
skipping to the next model...
[PARENT][Rank 119] | ERROR: Child process failed during CLASS computation
Model: {'lensing': 'yes', 'output': 'tCl,lCl,pCl,mPk', 'l_max_scalars': 2508, 'k_pivot': 0.05, 'N_ur': 2.0328, 'N_ncdm': 1, 'm_ncdm': 0.06, 'T_ncdm': 0.71611, 'N_ncdm_decay_dr': 1, 'quadrature_strategy_ncdm_decay_dr': 3, 'ncdm_fluid_approximation': 3, 'maximum_q_ncdm_decay_dr': 15.0, 'background_method': 0, 'evolver': 1, 'N_momentum_bins_ncdm_decay_dr': 7, 'l_max_ncdm': 13, 'l_max_dr': 13, 'l_max_dr_col': 13, 'omega_b': 0.020735718, 'omega_cdm': 0.1642775, 'Neff_ini_dncdm': 2.755924, 'log10lifetime_ncdm_decay_dr': 5.749935, 'm_ncdm_decay_dr': 404.0781, 'H0': 49.98924, 'ln10^{10}A_s': 2.997149, 'n_s': 0.9810201, 'tau_reio': 0.1548059, 'P_k_max_1/Mpc': 1.0}
skipping to the next model...
[CHILD][Parent Rank 167] | The following model took too long to complete: 
params: {'lensing': 'yes', 'output': 'tCl,lCl,pCl,mPk', 'l_max_scalars': 2508, 'k_pivot': 0.05, 'N_ur': 2.0328, 'N_ncdm': 1, 'm_ncdm': 0.06, 'T_ncdm': 0.71611, 'N_ncdm_decay_dr': 1, 'quadrature_strategy_ncdm_decay_dr': 3, 'ncdm_fluid_approximation': 3, 'maximum_q_ncdm_decay_dr': 15.0, 'background_method': 0, 'evolver': 1, 'N_momentum_bins_ncdm_decay_dr': 7, 'l_max_ncdm': 13, 'l_max_dr': 13, 'l_max_dr_col': 13, 'omega_b': 0.02293395, 'omega_cdm': 0.186489, 'Neff_ini_dncdm': 0.9140519, 'log10lifetime_ncdm_decay_dr': 2.000377, 'm_ncdm_decay_dr': 73.20366, 'H0': 45.30067, 'ln10^{10}A_s': 3.081956, 'n_s': 0.9332279, 'tau_reio': 0.08327396, 'P_k_max_1/Mpc': 1.0}

[PARENT][Rank 167] | ERROR: Child process failed during CLASS computation
Model: {'lensing': 'yes', 'output': 'tCl,lCl,pCl,mPk', 'l_max_scalars': 2508, 'k_pivot': 0.05, 'N_ur': 2.0328, 'N_ncdm': 1, 'm_ncdm': 0.06, 'T_ncdm': 0.71611, 'N_ncdm_decay_dr': 1, 'quadrature_strategy_ncdm_decay_dr': 3, 'ncdm_fluid_approximation': 3, 'maximum_q_ncdm_decay_dr': 15.0, 'background_method': 0, 'evolver': 1, 'N_momentum_bins_ncdm_decay_dr': 7, 'l_max_ncdm': 13, 'l_max_dr': 13, 'l_max_dr_col': 13, 'omega_b': 0.020215621, 'omega_cdm': 0.1651299, 'Neff_ini_dncdm': 2.092135, 'log10lifetime_ncdm_decay_dr': 5.139002, 'm_ncdm_decay_dr': 419.4115, 'H0': 49.57198, 'ln10^{10}A_s': 3.044329, 'n_s': 0.9926356, 'tau_reio': 0.1785166, 'P_k_max_1/Mpc': 1.0}
skipping to the next model...
[PARENT][Rank 112] | ERROR: Unexpected error during PING-PONG check: TimeoutError('Timeout while waiting for child to respond.')Attemping to respawn child process...
[PARENT][Rank 112] | WARNING: Child process died or is unresponsive. Respawning...
[CHILD][Parent Rank 221] | ERROR: Timeout while waiting for message.
Exiting safely.
[CHILD][Parent Rank 167] | The following model took too long to complete: 
params: {'lensing': 'yes', 'output': 'tCl,lCl,pCl,mPk', 'l_max_scalars': 2508, 'k_pivot': 0.05, 'N_ur': 2.0328, 'N_ncdm': 1, 'm_ncdm': 0.06, 'T_ncdm': 0.71611, 'N_ncdm_decay_dr': 1, 'quadrature_strategy_ncdm_decay_dr': 3, 'ncdm_fluid_approximation': 3, 'maximum_q_ncdm_decay_dr': 15.0, 'background_method': 0, 'evolver': 1, 'N_momentum_bins_ncdm_decay_dr': 7, 'l_max_ncdm': 13, 'l_max_dr': 13, 'l_max_dr_col': 13, 'omega_b': 0.02313906, 'omega_cdm': 0.1858684, 'Neff_ini_dncdm': 0.9259543, 'log10lifetime_ncdm_decay_dr': 2.003303, 'm_ncdm_decay_dr': 80.6493, 'H0': 45.87724, 'ln10^{10}A_s': 3.082037, 'n_s': 0.9360689, 'tau_reio': 0.08349602, 'P_k_max_1/Mpc': 1.0}

[PARENT][Rank 167] | ERROR: Child process failed during CLASS computation
Model: {'lensing': 'yes', 'output': 'tCl,lCl,pCl,mPk', 'l_max_scalars': 2508, 'k_pivot': 0.05, 'N_ur': 2.0328, 'N_ncdm': 1, 'm_ncdm': 0.06, 'T_ncdm': 0.71611, 'N_ncdm_decay_dr': 1, 'quadrature_strategy_ncdm_decay_dr': 3, 'ncdm_fluid_approximation': 3, 'maximum_q_ncdm_decay_dr': 15.0, 'background_method': 0, 'evolver': 1, 'N_momentum_bins_ncdm_decay_dr': 7, 'l_max_ncdm': 13, 'l_max_dr': 13, 'l_max_dr_col': 13, 'omega_b': 0.0199568, 'omega_cdm': 0.1681044, 'Neff_ini_dncdm': 2.588029, 'log10lifetime_ncdm_decay_dr': 5.435743, 'm_ncdm_decay_dr': 424.7334, 'H0': 47.92797, 'ln10^{10}A_s': 2.965867, 'n_s': 0.9584107, 'tau_reio': 0.1439662, 'P_k_max_1/Mpc': 1.0}
skipping to the next model...
[PARENT][Rank 112] | [INFO] Successfully respawned child process.
[CHILD][Parent Rank 162] | The following model took too long to complete: 
params: {'lensing': 'yes', 'output': 'tCl,lCl,pCl,mPk', 'l_max_scalars': 2508, 'k_pivot': 0.05, 'N_ur': 2.0328, 'N_ncdm': 1, 'm_ncdm': 0.06, 'T_ncdm': 0.71611, 'N_ncdm_decay_dr': 1, 'quadrature_strategy_ncdm_decay_dr': 3, 'ncdm_fluid_approximation': 3, 'maximum_q_ncdm_decay_dr': 15.0, 'background_method': 0, 'evolver': 1, 'N_momentum_bins_ncdm_decay_dr': 7, 'l_max_ncdm': 13, 'l_max_dr': 13, 'l_max_dr_col': 13, 'omega_b': 0.022896111, 'omega_cdm': 0.1626146, 'Neff_ini_dncdm': 0.5145503, 'log10lifetime_ncdm_decay_dr': 2.69983, 'm_ncdm_decay_dr': 238.9157, 'H0': 53.69736, 'ln10^{10}A_s': 2.977364, 'n_s': 0.9538528, 'tau_reio': 0.07617016, 'P_k_max_1/Mpc': 1.0}

[PARENT][Rank 162] | ERROR: Child process failed during CLASS computation
Model: {'lensing': 'yes', 'output': 'tCl,lCl,pCl,mPk', 'l_max_scalars': 2508, 'k_pivot': 0.05, 'N_ur': 2.0328, 'N_ncdm': 1, 'm_ncdm': 0.06, 'T_ncdm': 0.71611, 'N_ncdm_decay_dr': 1, 'quadrature_strategy_ncdm_decay_dr': 3, 'ncdm_fluid_approximation': 3, 'maximum_q_ncdm_decay_dr': 15.0, 'background_method': 0, 'evolver': 1, 'N_momentum_bins_ncdm_decay_dr': 7, 'l_max_ncdm': 13, 'l_max_dr': 13, 'l_max_dr_col': 13, 'omega_b': 0.019886669, 'omega_cdm': 0.1677806, 'Neff_ini_dncdm': 2.265757, 'log10lifetime_ncdm_decay_dr': 5.191835, 'm_ncdm_decay_dr': 413.899, 'H0': 48.29356, 'ln10^{10}A_s': 3.072345, 'n_s': 0.9900621, 'tau_reio': 0.1936678, 'P_k_max_1/Mpc': 1.0}
skipping to the next model...
[PARENT][Rank 163] | ERROR: Timeout while waiting for PONG response from child process. Child may be unresponsive.
Respawning child process...
[PARENT][Rank 163] | WARNING: Child process died or is unresponsive. Respawning...
[PARENT][Rank 479] | ERROR: Timeout while waiting for PONG response from child process. Child may be unresponsive.
Respawning child process...
[PARENT][Rank 479] | WARNING: Child process died or is unresponsive. Respawning...
[PARENT][Rank 63] | ERROR: Unexpected error during PING-PONG check: TimeoutError('Timeout while waiting for child to respond.')Attemping to respawn child process...
[PARENT][Rank 63] | WARNING: Child process died or is unresponsive. Respawning...
[CHILD][Parent Rank 120] | The following model took too long to complete: 
params: {'lensing': 'yes', 'output': 'tCl,lCl,pCl,mPk', 'l_max_scalars': 2508, 'k_pivot': 0.05, 'N_ur': 2.0328, 'N_ncdm': 1, 'm_ncdm': 0.06, 'T_ncdm': 0.71611, 'N_ncdm_decay_dr': 1, 'quadrature_strategy_ncdm_decay_dr': 3, 'ncdm_fluid_approximation': 3, 'maximum_q_ncdm_decay_dr': 15.0, 'background_method': 0, 'evolver': 1, 'N_momentum_bins_ncdm_decay_dr': 7, 'l_max_ncdm': 13, 'l_max_dr': 13, 'l_max_dr_col': 13, 'omega_b': 0.02293395, 'omega_cdm': 0.186489, 'Neff_ini_dncdm': 0.9140519, 'log10lifetime_ncdm_decay_dr': 2.000377, 'm_ncdm_decay_dr': 73.20366, 'H0': 45.30067, 'ln10^{10}A_s': 3.081956, 'n_s': 0.9332279, 'tau_reio': 0.08327396, 'P_k_max_1/Mpc': 1.0}

[PARENT][Rank 163] | [INFO] Successfully respawned child process.
[PARENT][Rank 120] | ERROR: Child process failed during CLASS computation
Model: {'lensing': 'yes', 'output': 'tCl,lCl,pCl,mPk', 'l_max_scalars': 2508, 'k_pivot': 0.05, 'N_ur': 2.0328, 'N_ncdm': 1, 'm_ncdm': 0.06, 'T_ncdm': 0.71611, 'N_ncdm_decay_dr': 1, 'quadrature_strategy_ncdm_decay_dr': 3, 'ncdm_fluid_approximation': 3, 'maximum_q_ncdm_decay_dr': 15.0, 'background_method': 0, 'evolver': 1, 'N_momentum_bins_ncdm_decay_dr': 7, 'l_max_ncdm': 13, 'l_max_dr': 13, 'l_max_dr_col': 13, 'omega_b': 0.01931949, 'omega_cdm': 0.1753222, 'Neff_ini_dncdm': 2.77711, 'log10lifetime_ncdm_decay_dr': 5.056833, 'm_ncdm_decay_dr': 377.281, 'H0': 44.56246, 'ln10^{10}A_s': 3.036583, 'n_s': 0.9668474, 'tau_reio': 0.1600888, 'P_k_max_1/Mpc': 1.0}
skipping to the next model...
[CHILD][Parent Rank 173] | The following model took too long to complete: 
params: {'lensing': 'yes', 'output': 'tCl,lCl,pCl,mPk', 'l_max_scalars': 2508, 'k_pivot': 0.05, 'N_ur': 2.0328, 'N_ncdm': 1, 'm_ncdm': 0.06, 'T_ncdm': 0.71611, 'N_ncdm_decay_dr': 1, 'quadrature_strategy_ncdm_decay_dr': 3, 'ncdm_fluid_approximation': 3, 'maximum_q_ncdm_decay_dr': 15.0, 'background_method': 0, 'evolver': 1, 'N_momentum_bins_ncdm_decay_dr': 7, 'l_max_ncdm': 13, 'l_max_dr': 13, 'l_max_dr_col': 13, 'omega_b': 0.02293395, 'omega_cdm': 0.186489, 'Neff_ini_dncdm': 0.9140519, 'log10lifetime_ncdm_decay_dr': 2.000377, 'm_ncdm_decay_dr': 73.20366, 'H0': 45.30067, 'ln10^{10}A_s': 3.081956, 'n_s': 0.9332279, 'tau_reio': 0.08327396, 'P_k_max_1/Mpc': 1.0}

[PARENT][Rank 63] | [INFO] Successfully respawned child process.
[PARENT][Rank 63] | [IDLE] Waiting for master to send 'Done'.
[PARENT][Rank 120] | ERROR: Child process failed during CLASS computation
Model: {'lensing': 'yes', 'output': 'tCl,lCl,pCl,mPk', 'l_max_scalars': 2508, 'k_pivot': 0.05, 'N_ur': 2.0328, 'N_ncdm': 1, 'm_ncdm': 0.06, 'T_ncdm': 0.71611, 'N_ncdm_decay_dr': 1, 'quadrature_strategy_ncdm_decay_dr': 3, 'ncdm_fluid_approximation': 3, 'maximum_q_ncdm_decay_dr': 15.0, 'background_method': 0, 'evolver': 1, 'N_momentum_bins_ncdm_decay_dr': 7, 'l_max_ncdm': 13, 'l_max_dr': 13, 'l_max_dr_col': 13, 'omega_b': 0.01960716, 'omega_cdm': 0.1698947, 'Neff_ini_dncdm': 2.853771, 'log10lifetime_ncdm_decay_dr': 5.649564, 'm_ncdm_decay_dr': 387.9484, 'H0': 47.23284, 'ln10^{10}A_s': 2.954726, 'n_s': 0.9537161, 'tau_reio': 0.1068831, 'P_k_max_1/Mpc': 1.0}
skipping to the next model...
[PARENT][Rank 479] | [INFO] Successfully respawned child process.
[CHILD][Parent Rank 167] | ERROR: Timeout while waiting for message.
Exiting safely.
[PARENT][Rank 484] | ERROR: Unexpected error during PING-PONG check: TimeoutError('Timeout while waiting for child to respond.')Attemping to respawn child process...
[PARENT][Rank 484] | WARNING: Child process died or is unresponsive. Respawning...
[PARENT][Rank 46] | ERROR: Timeout while waiting for PONG response from child process. Child may be unresponsive.
Respawning child process...
[PARENT][Rank 46] | WARNING: Child process died or is unresponsive. Respawning...
[PARENT][Rank 170] | ERROR: Unexpected error during PING-PONG check: TimeoutError('Timeout while waiting for child to respond.')Attemping to respawn child process...
[PARENT][Rank 170] | WARNING: Child process died or is unresponsive. Respawning...
[PARENT][Rank 170] | [INFO] Successfully respawned child process.
[PARENT][Rank 170] | [IDLE] Waiting for master to send 'Done'.
[PARENT][Rank 484] | [INFO] Successfully respawned child process.
[PARENT][Rank 46] | [INFO] Successfully respawned child process.
[CHILD][Parent Rank 173] | ERROR: Timeout while waiting for message.
Exiting safely.
[CHILD][Parent Rank 112] | The following model took too long to complete: 
params: {'lensing': 'yes', 'output': 'tCl,lCl,pCl,mPk', 'l_max_scalars': 2508, 'k_pivot': 0.05, 'N_ur': 2.0328, 'N_ncdm': 1, 'm_ncdm': 0.06, 'T_ncdm': 0.71611, 'N_ncdm_decay_dr': 1, 'quadrature_strategy_ncdm_decay_dr': 3, 'ncdm_fluid_approximation': 3, 'maximum_q_ncdm_decay_dr': 15.0, 'background_method': 0, 'evolver': 1, 'N_momentum_bins_ncdm_decay_dr': 7, 'l_max_ncdm': 13, 'l_max_dr': 13, 'l_max_dr_col': 13, 'omega_b': 0.023309281, 'omega_cdm': 0.1898974, 'Neff_ini_dncdm': 0.9661972, 'log10lifetime_ncdm_decay_dr': 2.02807, 'm_ncdm_decay_dr': 65.89184, 'H0': 44.43745, 'ln10^{10}A_s': 3.091008, 'n_s': 0.927695, 'tau_reio': 0.08318155, 'P_k_max_1/Mpc': 1.0}

[PARENT][Rank 174] | ERROR: Failed to send or receive data to/from child process. Child process may have crashed.Possibly due to out-of-memory or other critical error during CLASS computation    .
Model: {'lensing': 'yes', 'output': 'tCl,lCl,pCl,mPk', 'l_max_scalars': 2508, 'k_pivot': 0.05, 'N_ur': 2.0328, 'N_ncdm': 1, 'm_ncdm': 0.06, 'T_ncdm': 0.71611, 'N_ncdm_decay_dr': 1, 'quadrature_strategy_ncdm_decay_dr': 3, 'ncdm_fluid_approximation': 3, 'maximum_q_ncdm_decay_dr': 15.0, 'background_method': 0, 'evolver': 1, 'N_momentum_bins_ncdm_decay_dr': 7, 'l_max_ncdm': 13, 'l_max_dr': 13, 'l_max_dr_col': 13, 'omega_b': 0.02248575, 'omega_cdm': 0.1685668, 'Neff_ini_dncdm': 1.312579, 'log10lifetime_ncdm_decay_dr': 3.881814, 'm_ncdm_decay_dr': 349.9279, 'H0': 50.83392, 'ln10^{10}A_s': 2.993044, 'n_s': 0.927398, 'tau_reio': 0.1580044, 'P_k_max_1/Mpc': 1.0}
skipping to the next model...
[PARENT][Rank 174] | Exception: TimeoutError('Timeout while waiting for child to respond.')
--------------------------------------------------------------------------
WARNING: Open MPI failed to TCP connect to a peer MPI process.  This
should not happen.

Your Open MPI job may now hang or fail.

  Local host: s43n12
  PID:        156356
  Message:    connect() to 10.10.43.12:1084 failed
  Error:      Operation now in progress (115)
--------------------------------------------------------------------------
[CHILD][Parent Rank 115] | ERROR: Timeout while waiting for message.
Exiting safely.
[PARENT][Rank 171] | ERROR: Failed to send or receive data to/from child process. Child process may have crashed.Possibly due to out-of-memory or other critical error during CLASS computation    .
Model: {'lensing': 'yes', 'output': 'tCl,lCl,pCl,mPk', 'l_max_scalars': 2508, 'k_pivot': 0.05, 'N_ur': 2.0328, 'N_ncdm': 1, 'm_ncdm': 0.06, 'T_ncdm': 0.71611, 'N_ncdm_decay_dr': 1, 'quadrature_strategy_ncdm_decay_dr': 3, 'ncdm_fluid_approximation': 3, 'maximum_q_ncdm_decay_dr': 15.0, 'background_method': 0, 'evolver': 1, 'N_momentum_bins_ncdm_decay_dr': 7, 'l_max_ncdm': 13, 'l_max_dr': 13, 'l_max_dr_col': 13, 'omega_b': 0.022351999, 'omega_cdm': 0.1699027, 'Neff_ini_dncdm': 1.378736, 'log10lifetime_ncdm_decay_dr': 3.866795, 'm_ncdm_decay_dr': 341.8051, 'H0': 50.21773, 'ln10^{10}A_s': 3.006405, 'n_s': 0.9279988, 'tau_reio': 0.1651043, 'P_k_max_1/Mpc': 1.0}
skipping to the next model...
[PARENT][Rank 171] | Exception: TimeoutError('Timeout while waiting for child to respond.')
[CHILD][Parent Rank 164] | The following model took too long to complete: 
params: {'lensing': 'yes', 'output': 'tCl,lCl,pCl,mPk', 'l_max_scalars': 2508, 'k_pivot': 0.05, 'N_ur': 2.0328, 'N_ncdm': 1, 'm_ncdm': 0.06, 'T_ncdm': 0.71611, 'N_ncdm_decay_dr': 1, 'quadrature_strategy_ncdm_decay_dr': 3, 'ncdm_fluid_approximation': 3, 'maximum_q_ncdm_decay_dr': 15.0, 'background_method': 0, 'evolver': 1, 'N_momentum_bins_ncdm_decay_dr': 7, 'l_max_ncdm': 13, 'l_max_dr': 13, 'l_max_dr_col': 13, 'omega_b': 0.02313906, 'omega_cdm': 0.1858684, 'Neff_ini_dncdm': 0.9259543, 'log10lifetime_ncdm_decay_dr': 2.003303, 'm_ncdm_decay_dr': 80.6493, 'H0': 45.87724, 'ln10^{10}A_s': 3.082037, 'n_s': 0.9360689, 'tau_reio': 0.08349602, 'P_k_max_1/Mpc': 1.0}

[PARENT][Rank 164] | ERROR: Child process failed during CLASS computation
Model: {'lensing': 'yes', 'output': 'tCl,lCl,pCl,mPk', 'l_max_scalars': 2508, 'k_pivot': 0.05, 'N_ur': 2.0328, 'N_ncdm': 1, 'm_ncdm': 0.06, 'T_ncdm': 0.71611, 'N_ncdm_decay_dr': 1, 'quadrature_strategy_ncdm_decay_dr': 3, 'ncdm_fluid_approximation': 3, 'maximum_q_ncdm_decay_dr': 15.0, 'background_method': 0, 'evolver': 1, 'N_momentum_bins_ncdm_decay_dr': 7, 'l_max_ncdm': 13, 'l_max_dr': 13, 'l_max_dr_col': 13, 'omega_b': 0.0205748, 'omega_cdm': 0.1810547, 'Neff_ini_dncdm': 2.118103, 'log10lifetime_ncdm_decay_dr': 4.6144, 'm_ncdm_decay_dr': 481.944, 'H0': 43.15592, 'ln10^{10}A_s': 3.001881, 'n_s': 0.9363665, 'tau_reio': 0.1078365, 'P_k_max_1/Mpc': 1.0}
skipping to the next model...
[PARENT][Rank 168] | ERROR: Failed to send or receive data to/from child process. Child process may have crashed.Possibly due to out-of-memory or other critical error during CLASS computation    .
Model: {'lensing': 'yes', 'output': 'tCl,lCl,pCl,mPk', 'l_max_scalars': 2508, 'k_pivot': 0.05, 'N_ur': 2.0328, 'N_ncdm': 1, 'm_ncdm': 0.06, 'T_ncdm': 0.71611, 'N_ncdm_decay_dr': 1, 'quadrature_strategy_ncdm_decay_dr': 3, 'ncdm_fluid_approximation': 3, 'maximum_q_ncdm_decay_dr': 15.0, 'background_method': 0, 'evolver': 1, 'N_momentum_bins_ncdm_decay_dr': 7, 'l_max_ncdm': 13, 'l_max_dr': 13, 'l_max_dr_col': 13, 'omega_b': 0.02201306, 'omega_cdm': 0.1767103, 'Neff_ini_dncdm': 1.202264, 'log10lifetime_ncdm_decay_dr': 3.741944, 'm_ncdm_decay_dr': 354.3393, 'H0': 47.45355, 'ln10^{10}A_s': 2.983083, 'n_s': 0.9206959, 'tau_reio': 0.1388939, 'P_k_max_1/Mpc': 1.0}
skipping to the next model...
[PARENT][Rank 168] | Exception: TimeoutError('Timeout while waiting for child to respond.')
[CHILD][Parent Rank 112] | ERROR: Timeout while waiting for message.
Exiting safely.
[s41n11.grendel.cscaa.dk:3570985] 1 more process has sent help message help-mpi-btl-tcp.txt / client connect fail
[s41n11.grendel.cscaa.dk:3570985] Set MCA parameter "orte_base_help_aggregate" to 0 to see all help / error messages
[PARENT][Rank 47] | ERROR: Child process failed during likelihood calculation
Model: {'lensing': 'yes', 'output': 'tCl,lCl,pCl,mPk', 'l_max_scalars': 2508, 'k_pivot': 0.05, 'N_ur': 2.0328, 'N_ncdm': 1, 'm_ncdm': 0.06, 'T_ncdm': 0.71611, 'N_ncdm_decay_dr': 1, 'quadrature_strategy_ncdm_decay_dr': 3, 'ncdm_fluid_approximation': 3, 'maximum_q_ncdm_decay_dr': 15.0, 'background_method': 0, 'evolver': 1, 'N_momentum_bins_ncdm_decay_dr': 7, 'l_max_ncdm': 13, 'l_max_dr': 13, 'l_max_dr_col': 13, 'omega_b': 0.019654648, 'omega_cdm': 0.1776146, 'Neff_ini_dncdm': 2.142321, 'log10lifetime_ncdm_decay_dr': 4.388246, 'm_ncdm_decay_dr': 464.1195, 'H0': 43.93562, 'ln10^{10}A_s': 3.046953, 'n_s': 0.954997, 'tau_reio': 0.1326982, 'P_k_max_1/Mpc': 1.0}
skipping to the next model...
[PARENT][Rank 47] | ERROR: Child process failed during CLASS computation
Model: {'lensing': 'yes', 'output': 'tCl,lCl,pCl,mPk', 'l_max_scalars': 2508, 'k_pivot': 0.05, 'N_ur': 2.0328, 'N_ncdm': 1, 'm_ncdm': 0.06, 'T_ncdm': 0.71611, 'N_ncdm_decay_dr': 1, 'quadrature_strategy_ncdm_decay_dr': 3, 'ncdm_fluid_approximation': 3, 'maximum_q_ncdm_decay_dr': 15.0, 'background_method': 0, 'evolver': 1, 'N_momentum_bins_ncdm_decay_dr': 7, 'l_max_ncdm': 13, 'l_max_dr': 13, 'l_max_dr_col': 13, 'omega_b': 0.02131542, 'omega_cdm': 0.1608354, 'Neff_ini_dncdm': 1.938421, 'log10lifetime_ncdm_decay_dr': 5.299879, 'm_ncdm_decay_dr': 503.6408, 'H0': 50.97923, 'ln10^{10}A_s': 3.082443, 'n_s': 0.9301005, 'tau_reio': 0.1286141, 'P_k_max_1/Mpc': 1.0}
skipping to the next model...
[CHILD][Parent Rank 216] | ERROR: Timeout while waiting for message.
Exiting safely.
[CHILD][Parent Rank 46] | ERROR: Timeout while waiting for message.
Exiting safely.
[CHILD][Parent Rank 393] | ERROR: Timeout while waiting for message.
Exiting safely.
[PARENT][Rank 117] | ERROR: Unexpected error during PING-PONG check: TimeoutError('Timeout while waiting for child to respond.')Attemping to respawn child process...
[PARENT][Rank 117] | WARNING: Child process died or is unresponsive. Respawning...
[PARENT][Rank 117] | [INFO] Successfully respawned child process.
[PARENT][Rank 69] | ERROR: Timeout while waiting for PONG response from child process. Child may be unresponsive.
Respawning child process...
[PARENT][Rank 69] | WARNING: Child process died or is unresponsive. Respawning...
[CHILD][Parent Rank 164] | ERROR: Timeout while waiting for message.
Exiting safely.
[CHILD][Parent Rank 63] | ERROR: Timeout while waiting for message.
Exiting safely.
[PARENT][Rank 69] | [INFO] Successfully respawned child process.
[CHILD][Parent Rank 166] | The following model took too long to complete: 
params: {'lensing': 'yes', 'output': 'tCl,lCl,pCl,mPk', 'l_max_scalars': 2508, 'k_pivot': 0.05, 'N_ur': 2.0328, 'N_ncdm': 1, 'm_ncdm': 0.06, 'T_ncdm': 0.71611, 'N_ncdm_decay_dr': 1, 'quadrature_strategy_ncdm_decay_dr': 3, 'ncdm_fluid_approximation': 3, 'maximum_q_ncdm_decay_dr': 15.0, 'background_method': 0, 'evolver': 1, 'N_momentum_bins_ncdm_decay_dr': 7, 'l_max_ncdm': 13, 'l_max_dr': 13, 'l_max_dr_col': 13, 'omega_b': 0.02313906, 'omega_cdm': 0.1858684, 'Neff_ini_dncdm': 0.9259543, 'log10lifetime_ncdm_decay_dr': 2.003303, 'm_ncdm_decay_dr': 80.6493, 'H0': 45.87724, 'ln10^{10}A_s': 3.082037, 'n_s': 0.9360689, 'tau_reio': 0.08349602, 'P_k_max_1/Mpc': 1.0}

[PARENT][Rank 166] | ERROR: Child process failed during CLASS computation
Model: {'lensing': 'yes', 'output': 'tCl,lCl,pCl,mPk', 'l_max_scalars': 2508, 'k_pivot': 0.05, 'N_ur': 2.0328, 'N_ncdm': 1, 'm_ncdm': 0.06, 'T_ncdm': 0.71611, 'N_ncdm_decay_dr': 1, 'quadrature_strategy_ncdm_decay_dr': 3, 'ncdm_fluid_approximation': 3, 'maximum_q_ncdm_decay_dr': 15.0, 'background_method': 0, 'evolver': 1, 'N_momentum_bins_ncdm_decay_dr': 7, 'l_max_ncdm': 13, 'l_max_dr': 13, 'l_max_dr_col': 13, 'omega_b': 0.01992892, 'omega_cdm': 0.1799866, 'Neff_ini_dncdm': 2.147726, 'log10lifetime_ncdm_decay_dr': 3.901504, 'm_ncdm_decay_dr': 506.2891, 'H0': 43.09492, 'ln10^{10}A_s': 3.111049, 'n_s': 0.9635205, 'tau_reio': 0.1461633, 'P_k_max_1/Mpc': 1.0}
skipping to the next model...
[CHILD][Parent Rank 170] | The following model took too long to complete: 
params: {'lensing': 'yes', 'output': 'tCl,lCl,pCl,mPk', 'l_max_scalars': 2508, 'k_pivot': 0.05, 'N_ur': 2.0328, 'N_ncdm': 1, 'm_ncdm': 0.06, 'T_ncdm': 0.71611, 'N_ncdm_decay_dr': 1, 'quadrature_strategy_ncdm_decay_dr': 3, 'ncdm_fluid_approximation': 3, 'maximum_q_ncdm_decay_dr': 15.0, 'background_method': 0, 'evolver': 1, 'N_momentum_bins_ncdm_decay_dr': 7, 'l_max_ncdm': 13, 'l_max_dr': 13, 'l_max_dr_col': 13, 'omega_b': 0.02293395, 'omega_cdm': 0.186489, 'Neff_ini_dncdm': 0.9140519, 'log10lifetime_ncdm_decay_dr': 2.000377, 'm_ncdm_decay_dr': 73.20366, 'H0': 45.30067, 'ln10^{10}A_s': 3.081956, 'n_s': 0.9332279, 'tau_reio': 0.08327396, 'P_k_max_1/Mpc': 1.0}

[PARENT][Rank 170] | ERROR: Child process failed during CLASS computation
Model: {'lensing': 'yes', 'output': 'tCl,lCl,pCl,mPk', 'l_max_scalars': 2508, 'k_pivot': 0.05, 'N_ur': 2.0328, 'N_ncdm': 1, 'm_ncdm': 0.06, 'T_ncdm': 0.71611, 'N_ncdm_decay_dr': 1, 'quadrature_strategy_ncdm_decay_dr': 3, 'ncdm_fluid_approximation': 3, 'maximum_q_ncdm_decay_dr': 15.0, 'background_method': 0, 'evolver': 1, 'N_momentum_bins_ncdm_decay_dr': 7, 'l_max_ncdm': 13, 'l_max_dr': 13, 'l_max_dr_col': 13, 'omega_b': 0.0197651, 'omega_cdm': 0.1719389, 'Neff_ini_dncdm': 2.190516, 'log10lifetime_ncdm_decay_dr': 4.551592, 'm_ncdm_decay_dr': 496.3341, 'H0': 45.87903, 'ln10^{10}A_s': 3.013633, 'n_s': 0.9771776, 'tau_reio': 0.1397137, 'P_k_max_1/Mpc': 1.0}
skipping to the next model...
[PARENT][Rank 109] | ERROR: Unexpected error during PING-PONG check: TimeoutError('Timeout while waiting for child to respond.')Attemping to respawn child process...
[PARENT][Rank 109] | WARNING: Child process died or is unresponsive. Respawning...
[CHILD][Parent Rank 479] | ERROR: Timeout while waiting for message.
Exiting safely.
[PARENT][Rank 170] | [IDLE] Waiting for master to send 'Done'.
[PARENT][Rank 109] | [INFO] Successfully respawned child process.
[PARENT][Rank 109] | [IDLE] Waiting for master to send 'Done'.
[CHILD][Parent Rank 172] | The following model took too long to complete: 
params: {'lensing': 'yes', 'output': 'tCl,lCl,pCl,mPk', 'l_max_scalars': 2508, 'k_pivot': 0.05, 'N_ur': 2.0328, 'N_ncdm': 1, 'm_ncdm': 0.06, 'T_ncdm': 0.71611, 'N_ncdm_decay_dr': 1, 'quadrature_strategy_ncdm_decay_dr': 3, 'ncdm_fluid_approximation': 3, 'maximum_q_ncdm_decay_dr': 15.0, 'background_method': 0, 'evolver': 1, 'N_momentum_bins_ncdm_decay_dr': 7, 'l_max_ncdm': 13, 'l_max_dr': 13, 'l_max_dr_col': 13, 'omega_b': 0.02306326, 'omega_cdm': 0.1547341, 'Neff_ini_dncdm': 1.331135, 'log10lifetime_ncdm_decay_dr': 3.597192, 'm_ncdm_decay_dr': 314.565, 'H0': 56.17033, 'ln10^{10}A_s': 2.899228, 'n_s': 0.9642806, 'tau_reio': 0.1150339, 'P_k_max_1/Mpc': 1.0}

[PARENT][Rank 172] | ERROR: Child process failed during CLASS computation
Model: {'lensing': 'yes', 'output': 'tCl,lCl,pCl,mPk', 'l_max_scalars': 2508, 'k_pivot': 0.05, 'N_ur': 2.0328, 'N_ncdm': 1, 'm_ncdm': 0.06, 'T_ncdm': 0.71611, 'N_ncdm_decay_dr': 1, 'quadrature_strategy_ncdm_decay_dr': 3, 'ncdm_fluid_approximation': 3, 'maximum_q_ncdm_decay_dr': 15.0, 'background_method': 0, 'evolver': 1, 'N_momentum_bins_ncdm_decay_dr': 7, 'l_max_ncdm': 13, 'l_max_dr': 13, 'l_max_dr_col': 13, 'omega_b': 0.02306326, 'omega_cdm': 0.1547341, 'Neff_ini_dncdm': 1.331135, 'log10lifetime_ncdm_decay_dr': 3.597192, 'm_ncdm_decay_dr': 314.565, 'H0': 56.17033, 'ln10^{10}A_s': 2.899228, 'n_s': 0.9642806, 'tau_reio': 0.1150339, 'P_k_max_1/Mpc': 1.0}
skipping to the next model...
[PARENT][Rank 225] | [IDLE] Waiting for master to send 'Done'.
[CHILD][Parent Rank 397] | ERROR: Timeout while waiting for message.
Exiting safely.
[CHILD][Parent Rank 484] | ERROR: Timeout while waiting for message.
Exiting safely.
[CHILD][Parent Rank 166] | ERROR: Timeout while waiting for message.
Exiting safely.
[CHILD][Parent Rank 170] | ERROR: Timeout while waiting for message.
Exiting safely.
[PARENT][Rank 110] | ERROR: Unexpected error during PING-PONG check: TimeoutError('Timeout while waiting for child to respond.')Attemping to respawn child process...
[PARENT][Rank 110] | WARNING: Child process died or is unresponsive. Respawning...
[CHILD][Parent Rank 163] | The following model took too long to complete: 
params: {'lensing': 'yes', 'output': 'tCl,lCl,pCl,mPk', 'l_max_scalars': 2508, 'k_pivot': 0.05, 'N_ur': 2.0328, 'N_ncdm': 1, 'm_ncdm': 0.06, 'T_ncdm': 0.71611, 'N_ncdm_decay_dr': 1, 'quadrature_strategy_ncdm_decay_dr': 3, 'ncdm_fluid_approximation': 3, 'maximum_q_ncdm_decay_dr': 15.0, 'background_method': 0, 'evolver': 1, 'N_momentum_bins_ncdm_decay_dr': 7, 'l_max_ncdm': 13, 'l_max_dr': 13, 'l_max_dr_col': 13, 'omega_b': 0.02275368, 'omega_cdm': 0.1730507, 'Neff_ini_dncdm': 0.6574207, 'log10lifetime_ncdm_decay_dr': 2.004479, 'm_ncdm_decay_dr': 132.4191, 'H0': 49.79527, 'ln10^{10}A_s': 3.034322, 'n_s': 0.9509399, 'tau_reio': 0.07370996, 'P_k_max_1/Mpc': 1.0}

[PARENT][Rank 110] | [INFO] Successfully respawned child process.
[PARENT][Rank 110] | [IDLE] Waiting for master to send 'Done'.
[CHILD][Parent Rank 164] | ERROR: Timeout while waiting for message.
Exiting safely.
[PARENT][Rank 161] | ERROR: Timeout while waiting for PONG response from child process. Child may be unresponsive.
Respawning child process...
[PARENT][Rank 161] | WARNING: Child process died or is unresponsive. Respawning...
[PARENT][Rank 161] | [INFO] Successfully respawned child process.
[PARENT][Rank 119] | ERROR: Unexpected error during PING-PONG check: TimeoutError('Timeout while waiting for child to respond.')Attemping to respawn child process...
[PARENT][Rank 119] | WARNING: Child process died or is unresponsive. Respawning...
[PARENT][Rank 119] | [INFO] Successfully respawned child process.
[PARENT][Rank 119] | [IDLE] Waiting for master to send 'Done'.
[CHILD][Parent Rank 163] | ERROR: Timeout while waiting for message.
Exiting safely.
[PARENT][Rank 162] | ERROR: Unexpected error during PING-PONG check: TimeoutError('Timeout while waiting for child to respond.')Attemping to respawn child process...
[PARENT][Rank 162] | WARNING: Child process died or is unresponsive. Respawning...
[PARENT][Rank 167] | ERROR: Unexpected error during PING-PONG check: TimeoutError('Timeout while waiting for child to respond.')Attemping to respawn child process...
[PARENT][Rank 167] | WARNING: Child process died or is unresponsive. Respawning...
[PARENT][Rank 167] | [INFO] Successfully respawned child process.
[PARENT][Rank 167] | [IDLE] Waiting for master to send 'Done'.
[PARENT][Rank 162] | [INFO] Successfully respawned child process.
[CHILD][Parent Rank 112] | The following model took too long to complete: 
params: {'lensing': 'yes', 'output': 'tCl,lCl,pCl,mPk', 'l_max_scalars': 2508, 'k_pivot': 0.05, 'N_ur': 2.0328, 'N_ncdm': 1, 'm_ncdm': 0.06, 'T_ncdm': 0.71611, 'N_ncdm_decay_dr': 1, 'quadrature_strategy_ncdm_decay_dr': 3, 'ncdm_fluid_approximation': 3, 'maximum_q_ncdm_decay_dr': 15.0, 'background_method': 0, 'evolver': 1, 'N_momentum_bins_ncdm_decay_dr': 7, 'l_max_ncdm': 13, 'l_max_dr': 13, 'l_max_dr_col': 13, 'omega_b': 0.02293395, 'omega_cdm': 0.186489, 'Neff_ini_dncdm': 0.9140519, 'log10lifetime_ncdm_decay_dr': 2.000377, 'm_ncdm_decay_dr': 73.20366, 'H0': 45.30067, 'ln10^{10}A_s': 3.081956, 'n_s': 0.9332279, 'tau_reio': 0.08327396, 'P_k_max_1/Mpc': 1.0}

[PARENT][Rank 112] | ERROR: Child process failed during CLASS computation
Model: {'lensing': 'yes', 'output': 'tCl,lCl,pCl,mPk', 'l_max_scalars': 2508, 'k_pivot': 0.05, 'N_ur': 2.0328, 'N_ncdm': 1, 'm_ncdm': 0.06, 'T_ncdm': 0.71611, 'N_ncdm_decay_dr': 1, 'quadrature_strategy_ncdm_decay_dr': 3, 'ncdm_fluid_approximation': 3, 'maximum_q_ncdm_decay_dr': 15.0, 'background_method': 0, 'evolver': 1, 'N_momentum_bins_ncdm_decay_dr': 7, 'l_max_ncdm': 13, 'l_max_dr': 13, 'l_max_dr_col': 13, 'omega_b': 0.01957728, 'omega_cdm': 0.1834076, 'Neff_ini_dncdm': 2.244136, 'log10lifetime_ncdm_decay_dr': 4.115802, 'm_ncdm_decay_dr': 475.2969, 'H0': 41.88629, 'ln10^{10}A_s': 3.017198, 'n_s': 0.9315362, 'tau_reio': 0.1061662, 'P_k_max_1/Mpc': 1.0}
skipping to the next model...
[CHILD][Parent Rank 109] | The following model took too long to complete: 
params: {'lensing': 'yes', 'output': 'tCl,lCl,pCl,mPk', 'l_max_scalars': 2508, 'k_pivot': 0.05, 'N_ur': 2.0328, 'N_ncdm': 1, 'm_ncdm': 0.06, 'T_ncdm': 0.71611, 'N_ncdm_decay_dr': 1, 'quadrature_strategy_ncdm_decay_dr': 3, 'ncdm_fluid_approximation': 3, 'maximum_q_ncdm_decay_dr': 15.0, 'background_method': 0, 'evolver': 1, 'N_momentum_bins_ncdm_decay_dr': 7, 'l_max_ncdm': 13, 'l_max_dr': 13, 'l_max_dr_col': 13, 'omega_b': 0.02293395, 'omega_cdm': 0.186489, 'Neff_ini_dncdm': 0.9140519, 'log10lifetime_ncdm_decay_dr': 2.000377, 'm_ncdm_decay_dr': 73.20366, 'H0': 45.30067, 'ln10^{10}A_s': 3.081956, 'n_s': 0.9332279, 'tau_reio': 0.08327396, 'P_k_max_1/Mpc': 1.0}

[PARENT][Rank 109] | ERROR: Child process failed during CLASS computation
Model: {'lensing': 'yes', 'output': 'tCl,lCl,pCl,mPk', 'l_max_scalars': 2508, 'k_pivot': 0.05, 'N_ur': 2.0328, 'N_ncdm': 1, 'm_ncdm': 0.06, 'T_ncdm': 0.71611, 'N_ncdm_decay_dr': 1, 'quadrature_strategy_ncdm_decay_dr': 3, 'ncdm_fluid_approximation': 3, 'maximum_q_ncdm_decay_dr': 15.0, 'background_method': 0, 'evolver': 1, 'N_momentum_bins_ncdm_decay_dr': 7, 'l_max_ncdm': 13, 'l_max_dr': 13, 'l_max_dr_col': 13, 'omega_b': 0.0195184, 'omega_cdm': 0.1760111, 'Neff_ini_dncdm': 2.826699, 'log10lifetime_ncdm_decay_dr': 5.373887, 'm_ncdm_decay_dr': 377.3169, 'H0': 44.93429, 'ln10^{10}A_s': 3.018129, 'n_s': 0.9532625, 'tau_reio': 0.1568054, 'P_k_max_1/Mpc': 1.0}
skipping to the next model...
[PARENT][Rank 109] | [IDLE] Waiting for master to send 'Done'.
[PARENT][Rank 120] | ERROR: Unexpected error during PING-PONG check: TimeoutError('Timeout while waiting for child to respond.')Attemping to respawn child process...
[PARENT][Rank 120] | WARNING: Child process died or is unresponsive. Respawning...
[PARENT][Rank 120] | [INFO] Successfully respawned child process.
[PARENT][Rank 120] | [IDLE] Waiting for master to send 'Done'.
[CHILD][Parent Rank 166] | ERROR: Timeout while waiting for message.
Exiting safely.
[CHILD][Parent Rank 112] | ERROR: Timeout while waiting for message.
Exiting safely.
[CHILD][Parent Rank 49] | ERROR: Timeout while waiting for message.
Exiting safely.
[PARENT][Rank 174] | ERROR: Unexpected error during PING-PONG check: TimeoutError('Timeout while waiting for child to respond.')Attemping to respawn child process...
[PARENT][Rank 174] | WARNING: Child process died or is unresponsive. Respawning...
[PARENT][Rank 174] | [INFO] Successfully respawned child process.
[PARENT][Rank 174] | [IDLE] Waiting for master to send 'Done'.
[CHILD][Parent Rank 114] | The following model took too long to complete: 
params: {'lensing': 'yes', 'output': 'tCl,lCl,pCl,mPk', 'l_max_scalars': 2508, 'k_pivot': 0.05, 'N_ur': 2.0328, 'N_ncdm': 1, 'm_ncdm': 0.06, 'T_ncdm': 0.71611, 'N_ncdm_decay_dr': 1, 'quadrature_strategy_ncdm_decay_dr': 3, 'ncdm_fluid_approximation': 3, 'maximum_q_ncdm_decay_dr': 15.0, 'background_method': 0, 'evolver': 1, 'N_momentum_bins_ncdm_decay_dr': 7, 'l_max_ncdm': 13, 'l_max_dr': 13, 'l_max_dr_col': 13, 'omega_b': 0.01916995, 'omega_cdm': 0.1861495, 'Neff_ini_dncdm': 2.124819, 'log10lifetime_ncdm_decay_dr': 3.793792, 'm_ncdm_decay_dr': 464.7587, 'H0': 40.22244, 'ln10^{10}A_s': 3.128866, 'n_s': 0.941527, 'tau_reio': 0.1527227, 'P_k_max_1/Mpc': 1.0}

[PARENT][Rank 168] | ERROR: Unexpected error during PING-PONG check: TimeoutError('Timeout while waiting for child to respond.')Attemping to respawn child process...
[PARENT][Rank 168] | WARNING: Child process died or is unresponsive. Respawning...
[PARENT][Rank 171] | ERROR: Unexpected error during PING-PONG check: TimeoutError('Timeout while waiting for child to respond.')Attemping to respawn child process...
[PARENT][Rank 171] | WARNING: Child process died or is unresponsive. Respawning...
[PARENT][Rank 171] | [INFO] Successfully respawned child process.
[PARENT][Rank 171] | [IDLE] Waiting for master to send 'Done'.
[PARENT][Rank 168] | [INFO] Successfully respawned child process.
[PARENT][Rank 168] | [IDLE] Waiting for master to send 'Done'.
[CHILD][Parent Rank 112] | ERROR: Timeout while waiting for message.
Exiting safely.
[CHILD][Parent Rank 114] | ERROR: Timeout while waiting for message.
Exiting safely.
[CHILD][Parent Rank 168] | The following model took too long to complete: 
params: {'lensing': 'yes', 'output': 'tCl,lCl,pCl,mPk', 'l_max_scalars': 2508, 'k_pivot': 0.05, 'N_ur': 2.0328, 'N_ncdm': 1, 'm_ncdm': 0.06, 'T_ncdm': 0.71611, 'N_ncdm_decay_dr': 1, 'quadrature_strategy_ncdm_decay_dr': 3, 'ncdm_fluid_approximation': 3, 'maximum_q_ncdm_decay_dr': 15.0, 'background_method': 0, 'evolver': 1, 'N_momentum_bins_ncdm_decay_dr': 7, 'l_max_ncdm': 13, 'l_max_dr': 13, 'l_max_dr_col': 13, 'omega_b': 0.02335683, 'omega_cdm': 0.1627666, 'Neff_ini_dncdm': 0.5141038, 'log10lifetime_ncdm_decay_dr': 2.107529, 'm_ncdm_decay_dr': 182.8413, 'H0': 54.31073, 'ln10^{10}A_s': 3.006701, 'n_s': 0.9615736, 'tau_reio': 0.06760592, 'P_k_max_1/Mpc': 1.0}

[PARENT][Rank 168] | ERROR: Child process failed during CLASS computation
Model: {'lensing': 'yes', 'output': 'tCl,lCl,pCl,mPk', 'l_max_scalars': 2508, 'k_pivot': 0.05, 'N_ur': 2.0328, 'N_ncdm': 1, 'm_ncdm': 0.06, 'T_ncdm': 0.71611, 'N_ncdm_decay_dr': 1, 'quadrature_strategy_ncdm_decay_dr': 3, 'ncdm_fluid_approximation': 3, 'maximum_q_ncdm_decay_dr': 15.0, 'background_method': 0, 'evolver': 1, 'N_momentum_bins_ncdm_decay_dr': 7, 'l_max_ncdm': 13, 'l_max_dr': 13, 'l_max_dr_col': 13, 'omega_b': 0.021069031, 'omega_cdm': 0.1626767, 'Neff_ini_dncdm': 2.053166, 'log10lifetime_ncdm_decay_dr': 5.214654, 'm_ncdm_decay_dr': 505.4262, 'H0': 50.24633, 'ln10^{10}A_s': 3.170536, 'n_s': 0.927319, 'tau_reio': 0.1645909, 'P_k_max_1/Mpc': 1.0}
skipping to the next model...
[s42n17][[27701,1],110][btl_tcp_endpoint.c:625:mca_btl_tcp_endpoint_recv_connect_ack] received unexpected process identifier [[27701,599],0]
[PARENT][Rank 397] | ERROR: Unexpected error during PING-PONG check: TimeoutError('Timeout while waiting for child to respond.')Attemping to respawn child process...
[PARENT][Rank 397] | WARNING: Child process died or is unresponsive. Respawning...
[PARENT][Rank 47] | ERROR: Child process failed during likelihood calculation
Model: {'lensing': 'yes', 'output': 'tCl,lCl,pCl,mPk', 'l_max_scalars': 2508, 'k_pivot': 0.05, 'N_ur': 2.0328, 'N_ncdm': 1, 'm_ncdm': 0.06, 'T_ncdm': 0.71611, 'N_ncdm_decay_dr': 1, 'quadrature_strategy_ncdm_decay_dr': 3, 'ncdm_fluid_approximation': 3, 'maximum_q_ncdm_decay_dr': 15.0, 'background_method': 0, 'evolver': 1, 'N_momentum_bins_ncdm_decay_dr': 7, 'l_max_ncdm': 13, 'l_max_dr': 13, 'l_max_dr_col': 13, 'omega_b': 0.021368649, 'omega_cdm': 0.155785, 'Neff_ini_dncdm': 2.09779, 'log10lifetime_ncdm_decay_dr': 5.09776, 'm_ncdm_decay_dr': 489.8772, 'H0': 52.85226, 'ln10^{10}A_s': 3.019746, 'n_s': 0.9398179, 'tau_reio': 0.09511167, 'P_k_max_1/Mpc': 1.0}
skipping to the next model...
[PARENT][Rank 168] | [IDLE] Waiting for master to send 'Done'.
[PARENT][Rank 397] | [INFO] Successfully respawned child process.
[PARENT][Rank 397] | [IDLE] Waiting for master to send 'Done'.
[PARENT][Rank 47] | ERROR: Child process failed during CLASS computation
Model: {'lensing': 'yes', 'output': 'tCl,lCl,pCl,mPk', 'l_max_scalars': 2508, 'k_pivot': 0.05, 'N_ur': 2.0328, 'N_ncdm': 1, 'm_ncdm': 0.06, 'T_ncdm': 0.71611, 'N_ncdm_decay_dr': 1, 'quadrature_strategy_ncdm_decay_dr': 3, 'ncdm_fluid_approximation': 3, 'maximum_q_ncdm_decay_dr': 15.0, 'background_method': 0, 'evolver': 1, 'N_momentum_bins_ncdm_decay_dr': 7, 'l_max_ncdm': 13, 'l_max_dr': 13, 'l_max_dr_col': 13, 'omega_b': 0.021750938, 'omega_cdm': 0.1707468, 'Neff_ini_dncdm': 1.713021, 'log10lifetime_ncdm_decay_dr': 4.570081, 'm_ncdm_decay_dr': 349.5361, 'H0': 46.29757, 'ln10^{10}A_s': 3.040056, 'n_s': 0.8931223, 'tau_reio': 0.04956424, 'P_k_max_1/Mpc': 1.0}
skipping to the next model...
[CHILD][Parent Rank 120] | ERROR: Timeout while waiting for message.
Exiting safely.
[CHILD][Parent Rank 69] | ERROR: Timeout while waiting for message.
Exiting safely.
[PARENT][Rank 63] | [IDLE] Waiting for master to send 'Done'.
[CHILD][Parent Rank 167] | ERROR: Timeout while waiting for message.
Exiting safely.
[CHILD][Parent Rank 117] | ERROR: Timeout while waiting for message.
Exiting safely.
[PARENT][Rank 63] | ERROR: Child process failed during likelihood calculation
Model: {'lensing': 'yes', 'output': 'tCl,lCl,pCl,mPk', 'l_max_scalars': 2508, 'k_pivot': 0.05, 'N_ur': 2.0328, 'N_ncdm': 1, 'm_ncdm': 0.06, 'T_ncdm': 0.71611, 'N_ncdm_decay_dr': 1, 'quadrature_strategy_ncdm_decay_dr': 3, 'ncdm_fluid_approximation': 3, 'maximum_q_ncdm_decay_dr': 15.0, 'background_method': 0, 'evolver': 1, 'N_momentum_bins_ncdm_decay_dr': 7, 'l_max_ncdm': 13, 'l_max_dr': 13, 'l_max_dr_col': 13, 'omega_b': 0.02096739, 'omega_cdm': 0.1702497, 'Neff_ini_dncdm': 1.963161, 'log10lifetime_ncdm_decay_dr': 4.288674, 'm_ncdm_decay_dr': 344.1448, 'H0': 45.53058, 'ln10^{10}A_s': 3.166055, 'n_s': 0.8868559, 'tau_reio': 0.1124704, 'P_k_max_1/Mpc': 1.0}
skipping to the next model...
[CHILD][Parent Rank 162] | ERROR: Timeout while waiting for message.
Exiting safely.
[PARENT][Rank 63] | [IDLE] Waiting for master to send 'Done'.
[CHILD][Parent Rank 119] | ERROR: Timeout while waiting for message.
Exiting safely.
[PARENT][Rank 110] | [IDLE] Waiting for master to send 'Done'.
[PARENT][Rank 393] | ERROR: Failed to send or receive data to/from child process. Child process may have crashed.Possibly due to out-of-memory or other critical error during CLASS computation    .
Model: {'lensing': 'yes', 'output': 'tCl,lCl,pCl,mPk', 'l_max_scalars': 2508, 'k_pivot': 0.05, 'N_ur': 2.0328, 'N_ncdm': 1, 'm_ncdm': 0.06, 'T_ncdm': 0.71611, 'N_ncdm_decay_dr': 1, 'quadrature_strategy_ncdm_decay_dr': 3, 'ncdm_fluid_approximation': 3, 'maximum_q_ncdm_decay_dr': 15.0, 'background_method': 0, 'evolver': 1, 'N_momentum_bins_ncdm_decay_dr': 7, 'l_max_ncdm': 13, 'l_max_dr': 13, 'l_max_dr_col': 13, 'omega_b': 0.01939299, 'omega_cdm': 0.1775239, 'Neff_ini_dncdm': 2.129881, 'log10lifetime_ncdm_decay_dr': 4.240334, 'm_ncdm_decay_dr': 472.3066, 'H0': 43.44517, 'ln10^{10}A_s': 3.054478, 'n_s': 0.962616, 'tau_reio': 0.1442715, 'P_k_max_1/Mpc': 1.0}
skipping to the next model...
[PARENT][Rank 393] | Exception: TimeoutError('Timeout while waiting for child to respond.')
[PARENT][Rank 225] | [IDLE] Waiting for master to send 'Done'.
[PARENT][Rank 167] | [IDLE] Waiting for master to send 'Done'.
[s41n11.grendel.cscaa.dk:3570985] 1 more process has sent help message help-mpi-btl-tcp.txt / client connect fail
[PARENT][Rank 167] | ERROR: Child process failed during likelihood calculation
Model: {'lensing': 'yes', 'output': 'tCl,lCl,pCl,mPk', 'l_max_scalars': 2508, 'k_pivot': 0.05, 'N_ur': 2.0328, 'N_ncdm': 1, 'm_ncdm': 0.06, 'T_ncdm': 0.71611, 'N_ncdm_decay_dr': 1, 'quadrature_strategy_ncdm_decay_dr': 3, 'ncdm_fluid_approximation': 3, 'maximum_q_ncdm_decay_dr': 15.0, 'background_method': 0, 'evolver': 1, 'N_momentum_bins_ncdm_decay_dr': 7, 'l_max_ncdm': 13, 'l_max_dr': 13, 'l_max_dr_col': 13, 'omega_b': 0.01934279, 'omega_cdm': 0.178674, 'Neff_ini_dncdm': 2.196475, 'log10lifetime_ncdm_decay_dr': 3.730578, 'm_ncdm_decay_dr': 368.0449, 'H0': 40.07771, 'ln10^{10}A_s': 3.18969, 'n_s': 0.8441218, 'tau_reio': 0.1159768, 'P_k_max_1/Mpc': 1.0}
skipping to the next model...
[PARENT][Rank 167] | [IDLE] Waiting for master to send 'Done'.
[CHILD][Parent Rank 161] | ERROR: Timeout while waiting for message.
Exiting safely.
[PARENT][Rank 49] | ERROR: Unexpected error during PING-PONG check: TimeoutError('Timeout while waiting for child to respond.')Attemping to respawn child process...
[PARENT][Rank 49] | WARNING: Child process died or is unresponsive. Respawning...
[CHILD][Parent Rank 109] | ERROR: Timeout while waiting for message.
Exiting safely.
[PARENT][Rank 49] | [INFO] Successfully respawned child process.
[PARENT][Rank 49] | [IDLE] Waiting for master to send 'Done'.
[PARENT][Rank 172] | ERROR: Child process failed during CLASS computation
Model: {'lensing': 'yes', 'output': 'tCl,lCl,pCl,mPk', 'l_max_scalars': 2508, 'k_pivot': 0.05, 'N_ur': 2.0328, 'N_ncdm': 1, 'm_ncdm': 0.06, 'T_ncdm': 0.71611, 'N_ncdm_decay_dr': 1, 'quadrature_strategy_ncdm_decay_dr': 3, 'ncdm_fluid_approximation': 3, 'maximum_q_ncdm_decay_dr': 15.0, 'background_method': 0, 'evolver': 1, 'N_momentum_bins_ncdm_decay_dr': 7, 'l_max_ncdm': 13, 'l_max_dr': 13, 'l_max_dr_col': 13, 'omega_b': 0.01904005, 'omega_cdm': 0.1716523, 'Neff_ini_dncdm': 1.996123, 'log10lifetime_ncdm_decay_dr': 3.806809, 'm_ncdm_decay_dr': 418.0357, 'H0': 42.11935, 'ln10^{10}A_s': 3.223684, 'n_s': 0.8534927, 'tau_reio': 0.1580966, 'P_k_max_1/Mpc': 1.0}
skipping to the next model...
[CHILD][Parent Rank 170] | ERROR: Timeout while waiting for message.
Exiting safely.
[PARENT][Rank 119] | [IDLE] Waiting for master to send 'Done'.
[PARENT][Rank 119] | ERROR: Child process failed during likelihood calculation
Model: {'lensing': 'yes', 'output': 'tCl,lCl,pCl,mPk', 'l_max_scalars': 2508, 'k_pivot': 0.05, 'N_ur': 2.0328, 'N_ncdm': 1, 'm_ncdm': 0.06, 'T_ncdm': 0.71611, 'N_ncdm_decay_dr': 1, 'quadrature_strategy_ncdm_decay_dr': 3, 'ncdm_fluid_approximation': 3, 'maximum_q_ncdm_decay_dr': 15.0, 'background_method': 0, 'evolver': 1, 'N_momentum_bins_ncdm_decay_dr': 7, 'l_max_ncdm': 13, 'l_max_dr': 13, 'l_max_dr_col': 13, 'omega_b': 0.02014951, 'omega_cdm': 0.17362, 'Neff_ini_dncdm': 1.709845, 'log10lifetime_ncdm_decay_dr': 2.234179, 'm_ncdm_decay_dr': 401.1146, 'H0': 42.85332, 'ln10^{10}A_s': 3.241774, 'n_s': 0.8566292, 'tau_reio': 0.1632493, 'P_k_max_1/Mpc': 1.0}
skipping to the next model...
[PARENT][Rank 119] | [IDLE] Waiting for master to send 'Done'.
[PARENT][Rank 120] | [IDLE] Waiting for master to send 'Done'.
[PARENT][Rank 120] | ERROR: Child process failed during likelihood calculation
Model: {'lensing': 'yes', 'output': 'tCl,lCl,pCl,mPk', 'l_max_scalars': 2508, 'k_pivot': 0.05, 'N_ur': 2.0328, 'N_ncdm': 1, 'm_ncdm': 0.06, 'T_ncdm': 0.71611, 'N_ncdm_decay_dr': 1, 'quadrature_strategy_ncdm_decay_dr': 3, 'ncdm_fluid_approximation': 3, 'maximum_q_ncdm_decay_dr': 15.0, 'background_method': 0, 'evolver': 1, 'N_momentum_bins_ncdm_decay_dr': 7, 'l_max_ncdm': 13, 'l_max_dr': 13, 'l_max_dr_col': 13, 'omega_b': 0.01956429, 'omega_cdm': 0.173972, 'Neff_ini_dncdm': 1.595362, 'log10lifetime_ncdm_decay_dr': 2.917123, 'm_ncdm_decay_dr': 461.6809, 'H0': 42.61942, 'ln10^{10}A_s': 3.171286, 'n_s': 0.8453618, 'tau_reio': 0.1515371, 'P_k_max_1/Mpc': 1.0}
skipping to the next model...
[PARENT][Rank 120] | [IDLE] Waiting for master to send 'Done'.
[PARENT][Rank 171] | [IDLE] Waiting for master to send 'Done'.
[PARENT][Rank 484] | ERROR: Unexpected command received from child process: MODEL_DONE
[PARENT][Rank 63] | ERROR: Unexpected error during PING-PONG check: TimeoutError('Timeout while waiting for child to respond.')Attemping to respawn child process...
[PARENT][Rank 63] | ERROR: Maximum respawn attempts reached. Marking rank as failed.
[PARENT][Rank 63] | [IDLE] Waiting for master to send 'Done'.
[PARENT][Rank 174] | [IDLE] Waiting for master to send 'Done'.
[PARENT][Rank 63] | ERROR: Unexpected error during PING-PONG check: AttributeError("'NoneType' object has no attribute 'Isend'")Attemping to respawn child process...
[PARENT][Rank 63] | ERROR: Maximum respawn attempts reached. Marking rank as failed.
[PARENT][Rank 63] | [IDLE] Waiting for master to send 'Done'.
[PARENT][Rank 397] | [IDLE] Waiting for master to send 'Done'.
[PARENT][Rank 47] | ERROR: Child process failed during likelihood calculation
Model: {'lensing': 'yes', 'output': 'tCl,lCl,pCl,mPk', 'l_max_scalars': 2508, 'k_pivot': 0.05, 'N_ur': 2.0328, 'N_ncdm': 1, 'm_ncdm': 0.06, 'T_ncdm': 0.71611, 'N_ncdm_decay_dr': 1, 'quadrature_strategy_ncdm_decay_dr': 3, 'ncdm_fluid_approximation': 3, 'maximum_q_ncdm_decay_dr': 15.0, 'background_method': 0, 'evolver': 1, 'N_momentum_bins_ncdm_decay_dr': 7, 'l_max_ncdm': 13, 'l_max_dr': 13, 'l_max_dr_col': 13, 'omega_b': 0.02118259, 'omega_cdm': 0.1694984, 'Neff_ini_dncdm': 2.197777, 'log10lifetime_ncdm_decay_dr': 4.363852, 'm_ncdm_decay_dr': 361.979, 'H0': 45.90016, 'ln10^{10}A_s': 3.121339, 'n_s': 0.8991855, 'tau_reio': 0.09475872, 'P_k_max_1/Mpc': 1.0}
skipping to the next model...
[PARENT][Rank 47] | ERROR: Child process failed during CLASS computation
Model: {'lensing': 'yes', 'output': 'tCl,lCl,pCl,mPk', 'l_max_scalars': 2508, 'k_pivot': 0.05, 'N_ur': 2.0328, 'N_ncdm': 1, 'm_ncdm': 0.06, 'T_ncdm': 0.71611, 'N_ncdm_decay_dr': 1, 'quadrature_strategy_ncdm_decay_dr': 3, 'ncdm_fluid_approximation': 3, 'maximum_q_ncdm_decay_dr': 15.0, 'background_method': 0, 'evolver': 1, 'N_momentum_bins_ncdm_decay_dr': 7, 'l_max_ncdm': 13, 'l_max_dr': 13, 'l_max_dr_col': 13, 'omega_b': 0.01883621, 'omega_cdm': 0.1606152, 'Neff_ini_dncdm': 1.931511, 'log10lifetime_ncdm_decay_dr': 3.681416, 'm_ncdm_decay_dr': 353.3854, 'H0': 46.17742, 'ln10^{10}A_s': 3.095464, 'n_s': 0.8838441, 'tau_reio': 0.1555937, 'P_k_max_1/Mpc': 1.0}
skipping to the next model...
[PARENT][Rank 63] | ERROR: Unexpected error during PING-PONG check: AttributeError("'NoneType' object has no attribute 'Isend'")Attemping to respawn child process...
[PARENT][Rank 63] | ERROR: Maximum respawn attempts reached. Marking rank as failed.
[PARENT][Rank 63] | [IDLE] Waiting for master to send 'Done'.
[PARENT][Rank 63] | ERROR: Unexpected error during PING-PONG check: AttributeError("'NoneType' object has no attribute 'Isend'")Attemping to respawn child process...
[PARENT][Rank 63] | ERROR: Maximum respawn attempts reached. Marking rank as failed.
[PARENT][Rank 63] | [IDLE] Waiting for master to send 'Done'.
[PARENT][Rank 393] | ERROR: Unexpected error during PING-PONG check: TimeoutError('Timeout while waiting for child to respond.')Attemping to respawn child process...
[PARENT][Rank 393] | WARNING: Child process died or is unresponsive. Respawning...
[PARENT][Rank 63] | ERROR: Unexpected error during PING-PONG check: AttributeError("'NoneType' object has no attribute 'Isend'")Attemping to respawn child process...
[PARENT][Rank 63] | ERROR: Maximum respawn attempts reached. Marking rank as failed.
[PARENT][Rank 63] | [IDLE] Waiting for master to send 'Done'.
[PARENT][Rank 393] | [INFO] Successfully respawned child process.
[PARENT][Rank 393] | [IDLE] Waiting for master to send 'Done'.
[PARENT][Rank 167] | ERROR: Unexpected error during PING-PONG check: TimeoutError('Timeout while waiting for child to respond.')Attemping to respawn child process...
[PARENT][Rank 167] | ERROR: Maximum respawn attempts reached. Marking rank as failed.
[PARENT][Rank 167] | [IDLE] Waiting for master to send 'Done'.
[PARENT][Rank 63] | ERROR: Unexpected error during PING-PONG check: AttributeError("'NoneType' object has no attribute 'Isend'")Attemping to respawn child process...
[PARENT][Rank 63] | ERROR: Maximum respawn attempts reached. Marking rank as failed.
[PARENT][Rank 63] | [IDLE] Waiting for master to send 'Done'.
[PARENT][Rank 167] | ERROR: Unexpected error during PING-PONG check: AttributeError("'NoneType' object has no attribute 'Isend'")Attemping to respawn child process...
[PARENT][Rank 167] | ERROR: Maximum respawn attempts reached. Marking rank as failed.
[PARENT][Rank 167] | [IDLE] Waiting for master to send 'Done'.
[PARENT][Rank 110] | [IDLE] Waiting for master to send 'Done'.
[PARENT][Rank 63] | ERROR: Unexpected error during PING-PONG check: AttributeError("'NoneType' object has no attribute 'Isend'")Attemping to respawn child process...
[PARENT][Rank 63] | ERROR: Maximum respawn attempts reached. Marking rank as failed.
[PARENT][Rank 63] | [IDLE] Waiting for master to send 'Done'.
[PARENT][Rank 49] | [IDLE] Waiting for master to send 'Done'.
[CHILD][Parent Rank 63] | ERROR: Timeout while waiting for message.
Exiting safely.
[PARENT][Rank 167] | ERROR: Unexpected error during PING-PONG check: AttributeError("'NoneType' object has no attribute 'Isend'")Attemping to respawn child process...
[PARENT][Rank 167] | ERROR: Maximum respawn attempts reached. Marking rank as failed.
[PARENT][Rank 167] | [IDLE] Waiting for master to send 'Done'.
[CHILD][Parent Rank 168] | ERROR: Timeout while waiting for message.
Exiting safely.
[PARENT][Rank 164] | ERROR: Failed to send or receive data to/from child process. Child process may have crashed.Possibly due to out-of-memory or other critical error during CLASS computation    .
Model: {'lensing': 'yes', 'output': 'tCl,lCl,pCl,mPk', 'l_max_scalars': 2508, 'k_pivot': 0.05, 'N_ur': 2.0328, 'N_ncdm': 1, 'm_ncdm': 0.06, 'T_ncdm': 0.71611, 'N_ncdm_decay_dr': 1, 'quadrature_strategy_ncdm_decay_dr': 3, 'ncdm_fluid_approximation': 3, 'maximum_q_ncdm_decay_dr': 15.0, 'background_method': 0, 'evolver': 1, 'N_momentum_bins_ncdm_decay_dr': 7, 'l_max_ncdm': 13, 'l_max_dr': 13, 'l_max_dr_col': 13, 'omega_b': 0.02115541, 'omega_cdm': 0.1631767, 'Neff_ini_dncdm': 2.090208, 'log10lifetime_ncdm_decay_dr': 5.197536, 'm_ncdm_decay_dr': 508.6047, 'H0': 50.3708, 'ln10^{10}A_s': 3.182356, 'n_s': 0.9224565, 'tau_reio': 0.1677021, 'P_k_max_1/Mpc': 1.0}
skipping to the next model...
[PARENT][Rank 164] | Exception: TimeoutError('Timeout while waiting for child to respond.')
[PARENT][Rank 63] | ERROR: Unexpected error during PING-PONG check: AttributeError("'NoneType' object has no attribute 'Isend'")Attemping to respawn child process...
[PARENT][Rank 63] | ERROR: Maximum respawn attempts reached. Marking rank as failed.
[PARENT][Rank 63] | [IDLE] Waiting for master to send 'Done'.
[CHILD][Parent Rank 109] | ERROR: Timeout while waiting for message.
Exiting safely.
[PARENT][Rank 225] | [IDLE] Waiting for master to send 'Done'.
[PARENT][Rank 167] | ERROR: Unexpected error during PING-PONG check: AttributeError("'NoneType' object has no attribute 'Isend'")Attemping to respawn child process...
[PARENT][Rank 167] | ERROR: Maximum respawn attempts reached. Marking rank as failed.
[PARENT][Rank 167] | [IDLE] Waiting for master to send 'Done'.
[PARENT][Rank 63] | ERROR: Unexpected error during PING-PONG check: AttributeError("'NoneType' object has no attribute 'Isend'")Attemping to respawn child process...
[PARENT][Rank 63] | ERROR: Maximum respawn attempts reached. Marking rank as failed.
[PARENT][Rank 63] | [IDLE] Waiting for master to send 'Done'.
[PARENT][Rank 167] | ERROR: Unexpected error during PING-PONG check: AttributeError("'NoneType' object has no attribute 'Isend'")Attemping to respawn child process...
[PARENT][Rank 167] | ERROR: Maximum respawn attempts reached. Marking rank as failed.
[PARENT][Rank 167] | [IDLE] Waiting for master to send 'Done'.
[PARENT][Rank 63] | ERROR: Unexpected error during PING-PONG check: AttributeError("'NoneType' object has no attribute 'Isend'")Attemping to respawn child process...
[PARENT][Rank 63] | ERROR: Maximum respawn attempts reached. Marking rank as failed.
[PARENT][Rank 63] | [IDLE] Waiting for master to send 'Done'.
[PARENT][Rank 166] | ERROR: Failed to send or receive data to/from child process. Child process may have crashed.Possibly due to out-of-memory or other critical error during CLASS computation    .
Model: {'lensing': 'yes', 'output': 'tCl,lCl,pCl,mPk', 'l_max_scalars': 2508, 'k_pivot': 0.05, 'N_ur': 2.0328, 'N_ncdm': 1, 'm_ncdm': 0.06, 'T_ncdm': 0.71611, 'N_ncdm_decay_dr': 1, 'quadrature_strategy_ncdm_decay_dr': 3, 'ncdm_fluid_approximation': 3, 'maximum_q_ncdm_decay_dr': 15.0, 'background_method': 0, 'evolver': 1, 'N_momentum_bins_ncdm_decay_dr': 7, 'l_max_ncdm': 13, 'l_max_dr': 13, 'l_max_dr_col': 13, 'omega_b': 0.02176155, 'omega_cdm': 0.1459533, 'Neff_ini_dncdm': 2.244654, 'log10lifetime_ncdm_decay_dr': 5.719036, 'm_ncdm_decay_dr': 507.4884, 'H0': 56.5551, 'ln10^{10}A_s': 2.982701, 'n_s': 0.9731127, 'tau_reio': 0.08731592, 'P_k_max_1/Mpc': 1.0}
skipping to the next model...
[PARENT][Rank 166] | Exception: TimeoutError('Timeout while waiting for child to respond.')
[PARENT][Rank 119] | ERROR: Unexpected error during PING-PONG check: TimeoutError('Timeout while waiting for child to respond.')Attemping to respawn child process...
[PARENT][Rank 119] | ERROR: Maximum respawn attempts reached. Marking rank as failed.
[PARENT][Rank 119] | [IDLE] Waiting for master to send 'Done'.
[PARENT][Rank 120] | ERROR: Unexpected error during PING-PONG check: TimeoutError('Timeout while waiting for child to respond.')Attemping to respawn child process...
[PARENT][Rank 120] | ERROR: Maximum respawn attempts reached. Marking rank as failed.
[PARENT][Rank 120] | [IDLE] Waiting for master to send 'Done'.
[PARENT][Rank 170] | ERROR: Failed to send or receive data to/from child process. Child process may have crashed.Possibly due to out-of-memory or other critical error during CLASS computation    .
Model: {'lensing': 'yes', 'output': 'tCl,lCl,pCl,mPk', 'l_max_scalars': 2508, 'k_pivot': 0.05, 'N_ur': 2.0328, 'N_ncdm': 1, 'm_ncdm': 0.06, 'T_ncdm': 0.71611, 'N_ncdm_decay_dr': 1, 'quadrature_strategy_ncdm_decay_dr': 3, 'ncdm_fluid_approximation': 3, 'maximum_q_ncdm_decay_dr': 15.0, 'background_method': 0, 'evolver': 1, 'N_momentum_bins_ncdm_decay_dr': 7, 'l_max_ncdm': 13, 'l_max_dr': 13, 'l_max_dr_col': 13, 'omega_b': 0.02207581, 'omega_cdm': 0.1410654, 'Neff_ini_dncdm': 2.318267, 'log10lifetime_ncdm_decay_dr': 5.529992, 'm_ncdm_decay_dr': 515.0482, 'H0': 58.53216, 'ln10^{10}A_s': 3.000407, 'n_s': 0.9860824, 'tau_reio': 0.1086309, 'P_k_max_1/Mpc': 1.0}
skipping to the next model...
[PARENT][Rank 170] | Exception: TimeoutError('Timeout while waiting for child to respond.')
[PARENT][Rank 170] | [IDLE] Waiting for master to send 'Done'.
[PARENT][Rank 167] | ERROR: Unexpected error during PING-PONG check: AttributeError("'NoneType' object has no attribute 'Isend'")Attemping to respawn child process...
[PARENT][Rank 167] | ERROR: Maximum respawn attempts reached. Marking rank as failed.
[PARENT][Rank 167] | [IDLE] Waiting for master to send 'Done'.
[PARENT][Rank 117] | ERROR: Unexpected command received from child process: MODEL_DONE
[CHILD][Parent Rank 168] | ERROR: Timeout while waiting for message.
Exiting safely.
[CHILD][Parent Rank 113] | ERROR: Timeout while waiting for message.
Exiting safely.
[PARENT][Rank 63] | ERROR: Unexpected error during PING-PONG check: AttributeError("'NoneType' object has no attribute 'Isend'")Attemping to respawn child process...
[PARENT][Rank 63] | ERROR: Maximum respawn attempts reached. Marking rank as failed.
[PARENT][Rank 63] | [IDLE] Waiting for master to send 'Done'.
[PARENT][Rank 120] | ERROR: Unexpected error during PING-PONG check: AttributeError("'NoneType' object has no attribute 'Isend'")Attemping to respawn child process...
[PARENT][Rank 120] | ERROR: Maximum respawn attempts reached. Marking rank as failed.
[PARENT][Rank 120] | [IDLE] Waiting for master to send 'Done'.
[PARENT][Rank 119] | ERROR: Unexpected error during PING-PONG check: AttributeError("'NoneType' object has no attribute 'Isend'")Attemping to respawn child process...
[PARENT][Rank 119] | ERROR: Maximum respawn attempts reached. Marking rank as failed.
[PARENT][Rank 119] | [IDLE] Waiting for master to send 'Done'.
[s41n11.grendel.cscaa.dk:3570985] 1 more process has sent help message help-mpi-btl-tcp.txt / client connect fail
[PARENT][Rank 120] | ERROR: Unexpected error during PING-PONG check: AttributeError("'NoneType' object has no attribute 'Isend'")Attemping to respawn child process...
[PARENT][Rank 120] | ERROR: Maximum respawn attempts reached. Marking rank as failed.
[PARENT][Rank 120] | [IDLE] Waiting for master to send 'Done'.
[PARENT][Rank 167] | ERROR: Unexpected error during PING-PONG check: AttributeError("'NoneType' object has no attribute 'Isend'")Attemping to respawn child process...
[PARENT][Rank 167] | ERROR: Maximum respawn attempts reached. Marking rank as failed.
[PARENT][Rank 167] | [IDLE] Waiting for master to send 'Done'.
[PARENT][Rank 119] | ERROR: Unexpected error during PING-PONG check: AttributeError("'NoneType' object has no attribute 'Isend'")Attemping to respawn child process...
[PARENT][Rank 119] | ERROR: Maximum respawn attempts reached. Marking rank as failed.
[PARENT][Rank 119] | [IDLE] Waiting for master to send 'Done'.
[PARENT][Rank 63] | ERROR: Unexpected error during PING-PONG check: AttributeError("'NoneType' object has no attribute 'Isend'")Attemping to respawn child process...
[PARENT][Rank 63] | ERROR: Maximum respawn attempts reached. Marking rank as failed.
[PARENT][Rank 63] | [IDLE] Waiting for master to send 'Done'.
[PARENT][Rank 63] | ERROR: Unexpected error during PING-PONG check: AttributeError("'NoneType' object has no attribute 'Isend'")Attemping to respawn child process...
[PARENT][Rank 63] | ERROR: Maximum respawn attempts reached. Marking rank as failed.
[PARENT][Rank 63] | [IDLE] Waiting for master to send 'Done'.
[PARENT][Rank 120] | ERROR: Unexpected error during PING-PONG check: AttributeError("'NoneType' object has no attribute 'Isend'")Attemping to respawn child process...
[PARENT][Rank 120] | ERROR: Maximum respawn attempts reached. Marking rank as failed.
[PARENT][Rank 120] | [IDLE] Waiting for master to send 'Done'.
[PARENT][Rank 167] | ERROR: Unexpected error during PING-PONG check: AttributeError("'NoneType' object has no attribute 'Isend'")Attemping to respawn child process...
[PARENT][Rank 167] | ERROR: Maximum respawn attempts reached. Marking rank as failed.
[PARENT][Rank 167] | [IDLE] Waiting for master to send 'Done'.
[PARENT][Rank 119] | ERROR: Unexpected error during PING-PONG check: AttributeError("'NoneType' object has no attribute 'Isend'")Attemping to respawn child process...
[PARENT][Rank 119] | ERROR: Maximum respawn attempts reached. Marking rank as failed.
[PARENT][Rank 119] | [IDLE] Waiting for master to send 'Done'.
[CHILD][Parent Rank 167] | ERROR: Timeout while waiting for message.
Exiting safely.
[PARENT][Rank 120] | ERROR: Unexpected error during PING-PONG check: AttributeError("'NoneType' object has no attribute 'Isend'")Attemping to respawn child process...
[PARENT][Rank 120] | ERROR: Maximum respawn attempts reached. Marking rank as failed.
[PARENT][Rank 120] | [IDLE] Waiting for master to send 'Done'.
[PARENT][Rank 167] | ERROR: Unexpected error during PING-PONG check: AttributeError("'NoneType' object has no attribute 'Isend'")Attemping to respawn child process...
[PARENT][Rank 167] | ERROR: Maximum respawn attempts reached. Marking rank as failed.
[PARENT][Rank 167] | [IDLE] Waiting for master to send 'Done'.
[PARENT][Rank 119] | ERROR: Unexpected error during PING-PONG check: AttributeError("'NoneType' object has no attribute 'Isend'")Attemping to respawn child process...
[PARENT][Rank 119] | ERROR: Maximum respawn attempts reached. Marking rank as failed.
[PARENT][Rank 119] | [IDLE] Waiting for master to send 'Done'.
[PARENT][Rank 63] | ERROR: Unexpected error during PING-PONG check: AttributeError("'NoneType' object has no attribute 'Isend'")Attemping to respawn child process...
[PARENT][Rank 63] | ERROR: Maximum respawn attempts reached. Marking rank as failed.
[PARENT][Rank 63] | [IDLE] Waiting for master to send 'Done'.
[PARENT][Rank 112] | ERROR: Failed to send or receive data to/from child process. Child process may have crashed.Possibly due to out-of-memory or other critical error during CLASS computation    .
Model: {'lensing': 'yes', 'output': 'tCl,lCl,pCl,mPk', 'l_max_scalars': 2508, 'k_pivot': 0.05, 'N_ur': 2.0328, 'N_ncdm': 1, 'm_ncdm': 0.06, 'T_ncdm': 0.71611, 'N_ncdm_decay_dr': 1, 'quadrature_strategy_ncdm_decay_dr': 3, 'ncdm_fluid_approximation': 3, 'maximum_q_ncdm_decay_dr': 15.0, 'background_method': 0, 'evolver': 1, 'N_momentum_bins_ncdm_decay_dr': 7, 'l_max_ncdm': 13, 'l_max_dr': 13, 'l_max_dr_col': 13, 'omega_b': 0.021067629, 'omega_cdm': 0.1623535, 'Neff_ini_dncdm': 2.230867, 'log10lifetime_ncdm_decay_dr': 5.105914, 'm_ncdm_decay_dr': 477.7744, 'H0': 49.45576, 'ln10^{10}A_s': 3.137404, 'n_s': 0.9331019, 'tau_reio': 0.1384664, 'P_k_max_1/Mpc': 1.0}
skipping to the next model...
[PARENT][Rank 112] | Exception: TimeoutError('Timeout while waiting for child to respond.')
[PARENT][Rank 109] | ERROR: Failed to send or receive data to/from child process. Child process may have crashed.Possibly due to out-of-memory or other critical error during CLASS computation    .
Model: {'lensing': 'yes', 'output': 'tCl,lCl,pCl,mPk', 'l_max_scalars': 2508, 'k_pivot': 0.05, 'N_ur': 2.0328, 'N_ncdm': 1, 'm_ncdm': 0.06, 'T_ncdm': 0.71611, 'N_ncdm_decay_dr': 1, 'quadrature_strategy_ncdm_decay_dr': 3, 'ncdm_fluid_approximation': 3, 'maximum_q_ncdm_decay_dr': 15.0, 'background_method': 0, 'evolver': 1, 'N_momentum_bins_ncdm_decay_dr': 7, 'l_max_ncdm': 13, 'l_max_dr': 13, 'l_max_dr_col': 13, 'omega_b': 0.021257441, 'omega_cdm': 0.1601928, 'Neff_ini_dncdm': 2.140901, 'log10lifetime_ncdm_decay_dr': 5.182208, 'm_ncdm_decay_dr': 470.4951, 'H0': 50.52791, 'ln10^{10}A_s': 3.142728, 'n_s': 0.9359963, 'tau_reio': 0.1419148, 'P_k_max_1/Mpc': 1.0}
skipping to the next model...
[PARENT][Rank 109] | Exception: TimeoutError('Timeout while waiting for child to respond.')
[PARENT][Rank 109] | [IDLE] Waiting for master to send 'Done'.
[s41n11.grendel.cscaa.dk:3570985] 1 more process has sent help message help-mpi-btl-tcp.txt / client connect fail
[PARENT][Rank 120] | ERROR: Unexpected error during PING-PONG check: AttributeError("'NoneType' object has no attribute 'Isend'")Attemping to respawn child process...
[PARENT][Rank 120] | ERROR: Maximum respawn attempts reached. Marking rank as failed.
[PARENT][Rank 120] | [IDLE] Waiting for master to send 'Done'.
[PARENT][Rank 119] | ERROR: Unexpected error during PING-PONG check: AttributeError("'NoneType' object has no attribute 'Isend'")Attemping to respawn child process...
[PARENT][Rank 119] | ERROR: Maximum respawn attempts reached. Marking rank as failed.
[PARENT][Rank 119] | [IDLE] Waiting for master to send 'Done'.
[PARENT][Rank 167] | ERROR: Unexpected error during PING-PONG check: AttributeError("'NoneType' object has no attribute 'Isend'")Attemping to respawn child process...
[PARENT][Rank 167] | ERROR: Maximum respawn attempts reached. Marking rank as failed.
[PARENT][Rank 167] | [IDLE] Waiting for master to send 'Done'.
[PARENT][Rank 63] | ERROR: Unexpected error during PING-PONG check: AttributeError("'NoneType' object has no attribute 'Isend'")Attemping to respawn child process...
[PARENT][Rank 63] | ERROR: Maximum respawn attempts reached. Marking rank as failed.
[PARENT][Rank 63] | [IDLE] Waiting for master to send 'Done'.
[s41n11.grendel.cscaa.dk:3570985] 1 more process has sent help message help-mpi-btl-tcp.txt / client connect fail
[CHILD][Parent Rank 172] | ERROR: Timeout while waiting for message.
Exiting safely.
[PARENT][Rank 120] | ERROR: Unexpected error during PING-PONG check: AttributeError("'NoneType' object has no attribute 'Isend'")Attemping to respawn child process...
[PARENT][Rank 120] | ERROR: Maximum respawn attempts reached. Marking rank as failed.
[PARENT][Rank 120] | [IDLE] Waiting for master to send 'Done'.
[PARENT][Rank 119] | ERROR: Unexpected error during PING-PONG check: AttributeError("'NoneType' object has no attribute 'Isend'")Attemping to respawn child process...
[PARENT][Rank 119] | ERROR: Maximum respawn attempts reached. Marking rank as failed.
[PARENT][Rank 119] | [IDLE] Waiting for master to send 'Done'.
[PARENT][Rank 167] | ERROR: Unexpected error during PING-PONG check: AttributeError("'NoneType' object has no attribute 'Isend'")Attemping to respawn child process...
[PARENT][Rank 167] | ERROR: Maximum respawn attempts reached. Marking rank as failed.
[PARENT][Rank 167] | [IDLE] Waiting for master to send 'Done'.
[PARENT][Rank 63] | ERROR: Unexpected error during PING-PONG check: AttributeError("'NoneType' object has no attribute 'Isend'")Attemping to respawn child process...
[PARENT][Rank 63] | ERROR: Maximum respawn attempts reached. Marking rank as failed.
[PARENT][Rank 63] | [IDLE] Waiting for master to send 'Done'.
[PARENT][Rank 120] | ERROR: Unexpected error during PING-PONG check: AttributeError("'NoneType' object has no attribute 'Isend'")Attemping to respawn child process...
[PARENT][Rank 120] | ERROR: Maximum respawn attempts reached. Marking rank as failed.
[PARENT][Rank 120] | [IDLE] Waiting for master to send 'Done'.
[PARENT][Rank 119] | ERROR: Unexpected error during PING-PONG check: AttributeError("'NoneType' object has no attribute 'Isend'")Attemping to respawn child process...
[PARENT][Rank 119] | ERROR: Maximum respawn attempts reached. Marking rank as failed.
[PARENT][Rank 119] | [IDLE] Waiting for master to send 'Done'.
[PARENT][Rank 167] | ERROR: Unexpected error during PING-PONG check: AttributeError("'NoneType' object has no attribute 'Isend'")Attemping to respawn child process...
[PARENT][Rank 167] | ERROR: Maximum respawn attempts reached. Marking rank as failed.
[PARENT][Rank 167] | [IDLE] Waiting for master to send 'Done'.
[PARENT][Rank 63] | ERROR: Unexpected error during PING-PONG check: AttributeError("'NoneType' object has no attribute 'Isend'")Attemping to respawn child process...
[PARENT][Rank 63] | ERROR: Maximum respawn attempts reached. Marking rank as failed.
[PARENT][Rank 63] | [IDLE] Waiting for master to send 'Done'.
[PARENT][Rank 120] | ERROR: Unexpected error during PING-PONG check: AttributeError("'NoneType' object has no attribute 'Isend'")Attemping to respawn child process...
[PARENT][Rank 120] | ERROR: Maximum respawn attempts reached. Marking rank as failed.
[PARENT][Rank 120] | [IDLE] Waiting for master to send 'Done'.
[PARENT][Rank 119] | ERROR: Unexpected error during PING-PONG check: AttributeError("'NoneType' object has no attribute 'Isend'")Attemping to respawn child process...
[PARENT][Rank 119] | ERROR: Maximum respawn attempts reached. Marking rank as failed.
[PARENT][Rank 119] | [IDLE] Waiting for master to send 'Done'.
[PARENT][Rank 167] | ERROR: Unexpected error during PING-PONG check: AttributeError("'NoneType' object has no attribute 'Isend'")Attemping to respawn child process...
[PARENT][Rank 167] | ERROR: Maximum respawn attempts reached. Marking rank as failed.
[PARENT][Rank 167] | [IDLE] Waiting for master to send 'Done'.
[PARENT][Rank 63] | ERROR: Unexpected error during PING-PONG check: AttributeError("'NoneType' object has no attribute 'Isend'")Attemping to respawn child process...
[PARENT][Rank 63] | ERROR: Maximum respawn attempts reached. Marking rank as failed.
[PARENT][Rank 63] | [IDLE] Waiting for master to send 'Done'.
[PARENT][Rank 120] | ERROR: Unexpected error during PING-PONG check: AttributeError("'NoneType' object has no attribute 'Isend'")Attemping to respawn child process...
[PARENT][Rank 120] | ERROR: Maximum respawn attempts reached. Marking rank as failed.
[PARENT][Rank 120] | [IDLE] Waiting for master to send 'Done'.
[PARENT][Rank 119] | ERROR: Unexpected error during PING-PONG check: AttributeError("'NoneType' object has no attribute 'Isend'")Attemping to respawn child process...
[PARENT][Rank 119] | ERROR: Maximum respawn attempts reached. Marking rank as failed.
[PARENT][Rank 119] | [IDLE] Waiting for master to send 'Done'.
[PARENT][Rank 63] | ERROR: Unexpected error during PING-PONG check: AttributeError("'NoneType' object has no attribute 'Isend'")Attemping to respawn child process...
[PARENT][Rank 63] | ERROR: Maximum respawn attempts reached. Marking rank as failed.
[PARENT][Rank 63] | [IDLE] Waiting for master to send 'Done'.
[PARENT][Rank 167] | ERROR: Unexpected error during PING-PONG check: AttributeError("'NoneType' object has no attribute 'Isend'")Attemping to respawn child process...
[PARENT][Rank 167] | ERROR: Maximum respawn attempts reached. Marking rank as failed.
[PARENT][Rank 167] | [IDLE] Waiting for master to send 'Done'.
[PARENT][Rank 120] | ERROR: Unexpected error during PING-PONG check: AttributeError("'NoneType' object has no attribute 'Isend'")Attemping to respawn child process...
[PARENT][Rank 120] | ERROR: Maximum respawn attempts reached. Marking rank as failed.
[PARENT][Rank 120] | [IDLE] Waiting for master to send 'Done'.
[PARENT][Rank 119] | ERROR: Unexpected error during PING-PONG check: AttributeError("'NoneType' object has no attribute 'Isend'")Attemping to respawn child process...
[PARENT][Rank 119] | ERROR: Maximum respawn attempts reached. Marking rank as failed.
[PARENT][Rank 119] | [IDLE] Waiting for master to send 'Done'.
[PARENT][Rank 63] | ERROR: Unexpected error during PING-PONG check: AttributeError("'NoneType' object has no attribute 'Isend'")Attemping to respawn child process...
[PARENT][Rank 63] | ERROR: Maximum respawn attempts reached. Marking rank as failed.
[PARENT][Rank 63] | [IDLE] Waiting for master to send 'Done'.
[PARENT][Rank 167] | ERROR: Unexpected error during PING-PONG check: AttributeError("'NoneType' object has no attribute 'Isend'")Attemping to respawn child process...
[PARENT][Rank 167] | ERROR: Maximum respawn attempts reached. Marking rank as failed.
[PARENT][Rank 167] | [IDLE] Waiting for master to send 'Done'.
[PARENT][Rank 164] | ERROR: Unexpected error during PING-PONG check: TimeoutError('Timeout while waiting for child to respond.')Attemping to respawn child process...
[PARENT][Rank 164] | WARNING: Child process died or is unresponsive. Respawning...
[PARENT][Rank 119] | ERROR: Unexpected error during PING-PONG check: AttributeError("'NoneType' object has no attribute 'Isend'")Attemping to respawn child process...
[PARENT][Rank 119] | ERROR: Maximum respawn attempts reached. Marking rank as failed.
[PARENT][Rank 119] | [IDLE] Waiting for master to send 'Done'.
[PARENT][Rank 63] | ERROR: Unexpected error during PING-PONG check: AttributeError("'NoneType' object has no attribute 'Isend'")Attemping to respawn child process...
[PARENT][Rank 63] | ERROR: Maximum respawn attempts reached. Marking rank as failed.
[PARENT][Rank 63] | [IDLE] Waiting for master to send 'Done'.
[PARENT][Rank 167] | ERROR: Unexpected error during PING-PONG check: AttributeError("'NoneType' object has no attribute 'Isend'")Attemping to respawn child process...
[PARENT][Rank 167] | ERROR: Maximum respawn attempts reached. Marking rank as failed.
[PARENT][Rank 167] | [IDLE] Waiting for master to send 'Done'.
[PARENT][Rank 120] | ERROR: Unexpected error during PING-PONG check: AttributeError("'NoneType' object has no attribute 'Isend'")Attemping to respawn child process...
[PARENT][Rank 120] | ERROR: Maximum respawn attempts reached. Marking rank as failed.
[PARENT][Rank 120] | [IDLE] Waiting for master to send 'Done'.
[PARENT][Rank 164] | [INFO] Successfully respawned child process.
[PARENT][Rank 164] | [IDLE] Waiting for master to send 'Done'.
[PARENT][Rank 47] | ERROR: Child process failed during likelihood calculation
Model: {'lensing': 'yes', 'output': 'tCl,lCl,pCl,mPk', 'l_max_scalars': 2508, 'k_pivot': 0.05, 'N_ur': 2.0328, 'N_ncdm': 1, 'm_ncdm': 0.06, 'T_ncdm': 0.71611, 'N_ncdm_decay_dr': 1, 'quadrature_strategy_ncdm_decay_dr': 3, 'ncdm_fluid_approximation': 3, 'maximum_q_ncdm_decay_dr': 15.0, 'background_method': 0, 'evolver': 1, 'N_momentum_bins_ncdm_decay_dr': 7, 'l_max_ncdm': 13, 'l_max_dr': 13, 'l_max_dr_col': 13, 'omega_b': 0.01922166, 'omega_cdm': 0.1586475, 'Neff_ini_dncdm': 1.936466, 'log10lifetime_ncdm_decay_dr': 3.661564, 'm_ncdm_decay_dr': 394.29, 'H0': 47.20996, 'ln10^{10}A_s': 3.11151, 'n_s': 0.8764699, 'tau_reio': 0.1682648, 'P_k_max_1/Mpc': 1.0}
skipping to the next model...
[PARENT][Rank 47] | ERROR: Child process failed during CLASS computation
Model: {'lensing': 'yes', 'output': 'tCl,lCl,pCl,mPk', 'l_max_scalars': 2508, 'k_pivot': 0.05, 'N_ur': 2.0328, 'N_ncdm': 1, 'm_ncdm': 0.06, 'T_ncdm': 0.71611, 'N_ncdm_decay_dr': 1, 'quadrature_strategy_ncdm_decay_dr': 3, 'ncdm_fluid_approximation': 3, 'maximum_q_ncdm_decay_dr': 15.0, 'background_method': 0, 'evolver': 1, 'N_momentum_bins_ncdm_decay_dr': 7, 'l_max_ncdm': 13, 'l_max_dr': 13, 'l_max_dr_col': 13, 'omega_b': 0.02030909, 'omega_cdm': 0.1475702, 'Neff_ini_dncdm': 1.747486, 'log10lifetime_ncdm_decay_dr': 3.275042, 'm_ncdm_decay_dr': 444.4695, 'H0': 52.45311, 'ln10^{10}A_s': 2.988466, 'n_s': 0.8524754, 'tau_reio': 0.1692457, 'P_k_max_1/Mpc': 1.0}
skipping to the next model...
[PARENT][Rank 113] | ERROR: Unexpected error during PING-PONG check: TimeoutError('Timeout while waiting for child to respond.')Attemping to respawn child process...
[PARENT][Rank 113] | WARNING: Child process died or is unresponsive. Respawning...
[PARENT][Rank 63] | ERROR: Unexpected error during PING-PONG check: AttributeError("'NoneType' object has no attribute 'Isend'")Attemping to respawn child process...
[PARENT][Rank 63] | ERROR: Maximum respawn attempts reached. Marking rank as failed.
[PARENT][Rank 63] | [IDLE] Waiting for master to send 'Done'.
[PARENT][Rank 120] | ERROR: Unexpected error during PING-PONG check: AttributeError("'NoneType' object has no attribute 'Isend'")Attemping to respawn child process...
[PARENT][Rank 120] | ERROR: Maximum respawn attempts reached. Marking rank as failed.
[PARENT][Rank 120] | [IDLE] Waiting for master to send 'Done'.
[PARENT][Rank 119] | ERROR: Unexpected error during PING-PONG check: AttributeError("'NoneType' object has no attribute 'Isend'")Attemping to respawn child process...
[PARENT][Rank 119] | ERROR: Maximum respawn attempts reached. Marking rank as failed.
[PARENT][Rank 119] | [IDLE] Waiting for master to send 'Done'.
[s43n12][[27701,1],164][btl_tcp_endpoint.c:625:mca_btl_tcp_endpoint_recv_connect_ack] received unexpected process identifier [[27701,626],0]
[PARENT][Rank 167] | ERROR: Unexpected error during PING-PONG check: AttributeError("'NoneType' object has no attribute 'Isend'")Attemping to respawn child process...
[PARENT][Rank 167] | ERROR: Maximum respawn attempts reached. Marking rank as failed.
[PARENT][Rank 167] | [IDLE] Waiting for master to send 'Done'.
[PARENT][Rank 113] | [INFO] Successfully respawned child process.
[PARENT][Rank 113] | [IDLE] Waiting for master to send 'Done'.
[PARENT][Rank 168] | ERROR: Failed to send or receive data to/from child process. Child process may have crashed.Possibly due to out-of-memory or other critical error during CLASS computation    .
Model: {'lensing': 'yes', 'output': 'tCl,lCl,pCl,mPk', 'l_max_scalars': 2508, 'k_pivot': 0.05, 'N_ur': 2.0328, 'N_ncdm': 1, 'm_ncdm': 0.06, 'T_ncdm': 0.71611, 'N_ncdm_decay_dr': 1, 'quadrature_strategy_ncdm_decay_dr': 3, 'ncdm_fluid_approximation': 3, 'maximum_q_ncdm_decay_dr': 15.0, 'background_method': 0, 'evolver': 1, 'N_momentum_bins_ncdm_decay_dr': 7, 'l_max_ncdm': 13, 'l_max_dr': 13, 'l_max_dr_col': 13, 'omega_b': 0.02167612, 'omega_cdm': 0.1678836, 'Neff_ini_dncdm': 1.920791, 'log10lifetime_ncdm_decay_dr': 4.564661, 'm_ncdm_decay_dr': 362.7728, 'H0': 46.96835, 'ln10^{10}A_s': 3.050896, 'n_s': 0.9049427, 'tau_reio': 0.07003126, 'P_k_max_1/Mpc': 1.0}
skipping to the next model...
[PARENT][Rank 168] | Exception: TimeoutError('Timeout while waiting for child to respond.')
[PARENT][Rank 168] | [IDLE] Waiting for master to send 'Done'.
[PARENT][Rank 171] | [IDLE] Waiting for master to send 'Done'.
[PARENT][Rank 174] | [IDLE] Waiting for master to send 'Done'.
[PARENT][Rank 166] | ERROR: Unexpected error during PING-PONG check: TimeoutError('Timeout while waiting for child to respond.')Attemping to respawn child process...
[PARENT][Rank 166] | WARNING: Child process died or is unresponsive. Respawning...
[PARENT][Rank 110] | [IDLE] Waiting for master to send 'Done'.
[PARENT][Rank 63] | ERROR: Unexpected error during PING-PONG check: AttributeError("'NoneType' object has no attribute 'Isend'")Attemping to respawn child process...
[PARENT][Rank 63] | ERROR: Maximum respawn attempts reached. Marking rank as failed.
[PARENT][Rank 63] | [IDLE] Waiting for master to send 'Done'.
[PARENT][Rank 120] | ERROR: Unexpected error during PING-PONG check: AttributeError("'NoneType' object has no attribute 'Isend'")Attemping to respawn child process...
[PARENT][Rank 120] | ERROR: Maximum respawn attempts reached. Marking rank as failed.
[PARENT][Rank 120] | [IDLE] Waiting for master to send 'Done'.
[PARENT][Rank 119] | ERROR: Unexpected error during PING-PONG check: AttributeError("'NoneType' object has no attribute 'Isend'")Attemping to respawn child process...
[PARENT][Rank 119] | ERROR: Maximum respawn attempts reached. Marking rank as failed.
[PARENT][Rank 119] | [IDLE] Waiting for master to send 'Done'.
[s41n11.grendel.cscaa.dk:3570985] 1 more process has sent help message help-mpi-btl-tcp.txt / client connect fail
[PARENT][Rank 167] | ERROR: Unexpected error during PING-PONG check: AttributeError("'NoneType' object has no attribute 'Isend'")Attemping to respawn child process...
[PARENT][Rank 167] | ERROR: Maximum respawn attempts reached. Marking rank as failed.
[PARENT][Rank 167] | [IDLE] Waiting for master to send 'Done'.
[PARENT][Rank 166] | [INFO] Successfully respawned child process.
[PARENT][Rank 166] | [IDLE] Waiting for master to send 'Done'.
[PARENT][Rank 170] | ERROR: Unexpected error during PING-PONG check: TimeoutError('Timeout while waiting for child to respond.')Attemping to respawn child process...
[PARENT][Rank 170] | ERROR: Maximum respawn attempts reached. Marking rank as failed.
[PARENT][Rank 170] | [IDLE] Waiting for master to send 'Done'.
[PARENT][Rank 63] | ERROR: Unexpected error during PING-PONG check: AttributeError("'NoneType' object has no attribute 'Isend'")Attemping to respawn child process...
[PARENT][Rank 63] | ERROR: Maximum respawn attempts reached. Marking rank as failed.
[PARENT][Rank 63] | [IDLE] Waiting for master to send 'Done'.
[PARENT][Rank 120] | ERROR: Unexpected error during PING-PONG check: AttributeError("'NoneType' object has no attribute 'Isend'")Attemping to respawn child process...
[PARENT][Rank 120] | ERROR: Maximum respawn attempts reached. Marking rank as failed.
[PARENT][Rank 120] | [IDLE] Waiting for master to send 'Done'.
[PARENT][Rank 119] | ERROR: Unexpected error during PING-PONG check: AttributeError("'NoneType' object has no attribute 'Isend'")Attemping to respawn child process...
[PARENT][Rank 119] | ERROR: Maximum respawn attempts reached. Marking rank as failed.
[PARENT][Rank 119] | [IDLE] Waiting for master to send 'Done'.
[PARENT][Rank 167] | ERROR: Unexpected error during PING-PONG check: AttributeError("'NoneType' object has no attribute 'Isend'")Attemping to respawn child process...
[PARENT][Rank 167] | ERROR: Maximum respawn attempts reached. Marking rank as failed.
[PARENT][Rank 167] | [IDLE] Waiting for master to send 'Done'.
[PARENT][Rank 170] | ERROR: Unexpected error during PING-PONG check: AttributeError("'NoneType' object has no attribute 'Isend'")Attemping to respawn child process...
[PARENT][Rank 170] | ERROR: Maximum respawn attempts reached. Marking rank as failed.
[PARENT][Rank 170] | [IDLE] Waiting for master to send 'Done'.
[PARENT][Rank 397] | [IDLE] Waiting for master to send 'Done'.
[PARENT][Rank 63] | ERROR: Unexpected error during PING-PONG check: AttributeError("'NoneType' object has no attribute 'Isend'")Attemping to respawn child process...
[PARENT][Rank 63] | ERROR: Maximum respawn attempts reached. Marking rank as failed.
[PARENT][Rank 63] | [IDLE] Waiting for master to send 'Done'.
[PARENT][Rank 120] | ERROR: Unexpected error during PING-PONG check: AttributeError("'NoneType' object has no attribute 'Isend'")Attemping to respawn child process...
[PARENT][Rank 120] | ERROR: Maximum respawn attempts reached. Marking rank as failed.
[PARENT][Rank 120] | [IDLE] Waiting for master to send 'Done'.
[PARENT][Rank 119] | ERROR: Unexpected error during PING-PONG check: AttributeError("'NoneType' object has no attribute 'Isend'")Attemping to respawn child process...
[PARENT][Rank 119] | ERROR: Maximum respawn attempts reached. Marking rank as failed.
[PARENT][Rank 119] | [IDLE] Waiting for master to send 'Done'.
[PARENT][Rank 170] | ERROR: Unexpected error during PING-PONG check: AttributeError("'NoneType' object has no attribute 'Isend'")Attemping to respawn child process...
[PARENT][Rank 170] | ERROR: Maximum respawn attempts reached. Marking rank as failed.
[PARENT][Rank 170] | [IDLE] Waiting for master to send 'Done'.
[PARENT][Rank 167] | ERROR: Unexpected error during PING-PONG check: AttributeError("'NoneType' object has no attribute 'Isend'")Attemping to respawn child process...
[PARENT][Rank 167] | ERROR: Maximum respawn attempts reached. Marking rank as failed.
[PARENT][Rank 167] | [IDLE] Waiting for master to send 'Done'.
[PARENT][Rank 49] | [IDLE] Waiting for master to send 'Done'.
[PARENT][Rank 63] | ERROR: Unexpected error during PING-PONG check: AttributeError("'NoneType' object has no attribute 'Isend'")Attemping to respawn child process...
[PARENT][Rank 63] | ERROR: Maximum respawn attempts reached. Marking rank as failed.
[PARENT][Rank 63] | [IDLE] Waiting for master to send 'Done'.
[PARENT][Rank 120] | ERROR: Unexpected error during PING-PONG check: AttributeError("'NoneType' object has no attribute 'Isend'")Attemping to respawn child process...
[PARENT][Rank 120] | ERROR: Maximum respawn attempts reached. Marking rank as failed.
[PARENT][Rank 120] | [IDLE] Waiting for master to send 'Done'.
[PARENT][Rank 119] | ERROR: Unexpected error during PING-PONG check: AttributeError("'NoneType' object has no attribute 'Isend'")Attemping to respawn child process...
[PARENT][Rank 119] | ERROR: Maximum respawn attempts reached. Marking rank as failed.
[PARENT][Rank 119] | [IDLE] Waiting for master to send 'Done'.
[PARENT][Rank 170] | ERROR: Unexpected error during PING-PONG check: AttributeError("'NoneType' object has no attribute 'Isend'")Attemping to respawn child process...
[PARENT][Rank 170] | ERROR: Maximum respawn attempts reached. Marking rank as failed.
[PARENT][Rank 170] | [IDLE] Waiting for master to send 'Done'.
[PARENT][Rank 167] | ERROR: Unexpected error during PING-PONG check: AttributeError("'NoneType' object has no attribute 'Isend'")Attemping to respawn child process...
[PARENT][Rank 167] | ERROR: Maximum respawn attempts reached. Marking rank as failed.
[PARENT][Rank 167] | [IDLE] Waiting for master to send 'Done'.
[PARENT][Rank 393] | [IDLE] Waiting for master to send 'Done'.
[CHILD][Parent Rank 162] | ERROR: Timeout while waiting for message.
Exiting safely.
[PARENT][Rank 120] | ERROR: Unexpected error during PING-PONG check: AttributeError("'NoneType' object has no attribute 'Isend'")Attemping to respawn child process...
[PARENT][Rank 120] | ERROR: Maximum respawn attempts reached. Marking rank as failed.
[PARENT][Rank 120] | [IDLE] Waiting for master to send 'Done'.
[PARENT][Rank 119] | ERROR: Unexpected error during PING-PONG check: AttributeError("'NoneType' object has no attribute 'Isend'")Attemping to respawn child process...
[PARENT][Rank 119] | ERROR: Maximum respawn attempts reached. Marking rank as failed.
[PARENT][Rank 119] | [IDLE] Waiting for master to send 'Done'.
[PARENT][Rank 170] | ERROR: Unexpected error during PING-PONG check: AttributeError("'NoneType' object has no attribute 'Isend'")Attemping to respawn child process...
[PARENT][Rank 170] | ERROR: Maximum respawn attempts reached. Marking rank as failed.
[PARENT][Rank 170] | [IDLE] Waiting for master to send 'Done'.
[PARENT][Rank 63] | ERROR: Unexpected error during PING-PONG check: AttributeError("'NoneType' object has no attribute 'Isend'")Attemping to respawn child process...
[PARENT][Rank 63] | ERROR: Maximum respawn attempts reached. Marking rank as failed.
[PARENT][Rank 63] | [IDLE] Waiting for master to send 'Done'.
[PARENT][Rank 167] | ERROR: Unexpected error during PING-PONG check: AttributeError("'NoneType' object has no attribute 'Isend'")Attemping to respawn child process...
[PARENT][Rank 167] | ERROR: Maximum respawn attempts reached. Marking rank as failed.
[PARENT][Rank 167] | [IDLE] Waiting for master to send 'Done'.
[CHILD][Parent Rank 120] | ERROR: Timeout while waiting for message.
Exiting safely.
[PARENT][Rank 63] | ERROR: Unexpected error during PING-PONG check: AttributeError("'NoneType' object has no attribute 'Isend'")Attemping to respawn child process...
[PARENT][Rank 63] | ERROR: Maximum respawn attempts reached. Marking rank as failed.
[PARENT][Rank 63] | [IDLE] Waiting for master to send 'Done'.
[PARENT][Rank 120] | ERROR: Unexpected error during PING-PONG check: AttributeError("'NoneType' object has no attribute 'Isend'")Attemping to respawn child process...
[PARENT][Rank 120] | ERROR: Maximum respawn attempts reached. Marking rank as failed.
[PARENT][Rank 120] | [IDLE] Waiting for master to send 'Done'.
[PARENT][Rank 119] | ERROR: Unexpected error during PING-PONG check: AttributeError("'NoneType' object has no attribute 'Isend'")Attemping to respawn child process...
[PARENT][Rank 119] | ERROR: Maximum respawn attempts reached. Marking rank as failed.
[PARENT][Rank 119] | [IDLE] Waiting for master to send 'Done'.
[PARENT][Rank 170] | ERROR: Unexpected error during PING-PONG check: AttributeError("'NoneType' object has no attribute 'Isend'")Attemping to respawn child process...
[PARENT][Rank 170] | ERROR: Maximum respawn attempts reached. Marking rank as failed.
[PARENT][Rank 170] | [IDLE] Waiting for master to send 'Done'.
[PARENT][Rank 167] | ERROR: Unexpected error during PING-PONG check: AttributeError("'NoneType' object has no attribute 'Isend'")Attemping to respawn child process...
[PARENT][Rank 167] | ERROR: Maximum respawn attempts reached. Marking rank as failed.
[PARENT][Rank 167] | [IDLE] Waiting for master to send 'Done'.
[CHILD][Parent Rank 119] | ERROR: Timeout while waiting for message.
Exiting safely.
[PARENT][Rank 109] | ERROR: Unexpected error during PING-PONG check: TimeoutError('Timeout while waiting for child to respond.')Attemping to respawn child process...
[PARENT][Rank 109] | ERROR: Maximum respawn attempts reached. Marking rank as failed.
[PARENT][Rank 109] | [IDLE] Waiting for master to send 'Done'.
[PARENT][Rank 112] | ERROR: Unexpected error during PING-PONG check: TimeoutError('Timeout while waiting for child to respond.')Attemping to respawn child process...
[PARENT][Rank 112] | WARNING: Child process died or is unresponsive. Respawning...
[PARENT][Rank 120] | ERROR: Unexpected error during PING-PONG check: AttributeError("'NoneType' object has no attribute 'Isend'")Attemping to respawn child process...
[PARENT][Rank 120] | ERROR: Maximum respawn attempts reached. Marking rank as failed.
[PARENT][Rank 120] | [IDLE] Waiting for master to send 'Done'.
[PARENT][Rank 119] | ERROR: Unexpected error during PING-PONG check: AttributeError("'NoneType' object has no attribute 'Isend'")Attemping to respawn child process...
[PARENT][Rank 119] | ERROR: Maximum respawn attempts reached. Marking rank as failed.
[PARENT][Rank 119] | [IDLE] Waiting for master to send 'Done'.
[PARENT][Rank 170] | ERROR: Unexpected error during PING-PONG check: AttributeError("'NoneType' object has no attribute 'Isend'")Attemping to respawn child process...
[PARENT][Rank 170] | ERROR: Maximum respawn attempts reached. Marking rank as failed.
[PARENT][Rank 170] | [IDLE] Waiting for master to send 'Done'.
[PARENT][Rank 167] | ERROR: Unexpected error during PING-PONG check: AttributeError("'NoneType' object has no attribute 'Isend'")Attemping to respawn child process...
[PARENT][Rank 167] | ERROR: Maximum respawn attempts reached. Marking rank as failed.
[PARENT][Rank 167] | [IDLE] Waiting for master to send 'Done'.
[PARENT][Rank 63] | ERROR: Unexpected error during PING-PONG check: AttributeError("'NoneType' object has no attribute 'Isend'")Attemping to respawn child process...
[PARENT][Rank 63] | ERROR: Maximum respawn attempts reached. Marking rank as failed.
[PARENT][Rank 63] | [IDLE] Waiting for master to send 'Done'.
[PARENT][Rank 112] | [INFO] Successfully respawned child process.
[PARENT][Rank 112] | [IDLE] Waiting for master to send 'Done'.
[PARENT][Rank 172] | ERROR: Failed to send or receive data to/from child process. Child process may have crashed.Possibly due to out-of-memory or other critical error during CLASS computation    .
Model: {'lensing': 'yes', 'output': 'tCl,lCl,pCl,mPk', 'l_max_scalars': 2508, 'k_pivot': 0.05, 'N_ur': 2.0328, 'N_ncdm': 1, 'm_ncdm': 0.06, 'T_ncdm': 0.71611, 'N_ncdm_decay_dr': 1, 'quadrature_strategy_ncdm_decay_dr': 3, 'ncdm_fluid_approximation': 3, 'maximum_q_ncdm_decay_dr': 15.0, 'background_method': 0, 'evolver': 1, 'N_momentum_bins_ncdm_decay_dr': 7, 'l_max_ncdm': 13, 'l_max_dr': 13, 'l_max_dr_col': 13, 'omega_b': 0.019480199, 'omega_cdm': 0.172499, 'Neff_ini_dncdm': 1.61662, 'log10lifetime_ncdm_decay_dr': 3.347692, 'm_ncdm_decay_dr': 401.492, 'H0': 42.02297, 'ln10^{10}A_s': 3.229853, 'n_s': 0.8541996, 'tau_reio': 0.1589767, 'P_k_max_1/Mpc': 1.0}
skipping to the next model...
[PARENT][Rank 172] | Exception: TimeoutError('Timeout while waiting for child to respond.')
[PARENT][Rank 119] | ERROR: Unexpected error during PING-PONG check: AttributeError("'NoneType' object has no attribute 'Isend'")Attemping to respawn child process...
[PARENT][Rank 119] | ERROR: Maximum respawn attempts reached. Marking rank as failed.
[PARENT][Rank 119] | [IDLE] Waiting for master to send 'Done'.
[PARENT][Rank 170] | ERROR: Unexpected error during PING-PONG check: AttributeError("'NoneType' object has no attribute 'Isend'")Attemping to respawn child process...
[PARENT][Rank 170] | ERROR: Maximum respawn attempts reached. Marking rank as failed.
[PARENT][Rank 170] | [IDLE] Waiting for master to send 'Done'.
[PARENT][Rank 167] | ERROR: Unexpected error during PING-PONG check: AttributeError("'NoneType' object has no attribute 'Isend'")Attemping to respawn child process...
[PARENT][Rank 167] | ERROR: Maximum respawn attempts reached. Marking rank as failed.
[PARENT][Rank 167] | [IDLE] Waiting for master to send 'Done'.
[PARENT][Rank 63] | ERROR: Unexpected error during PING-PONG check: AttributeError("'NoneType' object has no attribute 'Isend'")Attemping to respawn child process...
[PARENT][Rank 63] | ERROR: Maximum respawn attempts reached. Marking rank as failed.
[PARENT][Rank 63] | [IDLE] Waiting for master to send 'Done'.
[PARENT][Rank 109] | ERROR: Unexpected error during PING-PONG check: AttributeError("'NoneType' object has no attribute 'Isend'")Attemping to respawn child process...
[PARENT][Rank 109] | ERROR: Maximum respawn attempts reached. Marking rank as failed.
[PARENT][Rank 109] | [IDLE] Waiting for master to send 'Done'.
[PARENT][Rank 120] | ERROR: Unexpected error during PING-PONG check: AttributeError("'NoneType' object has no attribute 'Isend'")Attemping to respawn child process...
[PARENT][Rank 120] | ERROR: Maximum respawn attempts reached. Marking rank as failed.
[PARENT][Rank 120] | [IDLE] Waiting for master to send 'Done'.
[PARENT][Rank 225] | [IDLE] Waiting for master to send 'Done'.
[PARENT][Rank 109] | ERROR: Unexpected error during PING-PONG check: AttributeError("'NoneType' object has no attribute 'Isend'")Attemping to respawn child process...
[PARENT][Rank 109] | ERROR: Maximum respawn attempts reached. Marking rank as failed.
[PARENT][Rank 109] | [IDLE] Waiting for master to send 'Done'.
[PARENT][Rank 119] | ERROR: Unexpected error during PING-PONG check: AttributeError("'NoneType' object has no attribute 'Isend'")Attemping to respawn child process...
[PARENT][Rank 119] | ERROR: Maximum respawn attempts reached. Marking rank as failed.
[PARENT][Rank 119] | [IDLE] Waiting for master to send 'Done'.
[PARENT][Rank 170] | ERROR: Unexpected error during PING-PONG check: AttributeError("'NoneType' object has no attribute 'Isend'")Attemping to respawn child process...
[PARENT][Rank 170] | ERROR: Maximum respawn attempts reached. Marking rank as failed.
[PARENT][Rank 170] | [IDLE] Waiting for master to send 'Done'.
[PARENT][Rank 63] | ERROR: Unexpected error during PING-PONG check: AttributeError("'NoneType' object has no attribute 'Isend'")Attemping to respawn child process...
[PARENT][Rank 63] | ERROR: Maximum respawn attempts reached. Marking rank as failed.
[PARENT][Rank 63] | [IDLE] Waiting for master to send 'Done'.
[PARENT][Rank 167] | ERROR: Unexpected error during PING-PONG check: AttributeError("'NoneType' object has no attribute 'Isend'")Attemping to respawn child process...
[PARENT][Rank 167] | ERROR: Maximum respawn attempts reached. Marking rank as failed.
[PARENT][Rank 167] | [IDLE] Waiting for master to send 'Done'.
[PARENT][Rank 120] | ERROR: Unexpected error during PING-PONG check: AttributeError("'NoneType' object has no attribute 'Isend'")Attemping to respawn child process...
[PARENT][Rank 120] | ERROR: Maximum respawn attempts reached. Marking rank as failed.
[PARENT][Rank 120] | [IDLE] Waiting for master to send 'Done'.
[PARENT][Rank 167] | ERROR: Unexpected error during PING-PONG check: AttributeError("'NoneType' object has no attribute 'Isend'")Attemping to respawn child process...
[PARENT][Rank 167] | ERROR: Maximum respawn attempts reached. Marking rank as failed.
[PARENT][Rank 167] | [IDLE] Waiting for master to send 'Done'.
[PARENT][Rank 120] | ERROR: Unexpected error during PING-PONG check: AttributeError("'NoneType' object has no attribute 'Isend'")Attemping to respawn child process...
[PARENT][Rank 120] | ERROR: Maximum respawn attempts reached. Marking rank as failed.
[PARENT][Rank 120] | [IDLE] Waiting for master to send 'Done'.
[PARENT][Rank 119] | ERROR: Unexpected error during PING-PONG check: AttributeError("'NoneType' object has no attribute 'Isend'")Attemping to respawn child process...
[PARENT][Rank 119] | ERROR: Maximum respawn attempts reached. Marking rank as failed.
[PARENT][Rank 119] | [IDLE] Waiting for master to send 'Done'.
[PARENT][Rank 109] | ERROR: Unexpected error during PING-PONG check: AttributeError("'NoneType' object has no attribute 'Isend'")Attemping to respawn child process...
[PARENT][Rank 109] | ERROR: Maximum respawn attempts reached. Marking rank as failed.
[PARENT][Rank 109] | [IDLE] Waiting for master to send 'Done'.
[PARENT][Rank 170] | ERROR: Unexpected error during PING-PONG check: AttributeError("'NoneType' object has no attribute 'Isend'")Attemping to respawn child process...
[PARENT][Rank 170] | ERROR: Maximum respawn attempts reached. Marking rank as failed.
[PARENT][Rank 170] | [IDLE] Waiting for master to send 'Done'.
[PARENT][Rank 63] | ERROR: Unexpected error during PING-PONG check: AttributeError("'NoneType' object has no attribute 'Isend'")Attemping to respawn child process...
[PARENT][Rank 63] | ERROR: Maximum respawn attempts reached. Marking rank as failed.
[PARENT][Rank 63] | [IDLE] Waiting for master to send 'Done'.
[PARENT][Rank 120] | ERROR: Unexpected error during PING-PONG check: AttributeError("'NoneType' object has no attribute 'Isend'")Attemping to respawn child process...
[PARENT][Rank 120] | ERROR: Maximum respawn attempts reached. Marking rank as failed.
[PARENT][Rank 120] | [IDLE] Waiting for master to send 'Done'.
[PARENT][Rank 109] | ERROR: Unexpected error during PING-PONG check: AttributeError("'NoneType' object has no attribute 'Isend'")Attemping to respawn child process...
[PARENT][Rank 109] | ERROR: Maximum respawn attempts reached. Marking rank as failed.
[PARENT][Rank 109] | [IDLE] Waiting for master to send 'Done'.
[PARENT][Rank 119] | ERROR: Unexpected error during PING-PONG check: AttributeError("'NoneType' object has no attribute 'Isend'")Attemping to respawn child process...
[PARENT][Rank 119] | ERROR: Maximum respawn attempts reached. Marking rank as failed.
[PARENT][Rank 119] | [IDLE] Waiting for master to send 'Done'.
[PARENT][Rank 170] | ERROR: Unexpected error during PING-PONG check: AttributeError("'NoneType' object has no attribute 'Isend'")Attemping to respawn child process...
[PARENT][Rank 170] | ERROR: Maximum respawn attempts reached. Marking rank as failed.
[PARENT][Rank 170] | [IDLE] Waiting for master to send 'Done'.
[PARENT][Rank 63] | ERROR: Unexpected error during PING-PONG check: AttributeError("'NoneType' object has no attribute 'Isend'")Attemping to respawn child process...
[PARENT][Rank 63] | ERROR: Maximum respawn attempts reached. Marking rank as failed.
[PARENT][Rank 63] | [IDLE] Waiting for master to send 'Done'.
[PARENT][Rank 167] | ERROR: Unexpected error during PING-PONG check: AttributeError("'NoneType' object has no attribute 'Isend'")Attemping to respawn child process...
[PARENT][Rank 167] | ERROR: Maximum respawn attempts reached. Marking rank as failed.
[PARENT][Rank 167] | [IDLE] Waiting for master to send 'Done'.
[PARENT][Rank 63] | ERROR: Unexpected error during PING-PONG check: AttributeError("'NoneType' object has no attribute 'Isend'")Attemping to respawn child process...
[PARENT][Rank 63] | ERROR: Maximum respawn attempts reached. Marking rank as failed.
[PARENT][Rank 63] | [IDLE] Waiting for master to send 'Done'.
[PARENT][Rank 120] | ERROR: Unexpected error during PING-PONG check: AttributeError("'NoneType' object has no attribute 'Isend'")Attemping to respawn child process...
[PARENT][Rank 120] | ERROR: Maximum respawn attempts reached. Marking rank as failed.
[PARENT][Rank 120] | [IDLE] Waiting for master to send 'Done'.
[PARENT][Rank 119] | ERROR: Unexpected error during PING-PONG check: AttributeError("'NoneType' object has no attribute 'Isend'")Attemping to respawn child process...
[PARENT][Rank 119] | ERROR: Maximum respawn attempts reached. Marking rank as failed.
[PARENT][Rank 119] | [IDLE] Waiting for master to send 'Done'.
[PARENT][Rank 109] | ERROR: Unexpected error during PING-PONG check: AttributeError("'NoneType' object has no attribute 'Isend'")Attemping to respawn child process...
[PARENT][Rank 109] | ERROR: Maximum respawn attempts reached. Marking rank as failed.
[PARENT][Rank 109] | [IDLE] Waiting for master to send 'Done'.
[PARENT][Rank 170] | ERROR: Unexpected error during PING-PONG check: AttributeError("'NoneType' object has no attribute 'Isend'")Attemping to respawn child process...
[PARENT][Rank 170] | ERROR: Maximum respawn attempts reached. Marking rank as failed.
[PARENT][Rank 170] | [IDLE] Waiting for master to send 'Done'.
[PARENT][Rank 167] | ERROR: Unexpected error during PING-PONG check: AttributeError("'NoneType' object has no attribute 'Isend'")Attemping to respawn child process...
[PARENT][Rank 167] | ERROR: Maximum respawn attempts reached. Marking rank as failed.
[PARENT][Rank 167] | [IDLE] Waiting for master to send 'Done'.
[PARENT][Rank 168] | ERROR: Unexpected error during PING-PONG check: TimeoutError('Timeout while waiting for child to respond.')Attemping to respawn child process...
[PARENT][Rank 168] | ERROR: Maximum respawn attempts reached. Marking rank as failed.
[PARENT][Rank 168] | [IDLE] Waiting for master to send 'Done'.
[Master] [WARNING] Received ABORT command from ranks: {386}.
This is due to the parent failing closing down the child process properly.
Or the child process crashed or was unresponsive at some point.
Exiting through MPI.Abort() to prevent hanging/deadlock.
--------------------------------------------------------------------------
MPI_ABORT was invoked on rank 0 in communicator MPI_COMM_WORLD
with errorcode 1.

NOTE: invoking MPI_ABORT causes Open MPI to kill all MPI processes.
You may or may not see output from other processes, depending on
exactly when Open MPI kills them.
--------------------------------------------------------------------------
--------------------------------------------------------------------------
An MPI communication peer process has unexpectedly disconnected.  This
usually indicates a failure in the peer process (e.g., a crash or
otherwise exiting without calling MPI_FINALIZE first).

Although this local MPI process will likely now behave unpredictably
(it may even hang or crash), the root cause of this problem is the
failure of the peer -- that is what you need to investigate.  For
example, there may be a core file that you can examine.  More
generally: such peer hangups are frequently caused by application bugs
or other external events.

  Local host: s43n19
  Local PID:  1528582
  Peer host:  s41n11
--------------------------------------------------------------------------
[CHILD][Parent Rank 70] | CRITICAL ERROR: Process killed by SIGTERM (Job Cancelled or Terminated)
[CHILD][Parent Rank 95] | CRITICAL ERROR: Process killed by SIGTERM (Job Cancelled or Terminated)
[CHILD][Parent Rank 233] | CRITICAL ERROR: Process killed by SIGTERM (Job Cancelled or Terminated)
[CHILD][Parent Rank 234] | CRITICAL ERROR: Process killed by SIGTERM (Job Cancelled or Terminated)
[CHILD][Parent Rank 228] | CRITICAL ERROR: Process killed by SIGTERM (Job Cancelled or Terminated)
[CHILD][Parent Rank 14] | CRITICAL ERROR: Process killed by SIGTERM (Job Cancelled or Terminated)
[CHILD][Parent Rank 50] | CRITICAL ERROR: Process killed by SIGTERM (Job Cancelled or Terminated)
[CHILD][Parent Rank 391] | CRITICAL ERROR: Process killed by SIGTERM (Job Cancelled or Terminated)
[CHILD][Parent Rank 59] | CRITICAL ERROR: Process killed by SIGTERM (Job Cancelled or Terminated)
[CHILD][Parent Rank 332] | CRITICAL ERROR: Process killed by SIGTERM (Job Cancelled or Terminated)
[CHILD][Parent Rank 330] | CRITICAL ERROR: Process killed by SIGTERM (Job Cancelled or Terminated)
[CHILD][Parent Rank 337] | CRITICAL ERROR: Process killed by SIGTERM (Job Cancelled or Terminated)
[CHILD][Parent Rank 342] | CRITICAL ERROR: Process killed by SIGTERM (Job Cancelled or Terminated)
[CHILD][Parent Rank 338] | CRITICAL ERROR: Process killed by SIGTERM (Job Cancelled or Terminated)
[CHILD][Parent Rank 343] | CRITICAL ERROR: Process killed by SIGTERM (Job Cancelled or Terminated)
[CHILD][Parent Rank 159] | CRITICAL ERROR: Process killed by SIGTERM (Job Cancelled or Terminated)
[CHILD][Parent Rank 369] | CRITICAL ERROR: Process killed by SIGTERM (Job Cancelled or Terminated)
[CHILD][Parent Rank 365] | CRITICAL ERROR: Process killed by SIGTERM (Job Cancelled or Terminated)
[CHILD][Parent Rank 306] | CRITICAL ERROR: Process killed by SIGTERM (Job Cancelled or Terminated)
[CHILD][Parent Rank 300] | CRITICAL ERROR: Process killed by SIGTERM (Job Cancelled or Terminated)
[CHILD][Parent Rank 203] | CRITICAL ERROR: Process killed by SIGTERM (Job Cancelled or Terminated)
[CHILD][Parent Rank 84] | CRITICAL ERROR: Process killed by SIGTERM (Job Cancelled or Terminated)
[CHILD][Parent Rank 72] | CRITICAL ERROR: Process killed by SIGTERM (Job Cancelled or Terminated)
[CHILD][Parent Rank 211] | CRITICAL ERROR: Process killed by SIGTERM (Job Cancelled or Terminated)
[CHILD][Parent Rank 209] | CRITICAL ERROR: Process killed by SIGTERM (Job Cancelled or Terminated)
[CHILD][Parent Rank 111] | CRITICAL ERROR: Process killed by SIGTERM (Job Cancelled or Terminated)
[CHILD][Parent Rank 494] | CRITICAL ERROR: Process killed by SIGTERM (Job Cancelled or Terminated)
[CHILD][Parent Rank 403] | CRITICAL ERROR: Process killed by SIGTERM (Job Cancelled or Terminated)
[CHILD][Parent Rank 412] | CRITICAL ERROR: Process killed by SIGTERM (Job Cancelled or Terminated)
[CHILD][Parent Rank 410] | CRITICAL ERROR: Process killed by SIGTERM (Job Cancelled or Terminated)
[CHILD][Parent Rank 448] | CRITICAL ERROR: Process killed by SIGTERM (Job Cancelled or Terminated)
[CHILD][Parent Rank 438] | CRITICAL ERROR: Process killed by SIGTERM (Job Cancelled or Terminated)
[CHILD][Parent Rank 451] | CRITICAL ERROR: Process killed by SIGTERM (Job Cancelled or Terminated)
[CHILD][Parent Rank 450] | CRITICAL ERROR: Process killed by SIGTERM (Job Cancelled or Terminated)
[CHILD][Parent Rank 477] | CRITICAL ERROR: Process killed by SIGTERM (Job Cancelled or Terminated)
[CHILD][Parent Rank 103] | CRITICAL ERROR: Process killed by SIGTERM (Job Cancelled or Terminated)
[CHILD][Parent Rank 105] | CRITICAL ERROR: Process killed by SIGTERM (Job Cancelled or Terminated)
[CHILD][Parent Rank 100] | CRITICAL ERROR: Process killed by SIGTERM (Job Cancelled or Terminated)
[CHILD][Parent Rank 256] | CRITICAL ERROR: Process killed by SIGTERM (Job Cancelled or Terminated)
[CHILD][Parent Rank 285] | CRITICAL ERROR: Process killed by SIGTERM (Job Cancelled or Terminated)
[CHILD][Parent Rank 278] | CRITICAL ERROR: Process killed by SIGTERM (Job Cancelled or Terminated)
[CHILD][Parent Rank 291] | CRITICAL ERROR: Process killed by SIGTERM (Job Cancelled or Terminated)
[CHILD][Parent Rank 253] | CRITICAL ERROR: Process killed by SIGTERM (Job Cancelled or Terminated)
[CHILD][Parent Rank 290] | CRITICAL ERROR: Process killed by SIGTERM (Job Cancelled or Terminated)
[CHILD][Parent Rank 248] | CRITICAL ERROR: Process killed by SIGTERM (Job Cancelled or Terminated)
[CHILD][Parent Rank 260] | CRITICAL ERROR: Process killed by SIGTERM (Job Cancelled or Terminated)
[CHILD][Parent Rank 261] | CRITICAL ERROR: Process killed by SIGTERM (Job Cancelled or Terminated)
[CHILD][Parent Rank 288] | CRITICAL ERROR: Process killed by SIGTERM (Job Cancelled or Terminated)
[CHILD][Parent Rank 329] | CRITICAL ERROR: Process killed by SIGTERM (Job Cancelled or Terminated)
[s41n11.grendel.cscaa.dk:3570985] 7 more processes have sent help message help-mpi-btl-tcp.txt / client connect fail
[s41n11.grendel.cscaa.dk:3570985] 49 more processes have sent help message help-mpi-btl-tcp.txt / peer hung up
WARNING: mpirun failed with exit code 1, but calculations completed successfully. Checking for lingering MPI processes...
No lingering MPI processes found.
Check complete, continuing...
--------------------------------------------------------------------------
WARNING: There was an error initializing an OpenFabrics device.

  Local host:   s41n11
  Local device: mlx5_0
--------------------------------------------------------------------------
[CHILD][Parent Rank 68] | The following model took too long to complete: 
params: {'lensing': 'yes', 'output': 'tCl,lCl,pCl,mPk', 'l_max_scalars': 2508, 'k_pivot': 0.05, 'N_ur': 2.0328, 'N_ncdm': 1, 'm_ncdm': 0.06, 'T_ncdm': 0.71611, 'N_ncdm_decay_dr': 1, 'quadrature_strategy_ncdm_decay_dr': 3, 'ncdm_fluid_approximation': 3, 'maximum_q_ncdm_decay_dr': 15.0, 'background_method': 0, 'evolver': 1, 'N_momentum_bins_ncdm_decay_dr': 7, 'l_max_ncdm': 13, 'l_max_dr': 13, 'l_max_dr_col': 13, 'omega_b': 0.014527259, 'omega_cdm': 0.2175414, 'Neff_ini_dncdm': 0.9132386, 'log10lifetime_ncdm_decay_dr': 2.186539, 'm_ncdm_decay_dr': 98.12776, 'H0': 46.94411, 'ln10^{10}A_s': 3.193828, 'n_s': 0.8138844, 'tau_reio': 0.02553321, 'P_k_max_1/Mpc': 1.0}

[PARENT][Rank 68] | ERROR: Child process failed during CLASS computation
Model: {'lensing': 'yes', 'output': 'tCl,lCl,pCl,mPk', 'l_max_scalars': 2508, 'k_pivot': 0.05, 'N_ur': 2.0328, 'N_ncdm': 1, 'm_ncdm': 0.06, 'T_ncdm': 0.71611, 'N_ncdm_decay_dr': 1, 'quadrature_strategy_ncdm_decay_dr': 3, 'ncdm_fluid_approximation': 3, 'maximum_q_ncdm_decay_dr': 15.0, 'background_method': 0, 'evolver': 1, 'N_momentum_bins_ncdm_decay_dr': 7, 'l_max_ncdm': 13, 'l_max_dr': 13, 'l_max_dr_col': 13, 'omega_b': 0.014527259, 'omega_cdm': 0.2175414, 'Neff_ini_dncdm': 0.9132386, 'log10lifetime_ncdm_decay_dr': 2.186539, 'm_ncdm_decay_dr': 98.12776, 'H0': 46.94411, 'ln10^{10}A_s': 3.193828, 'n_s': 0.8138844, 'tau_reio': 0.02553321, 'P_k_max_1/Mpc': 1.0}
skipping to the next model...
[PARENT][Rank 198] | ERROR: Timeout while waiting for response from child process after CLASS computations. Child may be unresponsive.

[PARENT][Rank 152] | ERROR: Timeout while waiting for response from child process after CLASS computations. Child may be unresponsive.

[PARENT][Rank 152] | ERROR: Timeout while waiting for PONG response from child process. Child may be unresponsive.
Respawning child process...
[PARENT][Rank 152] | WARNING: Child process died or is unresponsive. Respawning...
[PARENT][Rank 198] | ERROR: Timeout while waiting for PONG response from child process. Child may be unresponsive.
Respawning child process...
[PARENT][Rank 198] | WARNING: Child process died or is unresponsive. Respawning...
[PARENT][Rank 152] | [INFO] Successfully respawned child process.
[PARENT][Rank 198] | [INFO] Successfully respawned child process.
[CHILD][Parent Rank 200] | The following model took too long to complete: 
params: {'lensing': 'yes', 'output': 'tCl,lCl,pCl,mPk', 'l_max_scalars': 2508, 'k_pivot': 0.05, 'N_ur': 2.0328, 'N_ncdm': 1, 'm_ncdm': 0.06, 'T_ncdm': 0.71611, 'N_ncdm_decay_dr': 1, 'quadrature_strategy_ncdm_decay_dr': 3, 'ncdm_fluid_approximation': 3, 'maximum_q_ncdm_decay_dr': 15.0, 'background_method': 0, 'evolver': 1, 'N_momentum_bins_ncdm_decay_dr': 7, 'l_max_ncdm': 13, 'l_max_dr': 13, 'l_max_dr_col': 13, 'omega_b': 0.014393739, 'omega_cdm': 0.2113554, 'Neff_ini_dncdm': 0.941443, 'log10lifetime_ncdm_decay_dr': 2.137834, 'm_ncdm_decay_dr': 71.73576, 'H0': 45.0403, 'ln10^{10}A_s': 3.194638, 'n_s': 0.8050965, 'tau_reio': 0.03684337, 'P_k_max_1/Mpc': 1.0}

[PARENT][Rank 200] | ERROR: Child process failed during CLASS computation
Model: {'lensing': 'yes', 'output': 'tCl,lCl,pCl,mPk', 'l_max_scalars': 2508, 'k_pivot': 0.05, 'N_ur': 2.0328, 'N_ncdm': 1, 'm_ncdm': 0.06, 'T_ncdm': 0.71611, 'N_ncdm_decay_dr': 1, 'quadrature_strategy_ncdm_decay_dr': 3, 'ncdm_fluid_approximation': 3, 'maximum_q_ncdm_decay_dr': 15.0, 'background_method': 0, 'evolver': 1, 'N_momentum_bins_ncdm_decay_dr': 7, 'l_max_ncdm': 13, 'l_max_dr': 13, 'l_max_dr_col': 13, 'omega_b': 0.014393739, 'omega_cdm': 0.2113554, 'Neff_ini_dncdm': 0.941443, 'log10lifetime_ncdm_decay_dr': 2.137834, 'm_ncdm_decay_dr': 71.73576, 'H0': 45.0403, 'ln10^{10}A_s': 3.194638, 'n_s': 0.8050965, 'tau_reio': 0.03684337, 'P_k_max_1/Mpc': 1.0}
skipping to the next model...
[PARENT][Rank 205] | ERROR: Timeout while waiting for response from child process after CLASS computations. Child may be unresponsive.

[CHILD][Parent Rank 205] | The following model took too long to complete: 
params: {'lensing': 'yes', 'output': 'tCl,lCl,pCl,mPk', 'l_max_scalars': 2508, 'k_pivot': 0.05, 'N_ur': 2.0328, 'N_ncdm': 1, 'm_ncdm': 0.06, 'T_ncdm': 0.71611, 'N_ncdm_decay_dr': 1, 'quadrature_strategy_ncdm_decay_dr': 3, 'ncdm_fluid_approximation': 3, 'maximum_q_ncdm_decay_dr': 15.0, 'background_method': 0, 'evolver': 1, 'N_momentum_bins_ncdm_decay_dr': 7, 'l_max_ncdm': 13, 'l_max_dr': 13, 'l_max_dr_col': 13, 'omega_b': 0.014429899, 'omega_cdm': 0.2028608, 'Neff_ini_dncdm': 0.8585714, 'log10lifetime_ncdm_decay_dr': 2.19436, 'm_ncdm_decay_dr': 50.05023, 'H0': 41.86542, 'ln10^{10}A_s': 3.193119, 'n_s': 0.7973337, 'tau_reio': 0.03659722, 'P_k_max_1/Mpc': 1.0}

[PARENT][Rank 205] | ERROR: Child process failed during CLASS computation
Model: {'lensing': 'yes', 'output': 'tCl,lCl,pCl,mPk', 'l_max_scalars': 2508, 'k_pivot': 0.05, 'N_ur': 2.0328, 'N_ncdm': 1, 'm_ncdm': 0.06, 'T_ncdm': 0.71611, 'N_ncdm_decay_dr': 1, 'quadrature_strategy_ncdm_decay_dr': 3, 'ncdm_fluid_approximation': 3, 'maximum_q_ncdm_decay_dr': 15.0, 'background_method': 0, 'evolver': 1, 'N_momentum_bins_ncdm_decay_dr': 7, 'l_max_ncdm': 13, 'l_max_dr': 13, 'l_max_dr_col': 13, 'omega_b': 0.01407855, 'omega_cdm': 0.2127795, 'Neff_ini_dncdm': 0.9811481, 'log10lifetime_ncdm_decay_dr': 2.166435, 'm_ncdm_decay_dr': 73.78812, 'H0': 47.28978, 'ln10^{10}A_s': 3.201487, 'n_s': 0.8147296, 'tau_reio': 0.02052429, 'P_k_max_1/Mpc': 1.0}
skipping to the next model...
[PARENT][Rank 205] | ERROR: Timeout while waiting for PONG response from child process. Child may be unresponsive.
Respawning child process...
[PARENT][Rank 205] | WARNING: Child process died or is unresponsive. Respawning...
[PARENT][Rank 205] | [INFO] Successfully respawned child process.
[CHILD][Parent Rank 205] | ERROR: Timeout while waiting for message.
Exiting safely.
[CHILD][Parent Rank 200] | The following model took too long to complete: 
params: {'lensing': 'yes', 'output': 'tCl,lCl,pCl,mPk', 'l_max_scalars': 2508, 'k_pivot': 0.05, 'N_ur': 2.0328, 'N_ncdm': 1, 'm_ncdm': 0.06, 'T_ncdm': 0.71611, 'N_ncdm_decay_dr': 1, 'quadrature_strategy_ncdm_decay_dr': 3, 'ncdm_fluid_approximation': 3, 'maximum_q_ncdm_decay_dr': 15.0, 'background_method': 0, 'evolver': 1, 'N_momentum_bins_ncdm_decay_dr': 7, 'l_max_ncdm': 13, 'l_max_dr': 13, 'l_max_dr_col': 13, 'omega_b': 0.014257429, 'omega_cdm': 0.2012178, 'Neff_ini_dncdm': 0.8835668, 'log10lifetime_ncdm_decay_dr': 2.242807, 'm_ncdm_decay_dr': 49.35192, 'H0': 42.99868, 'ln10^{10}A_s': 3.203647, 'n_s': 0.8045582, 'tau_reio': 0.03189756, 'P_k_max_1/Mpc': 1.0}

[PARENT][Rank 200] | ERROR: Child process failed during CLASS computation
Model: {'lensing': 'yes', 'output': 'tCl,lCl,pCl,mPk', 'l_max_scalars': 2508, 'k_pivot': 0.05, 'N_ur': 2.0328, 'N_ncdm': 1, 'm_ncdm': 0.06, 'T_ncdm': 0.71611, 'N_ncdm_decay_dr': 1, 'quadrature_strategy_ncdm_decay_dr': 3, 'ncdm_fluid_approximation': 3, 'maximum_q_ncdm_decay_dr': 15.0, 'background_method': 0, 'evolver': 1, 'N_momentum_bins_ncdm_decay_dr': 7, 'l_max_ncdm': 13, 'l_max_dr': 13, 'l_max_dr_col': 13, 'omega_b': 0.014257429, 'omega_cdm': 0.2012178, 'Neff_ini_dncdm': 0.8835668, 'log10lifetime_ncdm_decay_dr': 2.242807, 'm_ncdm_decay_dr': 49.35192, 'H0': 42.99868, 'ln10^{10}A_s': 3.203647, 'n_s': 0.8045582, 'tau_reio': 0.03189756, 'P_k_max_1/Mpc': 1.0}
skipping to the next model...
[CHILD][Parent Rank 199] | The following model took too long to complete: 
params: {'lensing': 'yes', 'output': 'tCl,lCl,pCl,mPk', 'l_max_scalars': 2508, 'k_pivot': 0.05, 'N_ur': 2.0328, 'N_ncdm': 1, 'm_ncdm': 0.06, 'T_ncdm': 0.71611, 'N_ncdm_decay_dr': 1, 'quadrature_strategy_ncdm_decay_dr': 3, 'ncdm_fluid_approximation': 3, 'maximum_q_ncdm_decay_dr': 15.0, 'background_method': 0, 'evolver': 1, 'N_momentum_bins_ncdm_decay_dr': 7, 'l_max_ncdm': 13, 'l_max_dr': 13, 'l_max_dr_col': 13, 'omega_b': 0.014616849, 'omega_cdm': 0.1995649, 'Neff_ini_dncdm': 0.8690292, 'log10lifetime_ncdm_decay_dr': 2.245939, 'm_ncdm_decay_dr': 45.17582, 'H0': 42.07947, 'ln10^{10}A_s': 3.208834, 'n_s': 0.8053961, 'tau_reio': 0.04218296, 'P_k_max_1/Mpc': 1.0}

[PARENT][Rank 199] | ERROR: Child process failed during CLASS computation
Model: {'lensing': 'yes', 'output': 'tCl,lCl,pCl,mPk', 'l_max_scalars': 2508, 'k_pivot': 0.05, 'N_ur': 2.0328, 'N_ncdm': 1, 'm_ncdm': 0.06, 'T_ncdm': 0.71611, 'N_ncdm_decay_dr': 1, 'quadrature_strategy_ncdm_decay_dr': 3, 'ncdm_fluid_approximation': 3, 'maximum_q_ncdm_decay_dr': 15.0, 'background_method': 0, 'evolver': 1, 'N_momentum_bins_ncdm_decay_dr': 7, 'l_max_ncdm': 13, 'l_max_dr': 13, 'l_max_dr_col': 13, 'omega_b': 0.014616849, 'omega_cdm': 0.1995649, 'Neff_ini_dncdm': 0.8690292, 'log10lifetime_ncdm_decay_dr': 2.245939, 'm_ncdm_decay_dr': 45.17582, 'H0': 42.07947, 'ln10^{10}A_s': 3.208834, 'n_s': 0.8053961, 'tau_reio': 0.04218296, 'P_k_max_1/Mpc': 1.0}
skipping to the next model...
[PARENT][Rank 377] | ERROR: Timeout while waiting for response from child process after CLASS computations. Child may be unresponsive.

[PARENT][Rank 377] | ERROR: Timeout while waiting for PONG response from child process. Child may be unresponsive.
Respawning child process...
[PARENT][Rank 377] | WARNING: Child process died or is unresponsive. Respawning...
[PARENT][Rank 377] | [INFO] Successfully respawned child process.
[CHILD][Parent Rank 200] | The following model took too long to complete: 
params: {'lensing': 'yes', 'output': 'tCl,lCl,pCl,mPk', 'l_max_scalars': 2508, 'k_pivot': 0.05, 'N_ur': 2.0328, 'N_ncdm': 1, 'm_ncdm': 0.06, 'T_ncdm': 0.71611, 'N_ncdm_decay_dr': 1, 'quadrature_strategy_ncdm_decay_dr': 3, 'ncdm_fluid_approximation': 3, 'maximum_q_ncdm_decay_dr': 15.0, 'background_method': 0, 'evolver': 1, 'N_momentum_bins_ncdm_decay_dr': 7, 'l_max_ncdm': 13, 'l_max_dr': 13, 'l_max_dr_col': 13, 'omega_b': 0.01438719, 'omega_cdm': 0.2011255, 'Neff_ini_dncdm': 0.8837415, 'log10lifetime_ncdm_decay_dr': 2.251973, 'm_ncdm_decay_dr': 55.52852, 'H0': 43.957, 'ln10^{10}A_s': 3.209893, 'n_s': 0.8130573, 'tau_reio': 0.03500108, 'P_k_max_1/Mpc': 1.0}

[PARENT][Rank 200] | ERROR: Child process failed during CLASS computation
Model: {'lensing': 'yes', 'output': 'tCl,lCl,pCl,mPk', 'l_max_scalars': 2508, 'k_pivot': 0.05, 'N_ur': 2.0328, 'N_ncdm': 1, 'm_ncdm': 0.06, 'T_ncdm': 0.71611, 'N_ncdm_decay_dr': 1, 'quadrature_strategy_ncdm_decay_dr': 3, 'ncdm_fluid_approximation': 3, 'maximum_q_ncdm_decay_dr': 15.0, 'background_method': 0, 'evolver': 1, 'N_momentum_bins_ncdm_decay_dr': 7, 'l_max_ncdm': 13, 'l_max_dr': 13, 'l_max_dr_col': 13, 'omega_b': 0.01438719, 'omega_cdm': 0.2011255, 'Neff_ini_dncdm': 0.8837415, 'log10lifetime_ncdm_decay_dr': 2.251973, 'm_ncdm_decay_dr': 55.52852, 'H0': 43.957, 'ln10^{10}A_s': 3.209893, 'n_s': 0.8130573, 'tau_reio': 0.03500108, 'P_k_max_1/Mpc': 1.0}
skipping to the next model...
[Master] [WARNING] Received ABORT command from ranks: {377}.
This is due to the parent failing closing down the child process properly.
Or the child process crashed or was unresponsive at some point.
Exiting through MPI.Abort() to prevent hanging/deadlock.
--------------------------------------------------------------------------
MPI_ABORT was invoked on rank 0 in communicator MPI_COMM_WORLD
with errorcode 1.

NOTE: invoking MPI_ABORT causes Open MPI to kill all MPI processes.
You may or may not see output from other processes, depending on
exactly when Open MPI kills them.
--------------------------------------------------------------------------
--------------------------------------------------------------------------
An MPI communication peer process has unexpectedly disconnected.  This
usually indicates a failure in the peer process (e.g., a crash or
otherwise exiting without calling MPI_FINALIZE first).

Although this local MPI process will likely now behave unpredictably
(it may even hang or crash), the root cause of this problem is the
failure of the peer -- that is what you need to investigate.  For
example, there may be a core file that you can examine.  More
generally: such peer hangups are frequently caused by application bugs
or other external events.

  Local host: s42n13
  Local PID:  2789637
  Peer host:  s41n11
--------------------------------------------------------------------------
--------------------------------------------------------------------------
WARNING: Open MPI failed to TCP connect to a peer MPI process.  This
should not happen.

Your Open MPI job may now hang or fail.

  Local host: s42n22
  PID:        781950
  Message:    connect() to 10.10.41.11:1029 failed
  Error:      Operation now in progress (115)
--------------------------------------------------------------------------
[CHILD][Parent Rank 128] | CRITICAL ERROR: Process killed by SIGTERM (Job Cancelled or Terminated)
[CHILD][Parent Rank 426] | CRITICAL ERROR: Process killed by SIGTERM (Job Cancelled or Terminated)
[CHILD][Parent Rank 193] | CRITICAL ERROR: Process killed by SIGTERM (Job Cancelled or Terminated)
[CHILD][Parent Rank 60] | CRITICAL ERROR: Process killed by SIGTERM (Job Cancelled or Terminated)
[CHILD][Parent Rank 146] | CRITICAL ERROR: Process killed by SIGTERM (Job Cancelled or Terminated)
[CHILD][Parent Rank 147] | CRITICAL ERROR: Process killed by SIGTERM (Job Cancelled or Terminated)
[CHILD][Parent Rank 404] | CRITICAL ERROR: Process killed by SIGTERM (Job Cancelled or Terminated)
[s41n11.grendel.cscaa.dk:3638392] 14 more processes have sent help message help-mpi-btl-tcp.txt / peer hung up
[s41n11.grendel.cscaa.dk:3638392] Set MCA parameter "orte_base_help_aggregate" to 0 to see all help / error messages
[s41n11.grendel.cscaa.dk:3638392] 2 more processes have sent help message help-mpi-btl-tcp.txt / client connect fail
WARNING: mpirun failed with exit code 1, but calculations completed successfully. Checking for lingering MPI processes...
No lingering MPI processes found.
Check complete, continuing...
--------------------------------------------------------------------------
WARNING: There was an error initializing an OpenFabrics device.

  Local host:   s41n11
  Local device: mlx5_0
--------------------------------------------------------------------------
[CHILD][Parent Rank 71] | The following model took too long to complete: 
params: {'lensing': 'yes', 'output': 'tCl,lCl,pCl,mPk', 'l_max_scalars': 2508, 'k_pivot': 0.05, 'N_ur': 2.0328, 'N_ncdm': 1, 'm_ncdm': 0.06, 'T_ncdm': 0.71611, 'N_ncdm_decay_dr': 1, 'quadrature_strategy_ncdm_decay_dr': 3, 'ncdm_fluid_approximation': 3, 'maximum_q_ncdm_decay_dr': 15.0, 'background_method': 0, 'evolver': 1, 'N_momentum_bins_ncdm_decay_dr': 7, 'l_max_ncdm': 13, 'l_max_dr': 13, 'l_max_dr_col': 13, 'omega_b': 0.0176247, 'omega_cdm': 0.2291194, 'Neff_ini_dncdm': 1.529288, 'log10lifetime_ncdm_decay_dr': 2.009041, 'm_ncdm_decay_dr': 36.91047, 'H0': 53.61186, 'ln10^{10}A_s': 3.203262, 'n_s': 0.8459373, 'tau_reio': 0.0450559, 'P_k_max_1/Mpc': 1.0}

[PARENT][Rank 71] | ERROR: Child process failed during CLASS computation
Model: {'lensing': 'yes', 'output': 'tCl,lCl,pCl,mPk', 'l_max_scalars': 2508, 'k_pivot': 0.05, 'N_ur': 2.0328, 'N_ncdm': 1, 'm_ncdm': 0.06, 'T_ncdm': 0.71611, 'N_ncdm_decay_dr': 1, 'quadrature_strategy_ncdm_decay_dr': 3, 'ncdm_fluid_approximation': 3, 'maximum_q_ncdm_decay_dr': 15.0, 'background_method': 0, 'evolver': 1, 'N_momentum_bins_ncdm_decay_dr': 7, 'l_max_ncdm': 13, 'l_max_dr': 13, 'l_max_dr_col': 13, 'omega_b': 0.0176247, 'omega_cdm': 0.2291194, 'Neff_ini_dncdm': 1.529288, 'log10lifetime_ncdm_decay_dr': 2.009041, 'm_ncdm_decay_dr': 36.91047, 'H0': 53.61186, 'ln10^{10}A_s': 3.203262, 'n_s': 0.8459373, 'tau_reio': 0.0450559, 'P_k_max_1/Mpc': 1.0}
skipping to the next model...
[CHILD][Parent Rank 69] | The following model took too long to complete: 
params: {'lensing': 'yes', 'output': 'tCl,lCl,pCl,mPk', 'l_max_scalars': 2508, 'k_pivot': 0.05, 'N_ur': 2.0328, 'N_ncdm': 1, 'm_ncdm': 0.06, 'T_ncdm': 0.71611, 'N_ncdm_decay_dr': 1, 'quadrature_strategy_ncdm_decay_dr': 3, 'ncdm_fluid_approximation': 3, 'maximum_q_ncdm_decay_dr': 15.0, 'background_method': 0, 'evolver': 1, 'N_momentum_bins_ncdm_decay_dr': 7, 'l_max_ncdm': 13, 'l_max_dr': 13, 'l_max_dr_col': 13, 'omega_b': 0.01917075, 'omega_cdm': 0.247802, 'Neff_ini_dncdm': 1.648975, 'log10lifetime_ncdm_decay_dr': 2.009352, 'm_ncdm_decay_dr': 62.11702, 'H0': 58.15219, 'ln10^{10}A_s': 3.192484, 'n_s': 0.8570155, 'tau_reio': 0.04669495, 'P_k_max_1/Mpc': 1.0}

[PARENT][Rank 69] | ERROR: Child process failed during CLASS computation
Model: {'lensing': 'yes', 'output': 'tCl,lCl,pCl,mPk', 'l_max_scalars': 2508, 'k_pivot': 0.05, 'N_ur': 2.0328, 'N_ncdm': 1, 'm_ncdm': 0.06, 'T_ncdm': 0.71611, 'N_ncdm_decay_dr': 1, 'quadrature_strategy_ncdm_decay_dr': 3, 'ncdm_fluid_approximation': 3, 'maximum_q_ncdm_decay_dr': 15.0, 'background_method': 0, 'evolver': 1, 'N_momentum_bins_ncdm_decay_dr': 7, 'l_max_ncdm': 13, 'l_max_dr': 13, 'l_max_dr_col': 13, 'omega_b': 0.01917075, 'omega_cdm': 0.247802, 'Neff_ini_dncdm': 1.648975, 'log10lifetime_ncdm_decay_dr': 2.009352, 'm_ncdm_decay_dr': 62.11702, 'H0': 58.15219, 'ln10^{10}A_s': 3.192484, 'n_s': 0.8570155, 'tau_reio': 0.04669495, 'P_k_max_1/Mpc': 1.0}
skipping to the next model...
[CHILD][Parent Rank 65] | The following model took too long to complete: 
params: {'lensing': 'yes', 'output': 'tCl,lCl,pCl,mPk', 'l_max_scalars': 2508, 'k_pivot': 0.05, 'N_ur': 2.0328, 'N_ncdm': 1, 'm_ncdm': 0.06, 'T_ncdm': 0.71611, 'N_ncdm_decay_dr': 1, 'quadrature_strategy_ncdm_decay_dr': 3, 'ncdm_fluid_approximation': 3, 'maximum_q_ncdm_decay_dr': 15.0, 'background_method': 0, 'evolver': 1, 'N_momentum_bins_ncdm_decay_dr': 7, 'l_max_ncdm': 13, 'l_max_dr': 13, 'l_max_dr_col': 13, 'omega_b': 0.01870725, 'omega_cdm': 0.2495529, 'Neff_ini_dncdm': 1.756056, 'log10lifetime_ncdm_decay_dr': 2.003861, 'm_ncdm_decay_dr': 64.97691, 'H0': 59.82649, 'ln10^{10}A_s': 3.224507, 'n_s': 0.8434216, 'tau_reio': 0.04361592, 'P_k_max_1/Mpc': 1.0}

[PARENT][Rank 65] | ERROR: Child process failed during CLASS computation
Model: {'lensing': 'yes', 'output': 'tCl,lCl,pCl,mPk', 'l_max_scalars': 2508, 'k_pivot': 0.05, 'N_ur': 2.0328, 'N_ncdm': 1, 'm_ncdm': 0.06, 'T_ncdm': 0.71611, 'N_ncdm_decay_dr': 1, 'quadrature_strategy_ncdm_decay_dr': 3, 'ncdm_fluid_approximation': 3, 'maximum_q_ncdm_decay_dr': 15.0, 'background_method': 0, 'evolver': 1, 'N_momentum_bins_ncdm_decay_dr': 7, 'l_max_ncdm': 13, 'l_max_dr': 13, 'l_max_dr_col': 13, 'omega_b': 0.01870725, 'omega_cdm': 0.2495529, 'Neff_ini_dncdm': 1.756056, 'log10lifetime_ncdm_decay_dr': 2.003861, 'm_ncdm_decay_dr': 64.97691, 'H0': 59.82649, 'ln10^{10}A_s': 3.224507, 'n_s': 0.8434216, 'tau_reio': 0.04361592, 'P_k_max_1/Mpc': 1.0}
skipping to the next model...
--------------------------------------------------------------------------
WARNING: There was an error initializing an OpenFabrics device.

  Local host:   s41n11
  Local device: mlx5_0
--------------------------------------------------------------------------
[CHILD][Parent Rank 68] | The following model took too long to complete: 
params: {'lensing': 'yes', 'output': 'tCl,lCl,pCl,mPk', 'l_max_scalars': 2508, 'k_pivot': 0.05, 'N_ur': 2.0328, 'N_ncdm': 1, 'm_ncdm': 0.06, 'T_ncdm': 0.71611, 'N_ncdm_decay_dr': 1, 'quadrature_strategy_ncdm_decay_dr': 3, 'ncdm_fluid_approximation': 3, 'maximum_q_ncdm_decay_dr': 15.0, 'background_method': 0, 'evolver': 1, 'N_momentum_bins_ncdm_decay_dr': 7, 'l_max_ncdm': 13, 'l_max_dr': 13, 'l_max_dr_col': 13, 'omega_b': 0.02037003, 'omega_cdm': 0.2345209, 'Neff_ini_dncdm': 1.503372, 'log10lifetime_ncdm_decay_dr': 2.082968, 'm_ncdm_decay_dr': 41.69444, 'H0': 58.206, 'ln10^{10}A_s': 3.157886, 'n_s': 0.9042219, 'tau_reio': 0.03513689, 'P_k_max_1/Mpc': 1.0}

[PARENT][Rank 68] | ERROR: Child process failed during CLASS computation
Model: {'lensing': 'yes', 'output': 'tCl,lCl,pCl,mPk', 'l_max_scalars': 2508, 'k_pivot': 0.05, 'N_ur': 2.0328, 'N_ncdm': 1, 'm_ncdm': 0.06, 'T_ncdm': 0.71611, 'N_ncdm_decay_dr': 1, 'quadrature_strategy_ncdm_decay_dr': 3, 'ncdm_fluid_approximation': 3, 'maximum_q_ncdm_decay_dr': 15.0, 'background_method': 0, 'evolver': 1, 'N_momentum_bins_ncdm_decay_dr': 7, 'l_max_ncdm': 13, 'l_max_dr': 13, 'l_max_dr_col': 13, 'omega_b': 0.02037003, 'omega_cdm': 0.2345209, 'Neff_ini_dncdm': 1.503372, 'log10lifetime_ncdm_decay_dr': 2.082968, 'm_ncdm_decay_dr': 41.69444, 'H0': 58.206, 'ln10^{10}A_s': 3.157886, 'n_s': 0.9042219, 'tau_reio': 0.03513689, 'P_k_max_1/Mpc': 1.0}
skipping to the next model...
[CHILD][Parent Rank 70] | The following model took too long to complete: 
params: {'lensing': 'yes', 'output': 'tCl,lCl,pCl,mPk', 'l_max_scalars': 2508, 'k_pivot': 0.05, 'N_ur': 2.0328, 'N_ncdm': 1, 'm_ncdm': 0.06, 'T_ncdm': 0.71611, 'N_ncdm_decay_dr': 1, 'quadrature_strategy_ncdm_decay_dr': 3, 'ncdm_fluid_approximation': 3, 'maximum_q_ncdm_decay_dr': 15.0, 'background_method': 0, 'evolver': 1, 'N_momentum_bins_ncdm_decay_dr': 7, 'l_max_ncdm': 13, 'l_max_dr': 13, 'l_max_dr_col': 13, 'omega_b': 0.02016396, 'omega_cdm': 0.2289011, 'Neff_ini_dncdm': 1.42803, 'log10lifetime_ncdm_decay_dr': 2.072232, 'm_ncdm_decay_dr': 53.01729, 'H0': 59.98757, 'ln10^{10}A_s': 3.122072, 'n_s': 0.9136352, 'tau_reio': 0.02572846, 'P_k_max_1/Mpc': 1.0}

[PARENT][Rank 70] | ERROR: Child process failed during CLASS computation
Model: {'lensing': 'yes', 'output': 'tCl,lCl,pCl,mPk', 'l_max_scalars': 2508, 'k_pivot': 0.05, 'N_ur': 2.0328, 'N_ncdm': 1, 'm_ncdm': 0.06, 'T_ncdm': 0.71611, 'N_ncdm_decay_dr': 1, 'quadrature_strategy_ncdm_decay_dr': 3, 'ncdm_fluid_approximation': 3, 'maximum_q_ncdm_decay_dr': 15.0, 'background_method': 0, 'evolver': 1, 'N_momentum_bins_ncdm_decay_dr': 7, 'l_max_ncdm': 13, 'l_max_dr': 13, 'l_max_dr_col': 13, 'omega_b': 0.02016396, 'omega_cdm': 0.2289011, 'Neff_ini_dncdm': 1.42803, 'log10lifetime_ncdm_decay_dr': 2.072232, 'm_ncdm_decay_dr': 53.01729, 'H0': 59.98757, 'ln10^{10}A_s': 3.122072, 'n_s': 0.9136352, 'tau_reio': 0.02572846, 'P_k_max_1/Mpc': 1.0}
skipping to the next model...
[CHILD][Parent Rank 68] | The following model took too long to complete: 
params: {'lensing': 'yes', 'output': 'tCl,lCl,pCl,mPk', 'l_max_scalars': 2508, 'k_pivot': 0.05, 'N_ur': 2.0328, 'N_ncdm': 1, 'm_ncdm': 0.06, 'T_ncdm': 0.71611, 'N_ncdm_decay_dr': 1, 'quadrature_strategy_ncdm_decay_dr': 3, 'ncdm_fluid_approximation': 3, 'maximum_q_ncdm_decay_dr': 15.0, 'background_method': 0, 'evolver': 1, 'N_momentum_bins_ncdm_decay_dr': 7, 'l_max_ncdm': 13, 'l_max_dr': 13, 'l_max_dr_col': 13, 'omega_b': 0.02013497, 'omega_cdm': 0.2349176, 'Neff_ini_dncdm': 1.275509, 'log10lifetime_ncdm_decay_dr': 2.179517, 'm_ncdm_decay_dr': 45.15964, 'H0': 57.17389, 'ln10^{10}A_s': 3.140303, 'n_s': 0.8891957, 'tau_reio': 0.0117794, 'P_k_max_1/Mpc': 1.0}

[PARENT][Rank 68] | ERROR: Child process failed during CLASS computation
Model: {'lensing': 'yes', 'output': 'tCl,lCl,pCl,mPk', 'l_max_scalars': 2508, 'k_pivot': 0.05, 'N_ur': 2.0328, 'N_ncdm': 1, 'm_ncdm': 0.06, 'T_ncdm': 0.71611, 'N_ncdm_decay_dr': 1, 'quadrature_strategy_ncdm_decay_dr': 3, 'ncdm_fluid_approximation': 3, 'maximum_q_ncdm_decay_dr': 15.0, 'background_method': 0, 'evolver': 1, 'N_momentum_bins_ncdm_decay_dr': 7, 'l_max_ncdm': 13, 'l_max_dr': 13, 'l_max_dr_col': 13, 'omega_b': 0.02013497, 'omega_cdm': 0.2349176, 'Neff_ini_dncdm': 1.275509, 'log10lifetime_ncdm_decay_dr': 2.179517, 'm_ncdm_decay_dr': 45.15964, 'H0': 57.17389, 'ln10^{10}A_s': 3.140303, 'n_s': 0.8891957, 'tau_reio': 0.0117794, 'P_k_max_1/Mpc': 1.0}
skipping to the next model...
[CHILD][Parent Rank 70] | The following model took too long to complete: 
params: {'lensing': 'yes', 'output': 'tCl,lCl,pCl,mPk', 'l_max_scalars': 2508, 'k_pivot': 0.05, 'N_ur': 2.0328, 'N_ncdm': 1, 'm_ncdm': 0.06, 'T_ncdm': 0.71611, 'N_ncdm_decay_dr': 1, 'quadrature_strategy_ncdm_decay_dr': 3, 'ncdm_fluid_approximation': 3, 'maximum_q_ncdm_decay_dr': 15.0, 'background_method': 0, 'evolver': 1, 'N_momentum_bins_ncdm_decay_dr': 7, 'l_max_ncdm': 13, 'l_max_dr': 13, 'l_max_dr_col': 13, 'omega_b': 0.02011836, 'omega_cdm': 0.2339315, 'Neff_ini_dncdm': 1.434021, 'log10lifetime_ncdm_decay_dr': 2.093774, 'm_ncdm_decay_dr': 43.32823, 'H0': 57.44504, 'ln10^{10}A_s': 3.163957, 'n_s': 0.891746, 'tau_reio': 0.01963321, 'P_k_max_1/Mpc': 1.0}

[PARENT][Rank 70] | ERROR: Child process failed during CLASS computation
Model: {'lensing': 'yes', 'output': 'tCl,lCl,pCl,mPk', 'l_max_scalars': 2508, 'k_pivot': 0.05, 'N_ur': 2.0328, 'N_ncdm': 1, 'm_ncdm': 0.06, 'T_ncdm': 0.71611, 'N_ncdm_decay_dr': 1, 'quadrature_strategy_ncdm_decay_dr': 3, 'ncdm_fluid_approximation': 3, 'maximum_q_ncdm_decay_dr': 15.0, 'background_method': 0, 'evolver': 1, 'N_momentum_bins_ncdm_decay_dr': 7, 'l_max_ncdm': 13, 'l_max_dr': 13, 'l_max_dr_col': 13, 'omega_b': 0.02011836, 'omega_cdm': 0.2339315, 'Neff_ini_dncdm': 1.434021, 'log10lifetime_ncdm_decay_dr': 2.093774, 'm_ncdm_decay_dr': 43.32823, 'H0': 57.44504, 'ln10^{10}A_s': 3.163957, 'n_s': 0.891746, 'tau_reio': 0.01963321, 'P_k_max_1/Mpc': 1.0}
skipping to the next model...
[CHILD][Parent Rank 68] | The following model took too long to complete: 
params: {'lensing': 'yes', 'output': 'tCl,lCl,pCl,mPk', 'l_max_scalars': 2508, 'k_pivot': 0.05, 'N_ur': 2.0328, 'N_ncdm': 1, 'm_ncdm': 0.06, 'T_ncdm': 0.71611, 'N_ncdm_decay_dr': 1, 'quadrature_strategy_ncdm_decay_dr': 3, 'ncdm_fluid_approximation': 3, 'maximum_q_ncdm_decay_dr': 15.0, 'background_method': 0, 'evolver': 1, 'N_momentum_bins_ncdm_decay_dr': 7, 'l_max_ncdm': 13, 'l_max_dr': 13, 'l_max_dr_col': 13, 'omega_b': 0.02035106, 'omega_cdm': 0.2311624, 'Neff_ini_dncdm': 1.545348, 'log10lifetime_ncdm_decay_dr': 2.045805, 'm_ncdm_decay_dr': 44.14278, 'H0': 60.02088, 'ln10^{10}A_s': 3.144451, 'n_s': 0.913874, 'tau_reio': 0.02919638, 'P_k_max_1/Mpc': 1.0}

[PARENT][Rank 68] | ERROR: Child process failed during CLASS computation
Model: {'lensing': 'yes', 'output': 'tCl,lCl,pCl,mPk', 'l_max_scalars': 2508, 'k_pivot': 0.05, 'N_ur': 2.0328, 'N_ncdm': 1, 'm_ncdm': 0.06, 'T_ncdm': 0.71611, 'N_ncdm_decay_dr': 1, 'quadrature_strategy_ncdm_decay_dr': 3, 'ncdm_fluid_approximation': 3, 'maximum_q_ncdm_decay_dr': 15.0, 'background_method': 0, 'evolver': 1, 'N_momentum_bins_ncdm_decay_dr': 7, 'l_max_ncdm': 13, 'l_max_dr': 13, 'l_max_dr_col': 13, 'omega_b': 0.02035106, 'omega_cdm': 0.2311624, 'Neff_ini_dncdm': 1.545348, 'log10lifetime_ncdm_decay_dr': 2.045805, 'm_ncdm_decay_dr': 44.14278, 'H0': 60.02088, 'ln10^{10}A_s': 3.144451, 'n_s': 0.913874, 'tau_reio': 0.02919638, 'P_k_max_1/Mpc': 1.0}
skipping to the next model...
[CHILD][Parent Rank 65] | The following model took too long to complete: 
params: {'lensing': 'yes', 'output': 'tCl,lCl,pCl,mPk', 'l_max_scalars': 2508, 'k_pivot': 0.05, 'N_ur': 2.0328, 'N_ncdm': 1, 'm_ncdm': 0.06, 'T_ncdm': 0.71611, 'N_ncdm_decay_dr': 1, 'quadrature_strategy_ncdm_decay_dr': 3, 'ncdm_fluid_approximation': 3, 'maximum_q_ncdm_decay_dr': 15.0, 'background_method': 0, 'evolver': 1, 'N_momentum_bins_ncdm_decay_dr': 7, 'l_max_ncdm': 13, 'l_max_dr': 13, 'l_max_dr_col': 13, 'omega_b': 0.01999211, 'omega_cdm': 0.2296922, 'Neff_ini_dncdm': 1.428034, 'log10lifetime_ncdm_decay_dr': 2.075755, 'm_ncdm_decay_dr': 42.97036, 'H0': 59.08254, 'ln10^{10}A_s': 3.137764, 'n_s': 0.9146757, 'tau_reio': 0.01756884, 'P_k_max_1/Mpc': 1.0}

[PARENT][Rank 65] | ERROR: Child process failed during CLASS computation
Model: {'lensing': 'yes', 'output': 'tCl,lCl,pCl,mPk', 'l_max_scalars': 2508, 'k_pivot': 0.05, 'N_ur': 2.0328, 'N_ncdm': 1, 'm_ncdm': 0.06, 'T_ncdm': 0.71611, 'N_ncdm_decay_dr': 1, 'quadrature_strategy_ncdm_decay_dr': 3, 'ncdm_fluid_approximation': 3, 'maximum_q_ncdm_decay_dr': 15.0, 'background_method': 0, 'evolver': 1, 'N_momentum_bins_ncdm_decay_dr': 7, 'l_max_ncdm': 13, 'l_max_dr': 13, 'l_max_dr_col': 13, 'omega_b': 0.01999211, 'omega_cdm': 0.2296922, 'Neff_ini_dncdm': 1.428034, 'log10lifetime_ncdm_decay_dr': 2.075755, 'm_ncdm_decay_dr': 42.97036, 'H0': 59.08254, 'ln10^{10}A_s': 3.137764, 'n_s': 0.9146757, 'tau_reio': 0.01756884, 'P_k_max_1/Mpc': 1.0}
skipping to the next model...
[CHILD][Parent Rank 67] | The following model took too long to complete: 
params: {'lensing': 'yes', 'output': 'tCl,lCl,pCl,mPk', 'l_max_scalars': 2508, 'k_pivot': 0.05, 'N_ur': 2.0328, 'N_ncdm': 1, 'm_ncdm': 0.06, 'T_ncdm': 0.71611, 'N_ncdm_decay_dr': 1, 'quadrature_strategy_ncdm_decay_dr': 3, 'ncdm_fluid_approximation': 3, 'maximum_q_ncdm_decay_dr': 15.0, 'background_method': 0, 'evolver': 1, 'N_momentum_bins_ncdm_decay_dr': 7, 'l_max_ncdm': 13, 'l_max_dr': 13, 'l_max_dr_col': 13, 'omega_b': 0.02113322, 'omega_cdm': 0.2393162, 'Neff_ini_dncdm': 1.429906, 'log10lifetime_ncdm_decay_dr': 2.013326, 'm_ncdm_decay_dr': 65.5839, 'H0': 60.32186, 'ln10^{10}A_s': 3.170081, 'n_s': 0.9170141, 'tau_reio': 0.03373114, 'P_k_max_1/Mpc': 1.0}

[PARENT][Rank 67] | ERROR: Child process failed during CLASS computation
Model: {'lensing': 'yes', 'output': 'tCl,lCl,pCl,mPk', 'l_max_scalars': 2508, 'k_pivot': 0.05, 'N_ur': 2.0328, 'N_ncdm': 1, 'm_ncdm': 0.06, 'T_ncdm': 0.71611, 'N_ncdm_decay_dr': 1, 'quadrature_strategy_ncdm_decay_dr': 3, 'ncdm_fluid_approximation': 3, 'maximum_q_ncdm_decay_dr': 15.0, 'background_method': 0, 'evolver': 1, 'N_momentum_bins_ncdm_decay_dr': 7, 'l_max_ncdm': 13, 'l_max_dr': 13, 'l_max_dr_col': 13, 'omega_b': 0.02113322, 'omega_cdm': 0.2393162, 'Neff_ini_dncdm': 1.429906, 'log10lifetime_ncdm_decay_dr': 2.013326, 'm_ncdm_decay_dr': 65.5839, 'H0': 60.32186, 'ln10^{10}A_s': 3.170081, 'n_s': 0.9170141, 'tau_reio': 0.03373114, 'P_k_max_1/Mpc': 1.0}
skipping to the next model...
[CHILD][Parent Rank 64] | The following model took too long to complete: 
params: {'lensing': 'yes', 'output': 'tCl,lCl,pCl,mPk', 'l_max_scalars': 2508, 'k_pivot': 0.05, 'N_ur': 2.0328, 'N_ncdm': 1, 'm_ncdm': 0.06, 'T_ncdm': 0.71611, 'N_ncdm_decay_dr': 1, 'quadrature_strategy_ncdm_decay_dr': 3, 'ncdm_fluid_approximation': 3, 'maximum_q_ncdm_decay_dr': 15.0, 'background_method': 0, 'evolver': 1, 'N_momentum_bins_ncdm_decay_dr': 7, 'l_max_ncdm': 13, 'l_max_dr': 13, 'l_max_dr_col': 13, 'omega_b': 0.021315219, 'omega_cdm': 0.2387784, 'Neff_ini_dncdm': 1.362309, 'log10lifetime_ncdm_decay_dr': 2.032596, 'm_ncdm_decay_dr': 73.37106, 'H0': 61.63611, 'ln10^{10}A_s': 3.143179, 'n_s': 0.9326233, 'tau_reio': 0.03327533, 'P_k_max_1/Mpc': 1.0}

[PARENT][Rank 64] | ERROR: Child process failed during CLASS computation
Model: {'lensing': 'yes', 'output': 'tCl,lCl,pCl,mPk', 'l_max_scalars': 2508, 'k_pivot': 0.05, 'N_ur': 2.0328, 'N_ncdm': 1, 'm_ncdm': 0.06, 'T_ncdm': 0.71611, 'N_ncdm_decay_dr': 1, 'quadrature_strategy_ncdm_decay_dr': 3, 'ncdm_fluid_approximation': 3, 'maximum_q_ncdm_decay_dr': 15.0, 'background_method': 0, 'evolver': 1, 'N_momentum_bins_ncdm_decay_dr': 7, 'l_max_ncdm': 13, 'l_max_dr': 13, 'l_max_dr_col': 13, 'omega_b': 0.021315219, 'omega_cdm': 0.2387784, 'Neff_ini_dncdm': 1.362309, 'log10lifetime_ncdm_decay_dr': 2.032596, 'm_ncdm_decay_dr': 73.37106, 'H0': 61.63611, 'ln10^{10}A_s': 3.143179, 'n_s': 0.9326233, 'tau_reio': 0.03327533, 'P_k_max_1/Mpc': 1.0}
skipping to the next model...
[CHILD][Parent Rank 71] | The following model took too long to complete: 
params: {'lensing': 'yes', 'output': 'tCl,lCl,pCl,mPk', 'l_max_scalars': 2508, 'k_pivot': 0.05, 'N_ur': 2.0328, 'N_ncdm': 1, 'm_ncdm': 0.06, 'T_ncdm': 0.71611, 'N_ncdm_decay_dr': 1, 'quadrature_strategy_ncdm_decay_dr': 3, 'ncdm_fluid_approximation': 3, 'maximum_q_ncdm_decay_dr': 15.0, 'background_method': 0, 'evolver': 1, 'N_momentum_bins_ncdm_decay_dr': 7, 'l_max_ncdm': 13, 'l_max_dr': 13, 'l_max_dr_col': 13, 'omega_b': 0.02149627, 'omega_cdm': 0.2438659, 'Neff_ini_dncdm': 1.275017, 'log10lifetime_ncdm_decay_dr': 2.111136, 'm_ncdm_decay_dr': 69.22153, 'H0': 60.57232, 'ln10^{10}A_s': 3.193969, 'n_s': 0.9155422, 'tau_reio': 0.04092024, 'P_k_max_1/Mpc': 1.0}

[PARENT][Rank 71] | ERROR: Child process failed during CLASS computation
Model: {'lensing': 'yes', 'output': 'tCl,lCl,pCl,mPk', 'l_max_scalars': 2508, 'k_pivot': 0.05, 'N_ur': 2.0328, 'N_ncdm': 1, 'm_ncdm': 0.06, 'T_ncdm': 0.71611, 'N_ncdm_decay_dr': 1, 'quadrature_strategy_ncdm_decay_dr': 3, 'ncdm_fluid_approximation': 3, 'maximum_q_ncdm_decay_dr': 15.0, 'background_method': 0, 'evolver': 1, 'N_momentum_bins_ncdm_decay_dr': 7, 'l_max_ncdm': 13, 'l_max_dr': 13, 'l_max_dr_col': 13, 'omega_b': 0.02149627, 'omega_cdm': 0.2438659, 'Neff_ini_dncdm': 1.275017, 'log10lifetime_ncdm_decay_dr': 2.111136, 'm_ncdm_decay_dr': 69.22153, 'H0': 60.57232, 'ln10^{10}A_s': 3.193969, 'n_s': 0.9155422, 'tau_reio': 0.04092024, 'P_k_max_1/Mpc': 1.0}
skipping to the next model...
[CHILD][Parent Rank 69] | The following model took too long to complete: 
params: {'lensing': 'yes', 'output': 'tCl,lCl,pCl,mPk', 'l_max_scalars': 2508, 'k_pivot': 0.05, 'N_ur': 2.0328, 'N_ncdm': 1, 'm_ncdm': 0.06, 'T_ncdm': 0.71611, 'N_ncdm_decay_dr': 1, 'quadrature_strategy_ncdm_decay_dr': 3, 'ncdm_fluid_approximation': 3, 'maximum_q_ncdm_decay_dr': 15.0, 'background_method': 0, 'evolver': 1, 'N_momentum_bins_ncdm_decay_dr': 7, 'l_max_ncdm': 13, 'l_max_dr': 13, 'l_max_dr_col': 13, 'omega_b': 0.020901749, 'omega_cdm': 0.23674, 'Neff_ini_dncdm': 1.555788, 'log10lifetime_ncdm_decay_dr': 2.096377, 'm_ncdm_decay_dr': 47.4084, 'H0': 60.31447, 'ln10^{10}A_s': 3.141296, 'n_s': 0.8978842, 'tau_reio': 0.02917095, 'P_k_max_1/Mpc': 1.0}

[PARENT][Rank 69] | ERROR: Child process failed during CLASS computation
Model: {'lensing': 'yes', 'output': 'tCl,lCl,pCl,mPk', 'l_max_scalars': 2508, 'k_pivot': 0.05, 'N_ur': 2.0328, 'N_ncdm': 1, 'm_ncdm': 0.06, 'T_ncdm': 0.71611, 'N_ncdm_decay_dr': 1, 'quadrature_strategy_ncdm_decay_dr': 3, 'ncdm_fluid_approximation': 3, 'maximum_q_ncdm_decay_dr': 15.0, 'background_method': 0, 'evolver': 1, 'N_momentum_bins_ncdm_decay_dr': 7, 'l_max_ncdm': 13, 'l_max_dr': 13, 'l_max_dr_col': 13, 'omega_b': 0.020901749, 'omega_cdm': 0.23674, 'Neff_ini_dncdm': 1.555788, 'log10lifetime_ncdm_decay_dr': 2.096377, 'm_ncdm_decay_dr': 47.4084, 'H0': 60.31447, 'ln10^{10}A_s': 3.141296, 'n_s': 0.8978842, 'tau_reio': 0.02917095, 'P_k_max_1/Mpc': 1.0}
skipping to the next model...
[CHILD][Parent Rank 71] | The following model took too long to complete: 
params: {'lensing': 'yes', 'output': 'tCl,lCl,pCl,mPk', 'l_max_scalars': 2508, 'k_pivot': 0.05, 'N_ur': 2.0328, 'N_ncdm': 1, 'm_ncdm': 0.06, 'T_ncdm': 0.71611, 'N_ncdm_decay_dr': 1, 'quadrature_strategy_ncdm_decay_dr': 3, 'ncdm_fluid_approximation': 3, 'maximum_q_ncdm_decay_dr': 15.0, 'background_method': 0, 'evolver': 1, 'N_momentum_bins_ncdm_decay_dr': 7, 'l_max_ncdm': 13, 'l_max_dr': 13, 'l_max_dr_col': 13, 'omega_b': 0.020965049, 'omega_cdm': 0.2461326, 'Neff_ini_dncdm': 1.298913, 'log10lifetime_ncdm_decay_dr': 2.020408, 'm_ncdm_decay_dr': 90.56141, 'H0': 61.65985, 'ln10^{10}A_s': 3.149759, 'n_s': 0.9299416, 'tau_reio': 0.02065152, 'P_k_max_1/Mpc': 1.0}

[PARENT][Rank 71] | ERROR: Child process failed during CLASS computation
Model: {'lensing': 'yes', 'output': 'tCl,lCl,pCl,mPk', 'l_max_scalars': 2508, 'k_pivot': 0.05, 'N_ur': 2.0328, 'N_ncdm': 1, 'm_ncdm': 0.06, 'T_ncdm': 0.71611, 'N_ncdm_decay_dr': 1, 'quadrature_strategy_ncdm_decay_dr': 3, 'ncdm_fluid_approximation': 3, 'maximum_q_ncdm_decay_dr': 15.0, 'background_method': 0, 'evolver': 1, 'N_momentum_bins_ncdm_decay_dr': 7, 'l_max_ncdm': 13, 'l_max_dr': 13, 'l_max_dr_col': 13, 'omega_b': 0.020965049, 'omega_cdm': 0.2461326, 'Neff_ini_dncdm': 1.298913, 'log10lifetime_ncdm_decay_dr': 2.020408, 'm_ncdm_decay_dr': 90.56141, 'H0': 61.65985, 'ln10^{10}A_s': 3.149759, 'n_s': 0.9299416, 'tau_reio': 0.02065152, 'P_k_max_1/Mpc': 1.0}
skipping to the next model...
[CHILD][Parent Rank 67] | The following model took too long to complete: 
params: {'lensing': 'yes', 'output': 'tCl,lCl,pCl,mPk', 'l_max_scalars': 2508, 'k_pivot': 0.05, 'N_ur': 2.0328, 'N_ncdm': 1, 'm_ncdm': 0.06, 'T_ncdm': 0.71611, 'N_ncdm_decay_dr': 1, 'quadrature_strategy_ncdm_decay_dr': 3, 'ncdm_fluid_approximation': 3, 'maximum_q_ncdm_decay_dr': 15.0, 'background_method': 0, 'evolver': 1, 'N_momentum_bins_ncdm_decay_dr': 7, 'l_max_ncdm': 13, 'l_max_dr': 13, 'l_max_dr_col': 13, 'omega_b': 0.02088746, 'omega_cdm': 0.2467013, 'Neff_ini_dncdm': 1.509904, 'log10lifetime_ncdm_decay_dr': 2.140637, 'm_ncdm_decay_dr': 55.85131, 'H0': 60.87129, 'ln10^{10}A_s': 3.16203, 'n_s': 0.9180783, 'tau_reio': 0.01726624, 'P_k_max_1/Mpc': 1.0}

[PARENT][Rank 67] | ERROR: Child process failed during CLASS computation
Model: {'lensing': 'yes', 'output': 'tCl,lCl,pCl,mPk', 'l_max_scalars': 2508, 'k_pivot': 0.05, 'N_ur': 2.0328, 'N_ncdm': 1, 'm_ncdm': 0.06, 'T_ncdm': 0.71611, 'N_ncdm_decay_dr': 1, 'quadrature_strategy_ncdm_decay_dr': 3, 'ncdm_fluid_approximation': 3, 'maximum_q_ncdm_decay_dr': 15.0, 'background_method': 0, 'evolver': 1, 'N_momentum_bins_ncdm_decay_dr': 7, 'l_max_ncdm': 13, 'l_max_dr': 13, 'l_max_dr_col': 13, 'omega_b': 0.02088746, 'omega_cdm': 0.2467013, 'Neff_ini_dncdm': 1.509904, 'log10lifetime_ncdm_decay_dr': 2.140637, 'm_ncdm_decay_dr': 55.85131, 'H0': 60.87129, 'ln10^{10}A_s': 3.16203, 'n_s': 0.9180783, 'tau_reio': 0.01726624, 'P_k_max_1/Mpc': 1.0}
skipping to the next model...
[CHILD][Parent Rank 70] | The following model took too long to complete: 
params: {'lensing': 'yes', 'output': 'tCl,lCl,pCl,mPk', 'l_max_scalars': 2508, 'k_pivot': 0.05, 'N_ur': 2.0328, 'N_ncdm': 1, 'm_ncdm': 0.06, 'T_ncdm': 0.71611, 'N_ncdm_decay_dr': 1, 'quadrature_strategy_ncdm_decay_dr': 3, 'ncdm_fluid_approximation': 3, 'maximum_q_ncdm_decay_dr': 15.0, 'background_method': 0, 'evolver': 1, 'N_momentum_bins_ncdm_decay_dr': 7, 'l_max_ncdm': 13, 'l_max_dr': 13, 'l_max_dr_col': 13, 'omega_b': 0.02088139, 'omega_cdm': 0.2483333, 'Neff_ini_dncdm': 1.454185, 'log10lifetime_ncdm_decay_dr': 2.045959, 'm_ncdm_decay_dr': 75.03333, 'H0': 62.05859, 'ln10^{10}A_s': 3.152469, 'n_s': 0.9301828, 'tau_reio': 0.02122877, 'P_k_max_1/Mpc': 1.0}

[PARENT][Rank 70] | ERROR: Child process failed during CLASS computation
Model: {'lensing': 'yes', 'output': 'tCl,lCl,pCl,mPk', 'l_max_scalars': 2508, 'k_pivot': 0.05, 'N_ur': 2.0328, 'N_ncdm': 1, 'm_ncdm': 0.06, 'T_ncdm': 0.71611, 'N_ncdm_decay_dr': 1, 'quadrature_strategy_ncdm_decay_dr': 3, 'ncdm_fluid_approximation': 3, 'maximum_q_ncdm_decay_dr': 15.0, 'background_method': 0, 'evolver': 1, 'N_momentum_bins_ncdm_decay_dr': 7, 'l_max_ncdm': 13, 'l_max_dr': 13, 'l_max_dr_col': 13, 'omega_b': 0.02088139, 'omega_cdm': 0.2483333, 'Neff_ini_dncdm': 1.454185, 'log10lifetime_ncdm_decay_dr': 2.045959, 'm_ncdm_decay_dr': 75.03333, 'H0': 62.05859, 'ln10^{10}A_s': 3.152469, 'n_s': 0.9301828, 'tau_reio': 0.02122877, 'P_k_max_1/Mpc': 1.0}
skipping to the next model...
--------------------------------------------------------------------------
WARNING: There was an error initializing an OpenFabrics device.

  Local host:   s41n11
  Local device: mlx5_0
--------------------------------------------------------------------------
[CHILD][Parent Rank 70] | The following model took too long to complete: 
params: {'lensing': 'yes', 'output': 'tCl,lCl,pCl,mPk', 'l_max_scalars': 2508, 'k_pivot': 0.05, 'N_ur': 2.0328, 'N_ncdm': 1, 'm_ncdm': 0.06, 'T_ncdm': 0.71611, 'N_ncdm_decay_dr': 1, 'quadrature_strategy_ncdm_decay_dr': 3, 'ncdm_fluid_approximation': 3, 'maximum_q_ncdm_decay_dr': 15.0, 'background_method': 0, 'evolver': 1, 'N_momentum_bins_ncdm_decay_dr': 7, 'l_max_ncdm': 13, 'l_max_dr': 13, 'l_max_dr_col': 13, 'omega_b': 0.02077235, 'omega_cdm': 0.1837123, 'Neff_ini_dncdm': 0.8001842, 'log10lifetime_ncdm_decay_dr': 2.156193, 'm_ncdm_decay_dr': 37.98345, 'H0': 60.59476, 'ln10^{10}A_s': 3.109186, 'n_s': 0.9582407, 'tau_reio': 0.01867012, 'P_k_max_1/Mpc': 1.0}

[PARENT][Rank 70] | ERROR: Child process failed during CLASS computation
Model: {'lensing': 'yes', 'output': 'tCl,lCl,pCl,mPk', 'l_max_scalars': 2508, 'k_pivot': 0.05, 'N_ur': 2.0328, 'N_ncdm': 1, 'm_ncdm': 0.06, 'T_ncdm': 0.71611, 'N_ncdm_decay_dr': 1, 'quadrature_strategy_ncdm_decay_dr': 3, 'ncdm_fluid_approximation': 3, 'maximum_q_ncdm_decay_dr': 15.0, 'background_method': 0, 'evolver': 1, 'N_momentum_bins_ncdm_decay_dr': 7, 'l_max_ncdm': 13, 'l_max_dr': 13, 'l_max_dr_col': 13, 'omega_b': 0.02077235, 'omega_cdm': 0.1837123, 'Neff_ini_dncdm': 0.8001842, 'log10lifetime_ncdm_decay_dr': 2.156193, 'm_ncdm_decay_dr': 37.98345, 'H0': 60.59476, 'ln10^{10}A_s': 3.109186, 'n_s': 0.9582407, 'tau_reio': 0.01867012, 'P_k_max_1/Mpc': 1.0}
skipping to the next model...
[CHILD][Parent Rank 68] | The following model took too long to complete: 
params: {'lensing': 'yes', 'output': 'tCl,lCl,pCl,mPk', 'l_max_scalars': 2508, 'k_pivot': 0.05, 'N_ur': 2.0328, 'N_ncdm': 1, 'm_ncdm': 0.06, 'T_ncdm': 0.71611, 'N_ncdm_decay_dr': 1, 'quadrature_strategy_ncdm_decay_dr': 3, 'ncdm_fluid_approximation': 3, 'maximum_q_ncdm_decay_dr': 15.0, 'background_method': 0, 'evolver': 1, 'N_momentum_bins_ncdm_decay_dr': 7, 'l_max_ncdm': 13, 'l_max_dr': 13, 'l_max_dr_col': 13, 'omega_b': 0.02055388, 'omega_cdm': 0.1883322, 'Neff_ini_dncdm': 1.026187, 'log10lifetime_ncdm_decay_dr': 2.121378, 'm_ncdm_decay_dr': 15.58329, 'H0': 58.53179, 'ln10^{10}A_s': 3.123008, 'n_s': 0.9470734, 'tau_reio': 0.03394383, 'P_k_max_1/Mpc': 1.0}

[PARENT][Rank 68] | ERROR: Child process failed during CLASS computation
Model: {'lensing': 'yes', 'output': 'tCl,lCl,pCl,mPk', 'l_max_scalars': 2508, 'k_pivot': 0.05, 'N_ur': 2.0328, 'N_ncdm': 1, 'm_ncdm': 0.06, 'T_ncdm': 0.71611, 'N_ncdm_decay_dr': 1, 'quadrature_strategy_ncdm_decay_dr': 3, 'ncdm_fluid_approximation': 3, 'maximum_q_ncdm_decay_dr': 15.0, 'background_method': 0, 'evolver': 1, 'N_momentum_bins_ncdm_decay_dr': 7, 'l_max_ncdm': 13, 'l_max_dr': 13, 'l_max_dr_col': 13, 'omega_b': 0.02055388, 'omega_cdm': 0.1883322, 'Neff_ini_dncdm': 1.026187, 'log10lifetime_ncdm_decay_dr': 2.121378, 'm_ncdm_decay_dr': 15.58329, 'H0': 58.53179, 'ln10^{10}A_s': 3.123008, 'n_s': 0.9470734, 'tau_reio': 0.03394383, 'P_k_max_1/Mpc': 1.0}
skipping to the next model...
[PARENT][Rank 69] | ERROR: Timeout while waiting for response from child process after CLASS computations. Child may be unresponsive.

[CHILD][Parent Rank 69] | The following model took too long to complete: 
params: {'lensing': 'yes', 'output': 'tCl,lCl,pCl,mPk', 'l_max_scalars': 2508, 'k_pivot': 0.05, 'N_ur': 2.0328, 'N_ncdm': 1, 'm_ncdm': 0.06, 'T_ncdm': 0.71611, 'N_ncdm_decay_dr': 1, 'quadrature_strategy_ncdm_decay_dr': 3, 'ncdm_fluid_approximation': 3, 'maximum_q_ncdm_decay_dr': 15.0, 'background_method': 0, 'evolver': 1, 'N_momentum_bins_ncdm_decay_dr': 7, 'l_max_ncdm': 13, 'l_max_dr': 13, 'l_max_dr_col': 13, 'omega_b': 0.01985291, 'omega_cdm': 0.1852933, 'Neff_ini_dncdm': 0.8765328, 'log10lifetime_ncdm_decay_dr': 2.225853, 'm_ncdm_decay_dr': 16.0319, 'H0': 58.32774, 'ln10^{10}A_s': 3.120575, 'n_s': 0.9451824, 'tau_reio': 0.02397295, 'P_k_max_1/Mpc': 1.0}

[PARENT][Rank 69] | ERROR: Child process failed during CLASS computation
Model: {'lensing': 'yes', 'output': 'tCl,lCl,pCl,mPk', 'l_max_scalars': 2508, 'k_pivot': 0.05, 'N_ur': 2.0328, 'N_ncdm': 1, 'm_ncdm': 0.06, 'T_ncdm': 0.71611, 'N_ncdm_decay_dr': 1, 'quadrature_strategy_ncdm_decay_dr': 3, 'ncdm_fluid_approximation': 3, 'maximum_q_ncdm_decay_dr': 15.0, 'background_method': 0, 'evolver': 1, 'N_momentum_bins_ncdm_decay_dr': 7, 'l_max_ncdm': 13, 'l_max_dr': 13, 'l_max_dr_col': 13, 'omega_b': 0.02112348, 'omega_cdm': 0.192674, 'Neff_ini_dncdm': 1.103271, 'log10lifetime_ncdm_decay_dr': 2.07793, 'm_ncdm_decay_dr': 37.84378, 'H0': 63.81266, 'ln10^{10}A_s': 3.093076, 'n_s': 0.9704987, 'tau_reio': 0.02343473, 'P_k_max_1/Mpc': 1.0}
skipping to the next model...
[PARENT][Rank 69] | ERROR: Timeout while waiting for PONG response from child process. Child may be unresponsive.
Respawning child process...
[PARENT][Rank 69] | WARNING: Child process died or is unresponsive. Respawning...
[PARENT][Rank 69] | [INFO] Successfully respawned child process.
[PARENT][Rank 70] | ERROR: Timeout while waiting for response from child process after CLASS computations. Child may be unresponsive.

[PARENT][Rank 67] | ERROR: Timeout while waiting for response from child process after CLASS computations. Child may be unresponsive.

[CHILD][Parent Rank 67] | The following model took too long to complete: 
params: {'lensing': 'yes', 'output': 'tCl,lCl,pCl,mPk', 'l_max_scalars': 2508, 'k_pivot': 0.05, 'N_ur': 2.0328, 'N_ncdm': 1, 'm_ncdm': 0.06, 'T_ncdm': 0.71611, 'N_ncdm_decay_dr': 1, 'quadrature_strategy_ncdm_decay_dr': 3, 'ncdm_fluid_approximation': 3, 'maximum_q_ncdm_decay_dr': 15.0, 'background_method': 0, 'evolver': 1, 'N_momentum_bins_ncdm_decay_dr': 7, 'l_max_ncdm': 13, 'l_max_dr': 13, 'l_max_dr_col': 13, 'omega_b': 0.02059349, 'omega_cdm': 0.2060499, 'Neff_ini_dncdm': 1.191309, 'log10lifetime_ncdm_decay_dr': 2.068228, 'm_ncdm_decay_dr': 75.58579, 'H0': 67.28998, 'ln10^{10}A_s': 3.116019, 'n_s': 0.991413, 'tau_reio': 0.03009703, 'P_k_max_1/Mpc': 1.0}

[CHILD][Parent Rank 70] | The following model took too long to complete: 
params: {'lensing': 'yes', 'output': 'tCl,lCl,pCl,mPk', 'l_max_scalars': 2508, 'k_pivot': 0.05, 'N_ur': 2.0328, 'N_ncdm': 1, 'm_ncdm': 0.06, 'T_ncdm': 0.71611, 'N_ncdm_decay_dr': 1, 'quadrature_strategy_ncdm_decay_dr': 3, 'ncdm_fluid_approximation': 3, 'maximum_q_ncdm_decay_dr': 15.0, 'background_method': 0, 'evolver': 1, 'N_momentum_bins_ncdm_decay_dr': 7, 'l_max_ncdm': 13, 'l_max_dr': 13, 'l_max_dr_col': 13, 'omega_b': 0.02013743, 'omega_cdm': 0.1823515, 'Neff_ini_dncdm': 0.9106113, 'log10lifetime_ncdm_decay_dr': 2.188539, 'm_ncdm_decay_dr': 8.334133, 'H0': 58.2351, 'ln10^{10}A_s': 3.07812, 'n_s': 0.9284062, 'tau_reio': 0.02791925, 'P_k_max_1/Mpc': 1.0}

[PARENT][Rank 70] | ERROR: Child process failed during CLASS computation
Model: {'lensing': 'yes', 'output': 'tCl,lCl,pCl,mPk', 'l_max_scalars': 2508, 'k_pivot': 0.05, 'N_ur': 2.0328, 'N_ncdm': 1, 'm_ncdm': 0.06, 'T_ncdm': 0.71611, 'N_ncdm_decay_dr': 1, 'quadrature_strategy_ncdm_decay_dr': 3, 'ncdm_fluid_approximation': 3, 'maximum_q_ncdm_decay_dr': 15.0, 'background_method': 0, 'evolver': 1, 'N_momentum_bins_ncdm_decay_dr': 7, 'l_max_ncdm': 13, 'l_max_dr': 13, 'l_max_dr_col': 13, 'omega_b': 0.022109339, 'omega_cdm': 0.2264283, 'Neff_ini_dncdm': 1.295022, 'log10lifetime_ncdm_decay_dr': 2.11657, 'm_ncdm_decay_dr': 102.4449, 'H0': 72.53756, 'ln10^{10}A_s': 3.115385, 'n_s': 1.002116, 'tau_reio': 0.0250247, 'P_k_max_1/Mpc': 1.0}
skipping to the next model...
[PARENT][Rank 67] | ERROR: Child process failed during CLASS computation
Model: {'lensing': 'yes', 'output': 'tCl,lCl,pCl,mPk', 'l_max_scalars': 2508, 'k_pivot': 0.05, 'N_ur': 2.0328, 'N_ncdm': 1, 'm_ncdm': 0.06, 'T_ncdm': 0.71611, 'N_ncdm_decay_dr': 1, 'quadrature_strategy_ncdm_decay_dr': 3, 'ncdm_fluid_approximation': 3, 'maximum_q_ncdm_decay_dr': 15.0, 'background_method': 0, 'evolver': 1, 'N_momentum_bins_ncdm_decay_dr': 7, 'l_max_ncdm': 13, 'l_max_dr': 13, 'l_max_dr_col': 13, 'omega_b': 0.02099215, 'omega_cdm': 0.2235936, 'Neff_ini_dncdm': 1.344133, 'log10lifetime_ncdm_decay_dr': 2.137046, 'm_ncdm_decay_dr': 93.3851, 'H0': 71.25771, 'ln10^{10}A_s': 3.07087, 'n_s': 0.9972066, 'tau_reio': 0.01246759, 'P_k_max_1/Mpc': 1.0}
skipping to the next model...
[PARENT][Rank 70] | ERROR: Timeout while waiting for PONG response from child process. Child may be unresponsive.
Respawning child process...
[PARENT][Rank 70] | WARNING: Child process died or is unresponsive. Respawning...
[PARENT][Rank 70] | [INFO] Successfully respawned child process.
[PARENT][Rank 67] | ERROR: Timeout while waiting for PONG response from child process. Child may be unresponsive.
Respawning child process...
[PARENT][Rank 67] | WARNING: Child process died or is unresponsive. Respawning...
[PARENT][Rank 67] | [INFO] Successfully respawned child process.
[CHILD][Parent Rank 69] | ERROR: Timeout while waiting for parent command. returning to PING PONG loop.
[CHILD][Parent Rank 69] | ERROR: Timeout while waiting for message.
Exiting safely.
[PARENT][Rank 65] | ERROR: Timeout while waiting for response from child process after CLASS computations. Child may be unresponsive.

[PARENT][Rank 66] | ERROR: Timeout while waiting for response from child process after CLASS computations. Child may be unresponsive.

[CHILD][Parent Rank 66] | The following model took too long to complete: 
params: {'lensing': 'yes', 'output': 'tCl,lCl,pCl,mPk', 'l_max_scalars': 2508, 'k_pivot': 0.05, 'N_ur': 2.0328, 'N_ncdm': 1, 'm_ncdm': 0.06, 'T_ncdm': 0.71611, 'N_ncdm_decay_dr': 1, 'quadrature_strategy_ncdm_decay_dr': 3, 'ncdm_fluid_approximation': 3, 'maximum_q_ncdm_decay_dr': 15.0, 'background_method': 0, 'evolver': 1, 'N_momentum_bins_ncdm_decay_dr': 7, 'l_max_ncdm': 13, 'l_max_dr': 13, 'l_max_dr_col': 13, 'omega_b': 0.0210767, 'omega_cdm': 0.1851418, 'Neff_ini_dncdm': 0.8839506, 'log10lifetime_ncdm_decay_dr': 2.080945, 'm_ncdm_decay_dr': 44.337, 'H0': 62.54589, 'ln10^{10}A_s': 3.105845, 'n_s': 0.9637545, 'tau_reio': 0.02373865, 'P_k_max_1/Mpc': 1.0}

[PARENT][Rank 66] | ERROR: Child process failed during CLASS computation
Model: {'lensing': 'yes', 'output': 'tCl,lCl,pCl,mPk', 'l_max_scalars': 2508, 'k_pivot': 0.05, 'N_ur': 2.0328, 'N_ncdm': 1, 'm_ncdm': 0.06, 'T_ncdm': 0.71611, 'N_ncdm_decay_dr': 1, 'quadrature_strategy_ncdm_decay_dr': 3, 'ncdm_fluid_approximation': 3, 'maximum_q_ncdm_decay_dr': 15.0, 'background_method': 0, 'evolver': 1, 'N_momentum_bins_ncdm_decay_dr': 7, 'l_max_ncdm': 13, 'l_max_dr': 13, 'l_max_dr_col': 13, 'omega_b': 0.01937818, 'omega_cdm': 0.1765961, 'Neff_ini_dncdm': 0.8084687, 'log10lifetime_ncdm_decay_dr': 2.194155, 'm_ncdm_decay_dr': 33.8805, 'H0': 61.69622, 'ln10^{10}A_s': 3.109872, 'n_s': 0.9580115, 'tau_reio': 0.02500103, 'P_k_max_1/Mpc': 1.0}
skipping to the next model...
[CHILD][Parent Rank 65] | The following model took too long to complete: 
params: {'lensing': 'yes', 'output': 'tCl,lCl,pCl,mPk', 'l_max_scalars': 2508, 'k_pivot': 0.05, 'N_ur': 2.0328, 'N_ncdm': 1, 'm_ncdm': 0.06, 'T_ncdm': 0.71611, 'N_ncdm_decay_dr': 1, 'quadrature_strategy_ncdm_decay_dr': 3, 'ncdm_fluid_approximation': 3, 'maximum_q_ncdm_decay_dr': 15.0, 'background_method': 0, 'evolver': 1, 'N_momentum_bins_ncdm_decay_dr': 7, 'l_max_ncdm': 13, 'l_max_dr': 13, 'l_max_dr_col': 13, 'omega_b': 0.02028122, 'omega_cdm': 0.192133, 'Neff_ini_dncdm': 0.8040877, 'log10lifetime_ncdm_decay_dr': 2.099024, 'm_ncdm_decay_dr': 61.14123, 'H0': 60.62415, 'ln10^{10}A_s': 3.094105, 'n_s': 0.9540865, 'tau_reio': 0.01010909, 'P_k_max_1/Mpc': 1.0}

[PARENT][Rank 65] | ERROR: Child process failed during CLASS computation
Model: {'lensing': 'yes', 'output': 'tCl,lCl,pCl,mPk', 'l_max_scalars': 2508, 'k_pivot': 0.05, 'N_ur': 2.0328, 'N_ncdm': 1, 'm_ncdm': 0.06, 'T_ncdm': 0.71611, 'N_ncdm_decay_dr': 1, 'quadrature_strategy_ncdm_decay_dr': 3, 'ncdm_fluid_approximation': 3, 'maximum_q_ncdm_decay_dr': 15.0, 'background_method': 0, 'evolver': 1, 'N_momentum_bins_ncdm_decay_dr': 7, 'l_max_ncdm': 13, 'l_max_dr': 13, 'l_max_dr_col': 13, 'omega_b': 0.0200811, 'omega_cdm': 0.1864514, 'Neff_ini_dncdm': 0.9064145, 'log10lifetime_ncdm_decay_dr': 2.202654, 'm_ncdm_decay_dr': 11.85323, 'H0': 56.64673, 'ln10^{10}A_s': 3.094167, 'n_s': 0.9305606, 'tau_reio': 0.0161331, 'P_k_max_1/Mpc': 1.0}
skipping to the next model...
[CHILD][Parent Rank 70] | ERROR: Timeout while waiting for message.
Exiting safely.
[PARENT][Rank 68] | ERROR: Timeout while waiting for response from child process after CLASS computations. Child may be unresponsive.

[PARENT][Rank 66] | ERROR: Timeout while waiting for PONG response from child process. Child may be unresponsive.
Respawning child process...
[PARENT][Rank 66] | WARNING: Child process died or is unresponsive. Respawning...
[PARENT][Rank 65] | ERROR: Timeout while waiting for PONG response from child process. Child may be unresponsive.
Respawning child process...
[PARENT][Rank 65] | WARNING: Child process died or is unresponsive. Respawning...
[PARENT][Rank 66] | [INFO] Successfully respawned child process.
[PARENT][Rank 65] | [INFO] Successfully respawned child process.
[CHILD][Parent Rank 68] | The following model took too long to complete: 
params: {'lensing': 'yes', 'output': 'tCl,lCl,pCl,mPk', 'l_max_scalars': 2508, 'k_pivot': 0.05, 'N_ur': 2.0328, 'N_ncdm': 1, 'm_ncdm': 0.06, 'T_ncdm': 0.71611, 'N_ncdm_decay_dr': 1, 'quadrature_strategy_ncdm_decay_dr': 3, 'ncdm_fluid_approximation': 3, 'maximum_q_ncdm_decay_dr': 15.0, 'background_method': 0, 'evolver': 1, 'N_momentum_bins_ncdm_decay_dr': 7, 'l_max_ncdm': 13, 'l_max_dr': 13, 'l_max_dr_col': 13, 'omega_b': 0.02091251, 'omega_cdm': 0.2230454, 'Neff_ini_dncdm': 1.355989, 'log10lifetime_ncdm_decay_dr': 2.156853, 'm_ncdm_decay_dr': 85.34976, 'H0': 70.65989, 'ln10^{10}A_s': 3.083327, 'n_s': 0.9977017, 'tau_reio': 0.01598828, 'P_k_max_1/Mpc': 1.0}

[PARENT][Rank 68] | ERROR: Child process failed during CLASS computation
Model: {'lensing': 'yes', 'output': 'tCl,lCl,pCl,mPk', 'l_max_scalars': 2508, 'k_pivot': 0.05, 'N_ur': 2.0328, 'N_ncdm': 1, 'm_ncdm': 0.06, 'T_ncdm': 0.71611, 'N_ncdm_decay_dr': 1, 'quadrature_strategy_ncdm_decay_dr': 3, 'ncdm_fluid_approximation': 3, 'maximum_q_ncdm_decay_dr': 15.0, 'background_method': 0, 'evolver': 1, 'N_momentum_bins_ncdm_decay_dr': 7, 'l_max_ncdm': 13, 'l_max_dr': 13, 'l_max_dr_col': 13, 'omega_b': 0.01969807, 'omega_cdm': 0.1788534, 'Neff_ini_dncdm': 0.8628523, 'log10lifetime_ncdm_decay_dr': 2.239158, 'm_ncdm_decay_dr': 17.15047, 'H0': 59.14473, 'ln10^{10}A_s': 3.091746, 'n_s': 0.9471352, 'tau_reio': 0.01599444, 'P_k_max_1/Mpc': 1.0}
skipping to the next model...
[CHILD][Parent Rank 67] | The following model took too long to complete: 
params: {'lensing': 'yes', 'output': 'tCl,lCl,pCl,mPk', 'l_max_scalars': 2508, 'k_pivot': 0.05, 'N_ur': 2.0328, 'N_ncdm': 1, 'm_ncdm': 0.06, 'T_ncdm': 0.71611, 'N_ncdm_decay_dr': 1, 'quadrature_strategy_ncdm_decay_dr': 3, 'ncdm_fluid_approximation': 3, 'maximum_q_ncdm_decay_dr': 15.0, 'background_method': 0, 'evolver': 1, 'N_momentum_bins_ncdm_decay_dr': 7, 'l_max_ncdm': 13, 'l_max_dr': 13, 'l_max_dr_col': 13, 'omega_b': 0.02099215, 'omega_cdm': 0.2235936, 'Neff_ini_dncdm': 1.344133, 'log10lifetime_ncdm_decay_dr': 2.137046, 'm_ncdm_decay_dr': 93.3851, 'H0': 71.25771, 'ln10^{10}A_s': 3.07087, 'n_s': 0.9972066, 'tau_reio': 0.01246759, 'P_k_max_1/Mpc': 1.0}

[CHILD][Parent Rank 67] | ERROR: Timeout while waiting for message.
Exiting safely.
[PARENT][Rank 70] | ERROR: Failed to send or receive data to/from child process. Child process may have crashed.Possibly due to out-of-memory or other critical error during CLASS computation    .
Model: {'lensing': 'yes', 'output': 'tCl,lCl,pCl,mPk', 'l_max_scalars': 2508, 'k_pivot': 0.05, 'N_ur': 2.0328, 'N_ncdm': 1, 'm_ncdm': 0.06, 'T_ncdm': 0.71611, 'N_ncdm_decay_dr': 1, 'quadrature_strategy_ncdm_decay_dr': 3, 'ncdm_fluid_approximation': 3, 'maximum_q_ncdm_decay_dr': 15.0, 'background_method': 0, 'evolver': 1, 'N_momentum_bins_ncdm_decay_dr': 7, 'l_max_ncdm': 13, 'l_max_dr': 13, 'l_max_dr_col': 13, 'omega_b': 0.021332828, 'omega_cdm': 0.2217283, 'Neff_ini_dncdm': 1.340395, 'log10lifetime_ncdm_decay_dr': 2.135434, 'm_ncdm_decay_dr': 92.70044, 'H0': 72.56763, 'ln10^{10}A_s': 3.085909, 'n_s': 1.007787, 'tau_reio': 0.01943344, 'P_k_max_1/Mpc': 1.0}
skipping to the next model...
[PARENT][Rank 70] | Exception: TimeoutError('Timeout while waiting for child to respond.')
[CHILD][Parent Rank 65] | ERROR: Timeout while waiting for message.
Exiting safely.
[PARENT][Rank 68] | ERROR: Timeout while waiting for PONG response from child process. Child may be unresponsive.
Respawning child process...
[PARENT][Rank 68] | WARNING: Child process died or is unresponsive. Respawning...
[PARENT][Rank 68] | [INFO] Successfully respawned child process.
[PARENT][Rank 71] | ERROR: Timeout while waiting for response from child process after CLASS computations. Child may be unresponsive.

[CHILD][Parent Rank 70] | The following model took too long to complete: 
params: {'lensing': 'yes', 'output': 'tCl,lCl,pCl,mPk', 'l_max_scalars': 2508, 'k_pivot': 0.05, 'N_ur': 2.0328, 'N_ncdm': 1, 'm_ncdm': 0.06, 'T_ncdm': 0.71611, 'N_ncdm_decay_dr': 1, 'quadrature_strategy_ncdm_decay_dr': 3, 'ncdm_fluid_approximation': 3, 'maximum_q_ncdm_decay_dr': 15.0, 'background_method': 0, 'evolver': 1, 'N_momentum_bins_ncdm_decay_dr': 7, 'l_max_ncdm': 13, 'l_max_dr': 13, 'l_max_dr_col': 13, 'omega_b': 0.021332828, 'omega_cdm': 0.2217283, 'Neff_ini_dncdm': 1.340395, 'log10lifetime_ncdm_decay_dr': 2.135434, 'm_ncdm_decay_dr': 92.70044, 'H0': 72.56763, 'ln10^{10}A_s': 3.085909, 'n_s': 1.007787, 'tau_reio': 0.01943344, 'P_k_max_1/Mpc': 1.0}

[PARENT][Rank 70] | ERROR: Child process failed during CLASS computation
Model: {'lensing': 'yes', 'output': 'tCl,lCl,pCl,mPk', 'l_max_scalars': 2508, 'k_pivot': 0.05, 'N_ur': 2.0328, 'N_ncdm': 1, 'm_ncdm': 0.06, 'T_ncdm': 0.71611, 'N_ncdm_decay_dr': 1, 'quadrature_strategy_ncdm_decay_dr': 3, 'ncdm_fluid_approximation': 3, 'maximum_q_ncdm_decay_dr': 15.0, 'background_method': 0, 'evolver': 1, 'N_momentum_bins_ncdm_decay_dr': 7, 'l_max_ncdm': 13, 'l_max_dr': 13, 'l_max_dr_col': 13, 'omega_b': 0.02111951, 'omega_cdm': 0.1920129, 'Neff_ini_dncdm': 1.005295, 'log10lifetime_ncdm_decay_dr': 2.120941, 'm_ncdm_decay_dr': 46.89732, 'H0': 64.61256, 'ln10^{10}A_s': 3.134048, 'n_s': 0.978726, 'tau_reio': 0.0373445, 'P_k_max_1/Mpc': 1.0}
skipping to the next model...
[CHILD][Parent Rank 71] | The following model took too long to complete: 
params: {'lensing': 'yes', 'output': 'tCl,lCl,pCl,mPk', 'l_max_scalars': 2508, 'k_pivot': 0.05, 'N_ur': 2.0328, 'N_ncdm': 1, 'm_ncdm': 0.06, 'T_ncdm': 0.71611, 'N_ncdm_decay_dr': 1, 'quadrature_strategy_ncdm_decay_dr': 3, 'ncdm_fluid_approximation': 3, 'maximum_q_ncdm_decay_dr': 15.0, 'background_method': 0, 'evolver': 1, 'N_momentum_bins_ncdm_decay_dr': 7, 'l_max_ncdm': 13, 'l_max_dr': 13, 'l_max_dr_col': 13, 'omega_b': 0.02059727, 'omega_cdm': 0.1842365, 'Neff_ini_dncdm': 1.001834, 'log10lifetime_ncdm_decay_dr': 2.162209, 'm_ncdm_decay_dr': 28.51991, 'H0': 62.64883, 'ln10^{10}A_s': 3.090213, 'n_s': 0.9516556, 'tau_reio': 0.02637297, 'P_k_max_1/Mpc': 1.0}

[PARENT][Rank 71] | ERROR: Child process failed during CLASS computation
Model: {'lensing': 'yes', 'output': 'tCl,lCl,pCl,mPk', 'l_max_scalars': 2508, 'k_pivot': 0.05, 'N_ur': 2.0328, 'N_ncdm': 1, 'm_ncdm': 0.06, 'T_ncdm': 0.71611, 'N_ncdm_decay_dr': 1, 'quadrature_strategy_ncdm_decay_dr': 3, 'ncdm_fluid_approximation': 3, 'maximum_q_ncdm_decay_dr': 15.0, 'background_method': 0, 'evolver': 1, 'N_momentum_bins_ncdm_decay_dr': 7, 'l_max_ncdm': 13, 'l_max_dr': 13, 'l_max_dr_col': 13, 'omega_b': 0.02026007, 'omega_cdm': 0.179302, 'Neff_ini_dncdm': 0.890717, 'log10lifetime_ncdm_decay_dr': 2.183886, 'm_ncdm_decay_dr': 25.06638, 'H0': 62.02861, 'ln10^{10}A_s': 3.140152, 'n_s': 0.9510662, 'tau_reio': 0.0351524, 'P_k_max_1/Mpc': 1.0}
skipping to the next model...
[CHILD][Parent Rank 66] | The following model took too long to complete: 
params: {'lensing': 'yes', 'output': 'tCl,lCl,pCl,mPk', 'l_max_scalars': 2508, 'k_pivot': 0.05, 'N_ur': 2.0328, 'N_ncdm': 1, 'm_ncdm': 0.06, 'T_ncdm': 0.71611, 'N_ncdm_decay_dr': 1, 'quadrature_strategy_ncdm_decay_dr': 3, 'ncdm_fluid_approximation': 3, 'maximum_q_ncdm_decay_dr': 15.0, 'background_method': 0, 'evolver': 1, 'N_momentum_bins_ncdm_decay_dr': 7, 'l_max_ncdm': 13, 'l_max_dr': 13, 'l_max_dr_col': 13, 'omega_b': 0.01937818, 'omega_cdm': 0.1765961, 'Neff_ini_dncdm': 0.8084687, 'log10lifetime_ncdm_decay_dr': 2.194155, 'm_ncdm_decay_dr': 33.8805, 'H0': 61.69622, 'ln10^{10}A_s': 3.109872, 'n_s': 0.9580115, 'tau_reio': 0.02500103, 'P_k_max_1/Mpc': 1.0}

[CHILD][Parent Rank 66] | ERROR: Timeout while waiting for message.
Exiting safely.
[PARENT][Rank 70] | ERROR: Unexpected error during PING-PONG check: TimeoutError('Timeout while waiting for child to respond.')Attemping to respawn child process...
[PARENT][Rank 70] | WARNING: Child process died or is unresponsive. Respawning...
[PARENT][Rank 70] | [INFO] Successfully respawned child process.
[PARENT][Rank 71] | ERROR: Timeout while waiting for PONG response from child process. Child may be unresponsive.
Respawning child process...
[PARENT][Rank 71] | WARNING: Child process died or is unresponsive. Respawning...
[PARENT][Rank 67] | ERROR: Failed to send or receive data to/from child process. Child process may have crashed.Possibly due to out-of-memory or other critical error during CLASS computation    .
Model: {'lensing': 'yes', 'output': 'tCl,lCl,pCl,mPk', 'l_max_scalars': 2508, 'k_pivot': 0.05, 'N_ur': 2.0328, 'N_ncdm': 1, 'm_ncdm': 0.06, 'T_ncdm': 0.71611, 'N_ncdm_decay_dr': 1, 'quadrature_strategy_ncdm_decay_dr': 3, 'ncdm_fluid_approximation': 3, 'maximum_q_ncdm_decay_dr': 15.0, 'background_method': 0, 'evolver': 1, 'N_momentum_bins_ncdm_decay_dr': 7, 'l_max_ncdm': 13, 'l_max_dr': 13, 'l_max_dr_col': 13, 'omega_b': 0.020401709, 'omega_cdm': 0.1769004, 'Neff_ini_dncdm': 0.852701, 'log10lifetime_ncdm_decay_dr': 2.221919, 'm_ncdm_decay_dr': 0.6588911, 'H0': 58.48923, 'ln10^{10}A_s': 3.118436, 'n_s': 0.9375126, 'tau_reio': 0.02949132, 'P_k_max_1/Mpc': 1.0}
skipping to the next model...
[PARENT][Rank 67] | Exception: TimeoutError('Timeout while waiting for child to respond.')
[PARENT][Rank 71] | [INFO] Successfully respawned child process.
[CHILD][Parent Rank 68] | The following model took too long to complete: 
params: {'lensing': 'yes', 'output': 'tCl,lCl,pCl,mPk', 'l_max_scalars': 2508, 'k_pivot': 0.05, 'N_ur': 2.0328, 'N_ncdm': 1, 'm_ncdm': 0.06, 'T_ncdm': 0.71611, 'N_ncdm_decay_dr': 1, 'quadrature_strategy_ncdm_decay_dr': 3, 'ncdm_fluid_approximation': 3, 'maximum_q_ncdm_decay_dr': 15.0, 'background_method': 0, 'evolver': 1, 'N_momentum_bins_ncdm_decay_dr': 7, 'l_max_ncdm': 13, 'l_max_dr': 13, 'l_max_dr_col': 13, 'omega_b': 0.01969807, 'omega_cdm': 0.1788534, 'Neff_ini_dncdm': 0.8628523, 'log10lifetime_ncdm_decay_dr': 2.239158, 'm_ncdm_decay_dr': 17.15047, 'H0': 59.14473, 'ln10^{10}A_s': 3.091746, 'n_s': 0.9471352, 'tau_reio': 0.01599444, 'P_k_max_1/Mpc': 1.0}

[CHILD][Parent Rank 68] | ERROR: Timeout while waiting for message.
Exiting safely.
[PARENT][Rank 64] | ERROR: Timeout while waiting for response from child process after CLASS computations. Child may be unresponsive.

[CHILD][Parent Rank 64] | The following model took too long to complete: 
params: {'lensing': 'yes', 'output': 'tCl,lCl,pCl,mPk', 'l_max_scalars': 2508, 'k_pivot': 0.05, 'N_ur': 2.0328, 'N_ncdm': 1, 'm_ncdm': 0.06, 'T_ncdm': 0.71611, 'N_ncdm_decay_dr': 1, 'quadrature_strategy_ncdm_decay_dr': 3, 'ncdm_fluid_approximation': 3, 'maximum_q_ncdm_decay_dr': 15.0, 'background_method': 0, 'evolver': 1, 'N_momentum_bins_ncdm_decay_dr': 7, 'l_max_ncdm': 13, 'l_max_dr': 13, 'l_max_dr_col': 13, 'omega_b': 0.02007492, 'omega_cdm': 0.1830207, 'Neff_ini_dncdm': 0.7831754, 'log10lifetime_ncdm_decay_dr': 2.177695, 'm_ncdm_decay_dr': 24.63509, 'H0': 58.00999, 'ln10^{10}A_s': 3.111537, 'n_s': 0.9247449, 'tau_reio': 0.01975042, 'P_k_max_1/Mpc': 1.0}

[PARENT][Rank 64] | ERROR: Child process failed during CLASS computation
Model: {'lensing': 'yes', 'output': 'tCl,lCl,pCl,mPk', 'l_max_scalars': 2508, 'k_pivot': 0.05, 'N_ur': 2.0328, 'N_ncdm': 1, 'm_ncdm': 0.06, 'T_ncdm': 0.71611, 'N_ncdm_decay_dr': 1, 'quadrature_strategy_ncdm_decay_dr': 3, 'ncdm_fluid_approximation': 3, 'maximum_q_ncdm_decay_dr': 15.0, 'background_method': 0, 'evolver': 1, 'N_momentum_bins_ncdm_decay_dr': 7, 'l_max_ncdm': 13, 'l_max_dr': 13, 'l_max_dr_col': 13, 'omega_b': 0.02093332, 'omega_cdm': 0.1828156, 'Neff_ini_dncdm': 0.8671075, 'log10lifetime_ncdm_decay_dr': 2.126795, 'm_ncdm_decay_dr': 25.43822, 'H0': 60.20543, 'ln10^{10}A_s': 3.11984, 'n_s': 0.9450268, 'tau_reio': 0.02390002, 'P_k_max_1/Mpc': 1.0}
skipping to the next model...
[PARENT][Rank 67] | ERROR: Unexpected error during PING-PONG check: TimeoutError('Timeout while waiting for child to respond.')Attemping to respawn child process...
[PARENT][Rank 67] | WARNING: Child process died or is unresponsive. Respawning...
[PARENT][Rank 67] | [INFO] Successfully respawned child process.
[CHILD][Parent Rank 67] | The following model took too long to complete: 
params: {'lensing': 'yes', 'output': 'tCl,lCl,pCl,mPk', 'l_max_scalars': 2508, 'k_pivot': 0.05, 'N_ur': 2.0328, 'N_ncdm': 1, 'm_ncdm': 0.06, 'T_ncdm': 0.71611, 'N_ncdm_decay_dr': 1, 'quadrature_strategy_ncdm_decay_dr': 3, 'ncdm_fluid_approximation': 3, 'maximum_q_ncdm_decay_dr': 15.0, 'background_method': 0, 'evolver': 1, 'N_momentum_bins_ncdm_decay_dr': 7, 'l_max_ncdm': 13, 'l_max_dr': 13, 'l_max_dr_col': 13, 'omega_b': 0.020401709, 'omega_cdm': 0.1769004, 'Neff_ini_dncdm': 0.852701, 'log10lifetime_ncdm_decay_dr': 2.221919, 'm_ncdm_decay_dr': 0.6588911, 'H0': 58.48923, 'ln10^{10}A_s': 3.118436, 'n_s': 0.9375126, 'tau_reio': 0.02949132, 'P_k_max_1/Mpc': 1.0}

[CHILD][Parent Rank 67] | ERROR: Timeout while waiting for message.
Exiting safely.
[PARENT][Rank 64] | ERROR: Timeout while waiting for PONG response from child process. Child may be unresponsive.
Respawning child process...
[PARENT][Rank 64] | WARNING: Child process died or is unresponsive. Respawning...
[PARENT][Rank 64] | [INFO] Successfully respawned child process.
[CHILD][Parent Rank 71] | The following model took too long to complete: 
params: {'lensing': 'yes', 'output': 'tCl,lCl,pCl,mPk', 'l_max_scalars': 2508, 'k_pivot': 0.05, 'N_ur': 2.0328, 'N_ncdm': 1, 'm_ncdm': 0.06, 'T_ncdm': 0.71611, 'N_ncdm_decay_dr': 1, 'quadrature_strategy_ncdm_decay_dr': 3, 'ncdm_fluid_approximation': 3, 'maximum_q_ncdm_decay_dr': 15.0, 'background_method': 0, 'evolver': 1, 'N_momentum_bins_ncdm_decay_dr': 7, 'l_max_ncdm': 13, 'l_max_dr': 13, 'l_max_dr_col': 13, 'omega_b': 0.02026007, 'omega_cdm': 0.179302, 'Neff_ini_dncdm': 0.890717, 'log10lifetime_ncdm_decay_dr': 2.183886, 'm_ncdm_decay_dr': 25.06638, 'H0': 62.02861, 'ln10^{10}A_s': 3.140152, 'n_s': 0.9510662, 'tau_reio': 0.0351524, 'P_k_max_1/Mpc': 1.0}

[CHILD][Parent Rank 71] | ERROR: Timeout while waiting for message.
Exiting safely.
[CHILD][Parent Rank 70] | The following model took too long to complete: 
params: {'lensing': 'yes', 'output': 'tCl,lCl,pCl,mPk', 'l_max_scalars': 2508, 'k_pivot': 0.05, 'N_ur': 2.0328, 'N_ncdm': 1, 'm_ncdm': 0.06, 'T_ncdm': 0.71611, 'N_ncdm_decay_dr': 1, 'quadrature_strategy_ncdm_decay_dr': 3, 'ncdm_fluid_approximation': 3, 'maximum_q_ncdm_decay_dr': 15.0, 'background_method': 0, 'evolver': 1, 'N_momentum_bins_ncdm_decay_dr': 7, 'l_max_ncdm': 13, 'l_max_dr': 13, 'l_max_dr_col': 13, 'omega_b': 0.02111951, 'omega_cdm': 0.1920129, 'Neff_ini_dncdm': 1.005295, 'log10lifetime_ncdm_decay_dr': 2.120941, 'm_ncdm_decay_dr': 46.89732, 'H0': 64.61256, 'ln10^{10}A_s': 3.134048, 'n_s': 0.978726, 'tau_reio': 0.0373445, 'P_k_max_1/Mpc': 1.0}

[PARENT][Rank 69] | ERROR: Failed to send or receive data to/from child process. Child process may have crashed.Possibly due to out-of-memory or other critical error during CLASS computation    .
Model: {'lensing': 'yes', 'output': 'tCl,lCl,pCl,mPk', 'l_max_scalars': 2508, 'k_pivot': 0.05, 'N_ur': 2.0328, 'N_ncdm': 1, 'm_ncdm': 0.06, 'T_ncdm': 0.71611, 'N_ncdm_decay_dr': 1, 'quadrature_strategy_ncdm_decay_dr': 3, 'ncdm_fluid_approximation': 3, 'maximum_q_ncdm_decay_dr': 15.0, 'background_method': 0, 'evolver': 1, 'N_momentum_bins_ncdm_decay_dr': 7, 'l_max_ncdm': 13, 'l_max_dr': 13, 'l_max_dr_col': 13, 'omega_b': 0.020635331, 'omega_cdm': 0.1971705, 'Neff_ini_dncdm': 1.0047, 'log10lifetime_ncdm_decay_dr': 2.077185, 'm_ncdm_decay_dr': 49.72646, 'H0': 61.32606, 'ln10^{10}A_s': 3.097449, 'n_s': 0.9532802, 'tau_reio': 0.01675967, 'P_k_max_1/Mpc': 1.0}
skipping to the next model...
[PARENT][Rank 69] | Exception: TimeoutError('Timeout while waiting for child to respond.')
[CHILD][Parent Rank 70] | ERROR: Timeout while waiting for message.
Exiting safely.
[PARENT][Rank 70] | ERROR: Failed to send or receive data to/from child process. Child process may have crashed.Possibly due to out-of-memory or other critical error during CLASS computation    .
Model: {'lensing': 'yes', 'output': 'tCl,lCl,pCl,mPk', 'l_max_scalars': 2508, 'k_pivot': 0.05, 'N_ur': 2.0328, 'N_ncdm': 1, 'm_ncdm': 0.06, 'T_ncdm': 0.71611, 'N_ncdm_decay_dr': 1, 'quadrature_strategy_ncdm_decay_dr': 3, 'ncdm_fluid_approximation': 3, 'maximum_q_ncdm_decay_dr': 15.0, 'background_method': 0, 'evolver': 1, 'N_momentum_bins_ncdm_decay_dr': 7, 'l_max_ncdm': 13, 'l_max_dr': 13, 'l_max_dr_col': 13, 'omega_b': 0.01984179, 'omega_cdm': 0.1926911, 'Neff_ini_dncdm': 1.199603, 'log10lifetime_ncdm_decay_dr': 2.144888, 'm_ncdm_decay_dr': 2.487211, 'H0': 57.06683, 'ln10^{10}A_s': 3.142929, 'n_s': 0.9283652, 'tau_reio': 0.04426947, 'P_k_max_1/Mpc': 1.0}
skipping to the next model...
[PARENT][Rank 70] | Exception: TimeoutError('Timeout while waiting for child to respond.')
[CHILD][Parent Rank 68] | The following model took too long to complete: 
params: {'lensing': 'yes', 'output': 'tCl,lCl,pCl,mPk', 'l_max_scalars': 2508, 'k_pivot': 0.05, 'N_ur': 2.0328, 'N_ncdm': 1, 'm_ncdm': 0.06, 'T_ncdm': 0.71611, 'N_ncdm_decay_dr': 1, 'quadrature_strategy_ncdm_decay_dr': 3, 'ncdm_fluid_approximation': 3, 'maximum_q_ncdm_decay_dr': 15.0, 'background_method': 0, 'evolver': 1, 'N_momentum_bins_ncdm_decay_dr': 7, 'l_max_ncdm': 13, 'l_max_dr': 13, 'l_max_dr_col': 13, 'omega_b': 0.0210744, 'omega_cdm': 0.1837836, 'Neff_ini_dncdm': 0.8835096, 'log10lifetime_ncdm_decay_dr': 2.131119, 'm_ncdm_decay_dr': 19.44805, 'H0': 59.60657, 'ln10^{10}A_s': 3.129357, 'n_s': 0.9391726, 'tau_reio': 0.02884637, 'P_k_max_1/Mpc': 1.0}

[PARENT][Rank 68] | ERROR: Child process failed during CLASS computation
Model: {'lensing': 'yes', 'output': 'tCl,lCl,pCl,mPk', 'l_max_scalars': 2508, 'k_pivot': 0.05, 'N_ur': 2.0328, 'N_ncdm': 1, 'm_ncdm': 0.06, 'T_ncdm': 0.71611, 'N_ncdm_decay_dr': 1, 'quadrature_strategy_ncdm_decay_dr': 3, 'ncdm_fluid_approximation': 3, 'maximum_q_ncdm_decay_dr': 15.0, 'background_method': 0, 'evolver': 1, 'N_momentum_bins_ncdm_decay_dr': 7, 'l_max_ncdm': 13, 'l_max_dr': 13, 'l_max_dr_col': 13, 'omega_b': 0.0210744, 'omega_cdm': 0.1837836, 'Neff_ini_dncdm': 0.8835096, 'log10lifetime_ncdm_decay_dr': 2.131119, 'm_ncdm_decay_dr': 19.44805, 'H0': 59.60657, 'ln10^{10}A_s': 3.129357, 'n_s': 0.9391726, 'tau_reio': 0.02884637, 'P_k_max_1/Mpc': 1.0}
skipping to the next model...
[PARENT][Rank 67] | ERROR: Child process failed during CLASS computation
Model: {'lensing': 'yes', 'output': 'tCl,lCl,pCl,mPk', 'l_max_scalars': 2508, 'k_pivot': 0.05, 'N_ur': 2.0328, 'N_ncdm': 1, 'm_ncdm': 0.06, 'T_ncdm': 0.71611, 'N_ncdm_decay_dr': 1, 'quadrature_strategy_ncdm_decay_dr': 3, 'ncdm_fluid_approximation': 3, 'maximum_q_ncdm_decay_dr': 15.0, 'background_method': 0, 'evolver': 1, 'N_momentum_bins_ncdm_decay_dr': 7, 'l_max_ncdm': 13, 'l_max_dr': 13, 'l_max_dr_col': 13, 'omega_b': 0.02059649, 'omega_cdm': 0.1848276, 'Neff_ini_dncdm': 0.7995703, 'log10lifetime_ncdm_decay_dr': 2.13378, 'm_ncdm_decay_dr': 33.417, 'H0': 59.27112, 'ln10^{10}A_s': 3.128821, 'n_s': 0.9381948, 'tau_reio': 0.02193061, 'P_k_max_1/Mpc': 1.0}
skipping to the next model...
[PARENT][Rank 66] | ERROR: Child process failed during CLASS computation
Model: {'lensing': 'yes', 'output': 'tCl,lCl,pCl,mPk', 'l_max_scalars': 2508, 'k_pivot': 0.05, 'N_ur': 2.0328, 'N_ncdm': 1, 'm_ncdm': 0.06, 'T_ncdm': 0.71611, 'N_ncdm_decay_dr': 1, 'quadrature_strategy_ncdm_decay_dr': 3, 'ncdm_fluid_approximation': 3, 'maximum_q_ncdm_decay_dr': 15.0, 'background_method': 0, 'evolver': 1, 'N_momentum_bins_ncdm_decay_dr': 7, 'l_max_ncdm': 13, 'l_max_dr': 13, 'l_max_dr_col': 13, 'omega_b': 0.02078471, 'omega_cdm': 0.1958669, 'Neff_ini_dncdm': 0.9609684, 'log10lifetime_ncdm_decay_dr': 2.06066, 'm_ncdm_decay_dr': 57.77709, 'H0': 62.56424, 'ln10^{10}A_s': 3.104653, 'n_s': 0.9572663, 'tau_reio': 0.01577899, 'P_k_max_1/Mpc': 1.0}
skipping to the next model...
[CHILD][Parent Rank 69] | The following model took too long to complete: 
params: {'lensing': 'yes', 'output': 'tCl,lCl,pCl,mPk', 'l_max_scalars': 2508, 'k_pivot': 0.05, 'N_ur': 2.0328, 'N_ncdm': 1, 'm_ncdm': 0.06, 'T_ncdm': 0.71611, 'N_ncdm_decay_dr': 1, 'quadrature_strategy_ncdm_decay_dr': 3, 'ncdm_fluid_approximation': 3, 'maximum_q_ncdm_decay_dr': 15.0, 'background_method': 0, 'evolver': 1, 'N_momentum_bins_ncdm_decay_dr': 7, 'l_max_ncdm': 13, 'l_max_dr': 13, 'l_max_dr_col': 13, 'omega_b': 0.020635331, 'omega_cdm': 0.1971705, 'Neff_ini_dncdm': 1.0047, 'log10lifetime_ncdm_decay_dr': 2.077185, 'm_ncdm_decay_dr': 49.72646, 'H0': 61.32606, 'ln10^{10}A_s': 3.097449, 'n_s': 0.9532802, 'tau_reio': 0.01675967, 'P_k_max_1/Mpc': 1.0}

[PARENT][Rank 69] | ERROR: Child process failed during CLASS computation
Model: {'lensing': 'yes', 'output': 'tCl,lCl,pCl,mPk', 'l_max_scalars': 2508, 'k_pivot': 0.05, 'N_ur': 2.0328, 'N_ncdm': 1, 'm_ncdm': 0.06, 'T_ncdm': 0.71611, 'N_ncdm_decay_dr': 1, 'quadrature_strategy_ncdm_decay_dr': 3, 'ncdm_fluid_approximation': 3, 'maximum_q_ncdm_decay_dr': 15.0, 'background_method': 0, 'evolver': 1, 'N_momentum_bins_ncdm_decay_dr': 7, 'l_max_ncdm': 13, 'l_max_dr': 13, 'l_max_dr_col': 13, 'omega_b': 0.020418711, 'omega_cdm': 0.2020773, 'Neff_ini_dncdm': 1.0838, 'log10lifetime_ncdm_decay_dr': 2.049784, 'm_ncdm_decay_dr': 60.15034, 'H0': 62.15608, 'ln10^{10}A_s': 3.128243, 'n_s': 0.9565825, 'tau_reio': 0.01553829, 'P_k_max_1/Mpc': 1.0}
skipping to the next model...
[CHILD][Parent Rank 70] | The following model took too long to complete: 
params: {'lensing': 'yes', 'output': 'tCl,lCl,pCl,mPk', 'l_max_scalars': 2508, 'k_pivot': 0.05, 'N_ur': 2.0328, 'N_ncdm': 1, 'm_ncdm': 0.06, 'T_ncdm': 0.71611, 'N_ncdm_decay_dr': 1, 'quadrature_strategy_ncdm_decay_dr': 3, 'ncdm_fluid_approximation': 3, 'maximum_q_ncdm_decay_dr': 15.0, 'background_method': 0, 'evolver': 1, 'N_momentum_bins_ncdm_decay_dr': 7, 'l_max_ncdm': 13, 'l_max_dr': 13, 'l_max_dr_col': 13, 'omega_b': 0.01984179, 'omega_cdm': 0.1926911, 'Neff_ini_dncdm': 1.199603, 'log10lifetime_ncdm_decay_dr': 2.144888, 'm_ncdm_decay_dr': 2.487211, 'H0': 57.06683, 'ln10^{10}A_s': 3.142929, 'n_s': 0.9283652, 'tau_reio': 0.04426947, 'P_k_max_1/Mpc': 1.0}

[PARENT][Rank 70] | ERROR: Child process failed during CLASS computation
Model: {'lensing': 'yes', 'output': 'tCl,lCl,pCl,mPk', 'l_max_scalars': 2508, 'k_pivot': 0.05, 'N_ur': 2.0328, 'N_ncdm': 1, 'm_ncdm': 0.06, 'T_ncdm': 0.71611, 'N_ncdm_decay_dr': 1, 'quadrature_strategy_ncdm_decay_dr': 3, 'ncdm_fluid_approximation': 3, 'maximum_q_ncdm_decay_dr': 15.0, 'background_method': 0, 'evolver': 1, 'N_momentum_bins_ncdm_decay_dr': 7, 'l_max_ncdm': 13, 'l_max_dr': 13, 'l_max_dr_col': 13, 'omega_b': 0.0199012, 'omega_cdm': 0.1913263, 'Neff_ini_dncdm': 0.8650637, 'log10lifetime_ncdm_decay_dr': 2.19367, 'm_ncdm_decay_dr': 36.70847, 'H0': 59.06793, 'ln10^{10}A_s': 3.116366, 'n_s': 0.9421755, 'tau_reio': 0.01418182, 'P_k_max_1/Mpc': 1.0}
skipping to the next model...
[PARENT][Rank 70] | ERROR: Child process failed during CLASS computation
Model: {'lensing': 'yes', 'output': 'tCl,lCl,pCl,mPk', 'l_max_scalars': 2508, 'k_pivot': 0.05, 'N_ur': 2.0328, 'N_ncdm': 1, 'm_ncdm': 0.06, 'T_ncdm': 0.71611, 'N_ncdm_decay_dr': 1, 'quadrature_strategy_ncdm_decay_dr': 3, 'ncdm_fluid_approximation': 3, 'maximum_q_ncdm_decay_dr': 15.0, 'background_method': 0, 'evolver': 1, 'N_momentum_bins_ncdm_decay_dr': 7, 'l_max_ncdm': 13, 'l_max_dr': 13, 'l_max_dr_col': 13, 'omega_b': 0.020512098, 'omega_cdm': 0.1873865, 'Neff_ini_dncdm': 0.9236961, 'log10lifetime_ncdm_decay_dr': 2.16561, 'm_ncdm_decay_dr': 34.95948, 'H0': 61.88852, 'ln10^{10}A_s': 3.10391, 'n_s': 0.9465482, 'tau_reio': 0.02292968, 'P_k_max_1/Mpc': 1.0}
skipping to the next model...
[CHILD][Parent Rank 64] | The following model took too long to complete: 
params: {'lensing': 'yes', 'output': 'tCl,lCl,pCl,mPk', 'l_max_scalars': 2508, 'k_pivot': 0.05, 'N_ur': 2.0328, 'N_ncdm': 1, 'm_ncdm': 0.06, 'T_ncdm': 0.71611, 'N_ncdm_decay_dr': 1, 'quadrature_strategy_ncdm_decay_dr': 3, 'ncdm_fluid_approximation': 3, 'maximum_q_ncdm_decay_dr': 15.0, 'background_method': 0, 'evolver': 1, 'N_momentum_bins_ncdm_decay_dr': 7, 'l_max_ncdm': 13, 'l_max_dr': 13, 'l_max_dr_col': 13, 'omega_b': 0.02093332, 'omega_cdm': 0.1828156, 'Neff_ini_dncdm': 0.8671075, 'log10lifetime_ncdm_decay_dr': 2.126795, 'm_ncdm_decay_dr': 25.43822, 'H0': 60.20543, 'ln10^{10}A_s': 3.11984, 'n_s': 0.9450268, 'tau_reio': 0.02390002, 'P_k_max_1/Mpc': 1.0}

[CHILD][Parent Rank 65] | ERROR: Timeout while waiting for message.
Exiting safely.
[CHILD][Parent Rank 64] | ERROR: Timeout while waiting for message.
Exiting safely.
[PARENT][Rank 66] | ERROR: Unexpected error during PING-PONG check: TimeoutError('Timeout while waiting for child to respond.')Attemping to respawn child process...
[PARENT][Rank 66] | WARNING: Child process died or is unresponsive. Respawning...
[PARENT][Rank 66] | [INFO] Successfully respawned child process.
[PARENT][Rank 64] | ERROR: Failed to send or receive data to/from child process. Child process may have crashed.Possibly due to out-of-memory or other critical error during CLASS computation    .
Model: {'lensing': 'yes', 'output': 'tCl,lCl,pCl,mPk', 'l_max_scalars': 2508, 'k_pivot': 0.05, 'N_ur': 2.0328, 'N_ncdm': 1, 'm_ncdm': 0.06, 'T_ncdm': 0.71611, 'N_ncdm_decay_dr': 1, 'quadrature_strategy_ncdm_decay_dr': 3, 'ncdm_fluid_approximation': 3, 'maximum_q_ncdm_decay_dr': 15.0, 'background_method': 0, 'evolver': 1, 'N_momentum_bins_ncdm_decay_dr': 7, 'l_max_ncdm': 13, 'l_max_dr': 13, 'l_max_dr_col': 13, 'omega_b': 0.020798039, 'omega_cdm': 0.1777297, 'Neff_ini_dncdm': 0.8323012, 'log10lifetime_ncdm_decay_dr': 2.179416, 'm_ncdm_decay_dr': 20.23332, 'H0': 60.82454, 'ln10^{10}A_s': 3.100172, 'n_s': 0.9448423, 'tau_reio': 0.0264662, 'P_k_max_1/Mpc': 1.0}
skipping to the next model...
[PARENT][Rank 64] | Exception: TimeoutError('Timeout while waiting for child to respond.')
[PARENT][Rank 69] | ERROR: Unexpected error during PING-PONG check: TimeoutError('Timeout while waiting for child to respond.')Attemping to respawn child process...
[PARENT][Rank 69] | WARNING: Child process died or is unresponsive. Respawning...
[PARENT][Rank 69] | [INFO] Successfully respawned child process.
[PARENT][Rank 65] | ERROR: Unexpected error during PING-PONG check: TimeoutError('Timeout while waiting for child to respond.')Attemping to respawn child process...
[PARENT][Rank 65] | WARNING: Child process died or is unresponsive. Respawning...
[PARENT][Rank 65] | [INFO] Successfully respawned child process.
[PARENT][Rank 70] | ERROR: Unexpected error during PING-PONG check: TimeoutError('Timeout while waiting for child to respond.')Attemping to respawn child process...
[PARENT][Rank 70] | WARNING: Child process died or is unresponsive. Respawning...
[PARENT][Rank 70] | [INFO] Successfully respawned child process.
[PARENT][Rank 70] | [IDLE] Waiting for master to send 'Done'.
[CHILD][Parent Rank 64] | The following model took too long to complete: 
params: {'lensing': 'yes', 'output': 'tCl,lCl,pCl,mPk', 'l_max_scalars': 2508, 'k_pivot': 0.05, 'N_ur': 2.0328, 'N_ncdm': 1, 'm_ncdm': 0.06, 'T_ncdm': 0.71611, 'N_ncdm_decay_dr': 1, 'quadrature_strategy_ncdm_decay_dr': 3, 'ncdm_fluid_approximation': 3, 'maximum_q_ncdm_decay_dr': 15.0, 'background_method': 0, 'evolver': 1, 'N_momentum_bins_ncdm_decay_dr': 7, 'l_max_ncdm': 13, 'l_max_dr': 13, 'l_max_dr_col': 13, 'omega_b': 0.020798039, 'omega_cdm': 0.1777297, 'Neff_ini_dncdm': 0.8323012, 'log10lifetime_ncdm_decay_dr': 2.179416, 'm_ncdm_decay_dr': 20.23332, 'H0': 60.82454, 'ln10^{10}A_s': 3.100172, 'n_s': 0.9448423, 'tau_reio': 0.0264662, 'P_k_max_1/Mpc': 1.0}

[PARENT][Rank 64] | ERROR: Child process failed during CLASS computation
Model: {'lensing': 'yes', 'output': 'tCl,lCl,pCl,mPk', 'l_max_scalars': 2508, 'k_pivot': 0.05, 'N_ur': 2.0328, 'N_ncdm': 1, 'm_ncdm': 0.06, 'T_ncdm': 0.71611, 'N_ncdm_decay_dr': 1, 'quadrature_strategy_ncdm_decay_dr': 3, 'ncdm_fluid_approximation': 3, 'maximum_q_ncdm_decay_dr': 15.0, 'background_method': 0, 'evolver': 1, 'N_momentum_bins_ncdm_decay_dr': 7, 'l_max_ncdm': 13, 'l_max_dr': 13, 'l_max_dr_col': 13, 'omega_b': 0.02000617, 'omega_cdm': 0.1819799, 'Neff_ini_dncdm': 0.9438598, 'log10lifetime_ncdm_decay_dr': 2.17962, 'm_ncdm_decay_dr': 10.40329, 'H0': 59.66782, 'ln10^{10}A_s': 3.103293, 'n_s': 0.9495627, 'tau_reio': 0.0185146, 'P_k_max_1/Mpc': 1.0}
skipping to the next model...
[PARENT][Rank 68] | ERROR: Child process failed during CLASS computation
Model: {'lensing': 'yes', 'output': 'tCl,lCl,pCl,mPk', 'l_max_scalars': 2508, 'k_pivot': 0.05, 'N_ur': 2.0328, 'N_ncdm': 1, 'm_ncdm': 0.06, 'T_ncdm': 0.71611, 'N_ncdm_decay_dr': 1, 'quadrature_strategy_ncdm_decay_dr': 3, 'ncdm_fluid_approximation': 3, 'maximum_q_ncdm_decay_dr': 15.0, 'background_method': 0, 'evolver': 1, 'N_momentum_bins_ncdm_decay_dr': 7, 'l_max_ncdm': 13, 'l_max_dr': 13, 'l_max_dr_col': 13, 'omega_b': 0.019961279, 'omega_cdm': 0.1896549, 'Neff_ini_dncdm': 0.947347, 'log10lifetime_ncdm_decay_dr': 2.139126, 'm_ncdm_decay_dr': 33.66524, 'H0': 60.00411, 'ln10^{10}A_s': 3.107885, 'n_s': 0.9561926, 'tau_reio': 0.013313, 'P_k_max_1/Mpc': 1.0}
skipping to the next model...
[CHILD][Parent Rank 67] | ERROR: Timeout while waiting for message.
Exiting safely.
[CHILD][Parent Rank 66] | ERROR: Timeout while waiting for message.
Exiting safely.
[CHILD][Parent Rank 69] | ERROR: Timeout while waiting for parent command. returning to PING PONG loop.
[PARENT][Rank 67] | ERROR: Failed to send or receive data to/from child process. Child process may have crashed.Possibly due to out-of-memory or other critical error during CLASS computation    .
Model: {'lensing': 'yes', 'output': 'tCl,lCl,pCl,mPk', 'l_max_scalars': 2508, 'k_pivot': 0.05, 'N_ur': 2.0328, 'N_ncdm': 1, 'm_ncdm': 0.06, 'T_ncdm': 0.71611, 'N_ncdm_decay_dr': 1, 'quadrature_strategy_ncdm_decay_dr': 3, 'ncdm_fluid_approximation': 3, 'maximum_q_ncdm_decay_dr': 15.0, 'background_method': 0, 'evolver': 1, 'N_momentum_bins_ncdm_decay_dr': 7, 'l_max_ncdm': 13, 'l_max_dr': 13, 'l_max_dr_col': 13, 'omega_b': 0.020074649, 'omega_cdm': 0.1841153, 'Neff_ini_dncdm': 0.7830293, 'log10lifetime_ncdm_decay_dr': 2.174432, 'm_ncdm_decay_dr': 42.56394, 'H0': 59.9296, 'ln10^{10}A_s': 3.103745, 'n_s': 0.9441729, 'tau_reio': 0.01129778, 'P_k_max_1/Mpc': 1.0}
skipping to the next model...
[PARENT][Rank 67] | Exception: TimeoutError('Timeout while waiting for child to respond.')
[PARENT][Rank 64] | ERROR: Unexpected error during PING-PONG check: TimeoutError('Timeout while waiting for child to respond.')Attemping to respawn child process...
[PARENT][Rank 64] | WARNING: Child process died or is unresponsive. Respawning...
[PARENT][Rank 64] | [INFO] Successfully respawned child process.
--------------------------------------------------------------------------
WARNING: Open MPI failed to TCP connect to a peer MPI process.  This
should not happen.

Your Open MPI job may now hang or fail.

  Local host: s42n11
  PID:        3043276
  Message:    connect() to 10.10.42.11:1065 failed
  Error:      Operation now in progress (115)
--------------------------------------------------------------------------
[CHILD][Parent Rank 69] | ERROR: Timeout while waiting for message.
Exiting safely.
[PARENT][Rank 68] | ERROR: Unexpected error during PING-PONG check: TimeoutError('Timeout while waiting for child to respond.')Attemping to respawn child process...
[PARENT][Rank 68] | WARNING: Child process died or is unresponsive. Respawning...
[PARENT][Rank 68] | [INFO] Successfully respawned child process.
[CHILD][Parent Rank 70] | The following model took too long to complete: 
params: {'lensing': 'yes', 'output': 'tCl,lCl,pCl,mPk', 'l_max_scalars': 2508, 'k_pivot': 0.05, 'N_ur': 2.0328, 'N_ncdm': 1, 'm_ncdm': 0.06, 'T_ncdm': 0.71611, 'N_ncdm_decay_dr': 1, 'quadrature_strategy_ncdm_decay_dr': 3, 'ncdm_fluid_approximation': 3, 'maximum_q_ncdm_decay_dr': 15.0, 'background_method': 0, 'evolver': 1, 'N_momentum_bins_ncdm_decay_dr': 7, 'l_max_ncdm': 13, 'l_max_dr': 13, 'l_max_dr_col': 13, 'omega_b': 0.0199012, 'omega_cdm': 0.1913263, 'Neff_ini_dncdm': 0.8650637, 'log10lifetime_ncdm_decay_dr': 2.19367, 'm_ncdm_decay_dr': 36.70847, 'H0': 59.06793, 'ln10^{10}A_s': 3.116366, 'n_s': 0.9421755, 'tau_reio': 0.01418182, 'P_k_max_1/Mpc': 1.0}

[PARENT][Rank 67] | ERROR: Unexpected error during PING-PONG check: TimeoutError('Timeout while waiting for child to respond.')Attemping to respawn child process...
[PARENT][Rank 67] | WARNING: Child process died or is unresponsive. Respawning...
[PARENT][Rank 67] | [INFO] Successfully respawned child process.
[PARENT][Rank 67] | [IDLE] Waiting for master to send 'Done'.
[PARENT][Rank 69] | ERROR: Failed to send or receive data to/from child process. Child process may have crashed.Possibly due to out-of-memory or other critical error during CLASS computation    .
Model: {'lensing': 'yes', 'output': 'tCl,lCl,pCl,mPk', 'l_max_scalars': 2508, 'k_pivot': 0.05, 'N_ur': 2.0328, 'N_ncdm': 1, 'm_ncdm': 0.06, 'T_ncdm': 0.71611, 'N_ncdm_decay_dr': 1, 'quadrature_strategy_ncdm_decay_dr': 3, 'ncdm_fluid_approximation': 3, 'maximum_q_ncdm_decay_dr': 15.0, 'background_method': 0, 'evolver': 1, 'N_momentum_bins_ncdm_decay_dr': 7, 'l_max_ncdm': 13, 'l_max_dr': 13, 'l_max_dr_col': 13, 'omega_b': 0.020752808, 'omega_cdm': 0.1829811, 'Neff_ini_dncdm': 0.9776654, 'log10lifetime_ncdm_decay_dr': 2.175924, 'm_ncdm_decay_dr': 10.05227, 'H0': 59.15563, 'ln10^{10}A_s': 3.126913, 'n_s': 0.957405, 'tau_reio': 0.03070607, 'P_k_max_1/Mpc': 1.0}
skipping to the next model...
[PARENT][Rank 69] | Exception: TimeoutError('Timeout while waiting for child to respond.')
[PARENT][Rank 65] | ERROR: Failed to send or receive data to/from child process. Child process may have crashed.Possibly due to out-of-memory or other critical error during CLASS computation    .
Model: {'lensing': 'yes', 'output': 'tCl,lCl,pCl,mPk', 'l_max_scalars': 2508, 'k_pivot': 0.05, 'N_ur': 2.0328, 'N_ncdm': 1, 'm_ncdm': 0.06, 'T_ncdm': 0.71611, 'N_ncdm_decay_dr': 1, 'quadrature_strategy_ncdm_decay_dr': 3, 'ncdm_fluid_approximation': 3, 'maximum_q_ncdm_decay_dr': 15.0, 'background_method': 0, 'evolver': 1, 'N_momentum_bins_ncdm_decay_dr': 7, 'l_max_ncdm': 13, 'l_max_dr': 13, 'l_max_dr_col': 13, 'omega_b': 0.020639751, 'omega_cdm': 0.1965174, 'Neff_ini_dncdm': 0.8903901, 'log10lifetime_ncdm_decay_dr': 2.161338, 'm_ncdm_decay_dr': 43.04428, 'H0': 58.80262, 'ln10^{10}A_s': 3.092077, 'n_s': 0.9365623, 'tau_reio': 0.01124757, 'P_k_max_1/Mpc': 1.0}
skipping to the next model...
[PARENT][Rank 65] | Exception: TimeoutError('Timeout while waiting for child to respond.')
[CHILD][Parent Rank 68] | ERROR: Timeout while waiting for message.
Exiting safely.
[PARENT][Rank 70] | ERROR: Failed to send or receive data to/from child process. Child process may have crashed.Possibly due to out-of-memory or other critical error during CLASS computation    .
Model: {'lensing': 'yes', 'output': 'tCl,lCl,pCl,mPk', 'l_max_scalars': 2508, 'k_pivot': 0.05, 'N_ur': 2.0328, 'N_ncdm': 1, 'm_ncdm': 0.06, 'T_ncdm': 0.71611, 'N_ncdm_decay_dr': 1, 'quadrature_strategy_ncdm_decay_dr': 3, 'ncdm_fluid_approximation': 3, 'maximum_q_ncdm_decay_dr': 15.0, 'background_method': 0, 'evolver': 1, 'N_momentum_bins_ncdm_decay_dr': 7, 'l_max_ncdm': 13, 'l_max_dr': 13, 'l_max_dr_col': 13, 'omega_b': 0.02036708, 'omega_cdm': 0.1851176, 'Neff_ini_dncdm': 0.8991536, 'log10lifetime_ncdm_decay_dr': 2.14535, 'm_ncdm_decay_dr': 31.52805, 'H0': 60.82128, 'ln10^{10}A_s': 3.124584, 'n_s': 0.9520312, 'tau_reio': 0.02342628, 'P_k_max_1/Mpc': 1.0}
skipping to the next model...
[PARENT][Rank 70] | Exception: TimeoutError('Timeout while waiting for child to respond.')
[PARENT][Rank 70] | [IDLE] Waiting for master to send 'Done'.
[CHILD][Parent Rank 64] | The following model took too long to complete: 
params: {'lensing': 'yes', 'output': 'tCl,lCl,pCl,mPk', 'l_max_scalars': 2508, 'k_pivot': 0.05, 'N_ur': 2.0328, 'N_ncdm': 1, 'm_ncdm': 0.06, 'T_ncdm': 0.71611, 'N_ncdm_decay_dr': 1, 'quadrature_strategy_ncdm_decay_dr': 3, 'ncdm_fluid_approximation': 3, 'maximum_q_ncdm_decay_dr': 15.0, 'background_method': 0, 'evolver': 1, 'N_momentum_bins_ncdm_decay_dr': 7, 'l_max_ncdm': 13, 'l_max_dr': 13, 'l_max_dr_col': 13, 'omega_b': 0.02000617, 'omega_cdm': 0.1819799, 'Neff_ini_dncdm': 0.9438598, 'log10lifetime_ncdm_decay_dr': 2.17962, 'm_ncdm_decay_dr': 10.40329, 'H0': 59.66782, 'ln10^{10}A_s': 3.103293, 'n_s': 0.9495627, 'tau_reio': 0.0185146, 'P_k_max_1/Mpc': 1.0}

[CHILD][Parent Rank 70] | The following model took too long to complete: 
params: {'lensing': 'yes', 'output': 'tCl,lCl,pCl,mPk', 'l_max_scalars': 2508, 'k_pivot': 0.05, 'N_ur': 2.0328, 'N_ncdm': 1, 'm_ncdm': 0.06, 'T_ncdm': 0.71611, 'N_ncdm_decay_dr': 1, 'quadrature_strategy_ncdm_decay_dr': 3, 'ncdm_fluid_approximation': 3, 'maximum_q_ncdm_decay_dr': 15.0, 'background_method': 0, 'evolver': 1, 'N_momentum_bins_ncdm_decay_dr': 7, 'l_max_ncdm': 13, 'l_max_dr': 13, 'l_max_dr_col': 13, 'omega_b': 0.02036708, 'omega_cdm': 0.1851176, 'Neff_ini_dncdm': 0.8991536, 'log10lifetime_ncdm_decay_dr': 2.14535, 'm_ncdm_decay_dr': 31.52805, 'H0': 60.82128, 'ln10^{10}A_s': 3.124584, 'n_s': 0.9520312, 'tau_reio': 0.02342628, 'P_k_max_1/Mpc': 1.0}

[PARENT][Rank 70] | ERROR: Child process failed during CLASS computation
Model: {'lensing': 'yes', 'output': 'tCl,lCl,pCl,mPk', 'l_max_scalars': 2508, 'k_pivot': 0.05, 'N_ur': 2.0328, 'N_ncdm': 1, 'm_ncdm': 0.06, 'T_ncdm': 0.71611, 'N_ncdm_decay_dr': 1, 'quadrature_strategy_ncdm_decay_dr': 3, 'ncdm_fluid_approximation': 3, 'maximum_q_ncdm_decay_dr': 15.0, 'background_method': 0, 'evolver': 1, 'N_momentum_bins_ncdm_decay_dr': 7, 'l_max_ncdm': 13, 'l_max_dr': 13, 'l_max_dr_col': 13, 'omega_b': 0.01982326, 'omega_cdm': 0.1954039, 'Neff_ini_dncdm': 0.9746519, 'log10lifetime_ncdm_decay_dr': 2.229632, 'm_ncdm_decay_dr': 26.97776, 'H0': 57.60664, 'ln10^{10}A_s': 3.139468, 'n_s': 0.9398348, 'tau_reio': 0.01825927, 'P_k_max_1/Mpc': 1.0}
skipping to the next model...
[PARENT][Rank 70] | [IDLE] Waiting for master to send 'Done'.
[PARENT][Rank 70] | ERROR: Child process failed during CLASS computation
Model: {'lensing': 'yes', 'output': 'tCl,lCl,pCl,mPk', 'l_max_scalars': 2508, 'k_pivot': 0.05, 'N_ur': 2.0328, 'N_ncdm': 1, 'm_ncdm': 0.06, 'T_ncdm': 0.71611, 'N_ncdm_decay_dr': 1, 'quadrature_strategy_ncdm_decay_dr': 3, 'ncdm_fluid_approximation': 3, 'maximum_q_ncdm_decay_dr': 15.0, 'background_method': 0, 'evolver': 1, 'N_momentum_bins_ncdm_decay_dr': 7, 'l_max_ncdm': 13, 'l_max_dr': 13, 'l_max_dr_col': 13, 'omega_b': 0.0207112, 'omega_cdm': 0.1849447, 'Neff_ini_dncdm': 1.028182, 'log10lifetime_ncdm_decay_dr': 2.135148, 'm_ncdm_decay_dr': 18.52063, 'H0': 61.32193, 'ln10^{10}A_s': 3.139019, 'n_s': 0.9859126, 'tau_reio': 0.03599101, 'P_k_max_1/Mpc': 1.0}
skipping to the next model...
[CHILD][Parent Rank 69] | The following model took too long to complete: 
params: {'lensing': 'yes', 'output': 'tCl,lCl,pCl,mPk', 'l_max_scalars': 2508, 'k_pivot': 0.05, 'N_ur': 2.0328, 'N_ncdm': 1, 'm_ncdm': 0.06, 'T_ncdm': 0.71611, 'N_ncdm_decay_dr': 1, 'quadrature_strategy_ncdm_decay_dr': 3, 'ncdm_fluid_approximation': 3, 'maximum_q_ncdm_decay_dr': 15.0, 'background_method': 0, 'evolver': 1, 'N_momentum_bins_ncdm_decay_dr': 7, 'l_max_ncdm': 13, 'l_max_dr': 13, 'l_max_dr_col': 13, 'omega_b': 0.020752808, 'omega_cdm': 0.1829811, 'Neff_ini_dncdm': 0.9776654, 'log10lifetime_ncdm_decay_dr': 2.175924, 'm_ncdm_decay_dr': 10.05227, 'H0': 59.15563, 'ln10^{10}A_s': 3.126913, 'n_s': 0.957405, 'tau_reio': 0.03070607, 'P_k_max_1/Mpc': 1.0}

[PARENT][Rank 69] | ERROR: Child process failed during CLASS computation
Model: {'lensing': 'yes', 'output': 'tCl,lCl,pCl,mPk', 'l_max_scalars': 2508, 'k_pivot': 0.05, 'N_ur': 2.0328, 'N_ncdm': 1, 'm_ncdm': 0.06, 'T_ncdm': 0.71611, 'N_ncdm_decay_dr': 1, 'quadrature_strategy_ncdm_decay_dr': 3, 'ncdm_fluid_approximation': 3, 'maximum_q_ncdm_decay_dr': 15.0, 'background_method': 0, 'evolver': 1, 'N_momentum_bins_ncdm_decay_dr': 7, 'l_max_ncdm': 13, 'l_max_dr': 13, 'l_max_dr_col': 13, 'omega_b': 0.02033124, 'omega_cdm': 0.1868562, 'Neff_ini_dncdm': 0.9767356, 'log10lifetime_ncdm_decay_dr': 2.099969, 'm_ncdm_decay_dr': 41.87741, 'H0': 62.99704, 'ln10^{10}A_s': 3.140349, 'n_s': 0.9818742, 'tau_reio': 0.03266552, 'P_k_max_1/Mpc': 1.0}
skipping to the next model...
[PARENT][Rank 70] | [IDLE] Waiting for master to send 'Done'.
[CHILD][Parent Rank 64] | ERROR: Timeout while waiting for message.
Exiting safely.
[PARENT][Rank 65] | ERROR: Unexpected error during PING-PONG check: TimeoutError('Timeout while waiting for child to respond.')Attemping to respawn child process...
[PARENT][Rank 65] | WARNING: Child process died or is unresponsive. Respawning...
[PARENT][Rank 65] | [INFO] Successfully respawned child process.
[PARENT][Rank 65] | [IDLE] Waiting for master to send 'Done'.
[CHILD][Parent Rank 65] | The following model took too long to complete: 
params: {'lensing': 'yes', 'output': 'tCl,lCl,pCl,mPk', 'l_max_scalars': 2508, 'k_pivot': 0.05, 'N_ur': 2.0328, 'N_ncdm': 1, 'm_ncdm': 0.06, 'T_ncdm': 0.71611, 'N_ncdm_decay_dr': 1, 'quadrature_strategy_ncdm_decay_dr': 3, 'ncdm_fluid_approximation': 3, 'maximum_q_ncdm_decay_dr': 15.0, 'background_method': 0, 'evolver': 1, 'N_momentum_bins_ncdm_decay_dr': 7, 'l_max_ncdm': 13, 'l_max_dr': 13, 'l_max_dr_col': 13, 'omega_b': 0.020639751, 'omega_cdm': 0.1965174, 'Neff_ini_dncdm': 0.8903901, 'log10lifetime_ncdm_decay_dr': 2.161338, 'm_ncdm_decay_dr': 43.04428, 'H0': 58.80262, 'ln10^{10}A_s': 3.092077, 'n_s': 0.9365623, 'tau_reio': 0.01124757, 'P_k_max_1/Mpc': 1.0}

[PARENT][Rank 65] | ERROR: Child process failed during CLASS computation
Model: {'lensing': 'yes', 'output': 'tCl,lCl,pCl,mPk', 'l_max_scalars': 2508, 'k_pivot': 0.05, 'N_ur': 2.0328, 'N_ncdm': 1, 'm_ncdm': 0.06, 'T_ncdm': 0.71611, 'N_ncdm_decay_dr': 1, 'quadrature_strategy_ncdm_decay_dr': 3, 'ncdm_fluid_approximation': 3, 'maximum_q_ncdm_decay_dr': 15.0, 'background_method': 0, 'evolver': 1, 'N_momentum_bins_ncdm_decay_dr': 7, 'l_max_ncdm': 13, 'l_max_dr': 13, 'l_max_dr_col': 13, 'omega_b': 0.020248588, 'omega_cdm': 0.1842921, 'Neff_ini_dncdm': 0.9484874, 'log10lifetime_ncdm_decay_dr': 2.143727, 'm_ncdm_decay_dr': 33.15937, 'H0': 61.83299, 'ln10^{10}A_s': 3.126596, 'n_s': 0.9738023, 'tau_reio': 0.02570773, 'P_k_max_1/Mpc': 1.0}
skipping to the next model...
[PARENT][Rank 65] | [IDLE] Waiting for master to send 'Done'.
[CHILD][Parent Rank 65] | ERROR: Timeout while waiting for message.
Exiting safely.
[PARENT][Rank 64] | ERROR: Failed to send or receive data to/from child process. Child process may have crashed.Possibly due to out-of-memory or other critical error during CLASS computation    .
Model: {'lensing': 'yes', 'output': 'tCl,lCl,pCl,mPk', 'l_max_scalars': 2508, 'k_pivot': 0.05, 'N_ur': 2.0328, 'N_ncdm': 1, 'm_ncdm': 0.06, 'T_ncdm': 0.71611, 'N_ncdm_decay_dr': 1, 'quadrature_strategy_ncdm_decay_dr': 3, 'ncdm_fluid_approximation': 3, 'maximum_q_ncdm_decay_dr': 15.0, 'background_method': 0, 'evolver': 1, 'N_momentum_bins_ncdm_decay_dr': 7, 'l_max_ncdm': 13, 'l_max_dr': 13, 'l_max_dr_col': 13, 'omega_b': 0.020191578, 'omega_cdm': 0.1827883, 'Neff_ini_dncdm': 0.9878008, 'log10lifetime_ncdm_decay_dr': 2.175526, 'm_ncdm_decay_dr': 12.96004, 'H0': 59.73047, 'ln10^{10}A_s': 3.134121, 'n_s': 0.948565, 'tau_reio': 0.03126983, 'P_k_max_1/Mpc': 1.0}
skipping to the next model...
[PARENT][Rank 64] | Exception: TimeoutError('Timeout while waiting for child to respond.')
[PARENT][Rank 71] | ERROR: Child process failed during CLASS computation
Model: {'lensing': 'yes', 'output': 'tCl,lCl,pCl,mPk', 'l_max_scalars': 2508, 'k_pivot': 0.05, 'N_ur': 2.0328, 'N_ncdm': 1, 'm_ncdm': 0.06, 'T_ncdm': 0.71611, 'N_ncdm_decay_dr': 1, 'quadrature_strategy_ncdm_decay_dr': 3, 'ncdm_fluid_approximation': 3, 'maximum_q_ncdm_decay_dr': 15.0, 'background_method': 0, 'evolver': 1, 'N_momentum_bins_ncdm_decay_dr': 7, 'l_max_ncdm': 13, 'l_max_dr': 13, 'l_max_dr_col': 13, 'omega_b': 0.02025448, 'omega_cdm': 0.1835089, 'Neff_ini_dncdm': 0.9260544, 'log10lifetime_ncdm_decay_dr': 2.164973, 'm_ncdm_decay_dr': 29.7738, 'H0': 61.31522, 'ln10^{10}A_s': 3.103525, 'n_s': 0.941639, 'tau_reio': 0.01758624, 'P_k_max_1/Mpc': 1.0}
skipping to the next model...
[PARENT][Rank 69] | ERROR: Unexpected error during PING-PONG check: TimeoutError('Timeout while waiting for child to respond.')Attemping to respawn child process...
[PARENT][Rank 69] | WARNING: Child process died or is unresponsive. Respawning...
[PARENT][Rank 70] | ERROR: Unexpected error during PING-PONG check: TimeoutError('Timeout while waiting for child to respond.')Attemping to respawn child process...
[PARENT][Rank 70] | ERROR: Maximum respawn attempts reached. Marking rank as failed.
[PARENT][Rank 70] | [IDLE] Waiting for master to send 'Done'.
[PARENT][Rank 69] | [INFO] Successfully respawned child process.
[PARENT][Rank 69] | [IDLE] Waiting for master to send 'Done'.
[PARENT][Rank 70] | ERROR: Unexpected error during PING-PONG check: AttributeError("'NoneType' object has no attribute 'Isend'")Attemping to respawn child process...
[PARENT][Rank 70] | ERROR: Maximum respawn attempts reached. Marking rank as failed.
[PARENT][Rank 70] | [IDLE] Waiting for master to send 'Done'.
[PARENT][Rank 70] | ERROR: Unexpected error during PING-PONG check: AttributeError("'NoneType' object has no attribute 'Isend'")Attemping to respawn child process...
[PARENT][Rank 70] | ERROR: Maximum respawn attempts reached. Marking rank as failed.
[PARENT][Rank 70] | [IDLE] Waiting for master to send 'Done'.
[PARENT][Rank 67] | [IDLE] Waiting for master to send 'Done'.
[PARENT][Rank 70] | ERROR: Unexpected error during PING-PONG check: AttributeError("'NoneType' object has no attribute 'Isend'")Attemping to respawn child process...
[PARENT][Rank 70] | ERROR: Maximum respawn attempts reached. Marking rank as failed.
[PARENT][Rank 70] | [IDLE] Waiting for master to send 'Done'.
[CHILD][Parent Rank 64] | The following model took too long to complete: 
params: {'lensing': 'yes', 'output': 'tCl,lCl,pCl,mPk', 'l_max_scalars': 2508, 'k_pivot': 0.05, 'N_ur': 2.0328, 'N_ncdm': 1, 'm_ncdm': 0.06, 'T_ncdm': 0.71611, 'N_ncdm_decay_dr': 1, 'quadrature_strategy_ncdm_decay_dr': 3, 'ncdm_fluid_approximation': 3, 'maximum_q_ncdm_decay_dr': 15.0, 'background_method': 0, 'evolver': 1, 'N_momentum_bins_ncdm_decay_dr': 7, 'l_max_ncdm': 13, 'l_max_dr': 13, 'l_max_dr_col': 13, 'omega_b': 0.020191578, 'omega_cdm': 0.1827883, 'Neff_ini_dncdm': 0.9878008, 'log10lifetime_ncdm_decay_dr': 2.175526, 'm_ncdm_decay_dr': 12.96004, 'H0': 59.73047, 'ln10^{10}A_s': 3.134121, 'n_s': 0.948565, 'tau_reio': 0.03126983, 'P_k_max_1/Mpc': 1.0}

[PARENT][Rank 64] | ERROR: Child process failed during CLASS computation
Model: {'lensing': 'yes', 'output': 'tCl,lCl,pCl,mPk', 'l_max_scalars': 2508, 'k_pivot': 0.05, 'N_ur': 2.0328, 'N_ncdm': 1, 'm_ncdm': 0.06, 'T_ncdm': 0.71611, 'N_ncdm_decay_dr': 1, 'quadrature_strategy_ncdm_decay_dr': 3, 'ncdm_fluid_approximation': 3, 'maximum_q_ncdm_decay_dr': 15.0, 'background_method': 0, 'evolver': 1, 'N_momentum_bins_ncdm_decay_dr': 7, 'l_max_ncdm': 13, 'l_max_dr': 13, 'l_max_dr_col': 13, 'omega_b': 0.02069076, 'omega_cdm': 0.195979, 'Neff_ini_dncdm': 1.106817, 'log10lifetime_ncdm_decay_dr': 2.118767, 'm_ncdm_decay_dr': 25.02929, 'H0': 59.72316, 'ln10^{10}A_s': 3.111352, 'n_s': 0.9501844, 'tau_reio': 0.0319595, 'P_k_max_1/Mpc': 1.0}
skipping to the next model...
[PARENT][Rank 64] | ERROR: Child process failed during CLASS computation
Model: {'lensing': 'yes', 'output': 'tCl,lCl,pCl,mPk', 'l_max_scalars': 2508, 'k_pivot': 0.05, 'N_ur': 2.0328, 'N_ncdm': 1, 'm_ncdm': 0.06, 'T_ncdm': 0.71611, 'N_ncdm_decay_dr': 1, 'quadrature_strategy_ncdm_decay_dr': 3, 'ncdm_fluid_approximation': 3, 'maximum_q_ncdm_decay_dr': 15.0, 'background_method': 0, 'evolver': 1, 'N_momentum_bins_ncdm_decay_dr': 7, 'l_max_ncdm': 13, 'l_max_dr': 13, 'l_max_dr_col': 13, 'omega_b': 0.020207131, 'omega_cdm': 0.1809213, 'Neff_ini_dncdm': 0.7814309, 'log10lifetime_ncdm_decay_dr': 2.188042, 'm_ncdm_decay_dr': 33.18959, 'H0': 60.49992, 'ln10^{10}A_s': 3.111168, 'n_s': 0.9407451, 'tau_reio': 0.02196009, 'P_k_max_1/Mpc': 1.0}
skipping to the next model...
[PARENT][Rank 70] | ERROR: Unexpected error during PING-PONG check: AttributeError("'NoneType' object has no attribute 'Isend'")Attemping to respawn child process...
[PARENT][Rank 70] | ERROR: Maximum respawn attempts reached. Marking rank as failed.
[PARENT][Rank 70] | [IDLE] Waiting for master to send 'Done'.
[PARENT][Rank 70] | ERROR: Unexpected error during PING-PONG check: AttributeError("'NoneType' object has no attribute 'Isend'")Attemping to respawn child process...
[PARENT][Rank 70] | ERROR: Maximum respawn attempts reached. Marking rank as failed.
[PARENT][Rank 70] | [IDLE] Waiting for master to send 'Done'.
[PARENT][Rank 70] | ERROR: Unexpected error during PING-PONG check: AttributeError("'NoneType' object has no attribute 'Isend'")Attemping to respawn child process...
[PARENT][Rank 70] | ERROR: Maximum respawn attempts reached. Marking rank as failed.
[PARENT][Rank 70] | [IDLE] Waiting for master to send 'Done'.
[PARENT][Rank 70] | ERROR: Unexpected error during PING-PONG check: AttributeError("'NoneType' object has no attribute 'Isend'")Attemping to respawn child process...
[PARENT][Rank 70] | ERROR: Maximum respawn attempts reached. Marking rank as failed.
[PARENT][Rank 70] | [IDLE] Waiting for master to send 'Done'.
[PARENT][Rank 70] | ERROR: Unexpected error during PING-PONG check: AttributeError("'NoneType' object has no attribute 'Isend'")Attemping to respawn child process...
[PARENT][Rank 70] | ERROR: Maximum respawn attempts reached. Marking rank as failed.
[PARENT][Rank 70] | [IDLE] Waiting for master to send 'Done'.
[PARENT][Rank 70] | ERROR: Unexpected error during PING-PONG check: AttributeError("'NoneType' object has no attribute 'Isend'")Attemping to respawn child process...
[PARENT][Rank 70] | ERROR: Maximum respawn attempts reached. Marking rank as failed.
[PARENT][Rank 70] | [IDLE] Waiting for master to send 'Done'.
[PARENT][Rank 70] | ERROR: Unexpected error during PING-PONG check: AttributeError("'NoneType' object has no attribute 'Isend'")Attemping to respawn child process...
[PARENT][Rank 70] | ERROR: Maximum respawn attempts reached. Marking rank as failed.
[PARENT][Rank 70] | [IDLE] Waiting for master to send 'Done'.
[PARENT][Rank 70] | ERROR: Unexpected error during PING-PONG check: AttributeError("'NoneType' object has no attribute 'Isend'")Attemping to respawn child process...
[PARENT][Rank 70] | ERROR: Maximum respawn attempts reached. Marking rank as failed.
[PARENT][Rank 70] | [IDLE] Waiting for master to send 'Done'.
[PARENT][Rank 71] | ERROR: Unexpected error during PING-PONG check: TimeoutError('Timeout while waiting for child to respond.')Attemping to respawn child process...
[PARENT][Rank 71] | WARNING: Child process died or is unresponsive. Respawning...
[PARENT][Rank 71] | [INFO] Successfully respawned child process.
[PARENT][Rank 70] | ERROR: Unexpected error during PING-PONG check: AttributeError("'NoneType' object has no attribute 'Isend'")Attemping to respawn child process...
[PARENT][Rank 70] | ERROR: Maximum respawn attempts reached. Marking rank as failed.
[PARENT][Rank 70] | [IDLE] Waiting for master to send 'Done'.
[PARENT][Rank 70] | ERROR: Unexpected error during PING-PONG check: AttributeError("'NoneType' object has no attribute 'Isend'")Attemping to respawn child process...
[PARENT][Rank 70] | ERROR: Maximum respawn attempts reached. Marking rank as failed.
[PARENT][Rank 70] | [IDLE] Waiting for master to send 'Done'.
[PARENT][Rank 70] | ERROR: Unexpected error during PING-PONG check: AttributeError("'NoneType' object has no attribute 'Isend'")Attemping to respawn child process...
[PARENT][Rank 70] | ERROR: Maximum respawn attempts reached. Marking rank as failed.
[PARENT][Rank 70] | [IDLE] Waiting for master to send 'Done'.
[PARENT][Rank 64] | ERROR: Unexpected error during PING-PONG check: TimeoutError('Timeout while waiting for child to respond.')Attemping to respawn child process...
[PARENT][Rank 64] | WARNING: Child process died or is unresponsive. Respawning...
[PARENT][Rank 64] | [INFO] Successfully respawned child process.
[PARENT][Rank 64] | [IDLE] Waiting for master to send 'Done'.
[PARENT][Rank 70] | ERROR: Unexpected error during PING-PONG check: AttributeError("'NoneType' object has no attribute 'Isend'")Attemping to respawn child process...
[PARENT][Rank 70] | ERROR: Maximum respawn attempts reached. Marking rank as failed.
[PARENT][Rank 70] | [IDLE] Waiting for master to send 'Done'.
[PARENT][Rank 70] | ERROR: Unexpected error during PING-PONG check: AttributeError("'NoneType' object has no attribute 'Isend'")Attemping to respawn child process...
[PARENT][Rank 70] | ERROR: Maximum respawn attempts reached. Marking rank as failed.
[PARENT][Rank 70] | [IDLE] Waiting for master to send 'Done'.
[PARENT][Rank 70] | ERROR: Unexpected error during PING-PONG check: AttributeError("'NoneType' object has no attribute 'Isend'")Attemping to respawn child process...
[PARENT][Rank 70] | ERROR: Maximum respawn attempts reached. Marking rank as failed.
[PARENT][Rank 70] | [IDLE] Waiting for master to send 'Done'.
[PARENT][Rank 70] | ERROR: Unexpected error during PING-PONG check: AttributeError("'NoneType' object has no attribute 'Isend'")Attemping to respawn child process...
[PARENT][Rank 70] | ERROR: Maximum respawn attempts reached. Marking rank as failed.
[PARENT][Rank 70] | [IDLE] Waiting for master to send 'Done'.
[CHILD][Parent Rank 70] | ERROR: Timeout while waiting for message.
Exiting safely.
[CHILD][Parent Rank 70] | The following model took too long to complete: 
params: {'lensing': 'yes', 'output': 'tCl,lCl,pCl,mPk', 'l_max_scalars': 2508, 'k_pivot': 0.05, 'N_ur': 2.0328, 'N_ncdm': 1, 'm_ncdm': 0.06, 'T_ncdm': 0.71611, 'N_ncdm_decay_dr': 1, 'quadrature_strategy_ncdm_decay_dr': 3, 'ncdm_fluid_approximation': 3, 'maximum_q_ncdm_decay_dr': 15.0, 'background_method': 0, 'evolver': 1, 'N_momentum_bins_ncdm_decay_dr': 7, 'l_max_ncdm': 13, 'l_max_dr': 13, 'l_max_dr_col': 13, 'omega_b': 0.020512098, 'omega_cdm': 0.1873865, 'Neff_ini_dncdm': 0.9236961, 'log10lifetime_ncdm_decay_dr': 2.16561, 'm_ncdm_decay_dr': 34.95948, 'H0': 61.88852, 'ln10^{10}A_s': 3.10391, 'n_s': 0.9465482, 'tau_reio': 0.02292968, 'P_k_max_1/Mpc': 1.0}

[PARENT][Rank 70] | ERROR: Unexpected error during PING-PONG check: AttributeError("'NoneType' object has no attribute 'Isend'")Attemping to respawn child process...
[PARENT][Rank 70] | ERROR: Maximum respawn attempts reached. Marking rank as failed.
[PARENT][Rank 70] | [IDLE] Waiting for master to send 'Done'.
[PARENT][Rank 70] | ERROR: Unexpected error during PING-PONG check: AttributeError("'NoneType' object has no attribute 'Isend'")Attemping to respawn child process...
[PARENT][Rank 70] | ERROR: Maximum respawn attempts reached. Marking rank as failed.
[PARENT][Rank 70] | [IDLE] Waiting for master to send 'Done'.
[CHILD][Parent Rank 70] | ERROR: Timeout while waiting for message.
Exiting safely.
[PARENT][Rank 70] | ERROR: Unexpected error during PING-PONG check: AttributeError("'NoneType' object has no attribute 'Isend'")Attemping to respawn child process...
[PARENT][Rank 70] | ERROR: Maximum respawn attempts reached. Marking rank as failed.
[PARENT][Rank 70] | [IDLE] Waiting for master to send 'Done'.
[PARENT][Rank 70] | ERROR: Unexpected error during PING-PONG check: AttributeError("'NoneType' object has no attribute 'Isend'")Attemping to respawn child process...
[PARENT][Rank 70] | ERROR: Maximum respawn attempts reached. Marking rank as failed.
[PARENT][Rank 70] | [IDLE] Waiting for master to send 'Done'.
[PARENT][Rank 70] | ERROR: Unexpected error during PING-PONG check: AttributeError("'NoneType' object has no attribute 'Isend'")Attemping to respawn child process...
[PARENT][Rank 70] | ERROR: Maximum respawn attempts reached. Marking rank as failed.
[PARENT][Rank 70] | [IDLE] Waiting for master to send 'Done'.
[CHILD][Parent Rank 71] | ERROR: Timeout while waiting for message.
Exiting safely.
[PARENT][Rank 70] | ERROR: Unexpected error during PING-PONG check: AttributeError("'NoneType' object has no attribute 'Isend'")Attemping to respawn child process...
[PARENT][Rank 70] | ERROR: Maximum respawn attempts reached. Marking rank as failed.
[PARENT][Rank 70] | [IDLE] Waiting for master to send 'Done'.
[PARENT][Rank 70] | ERROR: Unexpected error during PING-PONG check: AttributeError("'NoneType' object has no attribute 'Isend'")Attemping to respawn child process...
[PARENT][Rank 70] | ERROR: Maximum respawn attempts reached. Marking rank as failed.
[PARENT][Rank 70] | [IDLE] Waiting for master to send 'Done'.
[PARENT][Rank 70] | ERROR: Unexpected error during PING-PONG check: AttributeError("'NoneType' object has no attribute 'Isend'")Attemping to respawn child process...
[PARENT][Rank 70] | ERROR: Maximum respawn attempts reached. Marking rank as failed.
[PARENT][Rank 70] | [IDLE] Waiting for master to send 'Done'.
[PARENT][Rank 70] | ERROR: Unexpected error during PING-PONG check: AttributeError("'NoneType' object has no attribute 'Isend'")Attemping to respawn child process...
[PARENT][Rank 70] | ERROR: Maximum respawn attempts reached. Marking rank as failed.
[PARENT][Rank 70] | [IDLE] Waiting for master to send 'Done'.
[CHILD][Parent Rank 69] | The following model took too long to complete: 
params: {'lensing': 'yes', 'output': 'tCl,lCl,pCl,mPk', 'l_max_scalars': 2508, 'k_pivot': 0.05, 'N_ur': 2.0328, 'N_ncdm': 1, 'm_ncdm': 0.06, 'T_ncdm': 0.71611, 'N_ncdm_decay_dr': 1, 'quadrature_strategy_ncdm_decay_dr': 3, 'ncdm_fluid_approximation': 3, 'maximum_q_ncdm_decay_dr': 15.0, 'background_method': 0, 'evolver': 1, 'N_momentum_bins_ncdm_decay_dr': 7, 'l_max_ncdm': 13, 'l_max_dr': 13, 'l_max_dr_col': 13, 'omega_b': 0.02033124, 'omega_cdm': 0.1868562, 'Neff_ini_dncdm': 0.9767356, 'log10lifetime_ncdm_decay_dr': 2.099969, 'm_ncdm_decay_dr': 41.87741, 'H0': 62.99704, 'ln10^{10}A_s': 3.140349, 'n_s': 0.9818742, 'tau_reio': 0.03266552, 'P_k_max_1/Mpc': 1.0}

[PARENT][Rank 70] | ERROR: Unexpected error during PING-PONG check: AttributeError("'NoneType' object has no attribute 'Isend'")Attemping to respawn child process...
[PARENT][Rank 70] | ERROR: Maximum respawn attempts reached. Marking rank as failed.
[PARENT][Rank 70] | [IDLE] Waiting for master to send 'Done'.
[PARENT][Rank 65] | ERROR: Failed to send or receive data to/from child process. Child process may have crashed.Possibly due to out-of-memory or other critical error during CLASS computation    .
Model: {'lensing': 'yes', 'output': 'tCl,lCl,pCl,mPk', 'l_max_scalars': 2508, 'k_pivot': 0.05, 'N_ur': 2.0328, 'N_ncdm': 1, 'm_ncdm': 0.06, 'T_ncdm': 0.71611, 'N_ncdm_decay_dr': 1, 'quadrature_strategy_ncdm_decay_dr': 3, 'ncdm_fluid_approximation': 3, 'maximum_q_ncdm_decay_dr': 15.0, 'background_method': 0, 'evolver': 1, 'N_momentum_bins_ncdm_decay_dr': 7, 'l_max_ncdm': 13, 'l_max_dr': 13, 'l_max_dr_col': 13, 'omega_b': 0.020533111, 'omega_cdm': 0.1852905, 'Neff_ini_dncdm': 1.098665, 'log10lifetime_ncdm_decay_dr': 2.105039, 'm_ncdm_decay_dr': 19.09513, 'H0': 62.0129, 'ln10^{10}A_s': 3.145709, 'n_s': 0.9889147, 'tau_reio': 0.04655776, 'P_k_max_1/Mpc': 1.0}
skipping to the next model...
[PARENT][Rank 65] | Exception: TimeoutError('Timeout while waiting for child to respond.')
[PARENT][Rank 70] | ERROR: Unexpected error during PING-PONG check: AttributeError("'NoneType' object has no attribute 'Isend'")Attemping to respawn child process...
[PARENT][Rank 70] | ERROR: Maximum respawn attempts reached. Marking rank as failed.
[PARENT][Rank 70] | [IDLE] Waiting for master to send 'Done'.
[PARENT][Rank 65] | [IDLE] Waiting for master to send 'Done'.
[PARENT][Rank 70] | ERROR: Unexpected error during PING-PONG check: AttributeError("'NoneType' object has no attribute 'Isend'")Attemping to respawn child process...
[PARENT][Rank 70] | ERROR: Maximum respawn attempts reached. Marking rank as failed.
[PARENT][Rank 70] | [IDLE] Waiting for master to send 'Done'.
[CHILD][Parent Rank 65] | The following model took too long to complete: 
params: {'lensing': 'yes', 'output': 'tCl,lCl,pCl,mPk', 'l_max_scalars': 2508, 'k_pivot': 0.05, 'N_ur': 2.0328, 'N_ncdm': 1, 'm_ncdm': 0.06, 'T_ncdm': 0.71611, 'N_ncdm_decay_dr': 1, 'quadrature_strategy_ncdm_decay_dr': 3, 'ncdm_fluid_approximation': 3, 'maximum_q_ncdm_decay_dr': 15.0, 'background_method': 0, 'evolver': 1, 'N_momentum_bins_ncdm_decay_dr': 7, 'l_max_ncdm': 13, 'l_max_dr': 13, 'l_max_dr_col': 13, 'omega_b': 0.020248588, 'omega_cdm': 0.1842921, 'Neff_ini_dncdm': 0.9484874, 'log10lifetime_ncdm_decay_dr': 2.143727, 'm_ncdm_decay_dr': 33.15937, 'H0': 61.83299, 'ln10^{10}A_s': 3.126596, 'n_s': 0.9738023, 'tau_reio': 0.02570773, 'P_k_max_1/Mpc': 1.0}

[CHILD][Parent Rank 69] | ERROR: Timeout while waiting for message.
Exiting safely.
[PARENT][Rank 70] | ERROR: Unexpected error during PING-PONG check: AttributeError("'NoneType' object has no attribute 'Isend'")Attemping to respawn child process...
[PARENT][Rank 70] | ERROR: Maximum respawn attempts reached. Marking rank as failed.
[PARENT][Rank 70] | [IDLE] Waiting for master to send 'Done'.
[PARENT][Rank 70] | ERROR: Unexpected error during PING-PONG check: AttributeError("'NoneType' object has no attribute 'Isend'")Attemping to respawn child process...
[PARENT][Rank 70] | ERROR: Maximum respawn attempts reached. Marking rank as failed.
[PARENT][Rank 70] | [IDLE] Waiting for master to send 'Done'.
[CHILD][Parent Rank 64] | ERROR: Timeout while waiting for message.
Exiting safely.
[PARENT][Rank 70] | ERROR: Unexpected error during PING-PONG check: AttributeError("'NoneType' object has no attribute 'Isend'")Attemping to respawn child process...
[PARENT][Rank 70] | ERROR: Maximum respawn attempts reached. Marking rank as failed.
[PARENT][Rank 70] | [IDLE] Waiting for master to send 'Done'.
[PARENT][Rank 70] | ERROR: Unexpected error during PING-PONG check: AttributeError("'NoneType' object has no attribute 'Isend'")Attemping to respawn child process...
[PARENT][Rank 70] | ERROR: Maximum respawn attempts reached. Marking rank as failed.
[PARENT][Rank 70] | [IDLE] Waiting for master to send 'Done'.
[PARENT][Rank 70] | ERROR: Unexpected error during PING-PONG check: AttributeError("'NoneType' object has no attribute 'Isend'")Attemping to respawn child process...
[PARENT][Rank 70] | ERROR: Maximum respawn attempts reached. Marking rank as failed.
[PARENT][Rank 70] | [IDLE] Waiting for master to send 'Done'.
[PARENT][Rank 69] | ERROR: Failed to send or receive data to/from child process. Child process may have crashed.Possibly due to out-of-memory or other critical error during CLASS computation    .
Model: {'lensing': 'yes', 'output': 'tCl,lCl,pCl,mPk', 'l_max_scalars': 2508, 'k_pivot': 0.05, 'N_ur': 2.0328, 'N_ncdm': 1, 'm_ncdm': 0.06, 'T_ncdm': 0.71611, 'N_ncdm_decay_dr': 1, 'quadrature_strategy_ncdm_decay_dr': 3, 'ncdm_fluid_approximation': 3, 'maximum_q_ncdm_decay_dr': 15.0, 'background_method': 0, 'evolver': 1, 'N_momentum_bins_ncdm_decay_dr': 7, 'l_max_ncdm': 13, 'l_max_dr': 13, 'l_max_dr_col': 13, 'omega_b': 0.01978353, 'omega_cdm': 0.1937353, 'Neff_ini_dncdm': 0.8733834, 'log10lifetime_ncdm_decay_dr': 2.062674, 'm_ncdm_decay_dr': 66.72194, 'H0': 61.1438, 'ln10^{10}A_s': 3.107687, 'n_s': 0.9575041, 'tau_reio': 0.01365279, 'P_k_max_1/Mpc': 1.0}
skipping to the next model...
[PARENT][Rank 69] | Exception: TimeoutError('Timeout while waiting for child to respond.')
[PARENT][Rank 69] | [IDLE] Waiting for master to send 'Done'.
[PARENT][Rank 67] | ERROR: Failed to send or receive data to/from child process. Child process may have crashed.Possibly due to out-of-memory or other critical error during CLASS computation    .
Model: {'lensing': 'yes', 'output': 'tCl,lCl,pCl,mPk', 'l_max_scalars': 2508, 'k_pivot': 0.05, 'N_ur': 2.0328, 'N_ncdm': 1, 'm_ncdm': 0.06, 'T_ncdm': 0.71611, 'N_ncdm_decay_dr': 1, 'quadrature_strategy_ncdm_decay_dr': 3, 'ncdm_fluid_approximation': 3, 'maximum_q_ncdm_decay_dr': 15.0, 'background_method': 0, 'evolver': 1, 'N_momentum_bins_ncdm_decay_dr': 7, 'l_max_ncdm': 13, 'l_max_dr': 13, 'l_max_dr_col': 13, 'omega_b': 0.020275481, 'omega_cdm': 0.1936576, 'Neff_ini_dncdm': 0.8053663, 'log10lifetime_ncdm_decay_dr': 2.209526, 'm_ncdm_decay_dr': 33.29078, 'H0': 57.73728, 'ln10^{10}A_s': 3.105738, 'n_s': 0.9168508, 'tau_reio': 0.01256859, 'P_k_max_1/Mpc': 1.0}
skipping to the next model...
[PARENT][Rank 67] | Exception: TimeoutError('Timeout while waiting for child to respond.')
[PARENT][Rank 70] | ERROR: Unexpected error during PING-PONG check: AttributeError("'NoneType' object has no attribute 'Isend'")Attemping to respawn child process...
[PARENT][Rank 70] | ERROR: Maximum respawn attempts reached. Marking rank as failed.
[PARENT][Rank 70] | [IDLE] Waiting for master to send 'Done'.
[PARENT][Rank 67] | [IDLE] Waiting for master to send 'Done'.
[PARENT][Rank 70] | ERROR: Unexpected error during PING-PONG check: AttributeError("'NoneType' object has no attribute 'Isend'")Attemping to respawn child process...
[PARENT][Rank 70] | ERROR: Maximum respawn attempts reached. Marking rank as failed.
[PARENT][Rank 70] | [IDLE] Waiting for master to send 'Done'.
[PARENT][Rank 70] | ERROR: Unexpected error during PING-PONG check: AttributeError("'NoneType' object has no attribute 'Isend'")Attemping to respawn child process...
[PARENT][Rank 70] | ERROR: Maximum respawn attempts reached. Marking rank as failed.
[PARENT][Rank 70] | [IDLE] Waiting for master to send 'Done'.
[PARENT][Rank 70] | ERROR: Unexpected error during PING-PONG check: AttributeError("'NoneType' object has no attribute 'Isend'")Attemping to respawn child process...
[PARENT][Rank 70] | ERROR: Maximum respawn attempts reached. Marking rank as failed.
[PARENT][Rank 70] | [IDLE] Waiting for master to send 'Done'.
[PARENT][Rank 70] | ERROR: Unexpected error during PING-PONG check: AttributeError("'NoneType' object has no attribute 'Isend'")Attemping to respawn child process...
[PARENT][Rank 70] | ERROR: Maximum respawn attempts reached. Marking rank as failed.
[PARENT][Rank 70] | [IDLE] Waiting for master to send 'Done'.
[PARENT][Rank 70] | ERROR: Unexpected error during PING-PONG check: AttributeError("'NoneType' object has no attribute 'Isend'")Attemping to respawn child process...
[PARENT][Rank 70] | ERROR: Maximum respawn attempts reached. Marking rank as failed.
[PARENT][Rank 70] | [IDLE] Waiting for master to send 'Done'.
[PARENT][Rank 70] | ERROR: Unexpected error during PING-PONG check: AttributeError("'NoneType' object has no attribute 'Isend'")Attemping to respawn child process...
[PARENT][Rank 70] | ERROR: Maximum respawn attempts reached. Marking rank as failed.
[PARENT][Rank 70] | [IDLE] Waiting for master to send 'Done'.
[PARENT][Rank 65] | ERROR: Unexpected error during PING-PONG check: TimeoutError('Timeout while waiting for child to respond.')Attemping to respawn child process...
[PARENT][Rank 65] | ERROR: Maximum respawn attempts reached. Marking rank as failed.
[PARENT][Rank 65] | [IDLE] Waiting for master to send 'Done'.
[PARENT][Rank 65] | ERROR: Unexpected error during PING-PONG check: AttributeError("'NoneType' object has no attribute 'Isend'")Attemping to respawn child process...
[PARENT][Rank 65] | ERROR: Maximum respawn attempts reached. Marking rank as failed.
[PARENT][Rank 65] | [IDLE] Waiting for master to send 'Done'.
[PARENT][Rank 70] | ERROR: Unexpected error during PING-PONG check: AttributeError("'NoneType' object has no attribute 'Isend'")Attemping to respawn child process...
[PARENT][Rank 70] | ERROR: Maximum respawn attempts reached. Marking rank as failed.
[PARENT][Rank 70] | [IDLE] Waiting for master to send 'Done'.
[CHILD][Parent Rank 67] | The following model took too long to complete: 
params: {'lensing': 'yes', 'output': 'tCl,lCl,pCl,mPk', 'l_max_scalars': 2508, 'k_pivot': 0.05, 'N_ur': 2.0328, 'N_ncdm': 1, 'm_ncdm': 0.06, 'T_ncdm': 0.71611, 'N_ncdm_decay_dr': 1, 'quadrature_strategy_ncdm_decay_dr': 3, 'ncdm_fluid_approximation': 3, 'maximum_q_ncdm_decay_dr': 15.0, 'background_method': 0, 'evolver': 1, 'N_momentum_bins_ncdm_decay_dr': 7, 'l_max_ncdm': 13, 'l_max_dr': 13, 'l_max_dr_col': 13, 'omega_b': 0.020275481, 'omega_cdm': 0.1936576, 'Neff_ini_dncdm': 0.8053663, 'log10lifetime_ncdm_decay_dr': 2.209526, 'm_ncdm_decay_dr': 33.29078, 'H0': 57.73728, 'ln10^{10}A_s': 3.105738, 'n_s': 0.9168508, 'tau_reio': 0.01256859, 'P_k_max_1/Mpc': 1.0}

[PARENT][Rank 67] | ERROR: Child process failed during CLASS computation
Model: {'lensing': 'yes', 'output': 'tCl,lCl,pCl,mPk', 'l_max_scalars': 2508, 'k_pivot': 0.05, 'N_ur': 2.0328, 'N_ncdm': 1, 'm_ncdm': 0.06, 'T_ncdm': 0.71611, 'N_ncdm_decay_dr': 1, 'quadrature_strategy_ncdm_decay_dr': 3, 'ncdm_fluid_approximation': 3, 'maximum_q_ncdm_decay_dr': 15.0, 'background_method': 0, 'evolver': 1, 'N_momentum_bins_ncdm_decay_dr': 7, 'l_max_ncdm': 13, 'l_max_dr': 13, 'l_max_dr_col': 13, 'omega_b': 0.022179501, 'omega_cdm': 0.2235186, 'Neff_ini_dncdm': 1.356629, 'log10lifetime_ncdm_decay_dr': 2.098412, 'm_ncdm_decay_dr': 93.11792, 'H0': 71.95811, 'ln10^{10}A_s': 3.125925, 'n_s': 0.9997333, 'tau_reio': 0.02099246, 'P_k_max_1/Mpc': 1.0}
skipping to the next model...
[CHILD][Parent Rank 68] | ERROR: Timeout while waiting for message.
Exiting safely.
[PARENT][Rank 67] | [IDLE] Waiting for master to send 'Done'.
[PARENT][Rank 70] | ERROR: Unexpected error during PING-PONG check: AttributeError("'NoneType' object has no attribute 'Isend'")Attemping to respawn child process...
[PARENT][Rank 70] | ERROR: Maximum respawn attempts reached. Marking rank as failed.
[PARENT][Rank 70] | [IDLE] Waiting for master to send 'Done'.
[PARENT][Rank 65] | ERROR: Unexpected error during PING-PONG check: AttributeError("'NoneType' object has no attribute 'Isend'")Attemping to respawn child process...
[PARENT][Rank 65] | ERROR: Maximum respawn attempts reached. Marking rank as failed.
[PARENT][Rank 65] | [IDLE] Waiting for master to send 'Done'.
[PARENT][Rank 70] | ERROR: Unexpected error during PING-PONG check: AttributeError("'NoneType' object has no attribute 'Isend'")Attemping to respawn child process...
[PARENT][Rank 70] | ERROR: Maximum respawn attempts reached. Marking rank as failed.
[PARENT][Rank 70] | [IDLE] Waiting for master to send 'Done'.
[PARENT][Rank 65] | ERROR: Unexpected error during PING-PONG check: AttributeError("'NoneType' object has no attribute 'Isend'")Attemping to respawn child process...
[PARENT][Rank 65] | ERROR: Maximum respawn attempts reached. Marking rank as failed.
[PARENT][Rank 65] | [IDLE] Waiting for master to send 'Done'.
[CHILD][Parent Rank 71] | The following model took too long to complete: 
params: {'lensing': 'yes', 'output': 'tCl,lCl,pCl,mPk', 'l_max_scalars': 2508, 'k_pivot': 0.05, 'N_ur': 2.0328, 'N_ncdm': 1, 'm_ncdm': 0.06, 'T_ncdm': 0.71611, 'N_ncdm_decay_dr': 1, 'quadrature_strategy_ncdm_decay_dr': 3, 'ncdm_fluid_approximation': 3, 'maximum_q_ncdm_decay_dr': 15.0, 'background_method': 0, 'evolver': 1, 'N_momentum_bins_ncdm_decay_dr': 7, 'l_max_ncdm': 13, 'l_max_dr': 13, 'l_max_dr_col': 13, 'omega_b': 0.02073295, 'omega_cdm': 0.1809502, 'Neff_ini_dncdm': 0.8250672, 'log10lifetime_ncdm_decay_dr': 2.120564, 'm_ncdm_decay_dr': 50.22151, 'H0': 64.20189, 'ln10^{10}A_s': 3.118056, 'n_s': 0.9597864, 'tau_reio': 0.01682605, 'P_k_max_1/Mpc': 1.0}

[PARENT][Rank 71] | ERROR: Child process failed during CLASS computation
Model: {'lensing': 'yes', 'output': 'tCl,lCl,pCl,mPk', 'l_max_scalars': 2508, 'k_pivot': 0.05, 'N_ur': 2.0328, 'N_ncdm': 1, 'm_ncdm': 0.06, 'T_ncdm': 0.71611, 'N_ncdm_decay_dr': 1, 'quadrature_strategy_ncdm_decay_dr': 3, 'ncdm_fluid_approximation': 3, 'maximum_q_ncdm_decay_dr': 15.0, 'background_method': 0, 'evolver': 1, 'N_momentum_bins_ncdm_decay_dr': 7, 'l_max_ncdm': 13, 'l_max_dr': 13, 'l_max_dr_col': 13, 'omega_b': 0.02073295, 'omega_cdm': 0.1809502, 'Neff_ini_dncdm': 0.8250672, 'log10lifetime_ncdm_decay_dr': 2.120564, 'm_ncdm_decay_dr': 50.22151, 'H0': 64.20189, 'ln10^{10}A_s': 3.118056, 'n_s': 0.9597864, 'tau_reio': 0.01682605, 'P_k_max_1/Mpc': 1.0}
skipping to the next model...
[PARENT][Rank 70] | ERROR: Unexpected error during PING-PONG check: AttributeError("'NoneType' object has no attribute 'Isend'")Attemping to respawn child process...
[PARENT][Rank 70] | ERROR: Maximum respawn attempts reached. Marking rank as failed.
[PARENT][Rank 70] | [IDLE] Waiting for master to send 'Done'.
[PARENT][Rank 65] | ERROR: Unexpected error during PING-PONG check: AttributeError("'NoneType' object has no attribute 'Isend'")Attemping to respawn child process...
[PARENT][Rank 65] | ERROR: Maximum respawn attempts reached. Marking rank as failed.
[PARENT][Rank 65] | [IDLE] Waiting for master to send 'Done'.
[PARENT][Rank 70] | ERROR: Unexpected error during PING-PONG check: AttributeError("'NoneType' object has no attribute 'Isend'")Attemping to respawn child process...
[PARENT][Rank 70] | ERROR: Maximum respawn attempts reached. Marking rank as failed.
[PARENT][Rank 70] | [IDLE] Waiting for master to send 'Done'.
[PARENT][Rank 65] | ERROR: Unexpected error during PING-PONG check: AttributeError("'NoneType' object has no attribute 'Isend'")Attemping to respawn child process...
[PARENT][Rank 65] | ERROR: Maximum respawn attempts reached. Marking rank as failed.
[PARENT][Rank 65] | [IDLE] Waiting for master to send 'Done'.
[CHILD][Parent Rank 69] | The following model took too long to complete: 
params: {'lensing': 'yes', 'output': 'tCl,lCl,pCl,mPk', 'l_max_scalars': 2508, 'k_pivot': 0.05, 'N_ur': 2.0328, 'N_ncdm': 1, 'm_ncdm': 0.06, 'T_ncdm': 0.71611, 'N_ncdm_decay_dr': 1, 'quadrature_strategy_ncdm_decay_dr': 3, 'ncdm_fluid_approximation': 3, 'maximum_q_ncdm_decay_dr': 15.0, 'background_method': 0, 'evolver': 1, 'N_momentum_bins_ncdm_decay_dr': 7, 'l_max_ncdm': 13, 'l_max_dr': 13, 'l_max_dr_col': 13, 'omega_b': 0.01978353, 'omega_cdm': 0.1937353, 'Neff_ini_dncdm': 0.8733834, 'log10lifetime_ncdm_decay_dr': 2.062674, 'm_ncdm_decay_dr': 66.72194, 'H0': 61.1438, 'ln10^{10}A_s': 3.107687, 'n_s': 0.9575041, 'tau_reio': 0.01365279, 'P_k_max_1/Mpc': 1.0}

[PARENT][Rank 70] | ERROR: Unexpected error during PING-PONG check: AttributeError("'NoneType' object has no attribute 'Isend'")Attemping to respawn child process...
[PARENT][Rank 70] | ERROR: Maximum respawn attempts reached. Marking rank as failed.
[PARENT][Rank 70] | [IDLE] Waiting for master to send 'Done'.
[PARENT][Rank 69] | ERROR: Child process failed during CLASS computation
Model: {'lensing': 'yes', 'output': 'tCl,lCl,pCl,mPk', 'l_max_scalars': 2508, 'k_pivot': 0.05, 'N_ur': 2.0328, 'N_ncdm': 1, 'm_ncdm': 0.06, 'T_ncdm': 0.71611, 'N_ncdm_decay_dr': 1, 'quadrature_strategy_ncdm_decay_dr': 3, 'ncdm_fluid_approximation': 3, 'maximum_q_ncdm_decay_dr': 15.0, 'background_method': 0, 'evolver': 1, 'N_momentum_bins_ncdm_decay_dr': 7, 'l_max_ncdm': 13, 'l_max_dr': 13, 'l_max_dr_col': 13, 'omega_b': 0.021684889, 'omega_cdm': 0.2145651, 'Neff_ini_dncdm': 1.317011, 'log10lifetime_ncdm_decay_dr': 2.026534, 'm_ncdm_decay_dr': 88.99632, 'H0': 70.63392, 'ln10^{10}A_s': 3.108779, 'n_s': 1.012057, 'tau_reio': 0.02099407, 'P_k_max_1/Mpc': 1.0}
skipping to the next model...
[PARENT][Rank 69] | [IDLE] Waiting for master to send 'Done'.
[PARENT][Rank 69] | ERROR: Child process failed during CLASS computation
Model: {'lensing': 'yes', 'output': 'tCl,lCl,pCl,mPk', 'l_max_scalars': 2508, 'k_pivot': 0.05, 'N_ur': 2.0328, 'N_ncdm': 1, 'm_ncdm': 0.06, 'T_ncdm': 0.71611, 'N_ncdm_decay_dr': 1, 'quadrature_strategy_ncdm_decay_dr': 3, 'ncdm_fluid_approximation': 3, 'maximum_q_ncdm_decay_dr': 15.0, 'background_method': 0, 'evolver': 1, 'N_momentum_bins_ncdm_decay_dr': 7, 'l_max_ncdm': 13, 'l_max_dr': 13, 'l_max_dr_col': 13, 'omega_b': 0.02198411, 'omega_cdm': 0.2373391, 'Neff_ini_dncdm': 1.455399, 'log10lifetime_ncdm_decay_dr': 2.004192, 'm_ncdm_decay_dr': 107.4934, 'H0': 71.02266, 'ln10^{10}A_s': 3.12852, 'n_s': 1.001212, 'tau_reio': 0.03702369, 'P_k_max_1/Mpc': 1.0}
skipping to the next model...
[PARENT][Rank 70] | ERROR: Unexpected error during PING-PONG check: AttributeError("'NoneType' object has no attribute 'Isend'")Attemping to respawn child process...
[PARENT][Rank 70] | ERROR: Maximum respawn attempts reached. Marking rank as failed.
[PARENT][Rank 70] | [IDLE] Waiting for master to send 'Done'.
[PARENT][Rank 69] | [IDLE] Waiting for master to send 'Done'.
[PARENT][Rank 70] | ERROR: Unexpected error during PING-PONG check: AttributeError("'NoneType' object has no attribute 'Isend'")Attemping to respawn child process...
[PARENT][Rank 70] | ERROR: Maximum respawn attempts reached. Marking rank as failed.
[PARENT][Rank 70] | [IDLE] Waiting for master to send 'Done'.
[PARENT][Rank 70] | ERROR: Unexpected error during PING-PONG check: AttributeError("'NoneType' object has no attribute 'Isend'")Attemping to respawn child process...
[PARENT][Rank 70] | ERROR: Maximum respawn attempts reached. Marking rank as failed.
[PARENT][Rank 70] | [IDLE] Waiting for master to send 'Done'.
[CHILD][Parent Rank 64] | The following model took too long to complete: 
params: {'lensing': 'yes', 'output': 'tCl,lCl,pCl,mPk', 'l_max_scalars': 2508, 'k_pivot': 0.05, 'N_ur': 2.0328, 'N_ncdm': 1, 'm_ncdm': 0.06, 'T_ncdm': 0.71611, 'N_ncdm_decay_dr': 1, 'quadrature_strategy_ncdm_decay_dr': 3, 'ncdm_fluid_approximation': 3, 'maximum_q_ncdm_decay_dr': 15.0, 'background_method': 0, 'evolver': 1, 'N_momentum_bins_ncdm_decay_dr': 7, 'l_max_ncdm': 13, 'l_max_dr': 13, 'l_max_dr_col': 13, 'omega_b': 0.02039683, 'omega_cdm': 0.1822903, 'Neff_ini_dncdm': 0.8285312, 'log10lifetime_ncdm_decay_dr': 2.181887, 'm_ncdm_decay_dr': 24.61987, 'H0': 58.79445, 'ln10^{10}A_s': 3.10222, 'n_s': 0.9503695, 'tau_reio': 0.0233123, 'P_k_max_1/Mpc': 1.0}

[PARENT][Rank 64] | ERROR: Child process failed during CLASS computation
Model: {'lensing': 'yes', 'output': 'tCl,lCl,pCl,mPk', 'l_max_scalars': 2508, 'k_pivot': 0.05, 'N_ur': 2.0328, 'N_ncdm': 1, 'm_ncdm': 0.06, 'T_ncdm': 0.71611, 'N_ncdm_decay_dr': 1, 'quadrature_strategy_ncdm_decay_dr': 3, 'ncdm_fluid_approximation': 3, 'maximum_q_ncdm_decay_dr': 15.0, 'background_method': 0, 'evolver': 1, 'N_momentum_bins_ncdm_decay_dr': 7, 'l_max_ncdm': 13, 'l_max_dr': 13, 'l_max_dr_col': 13, 'omega_b': 0.02039683, 'omega_cdm': 0.1822903, 'Neff_ini_dncdm': 0.8285312, 'log10lifetime_ncdm_decay_dr': 2.181887, 'm_ncdm_decay_dr': 24.61987, 'H0': 58.79445, 'ln10^{10}A_s': 3.10222, 'n_s': 0.9503695, 'tau_reio': 0.0233123, 'P_k_max_1/Mpc': 1.0}
skipping to the next model...
[PARENT][Rank 70] | ERROR: Unexpected error during PING-PONG check: AttributeError("'NoneType' object has no attribute 'Isend'")Attemping to respawn child process...
[PARENT][Rank 70] | ERROR: Maximum respawn attempts reached. Marking rank as failed.
[PARENT][Rank 70] | [IDLE] Waiting for master to send 'Done'.
[PARENT][Rank 64] | [IDLE] Waiting for master to send 'Done'.
[PARENT][Rank 64] | ERROR: Child process failed during likelihood calculation
Model: {'lensing': 'yes', 'output': 'tCl,lCl,pCl,mPk', 'l_max_scalars': 2508, 'k_pivot': 0.05, 'N_ur': 2.0328, 'N_ncdm': 1, 'm_ncdm': 0.06, 'T_ncdm': 0.71611, 'N_ncdm_decay_dr': 1, 'quadrature_strategy_ncdm_decay_dr': 3, 'ncdm_fluid_approximation': 3, 'maximum_q_ncdm_decay_dr': 15.0, 'background_method': 0, 'evolver': 1, 'N_momentum_bins_ncdm_decay_dr': 7, 'l_max_ncdm': 13, 'l_max_dr': 13, 'l_max_dr_col': 13, 'omega_b': 0.02128997, 'omega_cdm': 0.2178356, 'Neff_ini_dncdm': 1.191057, 'log10lifetime_ncdm_decay_dr': 2.238409, 'm_ncdm_decay_dr': 92.43461, 'H0': 71.96417, 'ln10^{10}A_s': 3.095069, 'n_s': 1.001136, 'tau_reio': 0.02055023, 'P_k_max_1/Mpc': 1.0}
skipping to the next model...
[PARENT][Rank 64] | [IDLE] Waiting for master to send 'Done'.
[PARENT][Rank 70] | ERROR: Unexpected error during PING-PONG check: AttributeError("'NoneType' object has no attribute 'Isend'")Attemping to respawn child process...
[PARENT][Rank 70] | ERROR: Maximum respawn attempts reached. Marking rank as failed.
[PARENT][Rank 70] | [IDLE] Waiting for master to send 'Done'.
[PARENT][Rank 70] | ERROR: Unexpected error during PING-PONG check: AttributeError("'NoneType' object has no attribute 'Isend'")Attemping to respawn child process...
[PARENT][Rank 70] | ERROR: Maximum respawn attempts reached. Marking rank as failed.
[PARENT][Rank 70] | [IDLE] Waiting for master to send 'Done'.
[PARENT][Rank 68] | ERROR: Unexpected error during PING-PONG check: TimeoutError('Timeout while waiting for child to respond.')Attemping to respawn child process...
[PARENT][Rank 68] | WARNING: Child process died or is unresponsive. Respawning...
[PARENT][Rank 68] | [INFO] Successfully respawned child process.
[PARENT][Rank 68] | [IDLE] Waiting for master to send 'Done'.
[PARENT][Rank 70] | ERROR: Unexpected error during PING-PONG check: AttributeError("'NoneType' object has no attribute 'Isend'")Attemping to respawn child process...
[PARENT][Rank 70] | ERROR: Maximum respawn attempts reached. Marking rank as failed.
[PARENT][Rank 70] | [IDLE] Waiting for master to send 'Done'.
[PARENT][Rank 70] | ERROR: Unexpected error during PING-PONG check: AttributeError("'NoneType' object has no attribute 'Isend'")Attemping to respawn child process...
[PARENT][Rank 70] | ERROR: Maximum respawn attempts reached. Marking rank as failed.
[PARENT][Rank 70] | [IDLE] Waiting for master to send 'Done'.
[PARENT][Rank 70] | ERROR: Unexpected error during PING-PONG check: AttributeError("'NoneType' object has no attribute 'Isend'")Attemping to respawn child process...
[PARENT][Rank 70] | ERROR: Maximum respawn attempts reached. Marking rank as failed.
[PARENT][Rank 70] | [IDLE] Waiting for master to send 'Done'.
[PARENT][Rank 67] | ERROR: Unexpected error during PING-PONG check: TimeoutError('Timeout while waiting for child to respond.')Attemping to respawn child process...
[PARENT][Rank 67] | ERROR: Maximum respawn attempts reached. Marking rank as failed.
[PARENT][Rank 67] | [IDLE] Waiting for master to send 'Done'.
[PARENT][Rank 70] | ERROR: Unexpected error during PING-PONG check: AttributeError("'NoneType' object has no attribute 'Isend'")Attemping to respawn child process...
[PARENT][Rank 70] | ERROR: Maximum respawn attempts reached. Marking rank as failed.
[PARENT][Rank 70] | [IDLE] Waiting for master to send 'Done'.
[PARENT][Rank 70] | ERROR: Unexpected error during PING-PONG check: AttributeError("'NoneType' object has no attribute 'Isend'")Attemping to respawn child process...
[PARENT][Rank 70] | ERROR: Maximum respawn attempts reached. Marking rank as failed.
[PARENT][Rank 70] | [IDLE] Waiting for master to send 'Done'.
[PARENT][Rank 67] | ERROR: Unexpected error during PING-PONG check: AttributeError("'NoneType' object has no attribute 'Isend'")Attemping to respawn child process...
[PARENT][Rank 67] | ERROR: Maximum respawn attempts reached. Marking rank as failed.
[PARENT][Rank 67] | [IDLE] Waiting for master to send 'Done'.
[CHILD][Parent Rank 65] | ERROR: Timeout while waiting for message.
Exiting safely.
[PARENT][Rank 70] | ERROR: Unexpected error during PING-PONG check: AttributeError("'NoneType' object has no attribute 'Isend'")Attemping to respawn child process...
[PARENT][Rank 70] | ERROR: Maximum respawn attempts reached. Marking rank as failed.
[PARENT][Rank 70] | [IDLE] Waiting for master to send 'Done'.
[PARENT][Rank 67] | ERROR: Unexpected error during PING-PONG check: AttributeError("'NoneType' object has no attribute 'Isend'")Attemping to respawn child process...
[PARENT][Rank 67] | ERROR: Maximum respawn attempts reached. Marking rank as failed.
[PARENT][Rank 67] | [IDLE] Waiting for master to send 'Done'.
[PARENT][Rank 70] | ERROR: Unexpected error during PING-PONG check: AttributeError("'NoneType' object has no attribute 'Isend'")Attemping to respawn child process...
[PARENT][Rank 70] | ERROR: Maximum respawn attempts reached. Marking rank as failed.
[PARENT][Rank 70] | [IDLE] Waiting for master to send 'Done'.
[PARENT][Rank 67] | ERROR: Unexpected error during PING-PONG check: AttributeError("'NoneType' object has no attribute 'Isend'")Attemping to respawn child process...
[PARENT][Rank 67] | ERROR: Maximum respawn attempts reached. Marking rank as failed.
[PARENT][Rank 67] | [IDLE] Waiting for master to send 'Done'.
[PARENT][Rank 70] | ERROR: Unexpected error during PING-PONG check: AttributeError("'NoneType' object has no attribute 'Isend'")Attemping to respawn child process...
[PARENT][Rank 70] | ERROR: Maximum respawn attempts reached. Marking rank as failed.
[PARENT][Rank 70] | [IDLE] Waiting for master to send 'Done'.
[PARENT][Rank 67] | ERROR: Unexpected error during PING-PONG check: AttributeError("'NoneType' object has no attribute 'Isend'")Attemping to respawn child process...
[PARENT][Rank 67] | ERROR: Maximum respawn attempts reached. Marking rank as failed.
[PARENT][Rank 67] | [IDLE] Waiting for master to send 'Done'.
[PARENT][Rank 69] | ERROR: Unexpected error during PING-PONG check: TimeoutError('Timeout while waiting for child to respond.')Attemping to respawn child process...
[PARENT][Rank 69] | ERROR: Maximum respawn attempts reached. Marking rank as failed.
[PARENT][Rank 69] | [IDLE] Waiting for master to send 'Done'.
[PARENT][Rank 70] | ERROR: Unexpected error during PING-PONG check: AttributeError("'NoneType' object has no attribute 'Isend'")Attemping to respawn child process...
[PARENT][Rank 70] | ERROR: Maximum respawn attempts reached. Marking rank as failed.
[PARENT][Rank 70] | [IDLE] Waiting for master to send 'Done'.
[PARENT][Rank 67] | ERROR: Unexpected error during PING-PONG check: AttributeError("'NoneType' object has no attribute 'Isend'")Attemping to respawn child process...
[PARENT][Rank 67] | ERROR: Maximum respawn attempts reached. Marking rank as failed.
[PARENT][Rank 67] | [IDLE] Waiting for master to send 'Done'.
[PARENT][Rank 67] | ERROR: Unexpected error during PING-PONG check: AttributeError("'NoneType' object has no attribute 'Isend'")Attemping to respawn child process...
[PARENT][Rank 67] | ERROR: Maximum respawn attempts reached. Marking rank as failed.
[PARENT][Rank 67] | [IDLE] Waiting for master to send 'Done'.
[PARENT][Rank 69] | ERROR: Unexpected error during PING-PONG check: AttributeError("'NoneType' object has no attribute 'Isend'")Attemping to respawn child process...
[PARENT][Rank 69] | ERROR: Maximum respawn attempts reached. Marking rank as failed.
[PARENT][Rank 69] | [IDLE] Waiting for master to send 'Done'.
[PARENT][Rank 70] | ERROR: Unexpected error during PING-PONG check: AttributeError("'NoneType' object has no attribute 'Isend'")Attemping to respawn child process...
[PARENT][Rank 70] | ERROR: Maximum respawn attempts reached. Marking rank as failed.
[PARENT][Rank 70] | [IDLE] Waiting for master to send 'Done'.
[PARENT][Rank 69] | ERROR: Unexpected error during PING-PONG check: AttributeError("'NoneType' object has no attribute 'Isend'")Attemping to respawn child process...
[PARENT][Rank 69] | ERROR: Maximum respawn attempts reached. Marking rank as failed.
[PARENT][Rank 69] | [IDLE] Waiting for master to send 'Done'.
[PARENT][Rank 70] | ERROR: Unexpected error during PING-PONG check: AttributeError("'NoneType' object has no attribute 'Isend'")Attemping to respawn child process...
[PARENT][Rank 70] | ERROR: Maximum respawn attempts reached. Marking rank as failed.
[PARENT][Rank 70] | [IDLE] Waiting for master to send 'Done'.
[PARENT][Rank 67] | ERROR: Unexpected error during PING-PONG check: AttributeError("'NoneType' object has no attribute 'Isend'")Attemping to respawn child process...
[PARENT][Rank 67] | ERROR: Maximum respawn attempts reached. Marking rank as failed.
[PARENT][Rank 67] | [IDLE] Waiting for master to send 'Done'.
[PARENT][Rank 69] | ERROR: Unexpected error during PING-PONG check: AttributeError("'NoneType' object has no attribute 'Isend'")Attemping to respawn child process...
[PARENT][Rank 69] | ERROR: Maximum respawn attempts reached. Marking rank as failed.
[PARENT][Rank 69] | [IDLE] Waiting for master to send 'Done'.
[PARENT][Rank 70] | ERROR: Unexpected error during PING-PONG check: AttributeError("'NoneType' object has no attribute 'Isend'")Attemping to respawn child process...
[PARENT][Rank 70] | ERROR: Maximum respawn attempts reached. Marking rank as failed.
[PARENT][Rank 70] | [IDLE] Waiting for master to send 'Done'.
[PARENT][Rank 67] | ERROR: Unexpected error during PING-PONG check: AttributeError("'NoneType' object has no attribute 'Isend'")Attemping to respawn child process...
[PARENT][Rank 67] | ERROR: Maximum respawn attempts reached. Marking rank as failed.
[PARENT][Rank 67] | [IDLE] Waiting for master to send 'Done'.
[PARENT][Rank 67] | ERROR: Unexpected error during PING-PONG check: AttributeError("'NoneType' object has no attribute 'Isend'")Attemping to respawn child process...
[PARENT][Rank 67] | ERROR: Maximum respawn attempts reached. Marking rank as failed.
[PARENT][Rank 67] | [IDLE] Waiting for master to send 'Done'.
[PARENT][Rank 69] | ERROR: Unexpected error during PING-PONG check: AttributeError("'NoneType' object has no attribute 'Isend'")Attemping to respawn child process...
[PARENT][Rank 69] | ERROR: Maximum respawn attempts reached. Marking rank as failed.
[PARENT][Rank 69] | [IDLE] Waiting for master to send 'Done'.
[PARENT][Rank 70] | ERROR: Unexpected error during PING-PONG check: AttributeError("'NoneType' object has no attribute 'Isend'")Attemping to respawn child process...
[PARENT][Rank 70] | ERROR: Maximum respawn attempts reached. Marking rank as failed.
[PARENT][Rank 70] | [IDLE] Waiting for master to send 'Done'.
[PARENT][Rank 67] | ERROR: Unexpected error during PING-PONG check: AttributeError("'NoneType' object has no attribute 'Isend'")Attemping to respawn child process...
[PARENT][Rank 67] | ERROR: Maximum respawn attempts reached. Marking rank as failed.
[PARENT][Rank 67] | [IDLE] Waiting for master to send 'Done'.
[PARENT][Rank 69] | ERROR: Unexpected error during PING-PONG check: AttributeError("'NoneType' object has no attribute 'Isend'")Attemping to respawn child process...
[PARENT][Rank 69] | ERROR: Maximum respawn attempts reached. Marking rank as failed.
[PARENT][Rank 69] | [IDLE] Waiting for master to send 'Done'.
[PARENT][Rank 70] | ERROR: Unexpected error during PING-PONG check: AttributeError("'NoneType' object has no attribute 'Isend'")Attemping to respawn child process...
[PARENT][Rank 70] | ERROR: Maximum respawn attempts reached. Marking rank as failed.
[PARENT][Rank 70] | [IDLE] Waiting for master to send 'Done'.
[PARENT][Rank 67] | ERROR: Unexpected error during PING-PONG check: AttributeError("'NoneType' object has no attribute 'Isend'")Attemping to respawn child process...
[PARENT][Rank 67] | ERROR: Maximum respawn attempts reached. Marking rank as failed.
[PARENT][Rank 67] | [IDLE] Waiting for master to send 'Done'.
[PARENT][Rank 69] | ERROR: Unexpected error during PING-PONG check: AttributeError("'NoneType' object has no attribute 'Isend'")Attemping to respawn child process...
[PARENT][Rank 69] | ERROR: Maximum respawn attempts reached. Marking rank as failed.
[PARENT][Rank 69] | [IDLE] Waiting for master to send 'Done'.
[PARENT][Rank 70] | ERROR: Unexpected error during PING-PONG check: AttributeError("'NoneType' object has no attribute 'Isend'")Attemping to respawn child process...
[PARENT][Rank 70] | ERROR: Maximum respawn attempts reached. Marking rank as failed.
[PARENT][Rank 70] | [IDLE] Waiting for master to send 'Done'.
[PARENT][Rank 67] | ERROR: Unexpected error during PING-PONG check: AttributeError("'NoneType' object has no attribute 'Isend'")Attemping to respawn child process...
[PARENT][Rank 67] | ERROR: Maximum respawn attempts reached. Marking rank as failed.
[PARENT][Rank 67] | [IDLE] Waiting for master to send 'Done'.
[PARENT][Rank 69] | ERROR: Unexpected error during PING-PONG check: AttributeError("'NoneType' object has no attribute 'Isend'")Attemping to respawn child process...
[PARENT][Rank 69] | ERROR: Maximum respawn attempts reached. Marking rank as failed.
[PARENT][Rank 69] | [IDLE] Waiting for master to send 'Done'.
[PARENT][Rank 70] | ERROR: Unexpected error during PING-PONG check: AttributeError("'NoneType' object has no attribute 'Isend'")Attemping to respawn child process...
[PARENT][Rank 70] | ERROR: Maximum respawn attempts reached. Marking rank as failed.
[PARENT][Rank 70] | [IDLE] Waiting for master to send 'Done'.
[PARENT][Rank 67] | ERROR: Unexpected error during PING-PONG check: AttributeError("'NoneType' object has no attribute 'Isend'")Attemping to respawn child process...
[PARENT][Rank 67] | ERROR: Maximum respawn attempts reached. Marking rank as failed.
[PARENT][Rank 67] | [IDLE] Waiting for master to send 'Done'.
[PARENT][Rank 69] | ERROR: Unexpected error during PING-PONG check: AttributeError("'NoneType' object has no attribute 'Isend'")Attemping to respawn child process...
[PARENT][Rank 69] | ERROR: Maximum respawn attempts reached. Marking rank as failed.
[PARENT][Rank 69] | [IDLE] Waiting for master to send 'Done'.
[PARENT][Rank 70] | ERROR: Unexpected error during PING-PONG check: AttributeError("'NoneType' object has no attribute 'Isend'")Attemping to respawn child process...
[PARENT][Rank 70] | ERROR: Maximum respawn attempts reached. Marking rank as failed.
[PARENT][Rank 70] | [IDLE] Waiting for master to send 'Done'.
[PARENT][Rank 69] | ERROR: Unexpected error during PING-PONG check: AttributeError("'NoneType' object has no attribute 'Isend'")Attemping to respawn child process...
[PARENT][Rank 69] | ERROR: Maximum respawn attempts reached. Marking rank as failed.
[PARENT][Rank 69] | [IDLE] Waiting for master to send 'Done'.
[PARENT][Rank 70] | ERROR: Unexpected error during PING-PONG check: AttributeError("'NoneType' object has no attribute 'Isend'")Attemping to respawn child process...
[PARENT][Rank 70] | ERROR: Maximum respawn attempts reached. Marking rank as failed.
[PARENT][Rank 70] | [IDLE] Waiting for master to send 'Done'.
[PARENT][Rank 67] | ERROR: Unexpected error during PING-PONG check: AttributeError("'NoneType' object has no attribute 'Isend'")Attemping to respawn child process...
[PARENT][Rank 67] | ERROR: Maximum respawn attempts reached. Marking rank as failed.
[PARENT][Rank 67] | [IDLE] Waiting for master to send 'Done'.
[PARENT][Rank 67] | ERROR: Unexpected error during PING-PONG check: AttributeError("'NoneType' object has no attribute 'Isend'")Attemping to respawn child process...
[PARENT][Rank 67] | ERROR: Maximum respawn attempts reached. Marking rank as failed.
[PARENT][Rank 67] | [IDLE] Waiting for master to send 'Done'.
[PARENT][Rank 69] | ERROR: Unexpected error during PING-PONG check: AttributeError("'NoneType' object has no attribute 'Isend'")Attemping to respawn child process...
[PARENT][Rank 69] | ERROR: Maximum respawn attempts reached. Marking rank as failed.
[PARENT][Rank 69] | [IDLE] Waiting for master to send 'Done'.
[PARENT][Rank 70] | ERROR: Unexpected error during PING-PONG check: AttributeError("'NoneType' object has no attribute 'Isend'")Attemping to respawn child process...
[PARENT][Rank 70] | ERROR: Maximum respawn attempts reached. Marking rank as failed.
[PARENT][Rank 70] | [IDLE] Waiting for master to send 'Done'.
[PARENT][Rank 67] | ERROR: Unexpected error during PING-PONG check: AttributeError("'NoneType' object has no attribute 'Isend'")Attemping to respawn child process...
[PARENT][Rank 67] | ERROR: Maximum respawn attempts reached. Marking rank as failed.
[PARENT][Rank 67] | [IDLE] Waiting for master to send 'Done'.
[PARENT][Rank 69] | ERROR: Unexpected error during PING-PONG check: AttributeError("'NoneType' object has no attribute 'Isend'")Attemping to respawn child process...
[PARENT][Rank 69] | ERROR: Maximum respawn attempts reached. Marking rank as failed.
[PARENT][Rank 69] | [IDLE] Waiting for master to send 'Done'.
[PARENT][Rank 70] | ERROR: Unexpected error during PING-PONG check: AttributeError("'NoneType' object has no attribute 'Isend'")Attemping to respawn child process...
[PARENT][Rank 70] | ERROR: Maximum respawn attempts reached. Marking rank as failed.
[PARENT][Rank 70] | [IDLE] Waiting for master to send 'Done'.
[CHILD][Parent Rank 67] | ERROR: Timeout while waiting for message.
Exiting safely.
[PARENT][Rank 69] | ERROR: Unexpected error during PING-PONG check: AttributeError("'NoneType' object has no attribute 'Isend'")Attemping to respawn child process...
[PARENT][Rank 69] | ERROR: Maximum respawn attempts reached. Marking rank as failed.
[PARENT][Rank 69] | [IDLE] Waiting for master to send 'Done'.
[PARENT][Rank 70] | ERROR: Unexpected error during PING-PONG check: AttributeError("'NoneType' object has no attribute 'Isend'")Attemping to respawn child process...
[PARENT][Rank 70] | ERROR: Maximum respawn attempts reached. Marking rank as failed.
[PARENT][Rank 70] | [IDLE] Waiting for master to send 'Done'.
[PARENT][Rank 67] | ERROR: Unexpected error during PING-PONG check: AttributeError("'NoneType' object has no attribute 'Isend'")Attemping to respawn child process...
[PARENT][Rank 67] | ERROR: Maximum respawn attempts reached. Marking rank as failed.
[PARENT][Rank 67] | [IDLE] Waiting for master to send 'Done'.
[PARENT][Rank 69] | ERROR: Unexpected error during PING-PONG check: AttributeError("'NoneType' object has no attribute 'Isend'")Attemping to respawn child process...
[PARENT][Rank 69] | ERROR: Maximum respawn attempts reached. Marking rank as failed.
[PARENT][Rank 69] | [IDLE] Waiting for master to send 'Done'.
[PARENT][Rank 70] | ERROR: Unexpected error during PING-PONG check: AttributeError("'NoneType' object has no attribute 'Isend'")Attemping to respawn child process...
[PARENT][Rank 70] | ERROR: Maximum respawn attempts reached. Marking rank as failed.
[PARENT][Rank 70] | [IDLE] Waiting for master to send 'Done'.
[PARENT][Rank 67] | ERROR: Unexpected error during PING-PONG check: AttributeError("'NoneType' object has no attribute 'Isend'")Attemping to respawn child process...
[PARENT][Rank 67] | ERROR: Maximum respawn attempts reached. Marking rank as failed.
[PARENT][Rank 67] | [IDLE] Waiting for master to send 'Done'.
[PARENT][Rank 69] | ERROR: Unexpected error during PING-PONG check: AttributeError("'NoneType' object has no attribute 'Isend'")Attemping to respawn child process...
[PARENT][Rank 69] | ERROR: Maximum respawn attempts reached. Marking rank as failed.
[PARENT][Rank 69] | [IDLE] Waiting for master to send 'Done'.
[PARENT][Rank 70] | ERROR: Unexpected error during PING-PONG check: AttributeError("'NoneType' object has no attribute 'Isend'")Attemping to respawn child process...
[PARENT][Rank 70] | ERROR: Maximum respawn attempts reached. Marking rank as failed.
[PARENT][Rank 70] | [IDLE] Waiting for master to send 'Done'.
[PARENT][Rank 67] | ERROR: Unexpected error during PING-PONG check: AttributeError("'NoneType' object has no attribute 'Isend'")Attemping to respawn child process...
[PARENT][Rank 67] | ERROR: Maximum respawn attempts reached. Marking rank as failed.
[PARENT][Rank 67] | [IDLE] Waiting for master to send 'Done'.
[PARENT][Rank 69] | ERROR: Unexpected error during PING-PONG check: AttributeError("'NoneType' object has no attribute 'Isend'")Attemping to respawn child process...
[PARENT][Rank 69] | ERROR: Maximum respawn attempts reached. Marking rank as failed.
[PARENT][Rank 69] | [IDLE] Waiting for master to send 'Done'.
[PARENT][Rank 70] | ERROR: Unexpected error during PING-PONG check: AttributeError("'NoneType' object has no attribute 'Isend'")Attemping to respawn child process...
[PARENT][Rank 70] | ERROR: Maximum respawn attempts reached. Marking rank as failed.
[PARENT][Rank 70] | [IDLE] Waiting for master to send 'Done'.
[PARENT][Rank 67] | ERROR: Unexpected error during PING-PONG check: AttributeError("'NoneType' object has no attribute 'Isend'")Attemping to respawn child process...
[PARENT][Rank 67] | ERROR: Maximum respawn attempts reached. Marking rank as failed.
[PARENT][Rank 67] | [IDLE] Waiting for master to send 'Done'.
[PARENT][Rank 69] | ERROR: Unexpected error during PING-PONG check: AttributeError("'NoneType' object has no attribute 'Isend'")Attemping to respawn child process...
[PARENT][Rank 69] | ERROR: Maximum respawn attempts reached. Marking rank as failed.
[PARENT][Rank 69] | [IDLE] Waiting for master to send 'Done'.
[PARENT][Rank 70] | ERROR: Unexpected error during PING-PONG check: AttributeError("'NoneType' object has no attribute 'Isend'")Attemping to respawn child process...
[PARENT][Rank 70] | ERROR: Maximum respawn attempts reached. Marking rank as failed.
[PARENT][Rank 70] | [IDLE] Waiting for master to send 'Done'.
[PARENT][Rank 67] | ERROR: Unexpected error during PING-PONG check: AttributeError("'NoneType' object has no attribute 'Isend'")Attemping to respawn child process...
[PARENT][Rank 67] | ERROR: Maximum respawn attempts reached. Marking rank as failed.
[PARENT][Rank 67] | [IDLE] Waiting for master to send 'Done'.
[PARENT][Rank 69] | ERROR: Unexpected error during PING-PONG check: AttributeError("'NoneType' object has no attribute 'Isend'")Attemping to respawn child process...
[PARENT][Rank 69] | ERROR: Maximum respawn attempts reached. Marking rank as failed.
[PARENT][Rank 69] | [IDLE] Waiting for master to send 'Done'.
[PARENT][Rank 70] | ERROR: Unexpected error during PING-PONG check: AttributeError("'NoneType' object has no attribute 'Isend'")Attemping to respawn child process...
[PARENT][Rank 70] | ERROR: Maximum respawn attempts reached. Marking rank as failed.
[PARENT][Rank 70] | [IDLE] Waiting for master to send 'Done'.
[PARENT][Rank 67] | ERROR: Unexpected error during PING-PONG check: AttributeError("'NoneType' object has no attribute 'Isend'")Attemping to respawn child process...
[PARENT][Rank 67] | ERROR: Maximum respawn attempts reached. Marking rank as failed.
[PARENT][Rank 67] | [IDLE] Waiting for master to send 'Done'.
[PARENT][Rank 69] | ERROR: Unexpected error during PING-PONG check: AttributeError("'NoneType' object has no attribute 'Isend'")Attemping to respawn child process...
[PARENT][Rank 69] | ERROR: Maximum respawn attempts reached. Marking rank as failed.
[PARENT][Rank 69] | [IDLE] Waiting for master to send 'Done'.
[PARENT][Rank 70] | ERROR: Unexpected error during PING-PONG check: AttributeError("'NoneType' object has no attribute 'Isend'")Attemping to respawn child process...
[PARENT][Rank 70] | ERROR: Maximum respawn attempts reached. Marking rank as failed.
[PARENT][Rank 70] | [IDLE] Waiting for master to send 'Done'.
[CHILD][Parent Rank 69] | ERROR: Timeout while waiting for message.
Exiting safely.
[PARENT][Rank 69] | ERROR: Unexpected error during PING-PONG check: AttributeError("'NoneType' object has no attribute 'Isend'")Attemping to respawn child process...
[PARENT][Rank 69] | ERROR: Maximum respawn attempts reached. Marking rank as failed.
[PARENT][Rank 69] | [IDLE] Waiting for master to send 'Done'.
[PARENT][Rank 70] | ERROR: Unexpected error during PING-PONG check: AttributeError("'NoneType' object has no attribute 'Isend'")Attemping to respawn child process...
[PARENT][Rank 70] | ERROR: Maximum respawn attempts reached. Marking rank as failed.
[PARENT][Rank 70] | [IDLE] Waiting for master to send 'Done'.
[PARENT][Rank 67] | ERROR: Unexpected error during PING-PONG check: AttributeError("'NoneType' object has no attribute 'Isend'")Attemping to respawn child process...
[PARENT][Rank 67] | ERROR: Maximum respawn attempts reached. Marking rank as failed.
[PARENT][Rank 67] | [IDLE] Waiting for master to send 'Done'.
[PARENT][Rank 69] | ERROR: Unexpected error during PING-PONG check: AttributeError("'NoneType' object has no attribute 'Isend'")Attemping to respawn child process...
[PARENT][Rank 69] | ERROR: Maximum respawn attempts reached. Marking rank as failed.
[PARENT][Rank 69] | [IDLE] Waiting for master to send 'Done'.
[PARENT][Rank 70] | ERROR: Unexpected error during PING-PONG check: AttributeError("'NoneType' object has no attribute 'Isend'")Attemping to respawn child process...
[PARENT][Rank 70] | ERROR: Maximum respawn attempts reached. Marking rank as failed.
[PARENT][Rank 70] | [IDLE] Waiting for master to send 'Done'.
[PARENT][Rank 67] | ERROR: Unexpected error during PING-PONG check: AttributeError("'NoneType' object has no attribute 'Isend'")Attemping to respawn child process...
[PARENT][Rank 67] | ERROR: Maximum respawn attempts reached. Marking rank as failed.
[PARENT][Rank 67] | [IDLE] Waiting for master to send 'Done'.
[PARENT][Rank 69] | ERROR: Unexpected error during PING-PONG check: AttributeError("'NoneType' object has no attribute 'Isend'")Attemping to respawn child process...
[PARENT][Rank 69] | ERROR: Maximum respawn attempts reached. Marking rank as failed.
[PARENT][Rank 69] | [IDLE] Waiting for master to send 'Done'.
[PARENT][Rank 70] | ERROR: Unexpected error during PING-PONG check: AttributeError("'NoneType' object has no attribute 'Isend'")Attemping to respawn child process...
[PARENT][Rank 70] | ERROR: Maximum respawn attempts reached. Marking rank as failed.
[PARENT][Rank 70] | [IDLE] Waiting for master to send 'Done'.
[PARENT][Rank 67] | ERROR: Unexpected error during PING-PONG check: AttributeError("'NoneType' object has no attribute 'Isend'")Attemping to respawn child process...
[PARENT][Rank 67] | ERROR: Maximum respawn attempts reached. Marking rank as failed.
[PARENT][Rank 67] | [IDLE] Waiting for master to send 'Done'.
[PARENT][Rank 68] | [IDLE] Waiting for master to send 'Done'.
[PARENT][Rank 69] | ERROR: Unexpected error during PING-PONG check: AttributeError("'NoneType' object has no attribute 'Isend'")Attemping to respawn child process...
[PARENT][Rank 69] | ERROR: Maximum respawn attempts reached. Marking rank as failed.
[PARENT][Rank 69] | [IDLE] Waiting for master to send 'Done'.
[PARENT][Rank 70] | ERROR: Unexpected error during PING-PONG check: AttributeError("'NoneType' object has no attribute 'Isend'")Attemping to respawn child process...
[PARENT][Rank 70] | ERROR: Maximum respawn attempts reached. Marking rank as failed.
[PARENT][Rank 70] | [IDLE] Waiting for master to send 'Done'.
[PARENT][Rank 67] | ERROR: Unexpected error during PING-PONG check: AttributeError("'NoneType' object has no attribute 'Isend'")Attemping to respawn child process...
[PARENT][Rank 67] | ERROR: Maximum respawn attempts reached. Marking rank as failed.
[PARENT][Rank 67] | [IDLE] Waiting for master to send 'Done'.
[PARENT][Rank 69] | ERROR: Unexpected error during PING-PONG check: AttributeError("'NoneType' object has no attribute 'Isend'")Attemping to respawn child process...
[PARENT][Rank 69] | ERROR: Maximum respawn attempts reached. Marking rank as failed.
[PARENT][Rank 69] | [IDLE] Waiting for master to send 'Done'.
[PARENT][Rank 70] | ERROR: Unexpected error during PING-PONG check: AttributeError("'NoneType' object has no attribute 'Isend'")Attemping to respawn child process...
[PARENT][Rank 70] | ERROR: Maximum respawn attempts reached. Marking rank as failed.
[PARENT][Rank 70] | [IDLE] Waiting for master to send 'Done'.
[PARENT][Rank 67] | ERROR: Unexpected error during PING-PONG check: AttributeError("'NoneType' object has no attribute 'Isend'")Attemping to respawn child process...
[PARENT][Rank 67] | ERROR: Maximum respawn attempts reached. Marking rank as failed.
[PARENT][Rank 67] | [IDLE] Waiting for master to send 'Done'.
[PARENT][Rank 69] | ERROR: Unexpected error during PING-PONG check: AttributeError("'NoneType' object has no attribute 'Isend'")Attemping to respawn child process...
[PARENT][Rank 69] | ERROR: Maximum respawn attempts reached. Marking rank as failed.
[PARENT][Rank 69] | [IDLE] Waiting for master to send 'Done'.
[PARENT][Rank 70] | ERROR: Unexpected error during PING-PONG check: AttributeError("'NoneType' object has no attribute 'Isend'")Attemping to respawn child process...
[PARENT][Rank 70] | ERROR: Maximum respawn attempts reached. Marking rank as failed.
[PARENT][Rank 70] | [IDLE] Waiting for master to send 'Done'.
[PARENT][Rank 67] | ERROR: Unexpected error during PING-PONG check: AttributeError("'NoneType' object has no attribute 'Isend'")Attemping to respawn child process...
[PARENT][Rank 67] | ERROR: Maximum respawn attempts reached. Marking rank as failed.
[PARENT][Rank 67] | [IDLE] Waiting for master to send 'Done'.
[PARENT][Rank 69] | ERROR: Unexpected error during PING-PONG check: AttributeError("'NoneType' object has no attribute 'Isend'")Attemping to respawn child process...
[PARENT][Rank 69] | ERROR: Maximum respawn attempts reached. Marking rank as failed.
[PARENT][Rank 69] | [IDLE] Waiting for master to send 'Done'.
[PARENT][Rank 70] | ERROR: Unexpected error during PING-PONG check: AttributeError("'NoneType' object has no attribute 'Isend'")Attemping to respawn child process...
[PARENT][Rank 70] | ERROR: Maximum respawn attempts reached. Marking rank as failed.
[PARENT][Rank 70] | [IDLE] Waiting for master to send 'Done'.
[PARENT][Rank 67] | ERROR: Unexpected error during PING-PONG check: AttributeError("'NoneType' object has no attribute 'Isend'")Attemping to respawn child process...
[PARENT][Rank 67] | ERROR: Maximum respawn attempts reached. Marking rank as failed.
[PARENT][Rank 67] | [IDLE] Waiting for master to send 'Done'.
[PARENT][Rank 69] | ERROR: Unexpected error during PING-PONG check: AttributeError("'NoneType' object has no attribute 'Isend'")Attemping to respawn child process...
[PARENT][Rank 69] | ERROR: Maximum respawn attempts reached. Marking rank as failed.
[PARENT][Rank 69] | [IDLE] Waiting for master to send 'Done'.
[PARENT][Rank 70] | ERROR: Unexpected error during PING-PONG check: AttributeError("'NoneType' object has no attribute 'Isend'")Attemping to respawn child process...
[PARENT][Rank 70] | ERROR: Maximum respawn attempts reached. Marking rank as failed.
[PARENT][Rank 70] | [IDLE] Waiting for master to send 'Done'.
[PARENT][Rank 67] | ERROR: Unexpected error during PING-PONG check: AttributeError("'NoneType' object has no attribute 'Isend'")Attemping to respawn child process...
[PARENT][Rank 67] | ERROR: Maximum respawn attempts reached. Marking rank as failed.
[PARENT][Rank 67] | [IDLE] Waiting for master to send 'Done'.
[PARENT][Rank 64] | ERROR: Failed to send or receive data to/from child process. Child process may have crashed.Possibly due to out-of-memory or other critical error during CLASS computation    .
Model: {'lensing': 'yes', 'output': 'tCl,lCl,pCl,mPk', 'l_max_scalars': 2508, 'k_pivot': 0.05, 'N_ur': 2.0328, 'N_ncdm': 1, 'm_ncdm': 0.06, 'T_ncdm': 0.71611, 'N_ncdm_decay_dr': 1, 'quadrature_strategy_ncdm_decay_dr': 3, 'ncdm_fluid_approximation': 3, 'maximum_q_ncdm_decay_dr': 15.0, 'background_method': 0, 'evolver': 1, 'N_momentum_bins_ncdm_decay_dr': 7, 'l_max_ncdm': 13, 'l_max_dr': 13, 'l_max_dr_col': 13, 'omega_b': 0.020583538, 'omega_cdm': 0.2145331, 'Neff_ini_dncdm': 1.134468, 'log10lifetime_ncdm_decay_dr': 2.341708, 'm_ncdm_decay_dr': 54.27148, 'H0': 64.0019, 'ln10^{10}A_s': 3.092673, 'n_s': 0.9622736, 'tau_reio': 0.01140354, 'P_k_max_1/Mpc': 1.0}
skipping to the next model...
[PARENT][Rank 64] | Exception: TimeoutError('Timeout while waiting for child to respond.')
[PARENT][Rank 64] | [IDLE] Waiting for master to send 'Done'.
[PARENT][Rank 69] | ERROR: Unexpected error during PING-PONG check: AttributeError("'NoneType' object has no attribute 'Isend'")Attemping to respawn child process...
[PARENT][Rank 69] | ERROR: Maximum respawn attempts reached. Marking rank as failed.
[PARENT][Rank 69] | [IDLE] Waiting for master to send 'Done'.
[PARENT][Rank 70] | ERROR: Unexpected error during PING-PONG check: AttributeError("'NoneType' object has no attribute 'Isend'")Attemping to respawn child process...
[PARENT][Rank 70] | ERROR: Maximum respawn attempts reached. Marking rank as failed.
[PARENT][Rank 70] | [IDLE] Waiting for master to send 'Done'.
[PARENT][Rank 67] | ERROR: Unexpected error during PING-PONG check: AttributeError("'NoneType' object has no attribute 'Isend'")Attemping to respawn child process...
[PARENT][Rank 67] | ERROR: Maximum respawn attempts reached. Marking rank as failed.
[PARENT][Rank 67] | [IDLE] Waiting for master to send 'Done'.
[PARENT][Rank 69] | ERROR: Unexpected error during PING-PONG check: AttributeError("'NoneType' object has no attribute 'Isend'")Attemping to respawn child process...
[PARENT][Rank 69] | ERROR: Maximum respawn attempts reached. Marking rank as failed.
[PARENT][Rank 69] | [IDLE] Waiting for master to send 'Done'.
[PARENT][Rank 70] | ERROR: Unexpected error during PING-PONG check: AttributeError("'NoneType' object has no attribute 'Isend'")Attemping to respawn child process...
[PARENT][Rank 70] | ERROR: Maximum respawn attempts reached. Marking rank as failed.
[PARENT][Rank 70] | [IDLE] Waiting for master to send 'Done'.
[PARENT][Rank 67] | ERROR: Unexpected error during PING-PONG check: AttributeError("'NoneType' object has no attribute 'Isend'")Attemping to respawn child process...
[PARENT][Rank 67] | ERROR: Maximum respawn attempts reached. Marking rank as failed.
[PARENT][Rank 67] | [IDLE] Waiting for master to send 'Done'.
[PARENT][Rank 67] | ERROR: Unexpected error during PING-PONG check: AttributeError("'NoneType' object has no attribute 'Isend'")Attemping to respawn child process...
[PARENT][Rank 67] | ERROR: Maximum respawn attempts reached. Marking rank as failed.
[PARENT][Rank 67] | [IDLE] Waiting for master to send 'Done'.
[PARENT][Rank 70] | ERROR: Unexpected error during PING-PONG check: AttributeError("'NoneType' object has no attribute 'Isend'")Attemping to respawn child process...
[PARENT][Rank 70] | ERROR: Maximum respawn attempts reached. Marking rank as failed.
[PARENT][Rank 70] | [IDLE] Waiting for master to send 'Done'.
[PARENT][Rank 69] | ERROR: Unexpected error during PING-PONG check: AttributeError("'NoneType' object has no attribute 'Isend'")Attemping to respawn child process...
[PARENT][Rank 69] | ERROR: Maximum respawn attempts reached. Marking rank as failed.
[PARENT][Rank 69] | [IDLE] Waiting for master to send 'Done'.
[PARENT][Rank 70] | ERROR: Unexpected error during PING-PONG check: AttributeError("'NoneType' object has no attribute 'Isend'")Attemping to respawn child process...
[PARENT][Rank 70] | ERROR: Maximum respawn attempts reached. Marking rank as failed.
[PARENT][Rank 70] | [IDLE] Waiting for master to send 'Done'.
[PARENT][Rank 69] | ERROR: Unexpected error during PING-PONG check: AttributeError("'NoneType' object has no attribute 'Isend'")Attemping to respawn child process...
[PARENT][Rank 69] | ERROR: Maximum respawn attempts reached. Marking rank as failed.
[PARENT][Rank 69] | [IDLE] Waiting for master to send 'Done'.
[PARENT][Rank 67] | ERROR: Unexpected error during PING-PONG check: AttributeError("'NoneType' object has no attribute 'Isend'")Attemping to respawn child process...
[PARENT][Rank 67] | ERROR: Maximum respawn attempts reached. Marking rank as failed.
[PARENT][Rank 67] | [IDLE] Waiting for master to send 'Done'.
[PARENT][Rank 70] | ERROR: Unexpected error during PING-PONG check: AttributeError("'NoneType' object has no attribute 'Isend'")Attemping to respawn child process...
[PARENT][Rank 70] | ERROR: Maximum respawn attempts reached. Marking rank as failed.
[PARENT][Rank 70] | [IDLE] Waiting for master to send 'Done'.
[PARENT][Rank 69] | ERROR: Unexpected error during PING-PONG check: AttributeError("'NoneType' object has no attribute 'Isend'")Attemping to respawn child process...
[PARENT][Rank 69] | ERROR: Maximum respawn attempts reached. Marking rank as failed.
[PARENT][Rank 69] | [IDLE] Waiting for master to send 'Done'.
[PARENT][Rank 70] | ERROR: Unexpected error during PING-PONG check: AttributeError("'NoneType' object has no attribute 'Isend'")Attemping to respawn child process...
[PARENT][Rank 70] | ERROR: Maximum respawn attempts reached. Marking rank as failed.
[PARENT][Rank 70] | [IDLE] Waiting for master to send 'Done'.
[PARENT][Rank 69] | ERROR: Unexpected error during PING-PONG check: AttributeError("'NoneType' object has no attribute 'Isend'")Attemping to respawn child process...
[PARENT][Rank 69] | ERROR: Maximum respawn attempts reached. Marking rank as failed.
[PARENT][Rank 69] | [IDLE] Waiting for master to send 'Done'.
[PARENT][Rank 67] | ERROR: Unexpected error during PING-PONG check: AttributeError("'NoneType' object has no attribute 'Isend'")Attemping to respawn child process...
[PARENT][Rank 67] | ERROR: Maximum respawn attempts reached. Marking rank as failed.
[PARENT][Rank 67] | [IDLE] Waiting for master to send 'Done'.
[PARENT][Rank 70] | ERROR: Unexpected error during PING-PONG check: AttributeError("'NoneType' object has no attribute 'Isend'")Attemping to respawn child process...
[PARENT][Rank 70] | ERROR: Maximum respawn attempts reached. Marking rank as failed.
[PARENT][Rank 70] | [IDLE] Waiting for master to send 'Done'.
[PARENT][Rank 69] | ERROR: Unexpected error during PING-PONG check: AttributeError("'NoneType' object has no attribute 'Isend'")Attemping to respawn child process...
[PARENT][Rank 69] | ERROR: Maximum respawn attempts reached. Marking rank as failed.
[PARENT][Rank 69] | [IDLE] Waiting for master to send 'Done'.
[PARENT][Rank 67] | ERROR: Unexpected error during PING-PONG check: AttributeError("'NoneType' object has no attribute 'Isend'")Attemping to respawn child process...
[PARENT][Rank 67] | ERROR: Maximum respawn attempts reached. Marking rank as failed.
[PARENT][Rank 67] | [IDLE] Waiting for master to send 'Done'.
[PARENT][Rank 70] | ERROR: Unexpected error during PING-PONG check: AttributeError("'NoneType' object has no attribute 'Isend'")Attemping to respawn child process...
[PARENT][Rank 70] | ERROR: Maximum respawn attempts reached. Marking rank as failed.
[PARENT][Rank 70] | [IDLE] Waiting for master to send 'Done'.
[PARENT][Rank 69] | ERROR: Unexpected error during PING-PONG check: AttributeError("'NoneType' object has no attribute 'Isend'")Attemping to respawn child process...
[PARENT][Rank 69] | ERROR: Maximum respawn attempts reached. Marking rank as failed.
[PARENT][Rank 69] | [IDLE] Waiting for master to send 'Done'.
[PARENT][Rank 67] | ERROR: Unexpected error during PING-PONG check: AttributeError("'NoneType' object has no attribute 'Isend'")Attemping to respawn child process...
[PARENT][Rank 67] | ERROR: Maximum respawn attempts reached. Marking rank as failed.
[PARENT][Rank 67] | [IDLE] Waiting for master to send 'Done'.
[PARENT][Rank 70] | ERROR: Unexpected error during PING-PONG check: AttributeError("'NoneType' object has no attribute 'Isend'")Attemping to respawn child process...
[PARENT][Rank 70] | ERROR: Maximum respawn attempts reached. Marking rank as failed.
[PARENT][Rank 70] | [IDLE] Waiting for master to send 'Done'.
[PARENT][Rank 69] | ERROR: Unexpected error during PING-PONG check: AttributeError("'NoneType' object has no attribute 'Isend'")Attemping to respawn child process...
[PARENT][Rank 69] | ERROR: Maximum respawn attempts reached. Marking rank as failed.
[PARENT][Rank 69] | [IDLE] Waiting for master to send 'Done'.
[PARENT][Rank 70] | ERROR: Unexpected error during PING-PONG check: AttributeError("'NoneType' object has no attribute 'Isend'")Attemping to respawn child process...
[PARENT][Rank 70] | ERROR: Maximum respawn attempts reached. Marking rank as failed.
[PARENT][Rank 70] | [IDLE] Waiting for master to send 'Done'.
[PARENT][Rank 69] | ERROR: Unexpected error during PING-PONG check: AttributeError("'NoneType' object has no attribute 'Isend'")Attemping to respawn child process...
[PARENT][Rank 69] | ERROR: Maximum respawn attempts reached. Marking rank as failed.
[PARENT][Rank 69] | [IDLE] Waiting for master to send 'Done'.
[PARENT][Rank 67] | ERROR: Unexpected error during PING-PONG check: AttributeError("'NoneType' object has no attribute 'Isend'")Attemping to respawn child process...
[PARENT][Rank 67] | ERROR: Maximum respawn attempts reached. Marking rank as failed.
[PARENT][Rank 67] | [IDLE] Waiting for master to send 'Done'.
[PARENT][Rank 69] | ERROR: Unexpected error during PING-PONG check: AttributeError("'NoneType' object has no attribute 'Isend'")Attemping to respawn child process...
[PARENT][Rank 69] | ERROR: Maximum respawn attempts reached. Marking rank as failed.
[PARENT][Rank 69] | [IDLE] Waiting for master to send 'Done'.
[PARENT][Rank 70] | ERROR: Unexpected error during PING-PONG check: AttributeError("'NoneType' object has no attribute 'Isend'")Attemping to respawn child process...
[PARENT][Rank 70] | ERROR: Maximum respawn attempts reached. Marking rank as failed.
[PARENT][Rank 70] | [IDLE] Waiting for master to send 'Done'.
[PARENT][Rank 67] | ERROR: Unexpected error during PING-PONG check: AttributeError("'NoneType' object has no attribute 'Isend'")Attemping to respawn child process...
[PARENT][Rank 67] | ERROR: Maximum respawn attempts reached. Marking rank as failed.
[PARENT][Rank 67] | [IDLE] Waiting for master to send 'Done'.
[PARENT][Rank 70] | ERROR: Unexpected error during PING-PONG check: AttributeError("'NoneType' object has no attribute 'Isend'")Attemping to respawn child process...
[PARENT][Rank 70] | ERROR: Maximum respawn attempts reached. Marking rank as failed.
[PARENT][Rank 70] | [IDLE] Waiting for master to send 'Done'.
[PARENT][Rank 69] | ERROR: Unexpected error during PING-PONG check: AttributeError("'NoneType' object has no attribute 'Isend'")Attemping to respawn child process...
[PARENT][Rank 69] | ERROR: Maximum respawn attempts reached. Marking rank as failed.
[PARENT][Rank 69] | [IDLE] Waiting for master to send 'Done'.
[PARENT][Rank 67] | ERROR: Unexpected error during PING-PONG check: AttributeError("'NoneType' object has no attribute 'Isend'")Attemping to respawn child process...
[PARENT][Rank 67] | ERROR: Maximum respawn attempts reached. Marking rank as failed.
[PARENT][Rank 67] | [IDLE] Waiting for master to send 'Done'.
[PARENT][Rank 70] | ERROR: Unexpected error during PING-PONG check: AttributeError("'NoneType' object has no attribute 'Isend'")Attemping to respawn child process...
[PARENT][Rank 70] | ERROR: Maximum respawn attempts reached. Marking rank as failed.
[PARENT][Rank 70] | [IDLE] Waiting for master to send 'Done'.
[PARENT][Rank 69] | ERROR: Unexpected error during PING-PONG check: AttributeError("'NoneType' object has no attribute 'Isend'")Attemping to respawn child process...
[PARENT][Rank 69] | ERROR: Maximum respawn attempts reached. Marking rank as failed.
[PARENT][Rank 69] | [IDLE] Waiting for master to send 'Done'.
[PARENT][Rank 70] | ERROR: Unexpected error during PING-PONG check: AttributeError("'NoneType' object has no attribute 'Isend'")Attemping to respawn child process...
[PARENT][Rank 70] | ERROR: Maximum respawn attempts reached. Marking rank as failed.
[PARENT][Rank 70] | [IDLE] Waiting for master to send 'Done'.
[PARENT][Rank 69] | ERROR: Unexpected error during PING-PONG check: AttributeError("'NoneType' object has no attribute 'Isend'")Attemping to respawn child process...
[PARENT][Rank 69] | ERROR: Maximum respawn attempts reached. Marking rank as failed.
[PARENT][Rank 69] | [IDLE] Waiting for master to send 'Done'.
[PARENT][Rank 67] | ERROR: Unexpected error during PING-PONG check: AttributeError("'NoneType' object has no attribute 'Isend'")Attemping to respawn child process...
[PARENT][Rank 67] | ERROR: Maximum respawn attempts reached. Marking rank as failed.
[PARENT][Rank 67] | [IDLE] Waiting for master to send 'Done'.
[PARENT][Rank 64] | ERROR: Unexpected error during PING-PONG check: TimeoutError('Timeout while waiting for child to respond.')Attemping to respawn child process...
[PARENT][Rank 64] | ERROR: Maximum respawn attempts reached. Marking rank as failed.
[PARENT][Rank 64] | [IDLE] Waiting for master to send 'Done'.
[PARENT][Rank 70] | ERROR: Unexpected error during PING-PONG check: AttributeError("'NoneType' object has no attribute 'Isend'")Attemping to respawn child process...
[PARENT][Rank 70] | ERROR: Maximum respawn attempts reached. Marking rank as failed.
[PARENT][Rank 70] | [IDLE] Waiting for master to send 'Done'.
[PARENT][Rank 69] | ERROR: Unexpected error during PING-PONG check: AttributeError("'NoneType' object has no attribute 'Isend'")Attemping to respawn child process...
[PARENT][Rank 69] | ERROR: Maximum respawn attempts reached. Marking rank as failed.
[PARENT][Rank 69] | [IDLE] Waiting for master to send 'Done'.
[PARENT][Rank 67] | ERROR: Unexpected error during PING-PONG check: AttributeError("'NoneType' object has no attribute 'Isend'")Attemping to respawn child process...
[PARENT][Rank 67] | ERROR: Maximum respawn attempts reached. Marking rank as failed.
[PARENT][Rank 67] | [IDLE] Waiting for master to send 'Done'.
[PARENT][Rank 64] | ERROR: Unexpected error during PING-PONG check: AttributeError("'NoneType' object has no attribute 'Isend'")Attemping to respawn child process...
[PARENT][Rank 64] | ERROR: Maximum respawn attempts reached. Marking rank as failed.
[PARENT][Rank 64] | [IDLE] Waiting for master to send 'Done'.
[PARENT][Rank 69] | ERROR: Unexpected error during PING-PONG check: AttributeError("'NoneType' object has no attribute 'Isend'")Attemping to respawn child process...
[PARENT][Rank 69] | ERROR: Maximum respawn attempts reached. Marking rank as failed.
[PARENT][Rank 69] | [IDLE] Waiting for master to send 'Done'.
[PARENT][Rank 70] | ERROR: Unexpected error during PING-PONG check: AttributeError("'NoneType' object has no attribute 'Isend'")Attemping to respawn child process...
[PARENT][Rank 70] | ERROR: Maximum respawn attempts reached. Marking rank as failed.
[PARENT][Rank 70] | [IDLE] Waiting for master to send 'Done'.
[PARENT][Rank 64] | ERROR: Unexpected error during PING-PONG check: AttributeError("'NoneType' object has no attribute 'Isend'")Attemping to respawn child process...
[PARENT][Rank 64] | ERROR: Maximum respawn attempts reached. Marking rank as failed.
[PARENT][Rank 64] | [IDLE] Waiting for master to send 'Done'.
[PARENT][Rank 67] | ERROR: Unexpected error during PING-PONG check: AttributeError("'NoneType' object has no attribute 'Isend'")Attemping to respawn child process...
[PARENT][Rank 67] | ERROR: Maximum respawn attempts reached. Marking rank as failed.
[PARENT][Rank 67] | [IDLE] Waiting for master to send 'Done'.
[PARENT][Rank 70] | ERROR: Unexpected error during PING-PONG check: AttributeError("'NoneType' object has no attribute 'Isend'")Attemping to respawn child process...
[PARENT][Rank 70] | ERROR: Maximum respawn attempts reached. Marking rank as failed.
[PARENT][Rank 70] | [IDLE] Waiting for master to send 'Done'.
[PARENT][Rank 69] | ERROR: Unexpected error during PING-PONG check: AttributeError("'NoneType' object has no attribute 'Isend'")Attemping to respawn child process...
[PARENT][Rank 69] | ERROR: Maximum respawn attempts reached. Marking rank as failed.
[PARENT][Rank 69] | [IDLE] Waiting for master to send 'Done'.
[PARENT][Rank 64] | ERROR: Unexpected error during PING-PONG check: AttributeError("'NoneType' object has no attribute 'Isend'")Attemping to respawn child process...
[PARENT][Rank 64] | ERROR: Maximum respawn attempts reached. Marking rank as failed.
[PARENT][Rank 64] | [IDLE] Waiting for master to send 'Done'.
[PARENT][Rank 70] | ERROR: Unexpected error during PING-PONG check: AttributeError("'NoneType' object has no attribute 'Isend'")Attemping to respawn child process...
[PARENT][Rank 70] | ERROR: Maximum respawn attempts reached. Marking rank as failed.
[PARENT][Rank 70] | [IDLE] Waiting for master to send 'Done'.
[PARENT][Rank 69] | ERROR: Unexpected error during PING-PONG check: AttributeError("'NoneType' object has no attribute 'Isend'")Attemping to respawn child process...
[PARENT][Rank 69] | ERROR: Maximum respawn attempts reached. Marking rank as failed.
[PARENT][Rank 69] | [IDLE] Waiting for master to send 'Done'.
[PARENT][Rank 67] | ERROR: Unexpected error during PING-PONG check: AttributeError("'NoneType' object has no attribute 'Isend'")Attemping to respawn child process...
[PARENT][Rank 67] | ERROR: Maximum respawn attempts reached. Marking rank as failed.
[PARENT][Rank 67] | [IDLE] Waiting for master to send 'Done'.
[PARENT][Rank 64] | ERROR: Unexpected error during PING-PONG check: AttributeError("'NoneType' object has no attribute 'Isend'")Attemping to respawn child process...
[PARENT][Rank 64] | ERROR: Maximum respawn attempts reached. Marking rank as failed.
[PARENT][Rank 64] | [IDLE] Waiting for master to send 'Done'.
[PARENT][Rank 70] | ERROR: Unexpected error during PING-PONG check: AttributeError("'NoneType' object has no attribute 'Isend'")Attemping to respawn child process...
[PARENT][Rank 70] | ERROR: Maximum respawn attempts reached. Marking rank as failed.
[PARENT][Rank 70] | [IDLE] Waiting for master to send 'Done'.
[PARENT][Rank 69] | ERROR: Unexpected error during PING-PONG check: AttributeError("'NoneType' object has no attribute 'Isend'")Attemping to respawn child process...
[PARENT][Rank 69] | ERROR: Maximum respawn attempts reached. Marking rank as failed.
[PARENT][Rank 69] | [IDLE] Waiting for master to send 'Done'.
[CHILD][Parent Rank 64] | ERROR: Timeout while waiting for message.
Exiting safely.
[PARENT][Rank 64] | ERROR: Unexpected error during PING-PONG check: AttributeError("'NoneType' object has no attribute 'Isend'")Attemping to respawn child process...
[PARENT][Rank 64] | ERROR: Maximum respawn attempts reached. Marking rank as failed.
[PARENT][Rank 64] | [IDLE] Waiting for master to send 'Done'.
[PARENT][Rank 70] | ERROR: Unexpected error during PING-PONG check: AttributeError("'NoneType' object has no attribute 'Isend'")Attemping to respawn child process...
[PARENT][Rank 70] | ERROR: Maximum respawn attempts reached. Marking rank as failed.
[PARENT][Rank 70] | [IDLE] Waiting for master to send 'Done'.
[PARENT][Rank 69] | ERROR: Unexpected error during PING-PONG check: AttributeError("'NoneType' object has no attribute 'Isend'")Attemping to respawn child process...
[PARENT][Rank 69] | ERROR: Maximum respawn attempts reached. Marking rank as failed.
[PARENT][Rank 69] | [IDLE] Waiting for master to send 'Done'.
[PARENT][Rank 67] | ERROR: Unexpected error during PING-PONG check: AttributeError("'NoneType' object has no attribute 'Isend'")Attemping to respawn child process...
[PARENT][Rank 67] | ERROR: Maximum respawn attempts reached. Marking rank as failed.
[PARENT][Rank 67] | [IDLE] Waiting for master to send 'Done'.
[PARENT][Rank 69] | ERROR: Unexpected error during PING-PONG check: AttributeError("'NoneType' object has no attribute 'Isend'")Attemping to respawn child process...
[PARENT][Rank 69] | ERROR: Maximum respawn attempts reached. Marking rank as failed.
[PARENT][Rank 69] | [IDLE] Waiting for master to send 'Done'.
[PARENT][Rank 64] | ERROR: Unexpected error during PING-PONG check: AttributeError("'NoneType' object has no attribute 'Isend'")Attemping to respawn child process...
[PARENT][Rank 64] | ERROR: Maximum respawn attempts reached. Marking rank as failed.
[PARENT][Rank 64] | [IDLE] Waiting for master to send 'Done'.
[PARENT][Rank 70] | ERROR: Unexpected error during PING-PONG check: AttributeError("'NoneType' object has no attribute 'Isend'")Attemping to respawn child process...
[PARENT][Rank 70] | ERROR: Maximum respawn attempts reached. Marking rank as failed.
[PARENT][Rank 70] | [IDLE] Waiting for master to send 'Done'.
[PARENT][Rank 67] | ERROR: Unexpected error during PING-PONG check: AttributeError("'NoneType' object has no attribute 'Isend'")Attemping to respawn child process...
[PARENT][Rank 67] | ERROR: Maximum respawn attempts reached. Marking rank as failed.
[PARENT][Rank 67] | [IDLE] Waiting for master to send 'Done'.
[PARENT][Rank 64] | ERROR: Unexpected error during PING-PONG check: AttributeError("'NoneType' object has no attribute 'Isend'")Attemping to respawn child process...
[PARENT][Rank 64] | ERROR: Maximum respawn attempts reached. Marking rank as failed.
[PARENT][Rank 64] | [IDLE] Waiting for master to send 'Done'.
[PARENT][Rank 70] | ERROR: Unexpected error during PING-PONG check: AttributeError("'NoneType' object has no attribute 'Isend'")Attemping to respawn child process...
[PARENT][Rank 70] | ERROR: Maximum respawn attempts reached. Marking rank as failed.
[PARENT][Rank 70] | [IDLE] Waiting for master to send 'Done'.
[PARENT][Rank 69] | ERROR: Unexpected error during PING-PONG check: AttributeError("'NoneType' object has no attribute 'Isend'")Attemping to respawn child process...
[PARENT][Rank 69] | ERROR: Maximum respawn attempts reached. Marking rank as failed.
[PARENT][Rank 69] | [IDLE] Waiting for master to send 'Done'.
[PARENT][Rank 68] | [IDLE] Waiting for master to send 'Done'.
[PARENT][Rank 64] | ERROR: Unexpected error during PING-PONG check: AttributeError("'NoneType' object has no attribute 'Isend'")Attemping to respawn child process...
[PARENT][Rank 64] | ERROR: Maximum respawn attempts reached. Marking rank as failed.
[PARENT][Rank 64] | [IDLE] Waiting for master to send 'Done'.
[PARENT][Rank 70] | ERROR: Unexpected error during PING-PONG check: AttributeError("'NoneType' object has no attribute 'Isend'")Attemping to respawn child process...
[PARENT][Rank 70] | ERROR: Maximum respawn attempts reached. Marking rank as failed.
[PARENT][Rank 70] | [IDLE] Waiting for master to send 'Done'.
[PARENT][Rank 69] | ERROR: Unexpected error during PING-PONG check: AttributeError("'NoneType' object has no attribute 'Isend'")Attemping to respawn child process...
[PARENT][Rank 69] | ERROR: Maximum respawn attempts reached. Marking rank as failed.
[PARENT][Rank 69] | [IDLE] Waiting for master to send 'Done'.
[PARENT][Rank 67] | ERROR: Unexpected error during PING-PONG check: AttributeError("'NoneType' object has no attribute 'Isend'")Attemping to respawn child process...
[PARENT][Rank 67] | ERROR: Maximum respawn attempts reached. Marking rank as failed.
[PARENT][Rank 67] | [IDLE] Waiting for master to send 'Done'.
[PARENT][Rank 70] | ERROR: Unexpected error during PING-PONG check: AttributeError("'NoneType' object has no attribute 'Isend'")Attemping to respawn child process...
[PARENT][Rank 70] | ERROR: Maximum respawn attempts reached. Marking rank as failed.
[PARENT][Rank 70] | [IDLE] Waiting for master to send 'Done'.
[PARENT][Rank 69] | ERROR: Unexpected error during PING-PONG check: AttributeError("'NoneType' object has no attribute 'Isend'")Attemping to respawn child process...
[PARENT][Rank 69] | ERROR: Maximum respawn attempts reached. Marking rank as failed.
[PARENT][Rank 69] | [IDLE] Waiting for master to send 'Done'.
[PARENT][Rank 64] | ERROR: Unexpected error during PING-PONG check: AttributeError("'NoneType' object has no attribute 'Isend'")Attemping to respawn child process...
[PARENT][Rank 64] | ERROR: Maximum respawn attempts reached. Marking rank as failed.
[PARENT][Rank 64] | [IDLE] Waiting for master to send 'Done'.
[PARENT][Rank 67] | ERROR: Unexpected error during PING-PONG check: AttributeError("'NoneType' object has no attribute 'Isend'")Attemping to respawn child process...
[PARENT][Rank 67] | ERROR: Maximum respawn attempts reached. Marking rank as failed.
[PARENT][Rank 67] | [IDLE] Waiting for master to send 'Done'.
[PARENT][Rank 70] | ERROR: Unexpected error during PING-PONG check: AttributeError("'NoneType' object has no attribute 'Isend'")Attemping to respawn child process...
[PARENT][Rank 70] | ERROR: Maximum respawn attempts reached. Marking rank as failed.
[PARENT][Rank 70] | [IDLE] Waiting for master to send 'Done'.
[PARENT][Rank 69] | ERROR: Unexpected error during PING-PONG check: AttributeError("'NoneType' object has no attribute 'Isend'")Attemping to respawn child process...
[PARENT][Rank 69] | ERROR: Maximum respawn attempts reached. Marking rank as failed.
[PARENT][Rank 69] | [IDLE] Waiting for master to send 'Done'.
[PARENT][Rank 64] | ERROR: Unexpected error during PING-PONG check: AttributeError("'NoneType' object has no attribute 'Isend'")Attemping to respawn child process...
[PARENT][Rank 64] | ERROR: Maximum respawn attempts reached. Marking rank as failed.
[PARENT][Rank 64] | [IDLE] Waiting for master to send 'Done'.
[PARENT][Rank 67] | ERROR: Unexpected error during PING-PONG check: AttributeError("'NoneType' object has no attribute 'Isend'")Attemping to respawn child process...
[PARENT][Rank 67] | ERROR: Maximum respawn attempts reached. Marking rank as failed.
[PARENT][Rank 67] | [IDLE] Waiting for master to send 'Done'.
[PARENT][Rank 64] | ERROR: Unexpected error during PING-PONG check: AttributeError("'NoneType' object has no attribute 'Isend'")Attemping to respawn child process...
[PARENT][Rank 64] | ERROR: Maximum respawn attempts reached. Marking rank as failed.
[PARENT][Rank 64] | [IDLE] Waiting for master to send 'Done'.
[PARENT][Rank 70] | ERROR: Unexpected error during PING-PONG check: AttributeError("'NoneType' object has no attribute 'Isend'")Attemping to respawn child process...
[PARENT][Rank 70] | ERROR: Maximum respawn attempts reached. Marking rank as failed.
[PARENT][Rank 70] | [IDLE] Waiting for master to send 'Done'.
[PARENT][Rank 69] | ERROR: Unexpected error during PING-PONG check: AttributeError("'NoneType' object has no attribute 'Isend'")Attemping to respawn child process...
[PARENT][Rank 69] | ERROR: Maximum respawn attempts reached. Marking rank as failed.
[PARENT][Rank 69] | [IDLE] Waiting for master to send 'Done'.
[PARENT][Rank 67] | ERROR: Unexpected error during PING-PONG check: AttributeError("'NoneType' object has no attribute 'Isend'")Attemping to respawn child process...
[PARENT][Rank 67] | ERROR: Maximum respawn attempts reached. Marking rank as failed.
[PARENT][Rank 67] | [IDLE] Waiting for master to send 'Done'.
[PARENT][Rank 64] | ERROR: Unexpected error during PING-PONG check: AttributeError("'NoneType' object has no attribute 'Isend'")Attemping to respawn child process...
[PARENT][Rank 64] | ERROR: Maximum respawn attempts reached. Marking rank as failed.
[PARENT][Rank 64] | [IDLE] Waiting for master to send 'Done'.
[PARENT][Rank 70] | ERROR: Unexpected error during PING-PONG check: AttributeError("'NoneType' object has no attribute 'Isend'")Attemping to respawn child process...
[PARENT][Rank 70] | ERROR: Maximum respawn attempts reached. Marking rank as failed.
[PARENT][Rank 70] | [IDLE] Waiting for master to send 'Done'.
[PARENT][Rank 69] | ERROR: Unexpected error during PING-PONG check: AttributeError("'NoneType' object has no attribute 'Isend'")Attemping to respawn child process...
[PARENT][Rank 69] | ERROR: Maximum respawn attempts reached. Marking rank as failed.
[PARENT][Rank 69] | [IDLE] Waiting for master to send 'Done'.
[PARENT][Rank 67] | ERROR: Unexpected error during PING-PONG check: AttributeError("'NoneType' object has no attribute 'Isend'")Attemping to respawn child process...
[PARENT][Rank 67] | ERROR: Maximum respawn attempts reached. Marking rank as failed.
[PARENT][Rank 67] | [IDLE] Waiting for master to send 'Done'.
[PARENT][Rank 69] | ERROR: Unexpected error during PING-PONG check: AttributeError("'NoneType' object has no attribute 'Isend'")Attemping to respawn child process...
[PARENT][Rank 69] | ERROR: Maximum respawn attempts reached. Marking rank as failed.
[PARENT][Rank 69] | [IDLE] Waiting for master to send 'Done'.
[PARENT][Rank 64] | ERROR: Unexpected error during PING-PONG check: AttributeError("'NoneType' object has no attribute 'Isend'")Attemping to respawn child process...
[PARENT][Rank 64] | ERROR: Maximum respawn attempts reached. Marking rank as failed.
[PARENT][Rank 64] | [IDLE] Waiting for master to send 'Done'.
[PARENT][Rank 70] | ERROR: Unexpected error during PING-PONG check: AttributeError("'NoneType' object has no attribute 'Isend'")Attemping to respawn child process...
[PARENT][Rank 70] | ERROR: Maximum respawn attempts reached. Marking rank as failed.
[PARENT][Rank 70] | [IDLE] Waiting for master to send 'Done'.
[PARENT][Rank 67] | ERROR: Unexpected error during PING-PONG check: AttributeError("'NoneType' object has no attribute 'Isend'")Attemping to respawn child process...
[PARENT][Rank 67] | ERROR: Maximum respawn attempts reached. Marking rank as failed.
[PARENT][Rank 67] | [IDLE] Waiting for master to send 'Done'.
[PARENT][Rank 70] | ERROR: Unexpected error during PING-PONG check: AttributeError("'NoneType' object has no attribute 'Isend'")Attemping to respawn child process...
[PARENT][Rank 70] | ERROR: Maximum respawn attempts reached. Marking rank as failed.
[PARENT][Rank 70] | [IDLE] Waiting for master to send 'Done'.
[PARENT][Rank 69] | ERROR: Unexpected error during PING-PONG check: AttributeError("'NoneType' object has no attribute 'Isend'")Attemping to respawn child process...
[PARENT][Rank 69] | ERROR: Maximum respawn attempts reached. Marking rank as failed.
[PARENT][Rank 69] | [IDLE] Waiting for master to send 'Done'.
[PARENT][Rank 64] | ERROR: Unexpected error during PING-PONG check: AttributeError("'NoneType' object has no attribute 'Isend'")Attemping to respawn child process...
[PARENT][Rank 64] | ERROR: Maximum respawn attempts reached. Marking rank as failed.
[PARENT][Rank 64] | [IDLE] Waiting for master to send 'Done'.
[PARENT][Rank 67] | ERROR: Unexpected error during PING-PONG check: AttributeError("'NoneType' object has no attribute 'Isend'")Attemping to respawn child process...
[PARENT][Rank 67] | ERROR: Maximum respawn attempts reached. Marking rank as failed.
[PARENT][Rank 67] | [IDLE] Waiting for master to send 'Done'.
[PARENT][Rank 64] | ERROR: Unexpected error during PING-PONG check: AttributeError("'NoneType' object has no attribute 'Isend'")Attemping to respawn child process...
[PARENT][Rank 64] | ERROR: Maximum respawn attempts reached. Marking rank as failed.
[PARENT][Rank 64] | [IDLE] Waiting for master to send 'Done'.
[PARENT][Rank 70] | ERROR: Unexpected error during PING-PONG check: AttributeError("'NoneType' object has no attribute 'Isend'")Attemping to respawn child process...
[PARENT][Rank 70] | ERROR: Maximum respawn attempts reached. Marking rank as failed.
[PARENT][Rank 70] | [IDLE] Waiting for master to send 'Done'.
[PARENT][Rank 69] | ERROR: Unexpected error during PING-PONG check: AttributeError("'NoneType' object has no attribute 'Isend'")Attemping to respawn child process...
[PARENT][Rank 69] | ERROR: Maximum respawn attempts reached. Marking rank as failed.
[PARENT][Rank 69] | [IDLE] Waiting for master to send 'Done'.
[PARENT][Rank 67] | ERROR: Unexpected error during PING-PONG check: AttributeError("'NoneType' object has no attribute 'Isend'")Attemping to respawn child process...
[PARENT][Rank 67] | ERROR: Maximum respawn attempts reached. Marking rank as failed.
[PARENT][Rank 67] | [IDLE] Waiting for master to send 'Done'.
[PARENT][Rank 70] | ERROR: Unexpected error during PING-PONG check: AttributeError("'NoneType' object has no attribute 'Isend'")Attemping to respawn child process...
[PARENT][Rank 70] | ERROR: Maximum respawn attempts reached. Marking rank as failed.
[PARENT][Rank 70] | [IDLE] Waiting for master to send 'Done'.
[PARENT][Rank 69] | ERROR: Unexpected error during PING-PONG check: AttributeError("'NoneType' object has no attribute 'Isend'")Attemping to respawn child process...
[PARENT][Rank 69] | ERROR: Maximum respawn attempts reached. Marking rank as failed.
[PARENT][Rank 69] | [IDLE] Waiting for master to send 'Done'.
[PARENT][Rank 64] | ERROR: Unexpected error during PING-PONG check: AttributeError("'NoneType' object has no attribute 'Isend'")Attemping to respawn child process...
[PARENT][Rank 64] | ERROR: Maximum respawn attempts reached. Marking rank as failed.
[PARENT][Rank 64] | [IDLE] Waiting for master to send 'Done'.
[PARENT][Rank 67] | ERROR: Unexpected error during PING-PONG check: AttributeError("'NoneType' object has no attribute 'Isend'")Attemping to respawn child process...
[PARENT][Rank 67] | ERROR: Maximum respawn attempts reached. Marking rank as failed.
[PARENT][Rank 67] | [IDLE] Waiting for master to send 'Done'.
[PARENT][Rank 70] | ERROR: Unexpected error during PING-PONG check: AttributeError("'NoneType' object has no attribute 'Isend'")Attemping to respawn child process...
[PARENT][Rank 70] | ERROR: Maximum respawn attempts reached. Marking rank as failed.
[PARENT][Rank 70] | [IDLE] Waiting for master to send 'Done'.
[PARENT][Rank 69] | ERROR: Unexpected error during PING-PONG check: AttributeError("'NoneType' object has no attribute 'Isend'")Attemping to respawn child process...
[PARENT][Rank 69] | ERROR: Maximum respawn attempts reached. Marking rank as failed.
[PARENT][Rank 69] | [IDLE] Waiting for master to send 'Done'.
[PARENT][Rank 64] | ERROR: Unexpected error during PING-PONG check: AttributeError("'NoneType' object has no attribute 'Isend'")Attemping to respawn child process...
[PARENT][Rank 64] | ERROR: Maximum respawn attempts reached. Marking rank as failed.
[PARENT][Rank 64] | [IDLE] Waiting for master to send 'Done'.
[PARENT][Rank 67] | ERROR: Unexpected error during PING-PONG check: AttributeError("'NoneType' object has no attribute 'Isend'")Attemping to respawn child process...
[PARENT][Rank 67] | ERROR: Maximum respawn attempts reached. Marking rank as failed.
[PARENT][Rank 67] | [IDLE] Waiting for master to send 'Done'.
[PARENT][Rank 64] | ERROR: Unexpected error during PING-PONG check: AttributeError("'NoneType' object has no attribute 'Isend'")Attemping to respawn child process...
[PARENT][Rank 64] | ERROR: Maximum respawn attempts reached. Marking rank as failed.
[PARENT][Rank 64] | [IDLE] Waiting for master to send 'Done'.
[PARENT][Rank 70] | ERROR: Unexpected error during PING-PONG check: AttributeError("'NoneType' object has no attribute 'Isend'")Attemping to respawn child process...
[PARENT][Rank 70] | ERROR: Maximum respawn attempts reached. Marking rank as failed.
[PARENT][Rank 70] | [IDLE] Waiting for master to send 'Done'.
[PARENT][Rank 69] | ERROR: Unexpected error during PING-PONG check: AttributeError("'NoneType' object has no attribute 'Isend'")Attemping to respawn child process...
[PARENT][Rank 69] | ERROR: Maximum respawn attempts reached. Marking rank as failed.
[PARENT][Rank 69] | [IDLE] Waiting for master to send 'Done'.
[PARENT][Rank 69] | ERROR: Unexpected error during PING-PONG check: AttributeError("'NoneType' object has no attribute 'Isend'")Attemping to respawn child process...
[PARENT][Rank 69] | ERROR: Maximum respawn attempts reached. Marking rank as failed.
[PARENT][Rank 69] | [IDLE] Waiting for master to send 'Done'.
[PARENT][Rank 64] | ERROR: Unexpected error during PING-PONG check: AttributeError("'NoneType' object has no attribute 'Isend'")Attemping to respawn child process...
[PARENT][Rank 64] | ERROR: Maximum respawn attempts reached. Marking rank as failed.
[PARENT][Rank 64] | [IDLE] Waiting for master to send 'Done'.
[PARENT][Rank 67] | ERROR: Unexpected error during PING-PONG check: AttributeError("'NoneType' object has no attribute 'Isend'")Attemping to respawn child process...
[PARENT][Rank 67] | ERROR: Maximum respawn attempts reached. Marking rank as failed.
[PARENT][Rank 67] | [IDLE] Waiting for master to send 'Done'.
[PARENT][Rank 70] | ERROR: Unexpected error during PING-PONG check: AttributeError("'NoneType' object has no attribute 'Isend'")Attemping to respawn child process...
[PARENT][Rank 70] | ERROR: Maximum respawn attempts reached. Marking rank as failed.
[PARENT][Rank 70] | [IDLE] Waiting for master to send 'Done'.
[PARENT][Rank 69] | ERROR: Unexpected error during PING-PONG check: AttributeError("'NoneType' object has no attribute 'Isend'")Attemping to respawn child process...
[PARENT][Rank 69] | ERROR: Maximum respawn attempts reached. Marking rank as failed.
[PARENT][Rank 69] | [IDLE] Waiting for master to send 'Done'.
[PARENT][Rank 64] | ERROR: Unexpected error during PING-PONG check: AttributeError("'NoneType' object has no attribute 'Isend'")Attemping to respawn child process...
[PARENT][Rank 64] | ERROR: Maximum respawn attempts reached. Marking rank as failed.
[PARENT][Rank 64] | [IDLE] Waiting for master to send 'Done'.
[PARENT][Rank 70] | ERROR: Unexpected error during PING-PONG check: AttributeError("'NoneType' object has no attribute 'Isend'")Attemping to respawn child process...
[PARENT][Rank 70] | ERROR: Maximum respawn attempts reached. Marking rank as failed.
[PARENT][Rank 70] | [IDLE] Waiting for master to send 'Done'.
[PARENT][Rank 67] | ERROR: Unexpected error during PING-PONG check: AttributeError("'NoneType' object has no attribute 'Isend'")Attemping to respawn child process...
[PARENT][Rank 67] | ERROR: Maximum respawn attempts reached. Marking rank as failed.
[PARENT][Rank 67] | [IDLE] Waiting for master to send 'Done'.
[PARENT][Rank 64] | ERROR: Unexpected error during PING-PONG check: AttributeError("'NoneType' object has no attribute 'Isend'")Attemping to respawn child process...
[PARENT][Rank 64] | ERROR: Maximum respawn attempts reached. Marking rank as failed.
[PARENT][Rank 64] | [IDLE] Waiting for master to send 'Done'.
[PARENT][Rank 70] | ERROR: Unexpected error during PING-PONG check: AttributeError("'NoneType' object has no attribute 'Isend'")Attemping to respawn child process...
[PARENT][Rank 70] | ERROR: Maximum respawn attempts reached. Marking rank as failed.
[PARENT][Rank 70] | [IDLE] Waiting for master to send 'Done'.
[PARENT][Rank 69] | ERROR: Unexpected error during PING-PONG check: AttributeError("'NoneType' object has no attribute 'Isend'")Attemping to respawn child process...
[PARENT][Rank 69] | ERROR: Maximum respawn attempts reached. Marking rank as failed.
[PARENT][Rank 69] | [IDLE] Waiting for master to send 'Done'.
[PARENT][Rank 67] | ERROR: Unexpected error during PING-PONG check: AttributeError("'NoneType' object has no attribute 'Isend'")Attemping to respawn child process...
[PARENT][Rank 67] | ERROR: Maximum respawn attempts reached. Marking rank as failed.
[PARENT][Rank 67] | [IDLE] Waiting for master to send 'Done'.
[PARENT][Rank 64] | ERROR: Unexpected error during PING-PONG check: AttributeError("'NoneType' object has no attribute 'Isend'")Attemping to respawn child process...
[PARENT][Rank 64] | ERROR: Maximum respawn attempts reached. Marking rank as failed.
[PARENT][Rank 64] | [IDLE] Waiting for master to send 'Done'.
[PARENT][Rank 70] | ERROR: Unexpected error during PING-PONG check: AttributeError("'NoneType' object has no attribute 'Isend'")Attemping to respawn child process...
[PARENT][Rank 70] | ERROR: Maximum respawn attempts reached. Marking rank as failed.
[PARENT][Rank 70] | [IDLE] Waiting for master to send 'Done'.
[PARENT][Rank 69] | ERROR: Unexpected error during PING-PONG check: AttributeError("'NoneType' object has no attribute 'Isend'")Attemping to respawn child process...
[PARENT][Rank 69] | ERROR: Maximum respawn attempts reached. Marking rank as failed.
[PARENT][Rank 69] | [IDLE] Waiting for master to send 'Done'.
[PARENT][Rank 67] | ERROR: Unexpected error during PING-PONG check: AttributeError("'NoneType' object has no attribute 'Isend'")Attemping to respawn child process...
[PARENT][Rank 67] | ERROR: Maximum respawn attempts reached. Marking rank as failed.
[PARENT][Rank 67] | [IDLE] Waiting for master to send 'Done'.
[PARENT][Rank 70] | ERROR: Unexpected error during PING-PONG check: AttributeError("'NoneType' object has no attribute 'Isend'")Attemping to respawn child process...
[PARENT][Rank 70] | ERROR: Maximum respawn attempts reached. Marking rank as failed.
[PARENT][Rank 70] | [IDLE] Waiting for master to send 'Done'.
[PARENT][Rank 69] | ERROR: Unexpected error during PING-PONG check: AttributeError("'NoneType' object has no attribute 'Isend'")Attemping to respawn child process...
[PARENT][Rank 69] | ERROR: Maximum respawn attempts reached. Marking rank as failed.
[PARENT][Rank 69] | [IDLE] Waiting for master to send 'Done'.
[PARENT][Rank 64] | ERROR: Unexpected error during PING-PONG check: AttributeError("'NoneType' object has no attribute 'Isend'")Attemping to respawn child process...
[PARENT][Rank 64] | ERROR: Maximum respawn attempts reached. Marking rank as failed.
[PARENT][Rank 64] | [IDLE] Waiting for master to send 'Done'.
[PARENT][Rank 67] | ERROR: Unexpected error during PING-PONG check: AttributeError("'NoneType' object has no attribute 'Isend'")Attemping to respawn child process...
[PARENT][Rank 67] | ERROR: Maximum respawn attempts reached. Marking rank as failed.
[PARENT][Rank 67] | [IDLE] Waiting for master to send 'Done'.
[PARENT][Rank 64] | ERROR: Unexpected error during PING-PONG check: AttributeError("'NoneType' object has no attribute 'Isend'")Attemping to respawn child process...
[PARENT][Rank 64] | ERROR: Maximum respawn attempts reached. Marking rank as failed.
[PARENT][Rank 64] | [IDLE] Waiting for master to send 'Done'.
[PARENT][Rank 70] | ERROR: Unexpected error during PING-PONG check: AttributeError("'NoneType' object has no attribute 'Isend'")Attemping to respawn child process...
[PARENT][Rank 70] | ERROR: Maximum respawn attempts reached. Marking rank as failed.
[PARENT][Rank 70] | [IDLE] Waiting for master to send 'Done'.
[PARENT][Rank 69] | ERROR: Unexpected error during PING-PONG check: AttributeError("'NoneType' object has no attribute 'Isend'")Attemping to respawn child process...
[PARENT][Rank 69] | ERROR: Maximum respawn attempts reached. Marking rank as failed.
[PARENT][Rank 69] | [IDLE] Waiting for master to send 'Done'.
[PARENT][Rank 64] | ERROR: Unexpected error during PING-PONG check: AttributeError("'NoneType' object has no attribute 'Isend'")Attemping to respawn child process...
[PARENT][Rank 64] | ERROR: Maximum respawn attempts reached. Marking rank as failed.
[PARENT][Rank 64] | [IDLE] Waiting for master to send 'Done'.
[PARENT][Rank 70] | ERROR: Unexpected error during PING-PONG check: AttributeError("'NoneType' object has no attribute 'Isend'")Attemping to respawn child process...
[PARENT][Rank 70] | ERROR: Maximum respawn attempts reached. Marking rank as failed.
[PARENT][Rank 70] | [IDLE] Waiting for master to send 'Done'.
[PARENT][Rank 69] | ERROR: Unexpected error during PING-PONG check: AttributeError("'NoneType' object has no attribute 'Isend'")Attemping to respawn child process...
[PARENT][Rank 69] | ERROR: Maximum respawn attempts reached. Marking rank as failed.
[PARENT][Rank 69] | [IDLE] Waiting for master to send 'Done'.
[PARENT][Rank 67] | ERROR: Unexpected error during PING-PONG check: AttributeError("'NoneType' object has no attribute 'Isend'")Attemping to respawn child process...
[PARENT][Rank 67] | ERROR: Maximum respawn attempts reached. Marking rank as failed.
[PARENT][Rank 67] | [IDLE] Waiting for master to send 'Done'.
[PARENT][Rank 69] | ERROR: Unexpected error during PING-PONG check: AttributeError("'NoneType' object has no attribute 'Isend'")Attemping to respawn child process...
[PARENT][Rank 69] | ERROR: Maximum respawn attempts reached. Marking rank as failed.
[PARENT][Rank 69] | [IDLE] Waiting for master to send 'Done'.
[PARENT][Rank 64] | ERROR: Unexpected error during PING-PONG check: AttributeError("'NoneType' object has no attribute 'Isend'")Attemping to respawn child process...
[PARENT][Rank 64] | ERROR: Maximum respawn attempts reached. Marking rank as failed.
[PARENT][Rank 64] | [IDLE] Waiting for master to send 'Done'.
[PARENT][Rank 67] | ERROR: Unexpected error during PING-PONG check: AttributeError("'NoneType' object has no attribute 'Isend'")Attemping to respawn child process...
[PARENT][Rank 67] | ERROR: Maximum respawn attempts reached. Marking rank as failed.
[PARENT][Rank 67] | [IDLE] Waiting for master to send 'Done'.
[PARENT][Rank 70] | ERROR: Unexpected error during PING-PONG check: AttributeError("'NoneType' object has no attribute 'Isend'")Attemping to respawn child process...
[PARENT][Rank 70] | ERROR: Maximum respawn attempts reached. Marking rank as failed.
[PARENT][Rank 70] | [IDLE] Waiting for master to send 'Done'.
[PARENT][Rank 64] | ERROR: Unexpected error during PING-PONG check: AttributeError("'NoneType' object has no attribute 'Isend'")Attemping to respawn child process...
[PARENT][Rank 64] | ERROR: Maximum respawn attempts reached. Marking rank as failed.
[PARENT][Rank 64] | [IDLE] Waiting for master to send 'Done'.
[PARENT][Rank 70] | ERROR: Unexpected error during PING-PONG check: AttributeError("'NoneType' object has no attribute 'Isend'")Attemping to respawn child process...
[PARENT][Rank 70] | ERROR: Maximum respawn attempts reached. Marking rank as failed.
[PARENT][Rank 70] | [IDLE] Waiting for master to send 'Done'.
[PARENT][Rank 69] | ERROR: Unexpected error during PING-PONG check: AttributeError("'NoneType' object has no attribute 'Isend'")Attemping to respawn child process...
[PARENT][Rank 69] | ERROR: Maximum respawn attempts reached. Marking rank as failed.
[PARENT][Rank 69] | [IDLE] Waiting for master to send 'Done'.
[PARENT][Rank 67] | ERROR: Unexpected error during PING-PONG check: AttributeError("'NoneType' object has no attribute 'Isend'")Attemping to respawn child process...
[PARENT][Rank 67] | ERROR: Maximum respawn attempts reached. Marking rank as failed.
[PARENT][Rank 67] | [IDLE] Waiting for master to send 'Done'.
[PARENT][Rank 70] | ERROR: Unexpected error during PING-PONG check: AttributeError("'NoneType' object has no attribute 'Isend'")Attemping to respawn child process...
[PARENT][Rank 70] | ERROR: Maximum respawn attempts reached. Marking rank as failed.
[PARENT][Rank 70] | [IDLE] Waiting for master to send 'Done'.
[PARENT][Rank 69] | ERROR: Unexpected error during PING-PONG check: AttributeError("'NoneType' object has no attribute 'Isend'")Attemping to respawn child process...
[PARENT][Rank 69] | ERROR: Maximum respawn attempts reached. Marking rank as failed.
[PARENT][Rank 69] | [IDLE] Waiting for master to send 'Done'.
[PARENT][Rank 64] | ERROR: Unexpected error during PING-PONG check: AttributeError("'NoneType' object has no attribute 'Isend'")Attemping to respawn child process...
[PARENT][Rank 64] | ERROR: Maximum respawn attempts reached. Marking rank as failed.
[PARENT][Rank 64] | [IDLE] Waiting for master to send 'Done'.
[PARENT][Rank 67] | ERROR: Unexpected error during PING-PONG check: AttributeError("'NoneType' object has no attribute 'Isend'")Attemping to respawn child process...
[PARENT][Rank 67] | ERROR: Maximum respawn attempts reached. Marking rank as failed.
[PARENT][Rank 67] | [IDLE] Waiting for master to send 'Done'.
[PARENT][Rank 64] | ERROR: Unexpected error during PING-PONG check: AttributeError("'NoneType' object has no attribute 'Isend'")Attemping to respawn child process...
[PARENT][Rank 64] | ERROR: Maximum respawn attempts reached. Marking rank as failed.
[PARENT][Rank 64] | [IDLE] Waiting for master to send 'Done'.
[PARENT][Rank 70] | ERROR: Unexpected error during PING-PONG check: AttributeError("'NoneType' object has no attribute 'Isend'")Attemping to respawn child process...
[PARENT][Rank 70] | ERROR: Maximum respawn attempts reached. Marking rank as failed.
[PARENT][Rank 70] | [IDLE] Waiting for master to send 'Done'.
[PARENT][Rank 69] | ERROR: Unexpected error during PING-PONG check: AttributeError("'NoneType' object has no attribute 'Isend'")Attemping to respawn child process...
[PARENT][Rank 69] | ERROR: Maximum respawn attempts reached. Marking rank as failed.
[PARENT][Rank 69] | [IDLE] Waiting for master to send 'Done'.
[PARENT][Rank 67] | ERROR: Unexpected error during PING-PONG check: AttributeError("'NoneType' object has no attribute 'Isend'")Attemping to respawn child process...
[PARENT][Rank 67] | ERROR: Maximum respawn attempts reached. Marking rank as failed.
[PARENT][Rank 67] | [IDLE] Waiting for master to send 'Done'.
[PARENT][Rank 70] | ERROR: Unexpected error during PING-PONG check: AttributeError("'NoneType' object has no attribute 'Isend'")Attemping to respawn child process...
[PARENT][Rank 70] | ERROR: Maximum respawn attempts reached. Marking rank as failed.
[PARENT][Rank 70] | [IDLE] Waiting for master to send 'Done'.
[PARENT][Rank 69] | ERROR: Unexpected error during PING-PONG check: AttributeError("'NoneType' object has no attribute 'Isend'")Attemping to respawn child process...
[PARENT][Rank 69] | ERROR: Maximum respawn attempts reached. Marking rank as failed.
[PARENT][Rank 69] | [IDLE] Waiting for master to send 'Done'.
[PARENT][Rank 64] | ERROR: Unexpected error during PING-PONG check: AttributeError("'NoneType' object has no attribute 'Isend'")Attemping to respawn child process...
[PARENT][Rank 64] | ERROR: Maximum respawn attempts reached. Marking rank as failed.
[PARENT][Rank 64] | [IDLE] Waiting for master to send 'Done'.
[Master] WARNING: Rank 65 is unresponsive (elapsed 800.49s). Marking as failed.
Traceback (most recent call last):
  File "/home/maanson/Speciale/connectv2/source/calc_models_mpi_memsafe.py", line 463, in <module>
    active_ranks.remove(r)
KeyError: 65
--------------------------------------------------------------------------
MPI_ABORT was invoked on rank 0 in communicator MPI_COMM_WORLD
with errorcode 1.

NOTE: invoking MPI_ABORT causes Open MPI to kill all MPI processes.
You may or may not see output from other processes, depending on
exactly when Open MPI kills them.
--------------------------------------------------------------------------
[PARENT][Rank 67] | ERROR: Unexpected error during PING-PONG check: AttributeError("'NoneType' object has no attribute 'Isend'")Attemping to respawn child process...
[PARENT][Rank 67] | ERROR: Maximum respawn attempts reached. Marking rank as failed.
[PARENT][Rank 67] | [IDLE] Waiting for master to send 'Done'.
[CHILD][Parent Rank 444] | CRITICAL ERROR: Process killed by SIGTERM (Job Cancelled or Terminated)
[CHILD][Parent Rank 447] | CRITICAL ERROR: Process killed by SIGTERM (Job Cancelled or Terminated)
[CHILD][Parent Rank 438] | CRITICAL ERROR: Process killed by SIGTERM (Job Cancelled or Terminated)
[CHILD][Parent Rank 223] | CRITICAL ERROR: Process killed by SIGTERM (Job Cancelled or Terminated)
[CHILD][Parent Rank 219] | CRITICAL ERROR: Process killed by SIGTERM (Job Cancelled or Terminated)
--------------------------------------------------------------------------
An MPI communication peer process has unexpectedly disconnected.  This
usually indicates a failure in the peer process (e.g., a crash or
otherwise exiting without calling MPI_FINALIZE first).

Although this local MPI process will likely now behave unpredictably
(it may even hang or crash), the root cause of this problem is the
failure of the peer -- that is what you need to investigate.  For
example, there may be a core file that you can examine.  More
generally: such peer hangups are frequently caused by application bugs
or other external events.

  Local host: s45n01
  Local PID:  1852289
  Peer host:  s41n11
--------------------------------------------------------------------------
[CHILD][Parent Rank 456] | CRITICAL ERROR: Process killed by SIGTERM (Job Cancelled or Terminated)
[CHILD][Parent Rank 459] | CRITICAL ERROR: Process killed by SIGTERM (Job Cancelled or Terminated)
[CHILD][Parent Rank 458] | CRITICAL ERROR: Process killed by SIGTERM (Job Cancelled or Terminated)
[CHILD][Parent Rank 14] | CRITICAL ERROR: Process killed by SIGTERM (Job Cancelled or Terminated)
[CHILD][Parent Rank 430] | CRITICAL ERROR: Process killed by SIGTERM (Job Cancelled or Terminated)
[CHILD][Parent Rank 480] | CRITICAL ERROR: Process killed by SIGTERM (Job Cancelled or Terminated)
[CHILD][Parent Rank 378] | CRITICAL ERROR: Process killed by SIGTERM (Job Cancelled or Terminated)
[CHILD][Parent Rank 373] | CRITICAL ERROR: Process killed by SIGTERM (Job Cancelled or Terminated)
[CHILD][Parent Rank 115] | CRITICAL ERROR: Process killed by SIGTERM (Job Cancelled or Terminated)
[CHILD][Parent Rank 31] | CRITICAL ERROR: Process killed by SIGTERM (Job Cancelled or Terminated)
[CHILD][Parent Rank 315] | CRITICAL ERROR: Process killed by SIGTERM (Job Cancelled or Terminated)
[CHILD][Parent Rank 310] | CRITICAL ERROR: Process killed by SIGTERM (Job Cancelled or Terminated)
[CHILD][Parent Rank 272] | CRITICAL ERROR: Process killed by SIGTERM (Job Cancelled or Terminated)
[CHILD][Parent Rank 251] | CRITICAL ERROR: Process killed by SIGTERM (Job Cancelled or Terminated)
[CHILD][Parent Rank 244] | CRITICAL ERROR: Process killed by SIGTERM (Job Cancelled or Terminated)
[CHILD][Parent Rank 283] | CRITICAL ERROR: Process killed by SIGTERM (Job Cancelled or Terminated)
[CHILD][Parent Rank 245] | CRITICAL ERROR: Process killed by SIGTERM (Job Cancelled or Terminated)
[s41n11.grendel.cscaa.dk:3964423] 3 more processes have sent help message help-mpi-btl-tcp.txt / client connect fail
[s41n11.grendel.cscaa.dk:3964423] Set MCA parameter "orte_base_help_aggregate" to 0 to see all help / error messages
[s41n11.grendel.cscaa.dk:3964423] 1 more process has sent help message help-mpi-btl-tcp.txt / peer hung up
ERROR: mpirun failed with exit code 1, and calculations did not complete. Exiting...
