========= Job started at Fri Mar 14 07:00:55 CET 2025 ==========
 Initializing Planck likelihood, version Plik_v22_cmbonly_like                                                                                                                                                                                                                                                                                                                                                                                                                                                                                               
 Initializing Planck likelihood, version Plik_v22_cmbonly_like                                                                                                                                                                                                                                                                                                                                                                                                                                                                                               
 Initializing Planck likelihood, version Plik_v22_cmbonly_like                                                                                                                                                                                                                                                                                                                                                                                                                                                                                               
 Initializing Planck likelihood, version Plik_v22_cmbonly_like                                                                                                                                                                                                                                                                                                                                                                                                                                                                                               
 Initializing Planck likelihood, version Plik_v22_cmbonly_like                                                                                                                                                                                                                                                                                                                                                                                                                                                                                               
 Initializing Planck likelihood, version Plik_v22_cmbonly_like                                                                                                                                                                                                                                                                                                                                                                                                                                                                                               
 Initializing Planck likelihood, version Plik_v22_cmbonly_like                                                                                                                                                                                                                                                                                                                                                                                                                                                                                               
 Initializing Planck likelihood, version Plik_v22_cmbonly_like                                                                                                                                                                                                                                                                                                                                                                                                                                                                                               
 Initializing Planck likelihood, version Plik_v22_cmbonly_like                                                                                                                                                                                                                                                                                                                                                                                                                                                                                               
 Initializing Planck likelihood, version Plik_v22_cmbonly_like                                                                                                                                                                                                                                                                                                                                                                                                                                                                                               
 Initializing Planck likelihood, version Plik_v22_cmbonly_like                                                                                                                                                                                                                                                                                                                                                                                                                                                                                               
 Initializing Planck likelihood, version Plik_v22_cmbonly_like                                                                                                                                                                                                                                                                                                                                                                                                                                                                                               
----
clik version 3be036bbb4f9
  plik_cmbonly
Checking likelihood '/home/maanson/Speciale/connectv2/resources/planck2018/code/plc_3.0/plc-3.01/../../../baseline/plc_3.0/hi_l/plik_lite/plik_lite_v22_TTTEEE.clik' on test data. got -292.286 expected -292.286 (diff -3.86223e-09)
----
----
clik version 3be036bbb4f9
  gibbs_gauss b13c8fda-1837-41b5-ae2d-78d6b723fcf1
Checking likelihood '/home/maanson/Speciale/connectv2/resources/planck2018/code/plc_3.0/plc-3.01/../../../baseline/plc_3.0/low_l/commander/commander_dx12_v3_2_29.clik' on test data. got -11.6257 expected -11.6257 (diff -1.07424e-09)
----
Initializing SimAll
----
clik version 3be036bbb4f9
  simall simall_EE_BB_TE
Checking likelihood '/home/maanson/Speciale/connectv2/resources/planck2018/code/plc_3.0/plc-3.01/../../../baseline/plc_3.0/low_l/simall/simall_100x143_offlike5_EE_Aplanck_B.clik' on test data. got -197.99 expected -197.99 (diff -4.1778e-08)
----
----
clik version 3be036bbb4f9
  plik_cmbonly
----
clik version 3be036bbb4f9
  plik_cmbonly
----
clik version 3be036bbb4f9
  plik_cmbonly
----
clik version 3be036bbb4f9
  plik_cmbonly
Checking likelihood '/home/maanson/Speciale/connectv2/resources/planck2018/code/plc_3.0/plc-3.01/../../../baseline/plc_3.0/hi_l/plik_lite/plik_lite_v22_TTTEEE.clik' on test data. got -292.286 expected -292.286 (diff -3.86223e-09)
----
Checking likelihood '/home/maanson/Speciale/connectv2/resources/planck2018/code/plc_3.0/plc-3.01/../../../baseline/plc_3.0/hi_l/plik_lite/plik_lite_v22_TTTEEE.clik' on test data. got -292.286 expected -292.286 (diff -3.86223e-09)
----
Checking likelihood '/home/maanson/Speciale/connectv2/resources/planck2018/code/plc_3.0/plc-3.01/../../../baseline/plc_3.0/hi_l/plik_lite/plik_lite_v22_TTTEEE.clik' on test data. got -292.286 expected -292.286 (diff -3.86223e-09)
----
Checking likelihood '/home/maanson/Speciale/connectv2/resources/planck2018/code/plc_3.0/plc-3.01/../../../baseline/plc_3.0/hi_l/plik_lite/plik_lite_v22_TTTEEE.clik' on test data. got -292.286 expected -292.286 (diff -3.86223e-09)
----
----
clik version 3be036bbb4f9
  plik_cmbonly
Checking likelihood '/home/maanson/Speciale/connectv2/resources/planck2018/code/plc_3.0/plc-3.01/../../../baseline/plc_3.0/hi_l/plik_lite/plik_lite_v22_TTTEEE.clik' on test data. got -292.286 expected -292.286 (diff -3.86223e-09)
----
----
clik version 3be036bbb4f9
  plik_cmbonly
----
clik version 3be036bbb4f9
  plik_cmbonly
----
clik version 3be036bbb4f9
  plik_cmbonly
----
clik version 3be036bbb4f9
  plik_cmbonly
Checking likelihood '/home/maanson/Speciale/connectv2/resources/planck2018/code/plc_3.0/plc-3.01/../../../baseline/plc_3.0/hi_l/plik_lite/plik_lite_v22_TTTEEE.clik' on test data. got -292.286 expected -292.286 (diff -3.86223e-09)
----
Checking likelihood '/home/maanson/Speciale/connectv2/resources/planck2018/code/plc_3.0/plc-3.01/../../../baseline/plc_3.0/hi_l/plik_lite/plik_lite_v22_TTTEEE.clik' on test data. got -292.286 expected -292.286 (diff -3.86223e-09)
----
----
clik version 3be036bbb4f9
  plik_cmbonly
Checking likelihood '/home/maanson/Speciale/connectv2/resources/planck2018/code/plc_3.0/plc-3.01/../../../baseline/plc_3.0/hi_l/plik_lite/plik_lite_v22_TTTEEE.clik' on test data. got -292.286 expected -292.286 (diff -3.86223e-09)
----
Checking likelihood '/home/maanson/Speciale/connectv2/resources/planck2018/code/plc_3.0/plc-3.01/../../../baseline/plc_3.0/hi_l/plik_lite/plik_lite_v22_TTTEEE.clik' on test data. got -292.286 expected -292.286 (diff -3.86223e-09)
----
Checking likelihood '/home/maanson/Speciale/connectv2/resources/planck2018/code/plc_3.0/plc-3.01/../../../baseline/plc_3.0/hi_l/plik_lite/plik_lite_v22_TTTEEE.clik' on test data. got -292.286 expected -292.286 (diff -3.86223e-09)
----
----
clik version 3be036bbb4f9
  plik_cmbonly
Checking likelihood '/home/maanson/Speciale/connectv2/resources/planck2018/code/plc_3.0/plc-3.01/../../../baseline/plc_3.0/hi_l/plik_lite/plik_lite_v22_TTTEEE.clik' on test data. got -292.286 expected -292.286 (diff -3.86223e-09)
----
----
clik version 3be036bbb4f9
  gibbs_gauss b13c8fda-1837-41b5-ae2d-78d6b723fcf1
Checking likelihood '/home/maanson/Speciale/connectv2/resources/planck2018/code/plc_3.0/plc-3.01/../../../baseline/plc_3.0/low_l/commander/commander_dx12_v3_2_29.clik' on test data. got -11.6257 expected -11.6257 (diff -1.07424e-09)
----
----
clik version 3be036bbb4f9
  gibbs_gauss b13c8fda-1837-41b5-ae2d-78d6b723fcf1
Checking likelihood '/home/maanson/Speciale/connectv2/resources/planck2018/code/plc_3.0/plc-3.01/../../../baseline/plc_3.0/low_l/commander/commander_dx12_v3_2_29.clik' on test data. got -11.6257 expected -11.6257 (diff -1.07424e-09)
----
----
clik version 3be036bbb4f9
  gibbs_gauss b13c8fda-1837-41b5-ae2d-78d6b723fcf1
Checking likelihood '/home/maanson/Speciale/connectv2/resources/planck2018/code/plc_3.0/plc-3.01/../../../baseline/plc_3.0/low_l/commander/commander_dx12_v3_2_29.clik' on test data. got -11.6257 expected -11.6257 (diff -1.07424e-09)
----
----
clik version 3be036bbb4f9
  gibbs_gauss b13c8fda-1837-41b5-ae2d-78d6b723fcf1
Checking likelihood '/home/maanson/Speciale/connectv2/resources/planck2018/code/plc_3.0/plc-3.01/../../../baseline/plc_3.0/low_l/commander/commander_dx12_v3_2_29.clik' on test data. got -11.6257 expected -11.6257 (diff -1.07424e-09)
----
----
clik version 3be036bbb4f9
  gibbs_gauss b13c8fda-1837-41b5-ae2d-78d6b723fcf1
Checking likelihood '/home/maanson/Speciale/connectv2/resources/planck2018/code/plc_3.0/plc-3.01/../../../baseline/plc_3.0/low_l/commander/commander_dx12_v3_2_29.clik' on test data. got -11.6257 expected -11.6257 (diff -1.07424e-09)
----
Initializing SimAll
Initializing SimAll
----
clik version 3be036bbb4f9
  gibbs_gauss b13c8fda-1837-41b5-ae2d-78d6b723fcf1
Checking likelihood '/home/maanson/Speciale/connectv2/resources/planck2018/code/plc_3.0/plc-3.01/../../../baseline/plc_3.0/low_l/commander/commander_dx12_v3_2_29.clik' on test data. got -11.6257 expected -11.6257 (diff -1.07424e-09)
----
----
clik version 3be036bbb4f9
  gibbs_gauss b13c8fda-1837-41b5-ae2d-78d6b723fcf1
Checking likelihood '/home/maanson/Speciale/connectv2/resources/planck2018/code/plc_3.0/plc-3.01/../../../baseline/plc_3.0/low_l/commander/commander_dx12_v3_2_29.clik' on test data. got -11.6257 expected -11.6257 (diff -1.07424e-09)
----
Initializing SimAll
----
clik version 3be036bbb4f9
  simall simall_EE_BB_TE
Checking likelihood '/home/maanson/Speciale/connectv2/resources/planck2018/code/plc_3.0/plc-3.01/../../../baseline/plc_3.0/low_l/simall/simall_100x143_offlike5_EE_Aplanck_B.clik' on test data. got -197.99 expected -197.99 (diff -4.1778e-08)
----
----
clik version 3be036bbb4f9
  simall simall_EE_BB_TE
Checking likelihood '/home/maanson/Speciale/connectv2/resources/planck2018/code/plc_3.0/plc-3.01/../../../baseline/plc_3.0/low_l/simall/simall_100x143_offlike5_EE_Aplanck_B.clik' on test data. got -197.99 expected -197.99 (diff -4.1778e-08)
----
----
clik version 3be036bbb4f9
  gibbs_gauss b13c8fda-1837-41b5-ae2d-78d6b723fcf1
Checking likelihood '/home/maanson/Speciale/connectv2/resources/planck2018/code/plc_3.0/plc-3.01/../../../baseline/plc_3.0/low_l/commander/commander_dx12_v3_2_29.clik' on test data. got -11.6257 expected -11.6257 (diff -1.07424e-09)
----
----
clik version 3be036bbb4f9
  simall simall_EE_BB_TE
Checking likelihood '/home/maanson/Speciale/connectv2/resources/planck2018/code/plc_3.0/plc-3.01/../../../baseline/plc_3.0/low_l/simall/simall_100x143_offlike5_EE_Aplanck_B.clik' on test data. got -197.99 expected -197.99 (diff -4.1778e-08)
----
Initializing SimAll
----
clik version 3be036bbb4f9
  simall simall_EE_BB_TE
Checking likelihood '/home/maanson/Speciale/connectv2/resources/planck2018/code/plc_3.0/plc-3.01/../../../baseline/plc_3.0/low_l/simall/simall_100x143_offlike5_EE_Aplanck_B.clik' on test data. got -197.99 expected -197.99 (diff -4.1778e-08)
----
Initializing SimAll
----
clik version 3be036bbb4f9
  simall simall_EE_BB_TE
Checking likelihood '/home/maanson/Speciale/connectv2/resources/planck2018/code/plc_3.0/plc-3.01/../../../baseline/plc_3.0/low_l/simall/simall_100x143_offlike5_EE_Aplanck_B.clik' on test data. got -197.99 expected -197.99 (diff -4.1778e-08)
----
----
clik version 3be036bbb4f9
  gibbs_gauss b13c8fda-1837-41b5-ae2d-78d6b723fcf1
Checking likelihood '/home/maanson/Speciale/connectv2/resources/planck2018/code/plc_3.0/plc-3.01/../../../baseline/plc_3.0/low_l/commander/commander_dx12_v3_2_29.clik' on test data. got -11.6257 expected -11.6257 (diff -1.07424e-09)
----
----
clik version 3be036bbb4f9
  gibbs_gauss b13c8fda-1837-41b5-ae2d-78d6b723fcf1
Checking likelihood '/home/maanson/Speciale/connectv2/resources/planck2018/code/plc_3.0/plc-3.01/../../../baseline/plc_3.0/low_l/commander/commander_dx12_v3_2_29.clik' on test data. got -11.6257 expected -11.6257 (diff -1.07424e-09)
----
----
clik version 3be036bbb4f9
  gibbs_gauss b13c8fda-1837-41b5-ae2d-78d6b723fcf1
Checking likelihood '/home/maanson/Speciale/connectv2/resources/planck2018/code/plc_3.0/plc-3.01/../../../baseline/plc_3.0/low_l/commander/commander_dx12_v3_2_29.clik' on test data. got -11.6257 expected -11.6257 (diff -1.07424e-09)
----
Initializing SimAll
----
clik version 3be036bbb4f9
  simall simall_EE_BB_TE
Checking likelihood '/home/maanson/Speciale/connectv2/resources/planck2018/code/plc_3.0/plc-3.01/../../../baseline/plc_3.0/low_l/simall/simall_100x143_offlike5_EE_Aplanck_B.clik' on test data. got -197.99 expected -197.99 (diff -4.1778e-08)
----
Initializing SimAll
----
clik version 3be036bbb4f9
  simall simall_EE_BB_TE
Checking likelihood '/home/maanson/Speciale/connectv2/resources/planck2018/code/plc_3.0/plc-3.01/../../../baseline/plc_3.0/low_l/simall/simall_100x143_offlike5_EE_Aplanck_B.clik' on test data. got -197.99 expected -197.99 (diff -4.1778e-08)
----
Initializing SimAll
----
clik version 3be036bbb4f9
  simall simall_EE_BB_TE
Checking likelihood '/home/maanson/Speciale/connectv2/resources/planck2018/code/plc_3.0/plc-3.01/../../../baseline/plc_3.0/low_l/simall/simall_100x143_offlike5_EE_Aplanck_B.clik' on test data. got -197.99 expected -197.99 (diff -4.1778e-08)
----
Initializing SimAll
----
clik version 3be036bbb4f9
  simall simall_EE_BB_TE
Checking likelihood '/home/maanson/Speciale/connectv2/resources/planck2018/code/plc_3.0/plc-3.01/../../../baseline/plc_3.0/low_l/simall/simall_100x143_offlike5_EE_Aplanck_B.clik' on test data. got -197.99 expected -197.99 (diff -4.1778e-08)
----
Initializing SimAll
----
clik version 3be036bbb4f9
  simall simall_EE_BB_TE
Checking likelihood '/home/maanson/Speciale/connectv2/resources/planck2018/code/plc_3.0/plc-3.01/../../../baseline/plc_3.0/low_l/simall/simall_100x143_offlike5_EE_Aplanck_B.clik' on test data. got -197.99 expected -197.99 (diff -4.1778e-08)
----
Initializing SimAll
----
clik version 3be036bbb4f9
  simall simall_EE_BB_TE
Checking likelihood '/home/maanson/Speciale/connectv2/resources/planck2018/code/plc_3.0/plc-3.01/../../../baseline/plc_3.0/low_l/simall/simall_100x143_offlike5_EE_Aplanck_B.clik' on test data. got -197.99 expected -197.99 (diff -4.1778e-08)
----
 Initializing Planck likelihood, version Plik_v22_cmbonly_like                                                                                                                                                                                                                                                                                                                                                                                                                                                                                               
 Initializing Planck likelihood, version Plik_v22_cmbonly_like                                                                                                                                                                                                                                                                                                                                                                                                                                                                                               
----
clik version 3be036bbb4f9
  plik_cmbonly
Checking likelihood '/home/maanson/Speciale/connectv2/resources/planck2018/code/plc_3.0/plc-3.01/../../../baseline/plc_3.0/hi_l/plik_lite/plik_lite_v22_TTTEEE.clik' on test data. got -292.286 expected -292.286 (diff -3.86223e-09)
----
----
clik version 3be036bbb4f9
  gibbs_gauss b13c8fda-1837-41b5-ae2d-78d6b723fcf1
Checking likelihood '/home/maanson/Speciale/connectv2/resources/planck2018/code/plc_3.0/plc-3.01/../../../baseline/plc_3.0/low_l/commander/commander_dx12_v3_2_29.clik' on test data. got -11.6257 expected -11.6257 (diff -1.07424e-09)
----
----
clik version 3be036bbb4f9
  plik_cmbonly
Checking likelihood '/home/maanson/Speciale/connectv2/resources/planck2018/code/plc_3.0/plc-3.01/../../../baseline/plc_3.0/hi_l/plik_lite/plik_lite_v22_TTTEEE.clik' on test data. got -292.286 expected -292.286 (diff -3.86223e-09)
----
Initializing SimAll
----
clik version 3be036bbb4f9
  simall simall_EE_BB_TE
Checking likelihood '/home/maanson/Speciale/connectv2/resources/planck2018/code/plc_3.0/plc-3.01/../../../baseline/plc_3.0/low_l/simall/simall_100x143_offlike5_EE_Aplanck_B.clik' on test data. got -197.99 expected -197.99 (diff -4.1778e-08)
----
----
clik version 3be036bbb4f9
  gibbs_gauss b13c8fda-1837-41b5-ae2d-78d6b723fcf1
Checking likelihood '/home/maanson/Speciale/connectv2/resources/planck2018/code/plc_3.0/plc-3.01/../../../baseline/plc_3.0/low_l/commander/commander_dx12_v3_2_29.clik' on test data. got -11.6257 expected -11.6257 (diff -1.07424e-09)
----
Initializing SimAll
----
clik version 3be036bbb4f9
  simall simall_EE_BB_TE
Checking likelihood '/home/maanson/Speciale/connectv2/resources/planck2018/code/plc_3.0/plc-3.01/../../../baseline/plc_3.0/low_l/simall/simall_100x143_offlike5_EE_Aplanck_B.clik' on test data. got -197.99 expected -197.99 (diff -4.1778e-08)
----
[1741932069.129815] [s43n03:12649:0]          parser.c:2326 UCX  WARN  unused environment variable: UCX_DIR (maybe: UCX_TLS?)
[1741932069.129815] [s43n03:12649:0]          parser.c:2326 UCX  WARN  (set UCX_WARN_UNUSED_ENV_VARS=n to suppress this warning)
 Initializing Planck likelihood, version Plik_v22_cmbonly_like                                                                                                                                                                                                                                                                                                                                                                                                                                                                                               
----
clik version 3be036bbb4f9
  plik_cmbonly
Checking likelihood '/home/maanson/Speciale/connectv2/resources/planck2018/code/plc_3.0/plc-3.01/../../../baseline/plc_3.0/hi_l/plik_lite/plik_lite_v22_TTTEEE.clik' on test data. got -292.286 expected -292.286 (diff -3.86223e-09)
----
----
clik version 3be036bbb4f9
  gibbs_gauss b13c8fda-1837-41b5-ae2d-78d6b723fcf1
Checking likelihood '/home/maanson/Speciale/connectv2/resources/planck2018/code/plc_3.0/plc-3.01/../../../baseline/plc_3.0/low_l/commander/commander_dx12_v3_2_29.clik' on test data. got -11.6257 expected -11.6257 (diff -1.07424e-09)
----
Initializing SimAll
----
clik version 3be036bbb4f9
  simall simall_EE_BB_TE
Checking likelihood '/home/maanson/Speciale/connectv2/resources/planck2018/code/plc_3.0/plc-3.01/../../../baseline/plc_3.0/low_l/simall/simall_100x143_offlike5_EE_Aplanck_B.clik' on test data. got -197.99 expected -197.99 (diff -4.1778e-08)
----
[1741932070.651923] [s43n02:3833629:0]          parser.c:2326 UCX  WARN  unused environment variable: UCX_DIR (maybe: UCX_TLS?)
[1741932070.651923] [s43n02:3833629:0]          parser.c:2326 UCX  WARN  (set UCX_WARN_UNUSED_ENV_VARS=n to suppress this warning)
[1741932070.657071] [s43n02:3833628:0]          parser.c:2326 UCX  WARN  unused environment variable: UCX_DIR (maybe: UCX_TLS?)
[1741932070.657071] [s43n02:3833628:0]          parser.c:2326 UCX  WARN  (set UCX_WARN_UNUSED_ENV_VARS=n to suppress this warning)
[1741932070.682055] [s43n03:12669:0]          parser.c:2326 UCX  WARN  unused environment variable: UCX_DIR (maybe: UCX_TLS?)
[1741932070.682055] [s43n03:12669:0]          parser.c:2326 UCX  WARN  (set UCX_WARN_UNUSED_ENV_VARS=n to suppress this warning)
[1741932070.978314] [s43n03:12677:0]          parser.c:2326 UCX  WARN  unused environment variable: UCX_DIR (maybe: UCX_TLS?)
[1741932070.978314] [s43n03:12677:0]          parser.c:2326 UCX  WARN  (set UCX_WARN_UNUSED_ENV_VARS=n to suppress this warning)
[1741932071.126845] [s43n02:3833646:0]          parser.c:2326 UCX  WARN  unused environment variable: UCX_DIR (maybe: UCX_TLS?)
[1741932071.126845] [s43n02:3833646:0]          parser.c:2326 UCX  WARN  (set UCX_WARN_UNUSED_ENV_VARS=n to suppress this warning)
[1741932071.300330] [s43n02:3833653:0]          parser.c:2326 UCX  WARN  unused environment variable: UCX_DIR (maybe: UCX_TLS?)
[1741932071.300330] [s43n02:3833653:0]          parser.c:2326 UCX  WARN  (set UCX_WARN_UNUSED_ENV_VARS=n to suppress this warning)
[1741932071.353506] [s43n03:12686:0]          parser.c:2326 UCX  WARN  unused environment variable: UCX_DIR (maybe: UCX_TLS?)
[1741932071.353506] [s43n03:12686:0]          parser.c:2326 UCX  WARN  (set UCX_WARN_UNUSED_ENV_VARS=n to suppress this warning)
[1741932071.353478] [s43n03:12687:0]          parser.c:2326 UCX  WARN  unused environment variable: UCX_DIR (maybe: UCX_TLS?)
[1741932071.353478] [s43n03:12687:0]          parser.c:2326 UCX  WARN  (set UCX_WARN_UNUSED_ENV_VARS=n to suppress this warning)
 Initializing Planck likelihood, version Plik_v22_cmbonly_like                                                                                                                                                                                                                                                                                                                                                                                                                                                                                               
 Initializing Planck likelihood, version Plik_v22_cmbonly_like                                                                                                                                                                                                                                                                                                                                                                                                                                                                                               
 Initializing Planck likelihood, version Plik_v22_cmbonly_like                                                                                                                                                                                                                                                                                                                                                                                                                                                                                               
----
clik version 3be036bbb4f9
  plik_cmbonly
Checking likelihood '/home/maanson/Speciale/connectv2/resources/planck2018/code/plc_3.0/plc-3.01/../../../baseline/plc_3.0/hi_l/plik_lite/plik_lite_v22_TTTEEE.clik' on test data. got -292.286 expected -292.286 (diff -3.86223e-09)
----
----
clik version 3be036bbb4f9
  gibbs_gauss b13c8fda-1837-41b5-ae2d-78d6b723fcf1
Checking likelihood '/home/maanson/Speciale/connectv2/resources/planck2018/code/plc_3.0/plc-3.01/../../../baseline/plc_3.0/low_l/commander/commander_dx12_v3_2_29.clik' on test data. got -11.6257 expected -11.6257 (diff -1.07424e-09)
----
Initializing SimAll
----
clik version 3be036bbb4f9
  simall simall_EE_BB_TE
Checking likelihood '/home/maanson/Speciale/connectv2/resources/planck2018/code/plc_3.0/plc-3.01/../../../baseline/plc_3.0/low_l/simall/simall_100x143_offlike5_EE_Aplanck_B.clik' on test data. got -197.99 expected -197.99 (diff -4.1778e-08)
----
----
clik version 3be036bbb4f9
  plik_cmbonly
Checking likelihood '/home/maanson/Speciale/connectv2/resources/planck2018/code/plc_3.0/plc-3.01/../../../baseline/plc_3.0/hi_l/plik_lite/plik_lite_v22_TTTEEE.clik' on test data. got -292.286 expected -292.286 (diff -3.86223e-09)
----
----
clik version 3be036bbb4f9
  gibbs_gauss b13c8fda-1837-41b5-ae2d-78d6b723fcf1
Checking likelihood '/home/maanson/Speciale/connectv2/resources/planck2018/code/plc_3.0/plc-3.01/../../../baseline/plc_3.0/low_l/commander/commander_dx12_v3_2_29.clik' on test data. got -11.6257 expected -11.6257 (diff -1.07424e-09)
----
Initializing SimAll
----
clik version 3be036bbb4f9
  simall simall_EE_BB_TE
Checking likelihood '/home/maanson/Speciale/connectv2/resources/planck2018/code/plc_3.0/plc-3.01/../../../baseline/plc_3.0/low_l/simall/simall_100x143_offlike5_EE_Aplanck_B.clik' on test data. got -197.99 expected -197.99 (diff -4.1778e-08)
----
----
clik version 3be036bbb4f9
  plik_cmbonly
Checking likelihood '/home/maanson/Speciale/connectv2/resources/planck2018/code/plc_3.0/plc-3.01/../../../baseline/plc_3.0/hi_l/plik_lite/plik_lite_v22_TTTEEE.clik' on test data. got -292.286 expected -292.286 (diff -3.86223e-09)
----
----
clik version 3be036bbb4f9
  gibbs_gauss b13c8fda-1837-41b5-ae2d-78d6b723fcf1
Checking likelihood '/home/maanson/Speciale/connectv2/resources/planck2018/code/plc_3.0/plc-3.01/../../../baseline/plc_3.0/low_l/commander/commander_dx12_v3_2_29.clik' on test data. got -11.6257 expected -11.6257 (diff -1.07424e-09)
----
Initializing SimAll
----
clik version 3be036bbb4f9
  simall simall_EE_BB_TE
Checking likelihood '/home/maanson/Speciale/connectv2/resources/planck2018/code/plc_3.0/plc-3.01/../../../baseline/plc_3.0/low_l/simall/simall_100x143_offlike5_EE_Aplanck_B.clik' on test data. got -197.99 expected -197.99 (diff -4.1778e-08)
----
 Initializing Planck likelihood, version Plik_v22_cmbonly_like                                                                                                                                                                                                                                                                                                                                                                                                                                                                                               
[1741932071.751057] [s43n03:12719:0]          parser.c:2326 UCX  WARN  unused environment variable: UCX_DIR (maybe: UCX_TLS?)
[1741932071.751057] [s43n03:12719:0]          parser.c:2326 UCX  WARN  (set UCX_WARN_UNUSED_ENV_VARS=n to suppress this warning)
----
clik version 3be036bbb4f9
  plik_cmbonly
Checking likelihood '/home/maanson/Speciale/connectv2/resources/planck2018/code/plc_3.0/plc-3.01/../../../baseline/plc_3.0/hi_l/plik_lite/plik_lite_v22_TTTEEE.clik' on test data. got -292.286 expected -292.286 (diff -3.86223e-09)
----
----
clik version 3be036bbb4f9
  gibbs_gauss b13c8fda-1837-41b5-ae2d-78d6b723fcf1
Checking likelihood '/home/maanson/Speciale/connectv2/resources/planck2018/code/plc_3.0/plc-3.01/../../../baseline/plc_3.0/low_l/commander/commander_dx12_v3_2_29.clik' on test data. got -11.6257 expected -11.6257 (diff -1.07424e-09)
----
Initializing SimAll
----
clik version 3be036bbb4f9
  simall simall_EE_BB_TE
Checking likelihood '/home/maanson/Speciale/connectv2/resources/planck2018/code/plc_3.0/plc-3.01/../../../baseline/plc_3.0/low_l/simall/simall_100x143_offlike5_EE_Aplanck_B.clik' on test data. got -197.99 expected -197.99 (diff -4.1778e-08)
----
[1741932071.829162] [s43n04:2852696:0]          parser.c:2326 UCX  WARN  unused environment variable: UCX_DIR (maybe: UCX_TLS?)
[1741932071.829162] [s43n04:2852696:0]          parser.c:2326 UCX  WARN  (set UCX_WARN_UNUSED_ENV_VARS=n to suppress this warning)
 Initializing Planck likelihood, version Plik_v22_cmbonly_like                                                                                                                                                                                                                                                                                                                                                                                                                                                                                               
[1741932071.893739] [s43n02:3833692:0]          parser.c:2326 UCX  WARN  unused environment variable: UCX_DIR (maybe: UCX_TLS?)
[1741932071.893739] [s43n02:3833692:0]          parser.c:2326 UCX  WARN  (set UCX_WARN_UNUSED_ENV_VARS=n to suppress this warning)
----
clik version 3be036bbb4f9
  plik_cmbonly
Checking likelihood '/home/maanson/Speciale/connectv2/resources/planck2018/code/plc_3.0/plc-3.01/../../../baseline/plc_3.0/hi_l/plik_lite/plik_lite_v22_TTTEEE.clik' on test data. got -292.286 expected -292.286 (diff -3.86223e-09)
----
----
clik version 3be036bbb4f9
  gibbs_gauss b13c8fda-1837-41b5-ae2d-78d6b723fcf1
Checking likelihood '/home/maanson/Speciale/connectv2/resources/planck2018/code/plc_3.0/plc-3.01/../../../baseline/plc_3.0/low_l/commander/commander_dx12_v3_2_29.clik' on test data. got -11.6257 expected -11.6257 (diff -1.07424e-09)
----
Initializing SimAll
----
clik version 3be036bbb4f9
  simall simall_EE_BB_TE
Checking likelihood '/home/maanson/Speciale/connectv2/resources/planck2018/code/plc_3.0/plc-3.01/../../../baseline/plc_3.0/low_l/simall/simall_100x143_offlike5_EE_Aplanck_B.clik' on test data. got -197.99 expected -197.99 (diff -4.1778e-08)
----
 Initializing Planck likelihood, version Plik_v22_cmbonly_like                                                                                                                                                                                                                                                                                                                                                                                                                                                                                               
----
clik version 3be036bbb4f9
  plik_cmbonly
Checking likelihood '/home/maanson/Speciale/connectv2/resources/planck2018/code/plc_3.0/plc-3.01/../../../baseline/plc_3.0/hi_l/plik_lite/plik_lite_v22_TTTEEE.clik' on test data. got -292.286 expected -292.286 (diff -3.86223e-09)
----
 Initializing Planck likelihood, version Plik_v22_cmbonly_like                                                                                                                                                                                                                                                                                                                                                                                                                                                                                               
----
clik version 3be036bbb4f9
  gibbs_gauss b13c8fda-1837-41b5-ae2d-78d6b723fcf1
Checking likelihood '/home/maanson/Speciale/connectv2/resources/planck2018/code/plc_3.0/plc-3.01/../../../baseline/plc_3.0/low_l/commander/commander_dx12_v3_2_29.clik' on test data. got -11.6257 expected -11.6257 (diff -1.07424e-09)
----
Initializing SimAll
----
clik version 3be036bbb4f9
  simall simall_EE_BB_TE
Checking likelihood '/home/maanson/Speciale/connectv2/resources/planck2018/code/plc_3.0/plc-3.01/../../../baseline/plc_3.0/low_l/simall/simall_100x143_offlike5_EE_Aplanck_B.clik' on test data. got -197.99 expected -197.99 (diff -4.1778e-08)
----
 Initializing Planck likelihood, version Plik_v22_cmbonly_like                                                                                                                                                                                                                                                                                                                                                                                                                                                                                               
----
clik version 3be036bbb4f9
  plik_cmbonly
Checking likelihood '/home/maanson/Speciale/connectv2/resources/planck2018/code/plc_3.0/plc-3.01/../../../baseline/plc_3.0/hi_l/plik_lite/plik_lite_v22_TTTEEE.clik' on test data. got -292.286 expected -292.286 (diff -3.86223e-09)
----
----
clik version 3be036bbb4f9
  gibbs_gauss b13c8fda-1837-41b5-ae2d-78d6b723fcf1
Checking likelihood '/home/maanson/Speciale/connectv2/resources/planck2018/code/plc_3.0/plc-3.01/../../../baseline/plc_3.0/low_l/commander/commander_dx12_v3_2_29.clik' on test data. got -11.6257 expected -11.6257 (diff -1.07424e-09)
----
Initializing SimAll
----
clik version 3be036bbb4f9
  simall simall_EE_BB_TE
Checking likelihood '/home/maanson/Speciale/connectv2/resources/planck2018/code/plc_3.0/plc-3.01/../../../baseline/plc_3.0/low_l/simall/simall_100x143_offlike5_EE_Aplanck_B.clik' on test data. got -197.99 expected -197.99 (diff -4.1778e-08)
----
----
clik version 3be036bbb4f9
  plik_cmbonly
Checking likelihood '/home/maanson/Speciale/connectv2/resources/planck2018/code/plc_3.0/plc-3.01/../../../baseline/plc_3.0/hi_l/plik_lite/plik_lite_v22_TTTEEE.clik' on test data. got -292.286 expected -292.286 (diff -3.86223e-09)
----
----
clik version 3be036bbb4f9
  gibbs_gauss b13c8fda-1837-41b5-ae2d-78d6b723fcf1
Checking likelihood '/home/maanson/Speciale/connectv2/resources/planck2018/code/plc_3.0/plc-3.01/../../../baseline/plc_3.0/low_l/commander/commander_dx12_v3_2_29.clik' on test data. got -11.6257 expected -11.6257 (diff -1.07424e-09)
----
Initializing SimAll
----
clik version 3be036bbb4f9
  simall simall_EE_BB_TE
Checking likelihood '/home/maanson/Speciale/connectv2/resources/planck2018/code/plc_3.0/plc-3.01/../../../baseline/plc_3.0/low_l/simall/simall_100x143_offlike5_EE_Aplanck_B.clik' on test data. got -197.99 expected -197.99 (diff -4.1778e-08)
----
[1741932072.319199] [s43n04:2852704:0]          parser.c:2326 UCX  WARN  unused environment variable: UCX_DIR (maybe: UCX_TLS?)
[1741932072.319199] [s43n04:2852704:0]          parser.c:2326 UCX  WARN  (set UCX_WARN_UNUSED_ENV_VARS=n to suppress this warning)
 Initializing Planck likelihood, version Plik_v22_cmbonly_like                                                                                                                                                                                                                                                                                                                                                                                                                                                                                               
 Initializing Planck likelihood, version Plik_v22_cmbonly_like                                                                                                                                                                                                                                                                                                                                                                                                                                                                                               
----
clik version 3be036bbb4f9
  plik_cmbonly
Checking likelihood '/home/maanson/Speciale/connectv2/resources/planck2018/code/plc_3.0/plc-3.01/../../../baseline/plc_3.0/hi_l/plik_lite/plik_lite_v22_TTTEEE.clik' on test data. got -292.286 expected -292.286 (diff -3.86223e-09)
----
----
clik version 3be036bbb4f9
  gibbs_gauss b13c8fda-1837-41b5-ae2d-78d6b723fcf1
Checking likelihood '/home/maanson/Speciale/connectv2/resources/planck2018/code/plc_3.0/plc-3.01/../../../baseline/plc_3.0/low_l/commander/commander_dx12_v3_2_29.clik' on test data. got -11.6257 expected -11.6257 (diff -1.07424e-09)
----
Initializing SimAll
----
clik version 3be036bbb4f9
  simall simall_EE_BB_TE
Checking likelihood '/home/maanson/Speciale/connectv2/resources/planck2018/code/plc_3.0/plc-3.01/../../../baseline/plc_3.0/low_l/simall/simall_100x143_offlike5_EE_Aplanck_B.clik' on test data. got -197.99 expected -197.99 (diff -4.1778e-08)
----
----
clik version 3be036bbb4f9
  plik_cmbonly
Checking likelihood '/home/maanson/Speciale/connectv2/resources/planck2018/code/plc_3.0/plc-3.01/../../../baseline/plc_3.0/hi_l/plik_lite/plik_lite_v22_TTTEEE.clik' on test data. got -292.286 expected -292.286 (diff -3.86223e-09)
----
----
clik version 3be036bbb4f9
  gibbs_gauss b13c8fda-1837-41b5-ae2d-78d6b723fcf1
Checking likelihood '/home/maanson/Speciale/connectv2/resources/planck2018/code/plc_3.0/plc-3.01/../../../baseline/plc_3.0/low_l/commander/commander_dx12_v3_2_29.clik' on test data. got -11.6257 expected -11.6257 (diff -1.07424e-09)
----
Initializing SimAll
----
clik version 3be036bbb4f9
  simall simall_EE_BB_TE
Checking likelihood '/home/maanson/Speciale/connectv2/resources/planck2018/code/plc_3.0/plc-3.01/../../../baseline/plc_3.0/low_l/simall/simall_100x143_offlike5_EE_Aplanck_B.clik' on test data. got -197.99 expected -197.99 (diff -4.1778e-08)
----
 Initializing Planck likelihood, version Plik_v22_cmbonly_like                                                                                                                                                                                                                                                                                                                                                                                                                                                                                               
----
clik version 3be036bbb4f9
  plik_cmbonly
Checking likelihood '/home/maanson/Speciale/connectv2/resources/planck2018/code/plc_3.0/plc-3.01/../../../baseline/plc_3.0/hi_l/plik_lite/plik_lite_v22_TTTEEE.clik' on test data. got -292.286 expected -292.286 (diff -3.86223e-09)
----
----
clik version 3be036bbb4f9
  gibbs_gauss b13c8fda-1837-41b5-ae2d-78d6b723fcf1
Checking likelihood '/home/maanson/Speciale/connectv2/resources/planck2018/code/plc_3.0/plc-3.01/../../../baseline/plc_3.0/low_l/commander/commander_dx12_v3_2_29.clik' on test data. got -11.6257 expected -11.6257 (diff -1.07424e-09)
----
Initializing SimAll
----
clik version 3be036bbb4f9
  simall simall_EE_BB_TE
Checking likelihood '/home/maanson/Speciale/connectv2/resources/planck2018/code/plc_3.0/plc-3.01/../../../baseline/plc_3.0/low_l/simall/simall_100x143_offlike5_EE_Aplanck_B.clik' on test data. got -197.99 expected -197.99 (diff -4.1778e-08)
----
 Initializing Planck likelihood, version Plik_v22_cmbonly_like                                                                                                                                                                                                                                                                                                                                                                                                                                                                                               
----
clik version 3be036bbb4f9
  plik_cmbonly
Checking likelihood '/home/maanson/Speciale/connectv2/resources/planck2018/code/plc_3.0/plc-3.01/../../../baseline/plc_3.0/hi_l/plik_lite/plik_lite_v22_TTTEEE.clik' on test data. got -292.286 expected -292.286 (diff -3.86223e-09)
----
----
clik version 3be036bbb4f9
  gibbs_gauss b13c8fda-1837-41b5-ae2d-78d6b723fcf1
Checking likelihood '/home/maanson/Speciale/connectv2/resources/planck2018/code/plc_3.0/plc-3.01/../../../baseline/plc_3.0/low_l/commander/commander_dx12_v3_2_29.clik' on test data. got -11.6257 expected -11.6257 (diff -1.07424e-09)
----
Initializing SimAll
----
clik version 3be036bbb4f9
  simall simall_EE_BB_TE
Checking likelihood '/home/maanson/Speciale/connectv2/resources/planck2018/code/plc_3.0/plc-3.01/../../../baseline/plc_3.0/low_l/simall/simall_100x143_offlike5_EE_Aplanck_B.clik' on test data. got -197.99 expected -197.99 (diff -4.1778e-08)
----
[CHILD][Parent Rank 8] | [INFO] Exiting child process normally.
[CHILD][Parent Rank 11] | [INFO] Exiting child process normally.
[CHILD][Parent Rank 13] | [INFO] Exiting child process normally.
[CHILD][Parent Rank 12] | [INFO] Exiting child process normally.
[CHILD][Parent Rank 3] | [INFO] Exiting child process normally.
[CHILD][Parent Rank 5] | [INFO] Exiting child process normally.
[CHILD][Parent Rank 6] | [INFO] Exiting child process normally.
[CHILD][Parent Rank 2] | [INFO] Exiting child process normally.
[CHILD][Parent Rank 9] | [INFO] Exiting child process normally.
[CHILD][Parent Rank 7] | [INFO] Exiting child process normally.
[CHILD][Parent Rank 1] | [INFO] Exiting child process normally.
[CHILD][Parent Rank 10] | [INFO] Exiting child process normally.
[CHILD][Parent Rank 4] | [INFO] Exiting child process normally.
[PARENT][Rank 1] | Exiting normally.
[PARENT][Rank 5] | Exiting normally.
[PARENT][Rank 2] | Exiting normally.
[PARENT][Rank 3] | Exiting normally.
[PARENT][Rank 4] | Exiting normally.
[PARENT][Rank 12] | Exiting normally.
[PARENT][Rank 0] | Exiting normally.
[PARENT][Rank 9] | Exiting normally.
[PARENT][Rank 11] | Exiting normally.
[PARENT][Rank 10] | Exiting normally.
[PARENT][Rank 6] | Exiting normally.
[PARENT][Rank 7] | Exiting normally.
[PARENT][Rank 8] | Exiting normally.
[PARENT][Rank 13] | Exiting normally.
 Initializing Planck likelihood, version Plik_v22_cmbonly_like                                                                                                                                                                                                                                                                                                                                                                                                                                                                                               
 Initializing Planck likelihood, version Plik_v22_cmbonly_like                                                                                                                                                                                                                                                                                                                                                                                                                                                                                               
 Initializing Planck likelihood, version Plik_v22_cmbonly_like                                                                                                                                                                                                                                                                                                                                                                                                                                                                                               
 Initializing Planck likelihood, version Plik_v22_cmbonly_like                                                                                                                                                                                                                                                                                                                                                                                                                                                                                               
 Initializing Planck likelihood, version Plik_v22_cmbonly_like                                                                                                                                                                                                                                                                                                                                                                                                                                                                                               
 Initializing Planck likelihood, version Plik_v22_cmbonly_like                                                                                                                                                                                                                                                                                                                                                                                                                                                                                               
----
clik version 3be036bbb4f9
  plik_cmbonly
----
clik version 3be036bbb4f9
  plik_cmbonly
Checking likelihood '/home/maanson/Speciale/connectv2/resources/planck2018/code/plc_3.0/plc-3.01/../../../baseline/plc_3.0/hi_l/plik_lite/plik_lite_v22_TTTEEE.clik' on test data. got -292.286 expected -292.286 (diff -3.86223e-09)
----
Checking likelihood '/home/maanson/Speciale/connectv2/resources/planck2018/code/plc_3.0/plc-3.01/../../../baseline/plc_3.0/hi_l/plik_lite/plik_lite_v22_TTTEEE.clik' on test data. got -292.286 expected -292.286 (diff -3.86223e-09)
----
----
clik version 3be036bbb4f9
  gibbs_gauss b13c8fda-1837-41b5-ae2d-78d6b723fcf1
Checking likelihood '/home/maanson/Speciale/connectv2/resources/planck2018/code/plc_3.0/plc-3.01/../../../baseline/plc_3.0/low_l/commander/commander_dx12_v3_2_29.clik' on test data. got -11.6257 expected -11.6257 (diff -1.07424e-09)
----
----
clik version 3be036bbb4f9
  gibbs_gauss b13c8fda-1837-41b5-ae2d-78d6b723fcf1
Checking likelihood '/home/maanson/Speciale/connectv2/resources/planck2018/code/plc_3.0/plc-3.01/../../../baseline/plc_3.0/low_l/commander/commander_dx12_v3_2_29.clik' on test data. got -11.6257 expected -11.6257 (diff -1.07424e-09)
----
Initializing SimAll
Initializing SimAll
----
clik version 3be036bbb4f9
  simall simall_EE_BB_TE
----
clik version 3be036bbb4f9
  simall simall_EE_BB_TE
Checking likelihood '/home/maanson/Speciale/connectv2/resources/planck2018/code/plc_3.0/plc-3.01/../../../baseline/plc_3.0/low_l/simall/simall_100x143_offlike5_EE_Aplanck_B.clik' on test data. got -197.99 expected -197.99 (diff -4.1778e-08)
----
Checking likelihood '/home/maanson/Speciale/connectv2/resources/planck2018/code/plc_3.0/plc-3.01/../../../baseline/plc_3.0/low_l/simall/simall_100x143_offlike5_EE_Aplanck_B.clik' on test data. got -197.99 expected -197.99 (diff -4.1778e-08)
----
 Initializing Planck likelihood, version Plik_v22_cmbonly_like                                                                                                                                                                                                                                                                                                                                                                                                                                                                                               
 Initializing Planck likelihood, version Plik_v22_cmbonly_like                                                                                                                                                                                                                                                                                                                                                                                                                                                                                               
 Initializing Planck likelihood, version Plik_v22_cmbonly_like                                                                                                                                                                                                                                                                                                                                                                                                                                                                                               
 Initializing Planck likelihood, version Plik_v22_cmbonly_like                                                                                                                                                                                                                                                                                                                                                                                                                                                                                               
 Initializing Planck likelihood, version Plik_v22_cmbonly_like                                                                                                                                                                                                                                                                                                                                                                                                                                                                                               
 Initializing Planck likelihood, version Plik_v22_cmbonly_like                                                                                                                                                                                                                                                                                                                                                                                                                                                                                               
----
clik version 3be036bbb4f9
  plik_cmbonly
----
clik version 3be036bbb4f9
  plik_cmbonly
----
clik version 3be036bbb4f9
  plik_cmbonly
----
clik version 3be036bbb4f9
  plik_cmbonly
Checking likelihood '/home/maanson/Speciale/connectv2/resources/planck2018/code/plc_3.0/plc-3.01/../../../baseline/plc_3.0/hi_l/plik_lite/plik_lite_v22_TTTEEE.clik' on test data. got -292.286 expected -292.286 (diff -3.86223e-09)
----
Checking likelihood '/home/maanson/Speciale/connectv2/resources/planck2018/code/plc_3.0/plc-3.01/../../../baseline/plc_3.0/hi_l/plik_lite/plik_lite_v22_TTTEEE.clik' on test data. got -292.286 expected -292.286 (diff -3.86223e-09)
----
Checking likelihood '/home/maanson/Speciale/connectv2/resources/planck2018/code/plc_3.0/plc-3.01/../../../baseline/plc_3.0/hi_l/plik_lite/plik_lite_v22_TTTEEE.clik' on test data. got -292.286 expected -292.286 (diff -3.86223e-09)
----
Checking likelihood '/home/maanson/Speciale/connectv2/resources/planck2018/code/plc_3.0/plc-3.01/../../../baseline/plc_3.0/hi_l/plik_lite/plik_lite_v22_TTTEEE.clik' on test data. got -292.286 expected -292.286 (diff -3.86223e-09)
----
----
clik version 3be036bbb4f9
  gibbs_gauss b13c8fda-1837-41b5-ae2d-78d6b723fcf1
----
clik version 3be036bbb4f9
  gibbs_gauss b13c8fda-1837-41b5-ae2d-78d6b723fcf1
Checking likelihood '/home/maanson/Speciale/connectv2/resources/planck2018/code/plc_3.0/plc-3.01/../../../baseline/plc_3.0/low_l/commander/commander_dx12_v3_2_29.clik' on test data. got -11.6257 expected -11.6257 (diff -1.07424e-09)
----
Checking likelihood '/home/maanson/Speciale/connectv2/resources/planck2018/code/plc_3.0/plc-3.01/../../../baseline/plc_3.0/low_l/commander/commander_dx12_v3_2_29.clik' on test data. got -11.6257 expected -11.6257 (diff -1.07424e-09)
----
----
clik version 3be036bbb4f9
  gibbs_gauss b13c8fda-1837-41b5-ae2d-78d6b723fcf1
----
clik version 3be036bbb4f9
  gibbs_gauss b13c8fda-1837-41b5-ae2d-78d6b723fcf1
Checking likelihood '/home/maanson/Speciale/connectv2/resources/planck2018/code/plc_3.0/plc-3.01/../../../baseline/plc_3.0/low_l/commander/commander_dx12_v3_2_29.clik' on test data. got -11.6257 expected -11.6257 (diff -1.07424e-09)
----
Checking likelihood '/home/maanson/Speciale/connectv2/resources/planck2018/code/plc_3.0/plc-3.01/../../../baseline/plc_3.0/low_l/commander/commander_dx12_v3_2_29.clik' on test data. got -11.6257 expected -11.6257 (diff -1.07424e-09)
----
Initializing SimAll
Initializing SimAll
Initializing SimAll
Initializing SimAll
----
clik version 3be036bbb4f9
  simall simall_EE_BB_TE
----
clik version 3be036bbb4f9
  simall simall_EE_BB_TE
Checking likelihood '/home/maanson/Speciale/connectv2/resources/planck2018/code/plc_3.0/plc-3.01/../../../baseline/plc_3.0/low_l/simall/simall_100x143_offlike5_EE_Aplanck_B.clik' on test data. got -197.99 expected -197.99 (diff -4.1778e-08)
----
Checking likelihood '/home/maanson/Speciale/connectv2/resources/planck2018/code/plc_3.0/plc-3.01/../../../baseline/plc_3.0/low_l/simall/simall_100x143_offlike5_EE_Aplanck_B.clik' on test data. got -197.99 expected -197.99 (diff -4.1778e-08)
----
----
clik version 3be036bbb4f9
  simall simall_EE_BB_TE
Checking likelihood '/home/maanson/Speciale/connectv2/resources/planck2018/code/plc_3.0/plc-3.01/../../../baseline/plc_3.0/low_l/simall/simall_100x143_offlike5_EE_Aplanck_B.clik' on test data. got -197.99 expected -197.99 (diff -4.1778e-08)
----
----
clik version 3be036bbb4f9
  simall simall_EE_BB_TE
Checking likelihood '/home/maanson/Speciale/connectv2/resources/planck2018/code/plc_3.0/plc-3.01/../../../baseline/plc_3.0/low_l/simall/simall_100x143_offlike5_EE_Aplanck_B.clik' on test data. got -197.99 expected -197.99 (diff -4.1778e-08)
----
----
clik version 3be036bbb4f9
  plik_cmbonly
Checking likelihood '/home/maanson/Speciale/connectv2/resources/planck2018/code/plc_3.0/plc-3.01/../../../baseline/plc_3.0/hi_l/plik_lite/plik_lite_v22_TTTEEE.clik' on test data. got -292.286 expected -292.286 (diff -3.86223e-09)
----
----
clik version 3be036bbb4f9
  gibbs_gauss b13c8fda-1837-41b5-ae2d-78d6b723fcf1
Checking likelihood '/home/maanson/Speciale/connectv2/resources/planck2018/code/plc_3.0/plc-3.01/../../../baseline/plc_3.0/low_l/commander/commander_dx12_v3_2_29.clik' on test data. got -11.6257 expected -11.6257 (diff -1.07424e-09)
----
----
clik version 3be036bbb4f9
  plik_cmbonly
Checking likelihood '/home/maanson/Speciale/connectv2/resources/planck2018/code/plc_3.0/plc-3.01/../../../baseline/plc_3.0/hi_l/plik_lite/plik_lite_v22_TTTEEE.clik' on test data. got -292.286 expected -292.286 (diff -3.86223e-09)
----
Initializing SimAll
----
clik version 3be036bbb4f9
  simall simall_EE_BB_TE
Checking likelihood '/home/maanson/Speciale/connectv2/resources/planck2018/code/plc_3.0/plc-3.01/../../../baseline/plc_3.0/low_l/simall/simall_100x143_offlike5_EE_Aplanck_B.clik' on test data. got -197.99 expected -197.99 (diff -4.1778e-08)
----
----
clik version 3be036bbb4f9
  plik_cmbonly
Checking likelihood '/home/maanson/Speciale/connectv2/resources/planck2018/code/plc_3.0/plc-3.01/../../../baseline/plc_3.0/hi_l/plik_lite/plik_lite_v22_TTTEEE.clik' on test data. got -292.286 expected -292.286 (diff -3.86223e-09)
----
----
clik version 3be036bbb4f9
  plik_cmbonly
Checking likelihood '/home/maanson/Speciale/connectv2/resources/planck2018/code/plc_3.0/plc-3.01/../../../baseline/plc_3.0/hi_l/plik_lite/plik_lite_v22_TTTEEE.clik' on test data. got -292.286 expected -292.286 (diff -3.86223e-09)
----
----
clik version 3be036bbb4f9
  plik_cmbonly
Checking likelihood '/home/maanson/Speciale/connectv2/resources/planck2018/code/plc_3.0/plc-3.01/../../../baseline/plc_3.0/hi_l/plik_lite/plik_lite_v22_TTTEEE.clik' on test data. got -292.286 expected -292.286 (diff -3.86223e-09)
----
----
clik version 3be036bbb4f9
  gibbs_gauss b13c8fda-1837-41b5-ae2d-78d6b723fcf1
Checking likelihood '/home/maanson/Speciale/connectv2/resources/planck2018/code/plc_3.0/plc-3.01/../../../baseline/plc_3.0/low_l/commander/commander_dx12_v3_2_29.clik' on test data. got -11.6257 expected -11.6257 (diff -1.07424e-09)
----
----
clik version 3be036bbb4f9
  gibbs_gauss b13c8fda-1837-41b5-ae2d-78d6b723fcf1
Checking likelihood '/home/maanson/Speciale/connectv2/resources/planck2018/code/plc_3.0/plc-3.01/../../../baseline/plc_3.0/low_l/commander/commander_dx12_v3_2_29.clik' on test data. got -11.6257 expected -11.6257 (diff -1.07424e-09)
----
----
clik version 3be036bbb4f9
  gibbs_gauss b13c8fda-1837-41b5-ae2d-78d6b723fcf1
Checking likelihood '/home/maanson/Speciale/connectv2/resources/planck2018/code/plc_3.0/plc-3.01/../../../baseline/plc_3.0/low_l/commander/commander_dx12_v3_2_29.clik' on test data. got -11.6257 expected -11.6257 (diff -1.07424e-09)
----
----
clik version 3be036bbb4f9
  gibbs_gauss b13c8fda-1837-41b5-ae2d-78d6b723fcf1
Checking likelihood '/home/maanson/Speciale/connectv2/resources/planck2018/code/plc_3.0/plc-3.01/../../../baseline/plc_3.0/low_l/commander/commander_dx12_v3_2_29.clik' on test data. got -11.6257 expected -11.6257 (diff -1.07424e-09)
----
Initializing SimAll
Initializing SimAll
Initializing SimAll
----
clik version 3be036bbb4f9
  simall simall_EE_BB_TE
Checking likelihood '/home/maanson/Speciale/connectv2/resources/planck2018/code/plc_3.0/plc-3.01/../../../baseline/plc_3.0/low_l/simall/simall_100x143_offlike5_EE_Aplanck_B.clik' on test data. got -197.99 expected -197.99 (diff -4.1778e-08)
----
----
clik version 3be036bbb4f9
  simall simall_EE_BB_TE
----
clik version 3be036bbb4f9
  simall simall_EE_BB_TE
Checking likelihood '/home/maanson/Speciale/connectv2/resources/planck2018/code/plc_3.0/plc-3.01/../../../baseline/plc_3.0/low_l/simall/simall_100x143_offlike5_EE_Aplanck_B.clik' on test data. got -197.99 expected -197.99 (diff -4.1778e-08)
----
Checking likelihood '/home/maanson/Speciale/connectv2/resources/planck2018/code/plc_3.0/plc-3.01/../../../baseline/plc_3.0/low_l/simall/simall_100x143_offlike5_EE_Aplanck_B.clik' on test data. got -197.99 expected -197.99 (diff -4.1778e-08)
----
Initializing SimAll
----
clik version 3be036bbb4f9
  simall simall_EE_BB_TE
Checking likelihood '/home/maanson/Speciale/connectv2/resources/planck2018/code/plc_3.0/plc-3.01/../../../baseline/plc_3.0/low_l/simall/simall_100x143_offlike5_EE_Aplanck_B.clik' on test data. got -197.99 expected -197.99 (diff -4.1778e-08)
----
----
clik version 3be036bbb4f9
  plik_cmbonly
Checking likelihood '/home/maanson/Speciale/connectv2/resources/planck2018/code/plc_3.0/plc-3.01/../../../baseline/plc_3.0/hi_l/plik_lite/plik_lite_v22_TTTEEE.clik' on test data. got -292.286 expected -292.286 (diff -3.86223e-09)
----
----
clik version 3be036bbb4f9
  gibbs_gauss b13c8fda-1837-41b5-ae2d-78d6b723fcf1
Checking likelihood '/home/maanson/Speciale/connectv2/resources/planck2018/code/plc_3.0/plc-3.01/../../../baseline/plc_3.0/low_l/commander/commander_dx12_v3_2_29.clik' on test data. got -11.6257 expected -11.6257 (diff -1.07424e-09)
----
Initializing SimAll
----
clik version 3be036bbb4f9
  simall simall_EE_BB_TE
Checking likelihood '/home/maanson/Speciale/connectv2/resources/planck2018/code/plc_3.0/plc-3.01/../../../baseline/plc_3.0/low_l/simall/simall_100x143_offlike5_EE_Aplanck_B.clik' on test data. got -197.99 expected -197.99 (diff -4.1778e-08)
----
 Initializing Planck likelihood, version Plik_v22_cmbonly_like                                                                                                                                                                                                                                                                                                                                                                                                                                                                                               
 Initializing Planck likelihood, version Plik_v22_cmbonly_like                                                                                                                                                                                                                                                                                                                                                                                                                                                                                               
----
clik version 3be036bbb4f9
  plik_cmbonly
Checking likelihood '/home/maanson/Speciale/connectv2/resources/planck2018/code/plc_3.0/plc-3.01/../../../baseline/plc_3.0/hi_l/plik_lite/plik_lite_v22_TTTEEE.clik' on test data. got -292.286 expected -292.286 (diff -3.86223e-09)
----
----
clik version 3be036bbb4f9
  plik_cmbonly
Checking likelihood '/home/maanson/Speciale/connectv2/resources/planck2018/code/plc_3.0/plc-3.01/../../../baseline/plc_3.0/hi_l/plik_lite/plik_lite_v22_TTTEEE.clik' on test data. got -292.286 expected -292.286 (diff -3.86223e-09)
----
----
clik version 3be036bbb4f9
  gibbs_gauss b13c8fda-1837-41b5-ae2d-78d6b723fcf1
Checking likelihood '/home/maanson/Speciale/connectv2/resources/planck2018/code/plc_3.0/plc-3.01/../../../baseline/plc_3.0/low_l/commander/commander_dx12_v3_2_29.clik' on test data. got -11.6257 expected -11.6257 (diff -1.07424e-09)
----
----
clik version 3be036bbb4f9
  gibbs_gauss b13c8fda-1837-41b5-ae2d-78d6b723fcf1
Checking likelihood '/home/maanson/Speciale/connectv2/resources/planck2018/code/plc_3.0/plc-3.01/../../../baseline/plc_3.0/low_l/commander/commander_dx12_v3_2_29.clik' on test data. got -11.6257 expected -11.6257 (diff -1.07424e-09)
----
Initializing SimAll
----
clik version 3be036bbb4f9
  simall simall_EE_BB_TE
Checking likelihood '/home/maanson/Speciale/connectv2/resources/planck2018/code/plc_3.0/plc-3.01/../../../baseline/plc_3.0/low_l/simall/simall_100x143_offlike5_EE_Aplanck_B.clik' on test data. got -197.99 expected -197.99 (diff -4.1778e-08)
----
Initializing SimAll
----
clik version 3be036bbb4f9
  simall simall_EE_BB_TE
Checking likelihood '/home/maanson/Speciale/connectv2/resources/planck2018/code/plc_3.0/plc-3.01/../../../baseline/plc_3.0/low_l/simall/simall_100x143_offlike5_EE_Aplanck_B.clik' on test data. got -197.99 expected -197.99 (diff -4.1778e-08)
----
[1741932458.972673] [s43n02:3842354:0]          parser.c:2326 UCX  WARN  unused environment variable: UCX_DIR (maybe: UCX_TLS?)
[1741932458.972673] [s43n02:3842354:0]          parser.c:2326 UCX  WARN  (set UCX_WARN_UNUSED_ENV_VARS=n to suppress this warning)
[1741932458.999754] [s43n03:13207:0]          parser.c:2326 UCX  WARN  unused environment variable: UCX_DIR (maybe: UCX_TLS?)
[1741932458.999754] [s43n03:13207:0]          parser.c:2326 UCX  WARN  (set UCX_WARN_UNUSED_ENV_VARS=n to suppress this warning)
[1741932459.112850] [s43n03:13208:0]          parser.c:2326 UCX  WARN  unused environment variable: UCX_DIR (maybe: UCX_TLS?)
[1741932459.112850] [s43n03:13208:0]          parser.c:2326 UCX  WARN  (set UCX_WARN_UNUSED_ENV_VARS=n to suppress this warning)
[1741932459.189071] [s43n02:3842362:0]          parser.c:2326 UCX  WARN  unused environment variable: UCX_DIR (maybe: UCX_TLS?)
[1741932459.189071] [s43n02:3842362:0]          parser.c:2326 UCX  WARN  (set UCX_WARN_UNUSED_ENV_VARS=n to suppress this warning)
 Initializing Planck likelihood, version Plik_v22_cmbonly_like                                                                                                                                                                                                                                                                                                                                                                                                                                                                                               
 Initializing Planck likelihood, version Plik_v22_cmbonly_like                                                                                                                                                                                                                                                                                                                                                                                                                                                                                               
 Initializing Planck likelihood, version Plik_v22_cmbonly_like                                                                                                                                                                                                                                                                                                                                                                                                                                                                                               
----
clik version 3be036bbb4f9
  plik_cmbonly
----
clik version 3be036bbb4f9
  plik_cmbonly
Checking likelihood '/home/maanson/Speciale/connectv2/resources/planck2018/code/plc_3.0/plc-3.01/../../../baseline/plc_3.0/hi_l/plik_lite/plik_lite_v22_TTTEEE.clik' on test data. got -292.286 expected -292.286 (diff -3.86223e-09)
----
Checking likelihood '/home/maanson/Speciale/connectv2/resources/planck2018/code/plc_3.0/plc-3.01/../../../baseline/plc_3.0/hi_l/plik_lite/plik_lite_v22_TTTEEE.clik' on test data. got -292.286 expected -292.286 (diff -3.86223e-09)
----
----
clik version 3be036bbb4f9
  gibbs_gauss b13c8fda-1837-41b5-ae2d-78d6b723fcf1
Checking likelihood '/home/maanson/Speciale/connectv2/resources/planck2018/code/plc_3.0/plc-3.01/../../../baseline/plc_3.0/low_l/commander/commander_dx12_v3_2_29.clik' on test data. got -11.6257 expected -11.6257 (diff -1.07424e-09)
----
----
clik version 3be036bbb4f9
  gibbs_gauss b13c8fda-1837-41b5-ae2d-78d6b723fcf1
Checking likelihood '/home/maanson/Speciale/connectv2/resources/planck2018/code/plc_3.0/plc-3.01/../../../baseline/plc_3.0/low_l/commander/commander_dx12_v3_2_29.clik' on test data. got -11.6257 expected -11.6257 (diff -1.07424e-09)
----
Initializing SimAll
----
clik version 3be036bbb4f9
  simall simall_EE_BB_TE
Checking likelihood '/home/maanson/Speciale/connectv2/resources/planck2018/code/plc_3.0/plc-3.01/../../../baseline/plc_3.0/low_l/simall/simall_100x143_offlike5_EE_Aplanck_B.clik' on test data. got -197.99 expected -197.99 (diff -4.1778e-08)
----
Initializing SimAll
----
clik version 3be036bbb4f9
  simall simall_EE_BB_TE
Checking likelihood '/home/maanson/Speciale/connectv2/resources/planck2018/code/plc_3.0/plc-3.01/../../../baseline/plc_3.0/low_l/simall/simall_100x143_offlike5_EE_Aplanck_B.clik' on test data. got -197.99 expected -197.99 (diff -4.1778e-08)
----
----
clik version 3be036bbb4f9
  plik_cmbonly
Checking likelihood '/home/maanson/Speciale/connectv2/resources/planck2018/code/plc_3.0/plc-3.01/../../../baseline/plc_3.0/hi_l/plik_lite/plik_lite_v22_TTTEEE.clik' on test data. got -292.286 expected -292.286 (diff -3.86223e-09)
----
----
clik version 3be036bbb4f9
  gibbs_gauss b13c8fda-1837-41b5-ae2d-78d6b723fcf1
Checking likelihood '/home/maanson/Speciale/connectv2/resources/planck2018/code/plc_3.0/plc-3.01/../../../baseline/plc_3.0/low_l/commander/commander_dx12_v3_2_29.clik' on test data. got -11.6257 expected -11.6257 (diff -1.07424e-09)
----
Initializing SimAll
----
clik version 3be036bbb4f9
  simall simall_EE_BB_TE
Checking likelihood '/home/maanson/Speciale/connectv2/resources/planck2018/code/plc_3.0/plc-3.01/../../../baseline/plc_3.0/low_l/simall/simall_100x143_offlike5_EE_Aplanck_B.clik' on test data. got -197.99 expected -197.99 (diff -4.1778e-08)
----
[1741932459.841226] [s43n02:3842390:0]          parser.c:2326 UCX  WARN  unused environment variable: UCX_DIR (maybe: UCX_TLS?)
[1741932459.841226] [s43n02:3842390:0]          parser.c:2326 UCX  WARN  (set UCX_WARN_UNUSED_ENV_VARS=n to suppress this warning)
 Initializing Planck likelihood, version Plik_v22_cmbonly_like                                                                                                                                                                                                                                                                                                                                                                                                                                                                                               
[1741932459.932273] [s43n03:13245:0]          parser.c:2326 UCX  WARN  unused environment variable: UCX_DIR (maybe: UCX_TLS?)
[1741932459.932273] [s43n03:13245:0]          parser.c:2326 UCX  WARN  (set UCX_WARN_UNUSED_ENV_VARS=n to suppress this warning)
----
clik version 3be036bbb4f9
  plik_cmbonly
Checking likelihood '/home/maanson/Speciale/connectv2/resources/planck2018/code/plc_3.0/plc-3.01/../../../baseline/plc_3.0/hi_l/plik_lite/plik_lite_v22_TTTEEE.clik' on test data. got -292.286 expected -292.286 (diff -3.86223e-09)
----
----
clik version 3be036bbb4f9
  gibbs_gauss b13c8fda-1837-41b5-ae2d-78d6b723fcf1
Checking likelihood '/home/maanson/Speciale/connectv2/resources/planck2018/code/plc_3.0/plc-3.01/../../../baseline/plc_3.0/low_l/commander/commander_dx12_v3_2_29.clik' on test data. got -11.6257 expected -11.6257 (diff -1.07424e-09)
----
Initializing SimAll
----
clik version 3be036bbb4f9
  simall simall_EE_BB_TE
Checking likelihood '/home/maanson/Speciale/connectv2/resources/planck2018/code/plc_3.0/plc-3.01/../../../baseline/plc_3.0/low_l/simall/simall_100x143_offlike5_EE_Aplanck_B.clik' on test data. got -197.99 expected -197.99 (diff -4.1778e-08)
----
[1741932460.065422] [s43n02:3842400:0]          parser.c:2326 UCX  WARN  unused environment variable: UCX_DIR (maybe: UCX_TLS?)
[1741932460.065422] [s43n02:3842400:0]          parser.c:2326 UCX  WARN  (set UCX_WARN_UNUSED_ENV_VARS=n to suppress this warning)
[1741932460.350922] [s43n04:2854862:0]          parser.c:2326 UCX  WARN  unused environment variable: UCX_DIR (maybe: UCX_TLS?)
[1741932460.350922] [s43n04:2854862:0]          parser.c:2326 UCX  WARN  (set UCX_WARN_UNUSED_ENV_VARS=n to suppress this warning)
 Initializing Planck likelihood, version Plik_v22_cmbonly_like                                                                                                                                                                                                                                                                                                                                                                                                                                                                                               
----
clik version 3be036bbb4f9
  plik_cmbonly
Checking likelihood '/home/maanson/Speciale/connectv2/resources/planck2018/code/plc_3.0/plc-3.01/../../../baseline/plc_3.0/hi_l/plik_lite/plik_lite_v22_TTTEEE.clik' on test data. got -292.286 expected -292.286 (diff -3.86223e-09)
----
----
clik version 3be036bbb4f9
  gibbs_gauss b13c8fda-1837-41b5-ae2d-78d6b723fcf1
Checking likelihood '/home/maanson/Speciale/connectv2/resources/planck2018/code/plc_3.0/plc-3.01/../../../baseline/plc_3.0/low_l/commander/commander_dx12_v3_2_29.clik' on test data. got -11.6257 expected -11.6257 (diff -1.07424e-09)
----
Initializing SimAll
----
clik version 3be036bbb4f9
  simall simall_EE_BB_TE
Checking likelihood '/home/maanson/Speciale/connectv2/resources/planck2018/code/plc_3.0/plc-3.01/../../../baseline/plc_3.0/low_l/simall/simall_100x143_offlike5_EE_Aplanck_B.clik' on test data. got -197.99 expected -197.99 (diff -4.1778e-08)
----
 Initializing Planck likelihood, version Plik_v22_cmbonly_like                                                                                                                                                                                                                                                                                                                                                                                                                                                                                               
[1741932460.713414] [s43n03:13264:0]          parser.c:2326 UCX  WARN  unused environment variable: UCX_DIR (maybe: UCX_TLS?)
[1741932460.713414] [s43n03:13264:0]          parser.c:2326 UCX  WARN  (set UCX_WARN_UNUSED_ENV_VARS=n to suppress this warning)
----
clik version 3be036bbb4f9
  plik_cmbonly
Checking likelihood '/home/maanson/Speciale/connectv2/resources/planck2018/code/plc_3.0/plc-3.01/../../../baseline/plc_3.0/hi_l/plik_lite/plik_lite_v22_TTTEEE.clik' on test data. got -292.286 expected -292.286 (diff -3.86223e-09)
----
----
clik version 3be036bbb4f9
  gibbs_gauss b13c8fda-1837-41b5-ae2d-78d6b723fcf1
Checking likelihood '/home/maanson/Speciale/connectv2/resources/planck2018/code/plc_3.0/plc-3.01/../../../baseline/plc_3.0/low_l/commander/commander_dx12_v3_2_29.clik' on test data. got -11.6257 expected -11.6257 (diff -1.07424e-09)
----
Initializing SimAll
----
clik version 3be036bbb4f9
  simall simall_EE_BB_TE
Checking likelihood '/home/maanson/Speciale/connectv2/resources/planck2018/code/plc_3.0/plc-3.01/../../../baseline/plc_3.0/low_l/simall/simall_100x143_offlike5_EE_Aplanck_B.clik' on test data. got -197.99 expected -197.99 (diff -4.1778e-08)
----
 Initializing Planck likelihood, version Plik_v22_cmbonly_like                                                                                                                                                                                                                                                                                                                                                                                                                                                                                               
----
clik version 3be036bbb4f9
  plik_cmbonly
Checking likelihood '/home/maanson/Speciale/connectv2/resources/planck2018/code/plc_3.0/plc-3.01/../../../baseline/plc_3.0/hi_l/plik_lite/plik_lite_v22_TTTEEE.clik' on test data. got -292.286 expected -292.286 (diff -3.86223e-09)
----
----
clik version 3be036bbb4f9
  gibbs_gauss b13c8fda-1837-41b5-ae2d-78d6b723fcf1
Checking likelihood '/home/maanson/Speciale/connectv2/resources/planck2018/code/plc_3.0/plc-3.01/../../../baseline/plc_3.0/low_l/commander/commander_dx12_v3_2_29.clik' on test data. got -11.6257 expected -11.6257 (diff -1.07424e-09)
----
Initializing SimAll
----
clik version 3be036bbb4f9
  simall simall_EE_BB_TE
Checking likelihood '/home/maanson/Speciale/connectv2/resources/planck2018/code/plc_3.0/plc-3.01/../../../baseline/plc_3.0/low_l/simall/simall_100x143_offlike5_EE_Aplanck_B.clik' on test data. got -197.99 expected -197.99 (diff -4.1778e-08)
----
[1741932460.840342] [s43n03:13269:0]          parser.c:2326 UCX  WARN  unused environment variable: UCX_DIR (maybe: UCX_TLS?)
[1741932460.840342] [s43n03:13269:0]          parser.c:2326 UCX  WARN  (set UCX_WARN_UNUSED_ENV_VARS=n to suppress this warning)
[1741932461.444185] [s43n04:2854879:0]          parser.c:2326 UCX  WARN  unused environment variable: UCX_DIR (maybe: UCX_TLS?)
[1741932461.444185] [s43n04:2854879:0]          parser.c:2326 UCX  WARN  (set UCX_WARN_UNUSED_ENV_VARS=n to suppress this warning)
[1741932461.453874] [s43n02:3842433:0]          parser.c:2326 UCX  WARN  unused environment variable: UCX_DIR (maybe: UCX_TLS?)
[1741932461.453874] [s43n02:3842433:0]          parser.c:2326 UCX  WARN  (set UCX_WARN_UNUSED_ENV_VARS=n to suppress this warning)
 Initializing Planck likelihood, version Plik_v22_cmbonly_like                                                                                                                                                                                                                                                                                                                                                                                                                                                                                               
[1741932461.555206] [s43n03:13284:0]          parser.c:2326 UCX  WARN  unused environment variable: UCX_DIR (maybe: UCX_TLS?)
[1741932461.555206] [s43n03:13284:0]          parser.c:2326 UCX  WARN  (set UCX_WARN_UNUSED_ENV_VARS=n to suppress this warning)
 Initializing Planck likelihood, version Plik_v22_cmbonly_like                                                                                                                                                                                                                                                                                                                                                                                                                                                                                               
----
clik version 3be036bbb4f9
  plik_cmbonly
Checking likelihood '/home/maanson/Speciale/connectv2/resources/planck2018/code/plc_3.0/plc-3.01/../../../baseline/plc_3.0/hi_l/plik_lite/plik_lite_v22_TTTEEE.clik' on test data. got -292.286 expected -292.286 (diff -3.86223e-09)
----
----
clik version 3be036bbb4f9
  gibbs_gauss b13c8fda-1837-41b5-ae2d-78d6b723fcf1
Checking likelihood '/home/maanson/Speciale/connectv2/resources/planck2018/code/plc_3.0/plc-3.01/../../../baseline/plc_3.0/low_l/commander/commander_dx12_v3_2_29.clik' on test data. got -11.6257 expected -11.6257 (diff -1.07424e-09)
----
Initializing SimAll
----
clik version 3be036bbb4f9
  simall simall_EE_BB_TE
Checking likelihood '/home/maanson/Speciale/connectv2/resources/planck2018/code/plc_3.0/plc-3.01/../../../baseline/plc_3.0/low_l/simall/simall_100x143_offlike5_EE_Aplanck_B.clik' on test data. got -197.99 expected -197.99 (diff -4.1778e-08)
----
 Initializing Planck likelihood, version Plik_v22_cmbonly_like                                                                                                                                                                                                                                                                                                                                                                                                                                                                                               
----
clik version 3be036bbb4f9
  plik_cmbonly
Checking likelihood '/home/maanson/Speciale/connectv2/resources/planck2018/code/plc_3.0/plc-3.01/../../../baseline/plc_3.0/hi_l/plik_lite/plik_lite_v22_TTTEEE.clik' on test data. got -292.286 expected -292.286 (diff -3.86223e-09)
----
----
clik version 3be036bbb4f9
  gibbs_gauss b13c8fda-1837-41b5-ae2d-78d6b723fcf1
Checking likelihood '/home/maanson/Speciale/connectv2/resources/planck2018/code/plc_3.0/plc-3.01/../../../baseline/plc_3.0/low_l/commander/commander_dx12_v3_2_29.clik' on test data. got -11.6257 expected -11.6257 (diff -1.07424e-09)
----
Initializing SimAll
----
clik version 3be036bbb4f9
  simall simall_EE_BB_TE
Checking likelihood '/home/maanson/Speciale/connectv2/resources/planck2018/code/plc_3.0/plc-3.01/../../../baseline/plc_3.0/low_l/simall/simall_100x143_offlike5_EE_Aplanck_B.clik' on test data. got -197.99 expected -197.99 (diff -4.1778e-08)
----
----
clik version 3be036bbb4f9
  plik_cmbonly
Checking likelihood '/home/maanson/Speciale/connectv2/resources/planck2018/code/plc_3.0/plc-3.01/../../../baseline/plc_3.0/hi_l/plik_lite/plik_lite_v22_TTTEEE.clik' on test data. got -292.286 expected -292.286 (diff -3.86223e-09)
----
----
clik version 3be036bbb4f9
  gibbs_gauss b13c8fda-1837-41b5-ae2d-78d6b723fcf1
Checking likelihood '/home/maanson/Speciale/connectv2/resources/planck2018/code/plc_3.0/plc-3.01/../../../baseline/plc_3.0/low_l/commander/commander_dx12_v3_2_29.clik' on test data. got -11.6257 expected -11.6257 (diff -1.07424e-09)
----
Initializing SimAll
----
clik version 3be036bbb4f9
  simall simall_EE_BB_TE
Checking likelihood '/home/maanson/Speciale/connectv2/resources/planck2018/code/plc_3.0/plc-3.01/../../../baseline/plc_3.0/low_l/simall/simall_100x143_offlike5_EE_Aplanck_B.clik' on test data. got -197.99 expected -197.99 (diff -4.1778e-08)
----
 Initializing Planck likelihood, version Plik_v22_cmbonly_like                                                                                                                                                                                                                                                                                                                                                                                                                                                                                               
----
clik version 3be036bbb4f9
  plik_cmbonly
Checking likelihood '/home/maanson/Speciale/connectv2/resources/planck2018/code/plc_3.0/plc-3.01/../../../baseline/plc_3.0/hi_l/plik_lite/plik_lite_v22_TTTEEE.clik' on test data. got -292.286 expected -292.286 (diff -3.86223e-09)
----
----
clik version 3be036bbb4f9
  gibbs_gauss b13c8fda-1837-41b5-ae2d-78d6b723fcf1
Checking likelihood '/home/maanson/Speciale/connectv2/resources/planck2018/code/plc_3.0/plc-3.01/../../../baseline/plc_3.0/low_l/commander/commander_dx12_v3_2_29.clik' on test data. got -11.6257 expected -11.6257 (diff -1.07424e-09)
----
Initializing SimAll
----
clik version 3be036bbb4f9
  simall simall_EE_BB_TE
Checking likelihood '/home/maanson/Speciale/connectv2/resources/planck2018/code/plc_3.0/plc-3.01/../../../baseline/plc_3.0/low_l/simall/simall_100x143_offlike5_EE_Aplanck_B.clik' on test data. got -197.99 expected -197.99 (diff -4.1778e-08)
----
 Initializing Planck likelihood, version Plik_v22_cmbonly_like                                                                                                                                                                                                                                                                                                                                                                                                                                                                                               
 Initializing Planck likelihood, version Plik_v22_cmbonly_like                                                                                                                                                                                                                                                                                                                                                                                                                                                                                               
----
clik version 3be036bbb4f9
  plik_cmbonly
Checking likelihood '/home/maanson/Speciale/connectv2/resources/planck2018/code/plc_3.0/plc-3.01/../../../baseline/plc_3.0/hi_l/plik_lite/plik_lite_v22_TTTEEE.clik' on test data. got -292.286 expected -292.286 (diff -3.86223e-09)
----
----
clik version 3be036bbb4f9
  gibbs_gauss b13c8fda-1837-41b5-ae2d-78d6b723fcf1
Checking likelihood '/home/maanson/Speciale/connectv2/resources/planck2018/code/plc_3.0/plc-3.01/../../../baseline/plc_3.0/low_l/commander/commander_dx12_v3_2_29.clik' on test data. got -11.6257 expected -11.6257 (diff -1.07424e-09)
----
Initializing SimAll
----
clik version 3be036bbb4f9
  simall simall_EE_BB_TE
Checking likelihood '/home/maanson/Speciale/connectv2/resources/planck2018/code/plc_3.0/plc-3.01/../../../baseline/plc_3.0/low_l/simall/simall_100x143_offlike5_EE_Aplanck_B.clik' on test data. got -197.99 expected -197.99 (diff -4.1778e-08)
----
----
clik version 3be036bbb4f9
  plik_cmbonly
Checking likelihood '/home/maanson/Speciale/connectv2/resources/planck2018/code/plc_3.0/plc-3.01/../../../baseline/plc_3.0/hi_l/plik_lite/plik_lite_v22_TTTEEE.clik' on test data. got -292.286 expected -292.286 (diff -3.86223e-09)
----
----
clik version 3be036bbb4f9
  gibbs_gauss b13c8fda-1837-41b5-ae2d-78d6b723fcf1
Checking likelihood '/home/maanson/Speciale/connectv2/resources/planck2018/code/plc_3.0/plc-3.01/../../../baseline/plc_3.0/low_l/commander/commander_dx12_v3_2_29.clik' on test data. got -11.6257 expected -11.6257 (diff -1.07424e-09)
----
Initializing SimAll
----
clik version 3be036bbb4f9
  simall simall_EE_BB_TE
Checking likelihood '/home/maanson/Speciale/connectv2/resources/planck2018/code/plc_3.0/plc-3.01/../../../baseline/plc_3.0/low_l/simall/simall_100x143_offlike5_EE_Aplanck_B.clik' on test data. got -197.99 expected -197.99 (diff -4.1778e-08)
----
[CHILD][Parent Rank 1] | [INFO] Exiting child process normally.
[CHILD][Parent Rank 6] | [INFO] Exiting child process normally.
[CHILD][Parent Rank 9] | [INFO] Exiting child process normally.
[CHILD][Parent Rank 3] | [INFO] Exiting child process normally.
[CHILD][Parent Rank 8] | [INFO] Exiting child process normally.
[CHILD][Parent Rank 2] | [INFO] Exiting child process normally.
[CHILD][Parent Rank 10] | [INFO] Exiting child process normally.
[CHILD][Parent Rank 11] | [INFO] Exiting child process normally.
[CHILD][Parent Rank 4] | [INFO] Exiting child process normally.
[CHILD][Parent Rank 7] | [INFO] Exiting child process normally.
[CHILD][Parent Rank 5] | [INFO] Exiting child process normally.
[CHILD][Parent Rank 13] | [INFO] Exiting child process normally.
[CHILD][Parent Rank 12] | [INFO] Exiting child process normally.
[PARENT][Rank 3] | Exiting normally.
[PARENT][Rank 4] | Exiting normally.
[PARENT][Rank 5] | Exiting normally.
[PARENT][Rank 1] | Exiting normally.
[PARENT][Rank 2] | Exiting normally.
[PARENT][Rank 10] | Exiting normally.
[PARENT][Rank 6] | Exiting normally.
[PARENT][Rank 9] | Exiting normally.
[PARENT][Rank 7] | Exiting normally.
[PARENT][Rank 12] | Exiting normally.
[PARENT][Rank 11] | Exiting normally.
[PARENT][Rank 0] | Exiting normally.
[PARENT][Rank 8] | Exiting normally.
[PARENT][Rank 13] | Exiting normally.
 Initializing Planck likelihood, version Plik_v22_cmbonly_like                                                                                                                                                                                                                                                                                                                                                                                                                                                                                               
 Initializing Planck likelihood, version Plik_v22_cmbonly_like                                                                                                                                                                                                                                                                                                                                                                                                                                                                                               
 Initializing Planck likelihood, version Plik_v22_cmbonly_like                                                                                                                                                                                                                                                                                                                                                                                                                                                                                               
 Initializing Planck likelihood, version Plik_v22_cmbonly_like                                                                                                                                                                                                                                                                                                                                                                                                                                                                                               
 Initializing Planck likelihood, version Plik_v22_cmbonly_like                                                                                                                                                                                                                                                                                                                                                                                                                                                                                               
 Initializing Planck likelihood, version Plik_v22_cmbonly_like                                                                                                                                                                                                                                                                                                                                                                                                                                                                                               
 Initializing Planck likelihood, version Plik_v22_cmbonly_like                                                                                                                                                                                                                                                                                                                                                                                                                                                                                               
 Initializing Planck likelihood, version Plik_v22_cmbonly_like                                                                                                                                                                                                                                                                                                                                                                                                                                                                                               
 Initializing Planck likelihood, version Plik_v22_cmbonly_like                                                                                                                                                                                                                                                                                                                                                                                                                                                                                               
 Initializing Planck likelihood, version Plik_v22_cmbonly_like                                                                                                                                                                                                                                                                                                                                                                                                                                                                                               
 Initializing Planck likelihood, version Plik_v22_cmbonly_like                                                                                                                                                                                                                                                                                                                                                                                                                                                                                               
 Initializing Planck likelihood, version Plik_v22_cmbonly_like                                                                                                                                                                                                                                                                                                                                                                                                                                                                                               
----
clik version 3be036bbb4f9
  plik_cmbonly
----
clik version 3be036bbb4f9
  plik_cmbonly
----
clik version 3be036bbb4f9
  plik_cmbonly
----
clik version 3be036bbb4f9
  plik_cmbonly
Checking likelihood '/home/maanson/Speciale/connectv2/resources/planck2018/code/plc_3.0/plc-3.01/../../../baseline/plc_3.0/hi_l/plik_lite/plik_lite_v22_TTTEEE.clik' on test data. got -292.286 expected -292.286 (diff -3.86223e-09)
----
Checking likelihood '/home/maanson/Speciale/connectv2/resources/planck2018/code/plc_3.0/plc-3.01/../../../baseline/plc_3.0/hi_l/plik_lite/plik_lite_v22_TTTEEE.clik' on test data. got -292.286 expected -292.286 (diff -3.86223e-09)
----
Checking likelihood '/home/maanson/Speciale/connectv2/resources/planck2018/code/plc_3.0/plc-3.01/../../../baseline/plc_3.0/hi_l/plik_lite/plik_lite_v22_TTTEEE.clik' on test data. got -292.286 expected -292.286 (diff -3.86223e-09)
----
Checking likelihood '/home/maanson/Speciale/connectv2/resources/planck2018/code/plc_3.0/plc-3.01/../../../baseline/plc_3.0/hi_l/plik_lite/plik_lite_v22_TTTEEE.clik' on test data. got -292.286 expected -292.286 (diff -3.86223e-09)
----
----
clik version 3be036bbb4f9
  plik_cmbonly
Checking likelihood '/home/maanson/Speciale/connectv2/resources/planck2018/code/plc_3.0/plc-3.01/../../../baseline/plc_3.0/hi_l/plik_lite/plik_lite_v22_TTTEEE.clik' on test data. got -292.286 expected -292.286 (diff -3.86223e-09)
----
----
clik version 3be036bbb4f9
  plik_cmbonly
----
clik version 3be036bbb4f9
  plik_cmbonly
----
clik version 3be036bbb4f9
  plik_cmbonly
----
clik version 3be036bbb4f9
  plik_cmbonly
Checking likelihood '/home/maanson/Speciale/connectv2/resources/planck2018/code/plc_3.0/plc-3.01/../../../baseline/plc_3.0/hi_l/plik_lite/plik_lite_v22_TTTEEE.clik' on test data. got -292.286 expected -292.286 (diff -3.86223e-09)
----
----
clik version 3be036bbb4f9
  plik_cmbonly
Checking likelihood '/home/maanson/Speciale/connectv2/resources/planck2018/code/plc_3.0/plc-3.01/../../../baseline/plc_3.0/hi_l/plik_lite/plik_lite_v22_TTTEEE.clik' on test data. got -292.286 expected -292.286 (diff -3.86223e-09)
----
Checking likelihood '/home/maanson/Speciale/connectv2/resources/planck2018/code/plc_3.0/plc-3.01/../../../baseline/plc_3.0/hi_l/plik_lite/plik_lite_v22_TTTEEE.clik' on test data. got -292.286 expected -292.286 (diff -3.86223e-09)
----
Checking likelihood '/home/maanson/Speciale/connectv2/resources/planck2018/code/plc_3.0/plc-3.01/../../../baseline/plc_3.0/hi_l/plik_lite/plik_lite_v22_TTTEEE.clik' on test data. got -292.286 expected -292.286 (diff -3.86223e-09)
----
Checking likelihood '/home/maanson/Speciale/connectv2/resources/planck2018/code/plc_3.0/plc-3.01/../../../baseline/plc_3.0/hi_l/plik_lite/plik_lite_v22_TTTEEE.clik' on test data. got -292.286 expected -292.286 (diff -3.86223e-09)
----
----
clik version 3be036bbb4f9
  gibbs_gauss b13c8fda-1837-41b5-ae2d-78d6b723fcf1
----
clik version 3be036bbb4f9
  gibbs_gauss b13c8fda-1837-41b5-ae2d-78d6b723fcf1
----
clik version 3be036bbb4f9
  gibbs_gauss b13c8fda-1837-41b5-ae2d-78d6b723fcf1
----
clik version 3be036bbb4f9
  gibbs_gauss b13c8fda-1837-41b5-ae2d-78d6b723fcf1
Checking likelihood '/home/maanson/Speciale/connectv2/resources/planck2018/code/plc_3.0/plc-3.01/../../../baseline/plc_3.0/low_l/commander/commander_dx12_v3_2_29.clik' on test data. got -11.6257 expected -11.6257 (diff -1.07424e-09)
----
Checking likelihood '/home/maanson/Speciale/connectv2/resources/planck2018/code/plc_3.0/plc-3.01/../../../baseline/plc_3.0/low_l/commander/commander_dx12_v3_2_29.clik' on test data. got -11.6257 expected -11.6257 (diff -1.07424e-09)
----
Checking likelihood '/home/maanson/Speciale/connectv2/resources/planck2018/code/plc_3.0/plc-3.01/../../../baseline/plc_3.0/low_l/commander/commander_dx12_v3_2_29.clik' on test data. got -11.6257 expected -11.6257 (diff -1.07424e-09)
----
Checking likelihood '/home/maanson/Speciale/connectv2/resources/planck2018/code/plc_3.0/plc-3.01/../../../baseline/plc_3.0/low_l/commander/commander_dx12_v3_2_29.clik' on test data. got -11.6257 expected -11.6257 (diff -1.07424e-09)
----
----
clik version 3be036bbb4f9
  gibbs_gauss b13c8fda-1837-41b5-ae2d-78d6b723fcf1
Checking likelihood '/home/maanson/Speciale/connectv2/resources/planck2018/code/plc_3.0/plc-3.01/../../../baseline/plc_3.0/low_l/commander/commander_dx12_v3_2_29.clik' on test data. got -11.6257 expected -11.6257 (diff -1.07424e-09)
----
Initializing SimAll
Initializing SimAll
Initializing SimAll
Initializing SimAll
Initializing SimAll
----
clik version 3be036bbb4f9
  simall simall_EE_BB_TE
----
clik version 3be036bbb4f9
  simall simall_EE_BB_TE
----
clik version 3be036bbb4f9
  simall simall_EE_BB_TE
Checking likelihood '/home/maanson/Speciale/connectv2/resources/planck2018/code/plc_3.0/plc-3.01/../../../baseline/plc_3.0/low_l/simall/simall_100x143_offlike5_EE_Aplanck_B.clik' on test data. got -197.99 expected -197.99 (diff -4.1778e-08)
----
----
clik version 3be036bbb4f9
  simall simall_EE_BB_TE
Checking likelihood '/home/maanson/Speciale/connectv2/resources/planck2018/code/plc_3.0/plc-3.01/../../../baseline/plc_3.0/low_l/simall/simall_100x143_offlike5_EE_Aplanck_B.clik' on test data. got -197.99 expected -197.99 (diff -4.1778e-08)
----
Checking likelihood '/home/maanson/Speciale/connectv2/resources/planck2018/code/plc_3.0/plc-3.01/../../../baseline/plc_3.0/low_l/simall/simall_100x143_offlike5_EE_Aplanck_B.clik' on test data. got -197.99 expected -197.99 (diff -4.1778e-08)
----
Checking likelihood '/home/maanson/Speciale/connectv2/resources/planck2018/code/plc_3.0/plc-3.01/../../../baseline/plc_3.0/low_l/simall/simall_100x143_offlike5_EE_Aplanck_B.clik' on test data. got -197.99 expected -197.99 (diff -4.1778e-08)
----
----
clik version 3be036bbb4f9
  simall simall_EE_BB_TE
Checking likelihood '/home/maanson/Speciale/connectv2/resources/planck2018/code/plc_3.0/plc-3.01/../../../baseline/plc_3.0/low_l/simall/simall_100x143_offlike5_EE_Aplanck_B.clik' on test data. got -197.99 expected -197.99 (diff -4.1778e-08)
----
----
clik version 3be036bbb4f9
  gibbs_gauss b13c8fda-1837-41b5-ae2d-78d6b723fcf1
Checking likelihood '/home/maanson/Speciale/connectv2/resources/planck2018/code/plc_3.0/plc-3.01/../../../baseline/plc_3.0/low_l/commander/commander_dx12_v3_2_29.clik' on test data. got -11.6257 expected -11.6257 (diff -1.07424e-09)
----
----
clik version 3be036bbb4f9
  gibbs_gauss b13c8fda-1837-41b5-ae2d-78d6b723fcf1
Checking likelihood '/home/maanson/Speciale/connectv2/resources/planck2018/code/plc_3.0/plc-3.01/../../../baseline/plc_3.0/low_l/commander/commander_dx12_v3_2_29.clik' on test data. got -11.6257 expected -11.6257 (diff -1.07424e-09)
----
----
clik version 3be036bbb4f9
  gibbs_gauss b13c8fda-1837-41b5-ae2d-78d6b723fcf1
Checking likelihood '/home/maanson/Speciale/connectv2/resources/planck2018/code/plc_3.0/plc-3.01/../../../baseline/plc_3.0/low_l/commander/commander_dx12_v3_2_29.clik' on test data. got -11.6257 expected -11.6257 (diff -1.07424e-09)
----
----
clik version 3be036bbb4f9
  gibbs_gauss b13c8fda-1837-41b5-ae2d-78d6b723fcf1
Checking likelihood '/home/maanson/Speciale/connectv2/resources/planck2018/code/plc_3.0/plc-3.01/../../../baseline/plc_3.0/low_l/commander/commander_dx12_v3_2_29.clik' on test data. got -11.6257 expected -11.6257 (diff -1.07424e-09)
----
----
clik version 3be036bbb4f9
  gibbs_gauss b13c8fda-1837-41b5-ae2d-78d6b723fcf1
Checking likelihood '/home/maanson/Speciale/connectv2/resources/planck2018/code/plc_3.0/plc-3.01/../../../baseline/plc_3.0/low_l/commander/commander_dx12_v3_2_29.clik' on test data. got -11.6257 expected -11.6257 (diff -1.07424e-09)
----
Initializing SimAll
----
clik version 3be036bbb4f9
  simall simall_EE_BB_TE
Checking likelihood '/home/maanson/Speciale/connectv2/resources/planck2018/code/plc_3.0/plc-3.01/../../../baseline/plc_3.0/low_l/simall/simall_100x143_offlike5_EE_Aplanck_B.clik' on test data. got -197.99 expected -197.99 (diff -4.1778e-08)
----
Initializing SimAll
----
clik version 3be036bbb4f9
  simall simall_EE_BB_TE
Checking likelihood '/home/maanson/Speciale/connectv2/resources/planck2018/code/plc_3.0/plc-3.01/../../../baseline/plc_3.0/low_l/simall/simall_100x143_offlike5_EE_Aplanck_B.clik' on test data. got -197.99 expected -197.99 (diff -4.1778e-08)
----
Initializing SimAll
----
clik version 3be036bbb4f9
  simall simall_EE_BB_TE
Checking likelihood '/home/maanson/Speciale/connectv2/resources/planck2018/code/plc_3.0/plc-3.01/../../../baseline/plc_3.0/low_l/simall/simall_100x143_offlike5_EE_Aplanck_B.clik' on test data. got -197.99 expected -197.99 (diff -4.1778e-08)
----
Initializing SimAll
----
clik version 3be036bbb4f9
  simall simall_EE_BB_TE
Checking likelihood '/home/maanson/Speciale/connectv2/resources/planck2018/code/plc_3.0/plc-3.01/../../../baseline/plc_3.0/low_l/simall/simall_100x143_offlike5_EE_Aplanck_B.clik' on test data. got -197.99 expected -197.99 (diff -4.1778e-08)
----
Initializing SimAll
----
clik version 3be036bbb4f9
  simall simall_EE_BB_TE
Checking likelihood '/home/maanson/Speciale/connectv2/resources/planck2018/code/plc_3.0/plc-3.01/../../../baseline/plc_3.0/low_l/simall/simall_100x143_offlike5_EE_Aplanck_B.clik' on test data. got -197.99 expected -197.99 (diff -4.1778e-08)
----
----
clik version 3be036bbb4f9
  plik_cmbonly
Checking likelihood '/home/maanson/Speciale/connectv2/resources/planck2018/code/plc_3.0/plc-3.01/../../../baseline/plc_3.0/hi_l/plik_lite/plik_lite_v22_TTTEEE.clik' on test data. got -292.286 expected -292.286 (diff -3.86223e-09)
----
----
clik version 3be036bbb4f9
  gibbs_gauss b13c8fda-1837-41b5-ae2d-78d6b723fcf1
Checking likelihood '/home/maanson/Speciale/connectv2/resources/planck2018/code/plc_3.0/plc-3.01/../../../baseline/plc_3.0/low_l/commander/commander_dx12_v3_2_29.clik' on test data. got -11.6257 expected -11.6257 (diff -1.07424e-09)
----
Initializing SimAll
----
clik version 3be036bbb4f9
  simall simall_EE_BB_TE
Checking likelihood '/home/maanson/Speciale/connectv2/resources/planck2018/code/plc_3.0/plc-3.01/../../../baseline/plc_3.0/low_l/simall/simall_100x143_offlike5_EE_Aplanck_B.clik' on test data. got -197.99 expected -197.99 (diff -4.1778e-08)
----
----
clik version 3be036bbb4f9
  plik_cmbonly
Checking likelihood '/home/maanson/Speciale/connectv2/resources/planck2018/code/plc_3.0/plc-3.01/../../../baseline/plc_3.0/hi_l/plik_lite/plik_lite_v22_TTTEEE.clik' on test data. got -292.286 expected -292.286 (diff -3.86223e-09)
----
----
clik version 3be036bbb4f9
  gibbs_gauss b13c8fda-1837-41b5-ae2d-78d6b723fcf1
Checking likelihood '/home/maanson/Speciale/connectv2/resources/planck2018/code/plc_3.0/plc-3.01/../../../baseline/plc_3.0/low_l/commander/commander_dx12_v3_2_29.clik' on test data. got -11.6257 expected -11.6257 (diff -1.07424e-09)
----
Initializing SimAll
----
clik version 3be036bbb4f9
  simall simall_EE_BB_TE
Checking likelihood '/home/maanson/Speciale/connectv2/resources/planck2018/code/plc_3.0/plc-3.01/../../../baseline/plc_3.0/low_l/simall/simall_100x143_offlike5_EE_Aplanck_B.clik' on test data. got -197.99 expected -197.99 (diff -4.1778e-08)
----
 Initializing Planck likelihood, version Plik_v22_cmbonly_like                                                                                                                                                                                                                                                                                                                                                                                                                                                                                               
 Initializing Planck likelihood, version Plik_v22_cmbonly_like                                                                                                                                                                                                                                                                                                                                                                                                                                                                                               
----
clik version 3be036bbb4f9
  plik_cmbonly
Checking likelihood '/home/maanson/Speciale/connectv2/resources/planck2018/code/plc_3.0/plc-3.01/../../../baseline/plc_3.0/hi_l/plik_lite/plik_lite_v22_TTTEEE.clik' on test data. got -292.286 expected -292.286 (diff -3.86223e-09)
----
----
clik version 3be036bbb4f9
  gibbs_gauss b13c8fda-1837-41b5-ae2d-78d6b723fcf1
Checking likelihood '/home/maanson/Speciale/connectv2/resources/planck2018/code/plc_3.0/plc-3.01/../../../baseline/plc_3.0/low_l/commander/commander_dx12_v3_2_29.clik' on test data. got -11.6257 expected -11.6257 (diff -1.07424e-09)
----
----
clik version 3be036bbb4f9
  plik_cmbonly
Checking likelihood '/home/maanson/Speciale/connectv2/resources/planck2018/code/plc_3.0/plc-3.01/../../../baseline/plc_3.0/hi_l/plik_lite/plik_lite_v22_TTTEEE.clik' on test data. got -292.286 expected -292.286 (diff -3.86223e-09)
----
----
clik version 3be036bbb4f9
  gibbs_gauss b13c8fda-1837-41b5-ae2d-78d6b723fcf1
Checking likelihood '/home/maanson/Speciale/connectv2/resources/planck2018/code/plc_3.0/plc-3.01/../../../baseline/plc_3.0/low_l/commander/commander_dx12_v3_2_29.clik' on test data. got -11.6257 expected -11.6257 (diff -1.07424e-09)
----
Initializing SimAll
----
clik version 3be036bbb4f9
  simall simall_EE_BB_TE
Checking likelihood '/home/maanson/Speciale/connectv2/resources/planck2018/code/plc_3.0/plc-3.01/../../../baseline/plc_3.0/low_l/simall/simall_100x143_offlike5_EE_Aplanck_B.clik' on test data. got -197.99 expected -197.99 (diff -4.1778e-08)
----
Initializing SimAll
----
clik version 3be036bbb4f9
  simall simall_EE_BB_TE
Checking likelihood '/home/maanson/Speciale/connectv2/resources/planck2018/code/plc_3.0/plc-3.01/../../../baseline/plc_3.0/low_l/simall/simall_100x143_offlike5_EE_Aplanck_B.clik' on test data. got -197.99 expected -197.99 (diff -4.1778e-08)
----
[1741932771.519434] [s43n02:3852020:0]          parser.c:2326 UCX  WARN  unused environment variable: UCX_DIR (maybe: UCX_TLS?)
[1741932771.519434] [s43n02:3852020:0]          parser.c:2326 UCX  WARN  (set UCX_WARN_UNUSED_ENV_VARS=n to suppress this warning)
[1741932771.686163] [s43n03:13644:0]          parser.c:2326 UCX  WARN  unused environment variable: UCX_DIR (maybe: UCX_TLS?)
[1741932771.686163] [s43n03:13644:0]          parser.c:2326 UCX  WARN  (set UCX_WARN_UNUSED_ENV_VARS=n to suppress this warning)
[1741932771.708419] [s43n03:13645:0]          parser.c:2326 UCX  WARN  unused environment variable: UCX_DIR (maybe: UCX_TLS?)
[1741932771.708419] [s43n03:13645:0]          parser.c:2326 UCX  WARN  (set UCX_WARN_UNUSED_ENV_VARS=n to suppress this warning)
[1741932771.744992] [s43n03:13646:0]          parser.c:2326 UCX  WARN  unused environment variable: UCX_DIR (maybe: UCX_TLS?)
[1741932771.744992] [s43n03:13646:0]          parser.c:2326 UCX  WARN  (set UCX_WARN_UNUSED_ENV_VARS=n to suppress this warning)
 Initializing Planck likelihood, version Plik_v22_cmbonly_like                                                                                                                                                                                                                                                                                                                                                                                                                                                                                               
----
clik version 3be036bbb4f9
  plik_cmbonly
Checking likelihood '/home/maanson/Speciale/connectv2/resources/planck2018/code/plc_3.0/plc-3.01/../../../baseline/plc_3.0/hi_l/plik_lite/plik_lite_v22_TTTEEE.clik' on test data. got -292.286 expected -292.286 (diff -3.86223e-09)
----
----
clik version 3be036bbb4f9
  gibbs_gauss b13c8fda-1837-41b5-ae2d-78d6b723fcf1
Checking likelihood '/home/maanson/Speciale/connectv2/resources/planck2018/code/plc_3.0/plc-3.01/../../../baseline/plc_3.0/low_l/commander/commander_dx12_v3_2_29.clik' on test data. got -11.6257 expected -11.6257 (diff -1.07424e-09)
----
Initializing SimAll
----
clik version 3be036bbb4f9
  simall simall_EE_BB_TE
Checking likelihood '/home/maanson/Speciale/connectv2/resources/planck2018/code/plc_3.0/plc-3.01/../../../baseline/plc_3.0/low_l/simall/simall_100x143_offlike5_EE_Aplanck_B.clik' on test data. got -197.99 expected -197.99 (diff -4.1778e-08)
----
[1741932772.307509] [s43n02:3852037:0]          parser.c:2326 UCX  WARN  unused environment variable: UCX_DIR (maybe: UCX_TLS?)
[1741932772.307509] [s43n02:3852037:0]          parser.c:2326 UCX  WARN  (set UCX_WARN_UNUSED_ENV_VARS=n to suppress this warning)
[1741932772.417441] [s43n03:13671:0]          parser.c:2326 UCX  WARN  unused environment variable: UCX_DIR (maybe: UCX_TLS?)
[1741932772.417441] [s43n03:13671:0]          parser.c:2326 UCX  WARN  (set UCX_WARN_UNUSED_ENV_VARS=n to suppress this warning)
[1741932772.448107] [s43n02:3852042:0]          parser.c:2326 UCX  WARN  unused environment variable: UCX_DIR (maybe: UCX_TLS?)
[1741932772.448107] [s43n02:3852042:0]          parser.c:2326 UCX  WARN  (set UCX_WARN_UNUSED_ENV_VARS=n to suppress this warning)
 Initializing Planck likelihood, version Plik_v22_cmbonly_like                                                                                                                                                                                                                                                                                                                                                                                                                                                                                               
 Initializing Planck likelihood, version Plik_v22_cmbonly_like                                                                                                                                                                                                                                                                                                                                                                                                                                                                                               
----
clik version 3be036bbb4f9
  plik_cmbonly
Checking likelihood '/home/maanson/Speciale/connectv2/resources/planck2018/code/plc_3.0/plc-3.01/../../../baseline/plc_3.0/hi_l/plik_lite/plik_lite_v22_TTTEEE.clik' on test data. got -292.286 expected -292.286 (diff -3.86223e-09)
----
 Initializing Planck likelihood, version Plik_v22_cmbonly_like                                                                                                                                                                                                                                                                                                                                                                                                                                                                                               
----
clik version 3be036bbb4f9
  gibbs_gauss b13c8fda-1837-41b5-ae2d-78d6b723fcf1
Checking likelihood '/home/maanson/Speciale/connectv2/resources/planck2018/code/plc_3.0/plc-3.01/../../../baseline/plc_3.0/low_l/commander/commander_dx12_v3_2_29.clik' on test data. got -11.6257 expected -11.6257 (diff -1.07424e-09)
----
Initializing SimAll
----
clik version 3be036bbb4f9
  simall simall_EE_BB_TE
Checking likelihood '/home/maanson/Speciale/connectv2/resources/planck2018/code/plc_3.0/plc-3.01/../../../baseline/plc_3.0/low_l/simall/simall_100x143_offlike5_EE_Aplanck_B.clik' on test data. got -197.99 expected -197.99 (diff -4.1778e-08)
----
----
clik version 3be036bbb4f9
  plik_cmbonly
Checking likelihood '/home/maanson/Speciale/connectv2/resources/planck2018/code/plc_3.0/plc-3.01/../../../baseline/plc_3.0/hi_l/plik_lite/plik_lite_v22_TTTEEE.clik' on test data. got -292.286 expected -292.286 (diff -3.86223e-09)
----
----
clik version 3be036bbb4f9
  gibbs_gauss b13c8fda-1837-41b5-ae2d-78d6b723fcf1
Checking likelihood '/home/maanson/Speciale/connectv2/resources/planck2018/code/plc_3.0/plc-3.01/../../../baseline/plc_3.0/low_l/commander/commander_dx12_v3_2_29.clik' on test data. got -11.6257 expected -11.6257 (diff -1.07424e-09)
----
Initializing SimAll
----
clik version 3be036bbb4f9
  simall simall_EE_BB_TE
Checking likelihood '/home/maanson/Speciale/connectv2/resources/planck2018/code/plc_3.0/plc-3.01/../../../baseline/plc_3.0/low_l/simall/simall_100x143_offlike5_EE_Aplanck_B.clik' on test data. got -197.99 expected -197.99 (diff -4.1778e-08)
----
[1741932772.668490] [s43n04:2856568:0]          parser.c:2326 UCX  WARN  unused environment variable: UCX_DIR (maybe: UCX_TLS?)
[1741932772.668490] [s43n04:2856568:0]          parser.c:2326 UCX  WARN  (set UCX_WARN_UNUSED_ENV_VARS=n to suppress this warning)
----
clik version 3be036bbb4f9
  plik_cmbonly
Checking likelihood '/home/maanson/Speciale/connectv2/resources/planck2018/code/plc_3.0/plc-3.01/../../../baseline/plc_3.0/hi_l/plik_lite/plik_lite_v22_TTTEEE.clik' on test data. got -292.286 expected -292.286 (diff -3.86223e-09)
----
----
clik version 3be036bbb4f9
  gibbs_gauss b13c8fda-1837-41b5-ae2d-78d6b723fcf1
Checking likelihood '/home/maanson/Speciale/connectv2/resources/planck2018/code/plc_3.0/plc-3.01/../../../baseline/plc_3.0/low_l/commander/commander_dx12_v3_2_29.clik' on test data. got -11.6257 expected -11.6257 (diff -1.07424e-09)
----
Initializing SimAll
----
clik version 3be036bbb4f9
  simall simall_EE_BB_TE
Checking likelihood '/home/maanson/Speciale/connectv2/resources/planck2018/code/plc_3.0/plc-3.01/../../../baseline/plc_3.0/low_l/simall/simall_100x143_offlike5_EE_Aplanck_B.clik' on test data. got -197.99 expected -197.99 (diff -4.1778e-08)
----
[1741932772.731792] [s43n03:13708:0]          parser.c:2326 UCX  WARN  unused environment variable: UCX_DIR (maybe: UCX_TLS?)
[1741932772.731792] [s43n03:13708:0]          parser.c:2326 UCX  WARN  (set UCX_WARN_UNUSED_ENV_VARS=n to suppress this warning)
 Initializing Planck likelihood, version Plik_v22_cmbonly_like                                                                                                                                                                                                                                                                                                                                                                                                                                                                                               
----
clik version 3be036bbb4f9
  plik_cmbonly
Checking likelihood '/home/maanson/Speciale/connectv2/resources/planck2018/code/plc_3.0/plc-3.01/../../../baseline/plc_3.0/hi_l/plik_lite/plik_lite_v22_TTTEEE.clik' on test data. got -292.286 expected -292.286 (diff -3.86223e-09)
----
----
clik version 3be036bbb4f9
  gibbs_gauss b13c8fda-1837-41b5-ae2d-78d6b723fcf1
Checking likelihood '/home/maanson/Speciale/connectv2/resources/planck2018/code/plc_3.0/plc-3.01/../../../baseline/plc_3.0/low_l/commander/commander_dx12_v3_2_29.clik' on test data. got -11.6257 expected -11.6257 (diff -1.07424e-09)
----
Initializing SimAll
----
clik version 3be036bbb4f9
  simall simall_EE_BB_TE
Checking likelihood '/home/maanson/Speciale/connectv2/resources/planck2018/code/plc_3.0/plc-3.01/../../../baseline/plc_3.0/low_l/simall/simall_100x143_offlike5_EE_Aplanck_B.clik' on test data. got -197.99 expected -197.99 (diff -4.1778e-08)
----
 Initializing Planck likelihood, version Plik_v22_cmbonly_like                                                                                                                                                                                                                                                                                                                                                                                                                                                                                               
[1741932773.157897] [s43n02:3852075:0]          parser.c:2326 UCX  WARN  unused environment variable: UCX_DIR (maybe: UCX_TLS?)
[1741932773.157897] [s43n02:3852075:0]          parser.c:2326 UCX  WARN  (set UCX_WARN_UNUSED_ENV_VARS=n to suppress this warning)
 Initializing Planck likelihood, version Plik_v22_cmbonly_like                                                                                                                                                                                                                                                                                                                                                                                                                                                                                               
----
clik version 3be036bbb4f9
  plik_cmbonly
Checking likelihood '/home/maanson/Speciale/connectv2/resources/planck2018/code/plc_3.0/plc-3.01/../../../baseline/plc_3.0/hi_l/plik_lite/plik_lite_v22_TTTEEE.clik' on test data. got -292.286 expected -292.286 (diff -3.86223e-09)
----
----
clik version 3be036bbb4f9
  gibbs_gauss b13c8fda-1837-41b5-ae2d-78d6b723fcf1
Checking likelihood '/home/maanson/Speciale/connectv2/resources/planck2018/code/plc_3.0/plc-3.01/../../../baseline/plc_3.0/low_l/commander/commander_dx12_v3_2_29.clik' on test data. got -11.6257 expected -11.6257 (diff -1.07424e-09)
----
Initializing SimAll
----
clik version 3be036bbb4f9
  simall simall_EE_BB_TE
Checking likelihood '/home/maanson/Speciale/connectv2/resources/planck2018/code/plc_3.0/plc-3.01/../../../baseline/plc_3.0/low_l/simall/simall_100x143_offlike5_EE_Aplanck_B.clik' on test data. got -197.99 expected -197.99 (diff -4.1778e-08)
----
----
clik version 3be036bbb4f9
  plik_cmbonly
Checking likelihood '/home/maanson/Speciale/connectv2/resources/planck2018/code/plc_3.0/plc-3.01/../../../baseline/plc_3.0/hi_l/plik_lite/plik_lite_v22_TTTEEE.clik' on test data. got -292.286 expected -292.286 (diff -3.86223e-09)
----
----
clik version 3be036bbb4f9
  gibbs_gauss b13c8fda-1837-41b5-ae2d-78d6b723fcf1
Checking likelihood '/home/maanson/Speciale/connectv2/resources/planck2018/code/plc_3.0/plc-3.01/../../../baseline/plc_3.0/low_l/commander/commander_dx12_v3_2_29.clik' on test data. got -11.6257 expected -11.6257 (diff -1.07424e-09)
----
 Initializing Planck likelihood, version Plik_v22_cmbonly_like                                                                                                                                                                                                                                                                                                                                                                                                                                                                                               
Initializing SimAll
----
clik version 3be036bbb4f9
  simall simall_EE_BB_TE
Checking likelihood '/home/maanson/Speciale/connectv2/resources/planck2018/code/plc_3.0/plc-3.01/../../../baseline/plc_3.0/low_l/simall/simall_100x143_offlike5_EE_Aplanck_B.clik' on test data. got -197.99 expected -197.99 (diff -4.1778e-08)
----
----
clik version 3be036bbb4f9
  plik_cmbonly
Checking likelihood '/home/maanson/Speciale/connectv2/resources/planck2018/code/plc_3.0/plc-3.01/../../../baseline/plc_3.0/hi_l/plik_lite/plik_lite_v22_TTTEEE.clik' on test data. got -292.286 expected -292.286 (diff -3.86223e-09)
----
----
clik version 3be036bbb4f9
  gibbs_gauss b13c8fda-1837-41b5-ae2d-78d6b723fcf1
Checking likelihood '/home/maanson/Speciale/connectv2/resources/planck2018/code/plc_3.0/plc-3.01/../../../baseline/plc_3.0/low_l/commander/commander_dx12_v3_2_29.clik' on test data. got -11.6257 expected -11.6257 (diff -1.07424e-09)
----
Initializing SimAll
----
clik version 3be036bbb4f9
  simall simall_EE_BB_TE
Checking likelihood '/home/maanson/Speciale/connectv2/resources/planck2018/code/plc_3.0/plc-3.01/../../../baseline/plc_3.0/low_l/simall/simall_100x143_offlike5_EE_Aplanck_B.clik' on test data. got -197.99 expected -197.99 (diff -4.1778e-08)
----
[1741932773.572985] [s43n03:13742:0]          parser.c:2326 UCX  WARN  unused environment variable: UCX_DIR (maybe: UCX_TLS?)
[1741932773.572985] [s43n03:13742:0]          parser.c:2326 UCX  WARN  (set UCX_WARN_UNUSED_ENV_VARS=n to suppress this warning)
[1741932773.747322] [s43n04:2856585:0]          parser.c:2326 UCX  WARN  unused environment variable: UCX_DIR (maybe: UCX_TLS?)
[1741932773.747322] [s43n04:2856585:0]          parser.c:2326 UCX  WARN  (set UCX_WARN_UNUSED_ENV_VARS=n to suppress this warning)
 Initializing Planck likelihood, version Plik_v22_cmbonly_like                                                                                                                                                                                                                                                                                                                                                                                                                                                                                               
[1741932773.821332] [s43n02:3852096:0]          parser.c:2326 UCX  WARN  unused environment variable: UCX_DIR (maybe: UCX_TLS?)
[1741932773.821332] [s43n02:3852096:0]          parser.c:2326 UCX  WARN  (set UCX_WARN_UNUSED_ENV_VARS=n to suppress this warning)
----
clik version 3be036bbb4f9
  plik_cmbonly
Checking likelihood '/home/maanson/Speciale/connectv2/resources/planck2018/code/plc_3.0/plc-3.01/../../../baseline/plc_3.0/hi_l/plik_lite/plik_lite_v22_TTTEEE.clik' on test data. got -292.286 expected -292.286 (diff -3.86223e-09)
----
 Initializing Planck likelihood, version Plik_v22_cmbonly_like                                                                                                                                                                                                                                                                                                                                                                                                                                                                                               
----
clik version 3be036bbb4f9
  gibbs_gauss b13c8fda-1837-41b5-ae2d-78d6b723fcf1
Checking likelihood '/home/maanson/Speciale/connectv2/resources/planck2018/code/plc_3.0/plc-3.01/../../../baseline/plc_3.0/low_l/commander/commander_dx12_v3_2_29.clik' on test data. got -11.6257 expected -11.6257 (diff -1.07424e-09)
----
Initializing SimAll
----
clik version 3be036bbb4f9
  simall simall_EE_BB_TE
Checking likelihood '/home/maanson/Speciale/connectv2/resources/planck2018/code/plc_3.0/plc-3.01/../../../baseline/plc_3.0/low_l/simall/simall_100x143_offlike5_EE_Aplanck_B.clik' on test data. got -197.99 expected -197.99 (diff -4.1778e-08)
----
----
clik version 3be036bbb4f9
  plik_cmbonly
Checking likelihood '/home/maanson/Speciale/connectv2/resources/planck2018/code/plc_3.0/plc-3.01/../../../baseline/plc_3.0/hi_l/plik_lite/plik_lite_v22_TTTEEE.clik' on test data. got -292.286 expected -292.286 (diff -3.86223e-09)
----
----
clik version 3be036bbb4f9
  gibbs_gauss b13c8fda-1837-41b5-ae2d-78d6b723fcf1
Checking likelihood '/home/maanson/Speciale/connectv2/resources/planck2018/code/plc_3.0/plc-3.01/../../../baseline/plc_3.0/low_l/commander/commander_dx12_v3_2_29.clik' on test data. got -11.6257 expected -11.6257 (diff -1.07424e-09)
----
Initializing SimAll
----
clik version 3be036bbb4f9
  simall simall_EE_BB_TE
Checking likelihood '/home/maanson/Speciale/connectv2/resources/planck2018/code/plc_3.0/plc-3.01/../../../baseline/plc_3.0/low_l/simall/simall_100x143_offlike5_EE_Aplanck_B.clik' on test data. got -197.99 expected -197.99 (diff -4.1778e-08)
----
 Initializing Planck likelihood, version Plik_v22_cmbonly_like                                                                                                                                                                                                                                                                                                                                                                                                                                                                                               
 Initializing Planck likelihood, version Plik_v22_cmbonly_like                                                                                                                                                                                                                                                                                                                                                                                                                                                                                               
----
clik version 3be036bbb4f9
  plik_cmbonly
Checking likelihood '/home/maanson/Speciale/connectv2/resources/planck2018/code/plc_3.0/plc-3.01/../../../baseline/plc_3.0/hi_l/plik_lite/plik_lite_v22_TTTEEE.clik' on test data. got -292.286 expected -292.286 (diff -3.86223e-09)
----
----
clik version 3be036bbb4f9
  gibbs_gauss b13c8fda-1837-41b5-ae2d-78d6b723fcf1
Checking likelihood '/home/maanson/Speciale/connectv2/resources/planck2018/code/plc_3.0/plc-3.01/../../../baseline/plc_3.0/low_l/commander/commander_dx12_v3_2_29.clik' on test data. got -11.6257 expected -11.6257 (diff -1.07424e-09)
----
Initializing SimAll
----
clik version 3be036bbb4f9
  simall simall_EE_BB_TE
Checking likelihood '/home/maanson/Speciale/connectv2/resources/planck2018/code/plc_3.0/plc-3.01/../../../baseline/plc_3.0/low_l/simall/simall_100x143_offlike5_EE_Aplanck_B.clik' on test data. got -197.99 expected -197.99 (diff -4.1778e-08)
----
----
clik version 3be036bbb4f9
  plik_cmbonly
Checking likelihood '/home/maanson/Speciale/connectv2/resources/planck2018/code/plc_3.0/plc-3.01/../../../baseline/plc_3.0/hi_l/plik_lite/plik_lite_v22_TTTEEE.clik' on test data. got -292.286 expected -292.286 (diff -3.86223e-09)
----
----
clik version 3be036bbb4f9
  gibbs_gauss b13c8fda-1837-41b5-ae2d-78d6b723fcf1
Checking likelihood '/home/maanson/Speciale/connectv2/resources/planck2018/code/plc_3.0/plc-3.01/../../../baseline/plc_3.0/low_l/commander/commander_dx12_v3_2_29.clik' on test data. got -11.6257 expected -11.6257 (diff -1.07424e-09)
----
Initializing SimAll
----
clik version 3be036bbb4f9
  simall simall_EE_BB_TE
Checking likelihood '/home/maanson/Speciale/connectv2/resources/planck2018/code/plc_3.0/plc-3.01/../../../baseline/plc_3.0/low_l/simall/simall_100x143_offlike5_EE_Aplanck_B.clik' on test data. got -197.99 expected -197.99 (diff -4.1778e-08)
----
 Initializing Planck likelihood, version Plik_v22_cmbonly_like                                                                                                                                                                                                                                                                                                                                                                                                                                                                                               
----
clik version 3be036bbb4f9
  plik_cmbonly
Checking likelihood '/home/maanson/Speciale/connectv2/resources/planck2018/code/plc_3.0/plc-3.01/../../../baseline/plc_3.0/hi_l/plik_lite/plik_lite_v22_TTTEEE.clik' on test data. got -292.286 expected -292.286 (diff -3.86223e-09)
----
----
clik version 3be036bbb4f9
  gibbs_gauss b13c8fda-1837-41b5-ae2d-78d6b723fcf1
Checking likelihood '/home/maanson/Speciale/connectv2/resources/planck2018/code/plc_3.0/plc-3.01/../../../baseline/plc_3.0/low_l/commander/commander_dx12_v3_2_29.clik' on test data. got -11.6257 expected -11.6257 (diff -1.07424e-09)
----
Initializing SimAll
----
clik version 3be036bbb4f9
  simall simall_EE_BB_TE
Checking likelihood '/home/maanson/Speciale/connectv2/resources/planck2018/code/plc_3.0/plc-3.01/../../../baseline/plc_3.0/low_l/simall/simall_100x143_offlike5_EE_Aplanck_B.clik' on test data. got -197.99 expected -197.99 (diff -4.1778e-08)
----
