/usr/bin/ps: /comm/swstack/core/anaconda3/2021.05/lib/libuuid.so.1: no version information available (required by /lib64/libblkid.so.1)
--------------------------------------------------------------------------
WARNING: Open MPI failed to TCP connect to a peer MPI process.  This
should not happen.

Your Open MPI job may now hang or fail.

  Local host: s91n41
  PID:        3608270
  Message:    connect() to 10.100.91.31:1049 failed
  Error:      Operation now in progress (115)
--------------------------------------------------------------------------
[s91n31.grendel.cscaa.dk:4158220] 4 more processes have sent help message help-mpi-btl-tcp.txt / client connect fail
[s91n31.grendel.cscaa.dk:4158220] Set MCA parameter "orte_base_help_aggregate" to 0 to see all help / error messages
[s91n31.grendel.cscaa.dk:4158220] 4 more processes have sent help message help-mpi-btl-tcp.txt / client connect fail
[CHILD][Parent Rank 199] | The following model failed in CLASS: 
params: {'lensing': 'yes', 'output': 'tCl,lCl,pCl,mPk', 'l_max_scalars': 2508, 'k_pivot': 0.05, 'N_ur': 2.0328, 'N_ncdm': 1, 'm_ncdm': 0.06, 'T_ncdm': 0.71611, 'N_ncdm_decay_dr': 1, 'quadrature_strategy_ncdm_decay_dr': 3, 'ncdm_fluid_approximation': 3, 'maximum_q_ncdm_decay_dr': 15.0, 'background_method': 0, 'evolver': 1, 'N_momentum_bins_ncdm_decay_dr': 7, 'l_max_ncdm': 13, 'l_max_dr': 13, 'l_max_dr_col': 13, 'omega_b': 0.021471732964037187, 'omega_cdm': 0.20870908148604375, 'Neff_ini_dncdm': 1.074229681846914, 'log10lifetime_ncdm_decay_dr': 5.59012990651439, 'm_ncdm_decay_dr': 485.6890715571244, 'H0': 98.87250953350309, 'ln10^{10}A_s': 1.8695238193733634, 'n_s': 0.8312168149423999, 'tau_reio': 0.38866527154834, 'P_k_max_1/Mpc': 1.0}
error: CosmoComputationError(b'thermodynamics_init(L:446) :error in thermodynamics_reionization(preco, preio, pvecback);\n=>thermodynamics_reionization(L:2283) :condition (tau_sup < tau_reionization_) is true; parameters are such that reionization cannot start after z_start_max')
traceback: Traceback (most recent call last):
  File "/home/maanson/Speciale/connectv2/source/calc_models_mpi_memsafe_child.py", line 639, in main_child
    cosmo.compute()
  File "classy.pyx", line 251, in classy.PyCosmology.compute
  File "classy.pyx", line 272, in classy.PyCosmology.compute
  File "classy.pyx", line 99, in classy.raise_my_py_error
classy.CosmoComputationError: 

Error in Class: thermodynamics_init(L:446) :error in thermodynamics_reionization(preco, preio, pvecback);
=>thermodynamics_reionization(L:2283) :condition (tau_sup < tau_reionization_) is true; parameters are such that reionization cannot start after z_start_max


[CHILD][Parent Rank 358] | The following model failed in CLASS: 
params: {'lensing': 'yes', 'output': 'tCl,lCl,pCl,mPk', 'l_max_scalars': 2508, 'k_pivot': 0.05, 'N_ur': 2.0328, 'N_ncdm': 1, 'm_ncdm': 0.06, 'T_ncdm': 0.71611, 'N_ncdm_decay_dr': 1, 'quadrature_strategy_ncdm_decay_dr': 3, 'ncdm_fluid_approximation': 3, 'maximum_q_ncdm_decay_dr': 15.0, 'background_method': 0, 'evolver': 1, 'N_momentum_bins_ncdm_decay_dr': 7, 'l_max_ncdm': 13, 'l_max_dr': 13, 'l_max_dr_col': 13, 'omega_b': 0.018976527063134376, 'omega_cdm': 0.21957968682258727, 'Neff_ini_dncdm': 2.444871481846473, 'log10lifetime_ncdm_decay_dr': 5.597645206474446, 'm_ncdm_decay_dr': 204.99805594824386, 'H0': 99.01359063167408, 'ln10^{10}A_s': 4.870078167577139, 'n_s': 0.802183803519007, 'tau_reio': 0.31009540969528215, 'P_k_max_1/Mpc': 1.0}
error: CosmoComputationError(b'thermodynamics_init(L:446) :error in thermodynamics_reionization(preco, preio, pvecback);\n=>thermodynamics_reionization(L:2283) :condition (tau_sup < tau_reionization_) is true; parameters are such that reionization cannot start after z_start_max')
traceback: Traceback (most recent call last):
  File "/home/maanson/Speciale/connectv2/source/calc_models_mpi_memsafe_child.py", line 639, in main_child
    cosmo.compute()
  File "classy.pyx", line 251, in classy.PyCosmology.compute
  File "classy.pyx", line 272, in classy.PyCosmology.compute
  File "classy.pyx", line 99, in classy.raise_my_py_error
classy.CosmoComputationError: 

Error in Class: thermodynamics_init(L:446) :error in thermodynamics_reionization(preco, preio, pvecback);
=>thermodynamics_reionization(L:2283) :condition (tau_sup < tau_reionization_) is true; parameters are such that reionization cannot start after z_start_max


[PARENT][Rank 199] | ERROR: Child process failed during CLASS computation
Model: {'lensing': 'yes', 'output': 'tCl,lCl,pCl,mPk', 'l_max_scalars': 2508, 'k_pivot': 0.05, 'N_ur': 2.0328, 'N_ncdm': 1, 'm_ncdm': 0.06, 'T_ncdm': 0.71611, 'N_ncdm_decay_dr': 1, 'quadrature_strategy_ncdm_decay_dr': 3, 'ncdm_fluid_approximation': 3, 'maximum_q_ncdm_decay_dr': 15.0, 'background_method': 0, 'evolver': 1, 'N_momentum_bins_ncdm_decay_dr': 7, 'l_max_ncdm': 13, 'l_max_dr': 13, 'l_max_dr_col': 13, 'omega_b': 0.021471732964037187, 'omega_cdm': 0.20870908148604375, 'Neff_ini_dncdm': 1.074229681846914, 'log10lifetime_ncdm_decay_dr': 5.59012990651439, 'm_ncdm_decay_dr': 485.6890715571244, 'H0': 98.87250953350309, 'ln10^{10}A_s': 1.8695238193733634, 'n_s': 0.8312168149423999, 'tau_reio': 0.38866527154834, 'P_k_max_1/Mpc': 1.0}
skipping to the next model...
[PARENT][Rank 358] | ERROR: Child process failed during CLASS computation
Model: {'lensing': 'yes', 'output': 'tCl,lCl,pCl,mPk', 'l_max_scalars': 2508, 'k_pivot': 0.05, 'N_ur': 2.0328, 'N_ncdm': 1, 'm_ncdm': 0.06, 'T_ncdm': 0.71611, 'N_ncdm_decay_dr': 1, 'quadrature_strategy_ncdm_decay_dr': 3, 'ncdm_fluid_approximation': 3, 'maximum_q_ncdm_decay_dr': 15.0, 'background_method': 0, 'evolver': 1, 'N_momentum_bins_ncdm_decay_dr': 7, 'l_max_ncdm': 13, 'l_max_dr': 13, 'l_max_dr_col': 13, 'omega_b': 0.018976527063134376, 'omega_cdm': 0.21957968682258727, 'Neff_ini_dncdm': 2.444871481846473, 'log10lifetime_ncdm_decay_dr': 5.597645206474446, 'm_ncdm_decay_dr': 204.99805594824386, 'H0': 99.01359063167408, 'ln10^{10}A_s': 4.870078167577139, 'n_s': 0.802183803519007, 'tau_reio': 0.31009540969528215, 'P_k_max_1/Mpc': 1.0}
skipping to the next model...
[s91n31.grendel.cscaa.dk:4158220] 1 more process has sent help message help-mpi-btl-tcp.txt / client connect fail
[s91n31.grendel.cscaa.dk:4158220] 1 more process has sent help message help-mpi-btl-tcp.txt / client connect fail
[s91n31.grendel.cscaa.dk:4158220] 1 more process has sent help message help-mpi-btl-tcp.txt / client connect fail
[s91n31.grendel.cscaa.dk:4158220] 1 more process has sent help message help-mpi-btl-tcp.txt / client connect fail
[s91n31.grendel.cscaa.dk:4158220] 2 more processes have sent help message help-mpi-btl-tcp.txt / client connect fail
[s91n31.grendel.cscaa.dk:4158220] 3 more processes have sent help message help-mpi-btl-tcp.txt / client connect fail
[CHILD][Parent Rank 273] | The following model failed in CLASS: 
params: {'lensing': 'yes', 'output': 'tCl,lCl,pCl,mPk', 'l_max_scalars': 2508, 'k_pivot': 0.05, 'N_ur': 2.0328, 'N_ncdm': 1, 'm_ncdm': 0.06, 'T_ncdm': 0.71611, 'N_ncdm_decay_dr': 1, 'quadrature_strategy_ncdm_decay_dr': 3, 'ncdm_fluid_approximation': 3, 'maximum_q_ncdm_decay_dr': 15.0, 'background_method': 0, 'evolver': 1, 'N_momentum_bins_ncdm_decay_dr': 7, 'l_max_ncdm': 13, 'l_max_dr': 13, 'l_max_dr_col': 13, 'omega_b': 0.01833696786901807, 'omega_cdm': 0.2309968940360574, 'Neff_ini_dncdm': 2.8672659635340003, 'log10lifetime_ncdm_decay_dr': 4.542364196742097, 'm_ncdm_decay_dr': 511.0464119134558, 'H0': 89.90917688996976, 'ln10^{10}A_s': 3.7340288184643358, 'n_s': 1.0350157078133984, 'tau_reio': 0.38311709096850954, 'P_k_max_1/Mpc': 1.0}
error: CosmoComputationError(b'thermodynamics_init(L:446) :error in thermodynamics_reionization(preco, preio, pvecback);\n=>thermodynamics_reionization(L:2283) :condition (tau_sup < tau_reionization_) is true; parameters are such that reionization cannot start after z_start_max')
traceback: Traceback (most recent call last):
  File "/home/maanson/Speciale/connectv2/source/calc_models_mpi_memsafe_child.py", line 639, in main_child
    cosmo.compute()
  File "classy.pyx", line 251, in classy.PyCosmology.compute
  File "classy.pyx", line 272, in classy.PyCosmology.compute
  File "classy.pyx", line 99, in classy.raise_my_py_error
classy.CosmoComputationError: 

Error in Class: thermodynamics_init(L:446) :error in thermodynamics_reionization(preco, preio, pvecback);
=>thermodynamics_reionization(L:2283) :condition (tau_sup < tau_reionization_) is true; parameters are such that reionization cannot start after z_start_max


[PARENT][Rank 273] | ERROR: Child process failed during CLASS computation
Model: {'lensing': 'yes', 'output': 'tCl,lCl,pCl,mPk', 'l_max_scalars': 2508, 'k_pivot': 0.05, 'N_ur': 2.0328, 'N_ncdm': 1, 'm_ncdm': 0.06, 'T_ncdm': 0.71611, 'N_ncdm_decay_dr': 1, 'quadrature_strategy_ncdm_decay_dr': 3, 'ncdm_fluid_approximation': 3, 'maximum_q_ncdm_decay_dr': 15.0, 'background_method': 0, 'evolver': 1, 'N_momentum_bins_ncdm_decay_dr': 7, 'l_max_ncdm': 13, 'l_max_dr': 13, 'l_max_dr_col': 13, 'omega_b': 0.01833696786901807, 'omega_cdm': 0.2309968940360574, 'Neff_ini_dncdm': 2.8672659635340003, 'log10lifetime_ncdm_decay_dr': 4.542364196742097, 'm_ncdm_decay_dr': 511.0464119134558, 'H0': 89.90917688996976, 'ln10^{10}A_s': 3.7340288184643358, 'n_s': 1.0350157078133984, 'tau_reio': 0.38311709096850954, 'P_k_max_1/Mpc': 1.0}
skipping to the next model...
[s91n31.grendel.cscaa.dk:4158220] 1 more process has sent help message help-mpi-btl-tcp.txt / client connect fail
[CHILD][Parent Rank 269] | The following model failed in CLASS: 
params: {'lensing': 'yes', 'output': 'tCl,lCl,pCl,mPk', 'l_max_scalars': 2508, 'k_pivot': 0.05, 'N_ur': 2.0328, 'N_ncdm': 1, 'm_ncdm': 0.06, 'T_ncdm': 0.71611, 'N_ncdm_decay_dr': 1, 'quadrature_strategy_ncdm_decay_dr': 3, 'ncdm_fluid_approximation': 3, 'maximum_q_ncdm_decay_dr': 15.0, 'background_method': 0, 'evolver': 1, 'N_momentum_bins_ncdm_decay_dr': 7, 'l_max_ncdm': 13, 'l_max_dr': 13, 'l_max_dr_col': 13, 'omega_b': 0.016279266679963333, 'omega_cdm': 0.1593555033226987, 'Neff_ini_dncdm': 2.1382944081919684, 'log10lifetime_ncdm_decay_dr': 5.2524340480820895, 'm_ncdm_decay_dr': 464.5319596545019, 'H0': 63.20361814140452, 'ln10^{10}A_s': 2.6997668360237164, 'n_s': 0.7270002184306866, 'tau_reio': 0.36609673696337913, 'P_k_max_1/Mpc': 1.0}
error: CosmoComputationError(b'thermodynamics_init(L:446) :error in thermodynamics_reionization(preco, preio, pvecback);\n=>thermodynamics_reionization(L:2283) :condition (tau_sup < tau_reionization_) is true; parameters are such that reionization cannot start after z_start_max')
traceback: Traceback (most recent call last):
  File "/home/maanson/Speciale/connectv2/source/calc_models_mpi_memsafe_child.py", line 639, in main_child
    cosmo.compute()
  File "classy.pyx", line 251, in classy.PyCosmology.compute
  File "classy.pyx", line 272, in classy.PyCosmology.compute
  File "classy.pyx", line 99, in classy.raise_my_py_error
classy.CosmoComputationError: 

Error in Class: thermodynamics_init(L:446) :error in thermodynamics_reionization(preco, preio, pvecback);
=>thermodynamics_reionization(L:2283) :condition (tau_sup < tau_reionization_) is true; parameters are such that reionization cannot start after z_start_max


[PARENT][Rank 269] | ERROR: Child process failed during CLASS computation
Model: {'lensing': 'yes', 'output': 'tCl,lCl,pCl,mPk', 'l_max_scalars': 2508, 'k_pivot': 0.05, 'N_ur': 2.0328, 'N_ncdm': 1, 'm_ncdm': 0.06, 'T_ncdm': 0.71611, 'N_ncdm_decay_dr': 1, 'quadrature_strategy_ncdm_decay_dr': 3, 'ncdm_fluid_approximation': 3, 'maximum_q_ncdm_decay_dr': 15.0, 'background_method': 0, 'evolver': 1, 'N_momentum_bins_ncdm_decay_dr': 7, 'l_max_ncdm': 13, 'l_max_dr': 13, 'l_max_dr_col': 13, 'omega_b': 0.016279266679963333, 'omega_cdm': 0.1593555033226987, 'Neff_ini_dncdm': 2.1382944081919684, 'log10lifetime_ncdm_decay_dr': 5.2524340480820895, 'm_ncdm_decay_dr': 464.5319596545019, 'H0': 63.20361814140452, 'ln10^{10}A_s': 2.6997668360237164, 'n_s': 0.7270002184306866, 'tau_reio': 0.36609673696337913, 'P_k_max_1/Mpc': 1.0}
skipping to the next model...
[s91n31.grendel.cscaa.dk:4158220] 1 more process has sent help message help-mpi-btl-tcp.txt / client connect fail
[s91n31.grendel.cscaa.dk:4158220] 1 more process has sent help message help-mpi-btl-tcp.txt / client connect fail
[s91n31.grendel.cscaa.dk:4158220] 1 more process has sent help message help-mpi-btl-tcp.txt / client connect fail
[s91n31.grendel.cscaa.dk:4158220] 1 more process has sent help message help-mpi-btl-tcp.txt / client connect fail
[s91n31.grendel.cscaa.dk:4158220] 2 more processes have sent help message help-mpi-btl-tcp.txt / client connect fail
[CHILD][Parent Rank 66] | ERROR: Timeout while waiting for message.
Exiting safely.
[CHILD][Parent Rank 62] | ERROR: Timeout while waiting for message.
Exiting safely.
[CHILD][Parent Rank 61] | ERROR: Timeout while waiting for message.
Exiting safely.
[CHILD][Parent Rank 64] | ERROR: Timeout while waiting for message.
Exiting safely.
[CHILD][Parent Rank 57] | ERROR: Timeout while waiting for message.
Exiting safely.
[s91n31.grendel.cscaa.dk:4158220] 1 more process has sent help message help-mpi-btl-tcp.txt / client connect fail
[CHILD][Parent Rank 46] | ERROR: Timeout while waiting for message.
Exiting safely.
[CHILD][Parent Rank 55] | ERROR: Timeout while waiting for message.
Exiting safely.
[CHILD][Parent Rank 71] | ERROR: Timeout while waiting for message.
Exiting safely.
[s91n31.grendel.cscaa.dk:4158220] 1 more process has sent help message help-mpi-btl-tcp.txt / client connect fail
[CHILD][Parent Rank 68] | ERROR: Timeout while waiting for message.
Exiting safely.
[s91n31.grendel.cscaa.dk:4158220] 2 more processes have sent help message help-mpi-btl-tcp.txt / client connect fail
[CHILD][Parent Rank 49] | ERROR: Timeout while waiting for message.
Exiting safely.
[CHILD][Parent Rank 65] | ERROR: Timeout while waiting for message.
Exiting safely.
[CHILD][Parent Rank 146] | The following model failed in CLASS: 
params: {'lensing': 'yes', 'output': 'tCl,lCl,pCl,mPk', 'l_max_scalars': 2508, 'k_pivot': 0.05, 'N_ur': 2.0328, 'N_ncdm': 1, 'm_ncdm': 0.06, 'T_ncdm': 0.71611, 'N_ncdm_decay_dr': 1, 'quadrature_strategy_ncdm_decay_dr': 3, 'ncdm_fluid_approximation': 3, 'maximum_q_ncdm_decay_dr': 15.0, 'background_method': 0, 'evolver': 1, 'N_momentum_bins_ncdm_decay_dr': 7, 'l_max_ncdm': 13, 'l_max_dr': 13, 'l_max_dr_col': 13, 'omega_b': 0.01979502727495886, 'omega_cdm': 0.23422095237338827, 'Neff_ini_dncdm': 2.0026908934214123, 'log10lifetime_ncdm_decay_dr': 5.81769033755846, 'm_ncdm_decay_dr': 105.60126541472816, 'H0': 67.76556193960695, 'ln10^{10}A_s': 1.2258958752761298, 'n_s': 1.291485740369258, 'tau_reio': 0.37683056125530967, 'P_k_max_1/Mpc': 1.0}
error: CosmoComputationError(b'thermodynamics_init(L:446) :error in thermodynamics_reionization(preco, preio, pvecback);\n=>thermodynamics_reionization(L:2283) :condition (tau_sup < tau_reionization_) is true; parameters are such that reionization cannot start after z_start_max')
traceback: Traceback (most recent call last):
  File "/home/maanson/Speciale/connectv2/source/calc_models_mpi_memsafe_child.py", line 639, in main_child
    cosmo.compute()
  File "classy.pyx", line 251, in classy.PyCosmology.compute
  File "classy.pyx", line 272, in classy.PyCosmology.compute
  File "classy.pyx", line 99, in classy.raise_my_py_error
classy.CosmoComputationError: 

Error in Class: thermodynamics_init(L:446) :error in thermodynamics_reionization(preco, preio, pvecback);
=>thermodynamics_reionization(L:2283) :condition (tau_sup < tau_reionization_) is true; parameters are such that reionization cannot start after z_start_max


[PARENT][Rank 146] | ERROR: Child process failed during CLASS computation
Model: {'lensing': 'yes', 'output': 'tCl,lCl,pCl,mPk', 'l_max_scalars': 2508, 'k_pivot': 0.05, 'N_ur': 2.0328, 'N_ncdm': 1, 'm_ncdm': 0.06, 'T_ncdm': 0.71611, 'N_ncdm_decay_dr': 1, 'quadrature_strategy_ncdm_decay_dr': 3, 'ncdm_fluid_approximation': 3, 'maximum_q_ncdm_decay_dr': 15.0, 'background_method': 0, 'evolver': 1, 'N_momentum_bins_ncdm_decay_dr': 7, 'l_max_ncdm': 13, 'l_max_dr': 13, 'l_max_dr_col': 13, 'omega_b': 0.01979502727495886, 'omega_cdm': 0.23422095237338827, 'Neff_ini_dncdm': 2.0026908934214123, 'log10lifetime_ncdm_decay_dr': 5.81769033755846, 'm_ncdm_decay_dr': 105.60126541472816, 'H0': 67.76556193960695, 'ln10^{10}A_s': 1.2258958752761298, 'n_s': 1.291485740369258, 'tau_reio': 0.37683056125530967, 'P_k_max_1/Mpc': 1.0}
skipping to the next model...
[s91n31.grendel.cscaa.dk:4158220] 5 more processes have sent help message help-mpi-btl-tcp.txt / client connect fail
[s91n31.grendel.cscaa.dk:4158220] 1 more process has sent help message help-mpi-btl-tcp.txt / client connect fail
[CHILD][Parent Rank 115] | The following model failed in CLASS: 
params: {'lensing': 'yes', 'output': 'tCl,lCl,pCl,mPk', 'l_max_scalars': 2508, 'k_pivot': 0.05, 'N_ur': 2.0328, 'N_ncdm': 1, 'm_ncdm': 0.06, 'T_ncdm': 0.71611, 'N_ncdm_decay_dr': 1, 'quadrature_strategy_ncdm_decay_dr': 3, 'ncdm_fluid_approximation': 3, 'maximum_q_ncdm_decay_dr': 15.0, 'background_method': 0, 'evolver': 1, 'N_momentum_bins_ncdm_decay_dr': 7, 'l_max_ncdm': 13, 'l_max_dr': 13, 'l_max_dr_col': 13, 'omega_b': 0.028624386038286653, 'omega_cdm': 0.07602774696268512, 'Neff_ini_dncdm': 1.8697386111488625, 'log10lifetime_ncdm_decay_dr': 5.722407159033993, 'm_ncdm_decay_dr': 499.1847369423842, 'H0': 71.34348507217547, 'ln10^{10}A_s': 3.677922932026973, 'n_s': 1.0849786109306845, 'tau_reio': 0.3801273964910835, 'P_k_max_1/Mpc': 1.0}
error: CosmoComputationError(b'thermodynamics_init(L:446) :error in thermodynamics_reionization(preco, preio, pvecback);\n=>thermodynamics_reionization(L:2283) :condition (tau_sup < tau_reionization_) is true; parameters are such that reionization cannot start after z_start_max')
traceback: Traceback (most recent call last):
  File "/home/maanson/Speciale/connectv2/source/calc_models_mpi_memsafe_child.py", line 639, in main_child
    cosmo.compute()
  File "classy.pyx", line 251, in classy.PyCosmology.compute
  File "classy.pyx", line 272, in classy.PyCosmology.compute
  File "classy.pyx", line 99, in classy.raise_my_py_error
classy.CosmoComputationError: 

Error in Class: thermodynamics_init(L:446) :error in thermodynamics_reionization(preco, preio, pvecback);
=>thermodynamics_reionization(L:2283) :condition (tau_sup < tau_reionization_) is true; parameters are such that reionization cannot start after z_start_max


[PARENT][Rank 115] | ERROR: Child process failed during CLASS computation
Model: {'lensing': 'yes', 'output': 'tCl,lCl,pCl,mPk', 'l_max_scalars': 2508, 'k_pivot': 0.05, 'N_ur': 2.0328, 'N_ncdm': 1, 'm_ncdm': 0.06, 'T_ncdm': 0.71611, 'N_ncdm_decay_dr': 1, 'quadrature_strategy_ncdm_decay_dr': 3, 'ncdm_fluid_approximation': 3, 'maximum_q_ncdm_decay_dr': 15.0, 'background_method': 0, 'evolver': 1, 'N_momentum_bins_ncdm_decay_dr': 7, 'l_max_ncdm': 13, 'l_max_dr': 13, 'l_max_dr_col': 13, 'omega_b': 0.028624386038286653, 'omega_cdm': 0.07602774696268512, 'Neff_ini_dncdm': 1.8697386111488625, 'log10lifetime_ncdm_decay_dr': 5.722407159033993, 'm_ncdm_decay_dr': 499.1847369423842, 'H0': 71.34348507217547, 'ln10^{10}A_s': 3.677922932026973, 'n_s': 1.0849786109306845, 'tau_reio': 0.3801273964910835, 'P_k_max_1/Mpc': 1.0}
skipping to the next model...
[s91n31.grendel.cscaa.dk:4158220] 1 more process has sent help message help-mpi-btl-tcp.txt / client connect fail
[CHILD][Parent Rank 58] | ERROR: Timeout while waiting for message.
Exiting safely.
[CHILD][Parent Rank 369] | The following model failed in CLASS: 
params: {'lensing': 'yes', 'output': 'tCl,lCl,pCl,mPk', 'l_max_scalars': 2508, 'k_pivot': 0.05, 'N_ur': 2.0328, 'N_ncdm': 1, 'm_ncdm': 0.06, 'T_ncdm': 0.71611, 'N_ncdm_decay_dr': 1, 'quadrature_strategy_ncdm_decay_dr': 3, 'ncdm_fluid_approximation': 3, 'maximum_q_ncdm_decay_dr': 15.0, 'background_method': 0, 'evolver': 1, 'N_momentum_bins_ncdm_decay_dr': 7, 'l_max_ncdm': 13, 'l_max_dr': 13, 'l_max_dr_col': 13, 'omega_b': 0.017080820200844345, 'omega_cdm': 0.2186662240546397, 'Neff_ini_dncdm': 2.7821081183030625, 'log10lifetime_ncdm_decay_dr': 4.670441118631883, 'm_ncdm_decay_dr': 279.7439706690349, 'H0': 51.011912719017026, 'ln10^{10}A_s': 2.6605482426965175, 'n_s': 0.730564724130501, 'tau_reio': 0.33729473491805195, 'P_k_max_1/Mpc': 1.0}
error: CosmoComputationError(b'thermodynamics_init(L:446) :error in thermodynamics_reionization(preco, preio, pvecback);\n=>thermodynamics_reionization(L:2283) :condition (tau_sup < tau_reionization_) is true; parameters are such that reionization cannot start after z_start_max')
traceback: Traceback (most recent call last):
  File "/home/maanson/Speciale/connectv2/source/calc_models_mpi_memsafe_child.py", line 639, in main_child
    cosmo.compute()
  File "classy.pyx", line 251, in classy.PyCosmology.compute
  File "classy.pyx", line 272, in classy.PyCosmology.compute
  File "classy.pyx", line 99, in classy.raise_my_py_error
classy.CosmoComputationError: 

Error in Class: thermodynamics_init(L:446) :error in thermodynamics_reionization(preco, preio, pvecback);
=>thermodynamics_reionization(L:2283) :condition (tau_sup < tau_reionization_) is true; parameters are such that reionization cannot start after z_start_max


[PARENT][Rank 369] | ERROR: Child process failed during CLASS computation
Model: {'lensing': 'yes', 'output': 'tCl,lCl,pCl,mPk', 'l_max_scalars': 2508, 'k_pivot': 0.05, 'N_ur': 2.0328, 'N_ncdm': 1, 'm_ncdm': 0.06, 'T_ncdm': 0.71611, 'N_ncdm_decay_dr': 1, 'quadrature_strategy_ncdm_decay_dr': 3, 'ncdm_fluid_approximation': 3, 'maximum_q_ncdm_decay_dr': 15.0, 'background_method': 0, 'evolver': 1, 'N_momentum_bins_ncdm_decay_dr': 7, 'l_max_ncdm': 13, 'l_max_dr': 13, 'l_max_dr_col': 13, 'omega_b': 0.017080820200844345, 'omega_cdm': 0.2186662240546397, 'Neff_ini_dncdm': 2.7821081183030625, 'log10lifetime_ncdm_decay_dr': 4.670441118631883, 'm_ncdm_decay_dr': 279.7439706690349, 'H0': 51.011912719017026, 'ln10^{10}A_s': 2.6605482426965175, 'n_s': 0.730564724130501, 'tau_reio': 0.33729473491805195, 'P_k_max_1/Mpc': 1.0}
skipping to the next model...
[CHILD][Parent Rank 70] | ERROR: Timeout while waiting for message.
Exiting safely.
[CHILD][Parent Rank 52] | ERROR: Timeout while waiting for message.
Exiting safely.
[CHILD][Parent Rank 67] | ERROR: Timeout while waiting for message.
Exiting safely.
[CHILD][Parent Rank 50] | ERROR: Timeout while waiting for message.
Exiting safely.
[CHILD][Parent Rank 47] | ERROR: Timeout while waiting for message.
Exiting safely.
[CHILD][Parent Rank 56] | ERROR: Timeout while waiting for message.
Exiting safely.
[CHILD][Parent Rank 45] | ERROR: Timeout while waiting for message.
Exiting safely.
[CHILD][Parent Rank 137] | The following model failed in CLASS: 
params: {'lensing': 'yes', 'output': 'tCl,lCl,pCl,mPk', 'l_max_scalars': 2508, 'k_pivot': 0.05, 'N_ur': 2.0328, 'N_ncdm': 1, 'm_ncdm': 0.06, 'T_ncdm': 0.71611, 'N_ncdm_decay_dr': 1, 'quadrature_strategy_ncdm_decay_dr': 3, 'ncdm_fluid_approximation': 3, 'maximum_q_ncdm_decay_dr': 15.0, 'background_method': 0, 'evolver': 1, 'N_momentum_bins_ncdm_decay_dr': 7, 'l_max_ncdm': 13, 'l_max_dr': 13, 'l_max_dr_col': 13, 'omega_b': 0.014677242178741317, 'omega_cdm': 0.1467402375528341, 'Neff_ini_dncdm': 2.4370168395931504, 'log10lifetime_ncdm_decay_dr': 5.24201715499922, 'm_ncdm_decay_dr': 480.0429138456523, 'H0': 78.9775131912555, 'ln10^{10}A_s': 1.5743517747204643, 'n_s': 0.9229870501087064, 'tau_reio': 0.2779551432100998, 'P_k_max_1/Mpc': 1.0}
error: CosmoComputationError(b'thermodynamics_init(L:446) :error in thermodynamics_reionization(preco, preio, pvecback);\n=>thermodynamics_reionization(L:2283) :condition (tau_sup < tau_reionization_) is true; parameters are such that reionization cannot start after z_start_max')
traceback: Traceback (most recent call last):
  File "/home/maanson/Speciale/connectv2/source/calc_models_mpi_memsafe_child.py", line 639, in main_child
    cosmo.compute()
  File "classy.pyx", line 251, in classy.PyCosmology.compute
  File "classy.pyx", line 272, in classy.PyCosmology.compute
  File "classy.pyx", line 99, in classy.raise_my_py_error
classy.CosmoComputationError: 

Error in Class: thermodynamics_init(L:446) :error in thermodynamics_reionization(preco, preio, pvecback);
=>thermodynamics_reionization(L:2283) :condition (tau_sup < tau_reionization_) is true; parameters are such that reionization cannot start after z_start_max


[CHILD][Parent Rank 384] | The following model failed in CLASS: 
params: {'lensing': 'yes', 'output': 'tCl,lCl,pCl,mPk', 'l_max_scalars': 2508, 'k_pivot': 0.05, 'N_ur': 2.0328, 'N_ncdm': 1, 'm_ncdm': 0.06, 'T_ncdm': 0.71611, 'N_ncdm_decay_dr': 1, 'quadrature_strategy_ncdm_decay_dr': 3, 'ncdm_fluid_approximation': 3, 'maximum_q_ncdm_decay_dr': 15.0, 'background_method': 0, 'evolver': 1, 'N_momentum_bins_ncdm_decay_dr': 7, 'l_max_ncdm': 13, 'l_max_dr': 13, 'l_max_dr_col': 13, 'omega_b': 0.014015954757246677, 'omega_cdm': 0.21669213384204156, 'Neff_ini_dncdm': 1.2121250024363155, 'log10lifetime_ncdm_decay_dr': 5.2209282135651485, 'm_ncdm_decay_dr': 197.08764292039274, 'H0': 74.36193582724147, 'ln10^{10}A_s': 4.5195721401327855, 'n_s': 1.068859758351805, 'tau_reio': 0.3119814698826715, 'P_k_max_1/Mpc': 1.0}
error: CosmoComputationError(b'thermodynamics_init(L:446) :error in thermodynamics_reionization(preco, preio, pvecback);\n=>thermodynamics_reionization(L:2283) :condition (tau_sup < tau_reionization_) is true; parameters are such that reionization cannot start after z_start_max')
traceback: Traceback (most recent call last):
  File "/home/maanson/Speciale/connectv2/source/calc_models_mpi_memsafe_child.py", line 639, in main_child
    cosmo.compute()
  File "classy.pyx", line 251, in classy.PyCosmology.compute
  File "classy.pyx", line 272, in classy.PyCosmology.compute
  File "classy.pyx", line 99, in classy.raise_my_py_error
classy.CosmoComputationError: 

Error in Class: thermodynamics_init(L:446) :error in thermodynamics_reionization(preco, preio, pvecback);
=>thermodynamics_reionization(L:2283) :condition (tau_sup < tau_reionization_) is true; parameters are such that reionization cannot start after z_start_max


[PARENT][Rank 137] | ERROR: Child process failed during CLASS computation
Model: {'lensing': 'yes', 'output': 'tCl,lCl,pCl,mPk', 'l_max_scalars': 2508, 'k_pivot': 0.05, 'N_ur': 2.0328, 'N_ncdm': 1, 'm_ncdm': 0.06, 'T_ncdm': 0.71611, 'N_ncdm_decay_dr': 1, 'quadrature_strategy_ncdm_decay_dr': 3, 'ncdm_fluid_approximation': 3, 'maximum_q_ncdm_decay_dr': 15.0, 'background_method': 0, 'evolver': 1, 'N_momentum_bins_ncdm_decay_dr': 7, 'l_max_ncdm': 13, 'l_max_dr': 13, 'l_max_dr_col': 13, 'omega_b': 0.014677242178741317, 'omega_cdm': 0.1467402375528341, 'Neff_ini_dncdm': 2.4370168395931504, 'log10lifetime_ncdm_decay_dr': 5.24201715499922, 'm_ncdm_decay_dr': 480.0429138456523, 'H0': 78.9775131912555, 'ln10^{10}A_s': 1.5743517747204643, 'n_s': 0.9229870501087064, 'tau_reio': 0.2779551432100998, 'P_k_max_1/Mpc': 1.0}
skipping to the next model...
[PARENT][Rank 384] | ERROR: Child process failed during CLASS computation
Model: {'lensing': 'yes', 'output': 'tCl,lCl,pCl,mPk', 'l_max_scalars': 2508, 'k_pivot': 0.05, 'N_ur': 2.0328, 'N_ncdm': 1, 'm_ncdm': 0.06, 'T_ncdm': 0.71611, 'N_ncdm_decay_dr': 1, 'quadrature_strategy_ncdm_decay_dr': 3, 'ncdm_fluid_approximation': 3, 'maximum_q_ncdm_decay_dr': 15.0, 'background_method': 0, 'evolver': 1, 'N_momentum_bins_ncdm_decay_dr': 7, 'l_max_ncdm': 13, 'l_max_dr': 13, 'l_max_dr_col': 13, 'omega_b': 0.014015954757246677, 'omega_cdm': 0.21669213384204156, 'Neff_ini_dncdm': 1.2121250024363155, 'log10lifetime_ncdm_decay_dr': 5.2209282135651485, 'm_ncdm_decay_dr': 197.08764292039274, 'H0': 74.36193582724147, 'ln10^{10}A_s': 4.5195721401327855, 'n_s': 1.068859758351805, 'tau_reio': 0.3119814698826715, 'P_k_max_1/Mpc': 1.0}
skipping to the next model...
[CHILD][Parent Rank 39] | ERROR: Timeout while waiting for message.
Exiting safely.
[CHILD][Parent Rank 43] | ERROR: Timeout while waiting for message.
Exiting safely.
[CHILD][Parent Rank 53] | ERROR: Timeout while waiting for message.
Exiting safely.
[CHILD][Parent Rank 40] | ERROR: Timeout while waiting for message.
Exiting safely.
[CHILD][Parent Rank 74] | ERROR: Timeout while waiting for message.
Exiting safely.
[CHILD][Parent Rank 60] | ERROR: Timeout while waiting for message.
Exiting safely.
[CHILD][Parent Rank 69] | ERROR: Timeout while waiting for message.
Exiting safely.
[CHILD][Parent Rank 54] | ERROR: Timeout while waiting for message.
Exiting safely.
[CHILD][Parent Rank 48] | ERROR: Timeout while waiting for message.
Exiting safely.
[CHILD][Parent Rank 72] | ERROR: Timeout while waiting for message.
Exiting safely.
[CHILD][Parent Rank 41] | ERROR: Timeout while waiting for message.
Exiting safely.
[CHILD][Parent Rank 59] | ERROR: Timeout while waiting for message.
Exiting safely.
[CHILD][Parent Rank 51] | ERROR: Timeout while waiting for message.
Exiting safely.
[CHILD][Parent Rank 331] | The following model failed in CLASS: 
params: {'lensing': 'yes', 'output': 'tCl,lCl,pCl,mPk', 'l_max_scalars': 2508, 'k_pivot': 0.05, 'N_ur': 2.0328, 'N_ncdm': 1, 'm_ncdm': 0.06, 'T_ncdm': 0.71611, 'N_ncdm_decay_dr': 1, 'quadrature_strategy_ncdm_decay_dr': 3, 'ncdm_fluid_approximation': 3, 'maximum_q_ncdm_decay_dr': 15.0, 'background_method': 0, 'evolver': 1, 'N_momentum_bins_ncdm_decay_dr': 7, 'l_max_ncdm': 13, 'l_max_dr': 13, 'l_max_dr_col': 13, 'omega_b': 0.014304994053201372, 'omega_cdm': 0.015459403311377037, 'Neff_ini_dncdm': 2.4100511794442276, 'log10lifetime_ncdm_decay_dr': 5.689946043778987, 'm_ncdm_decay_dr': 330.80710114876075, 'H0': 79.96380267223907, 'ln10^{10}A_s': 4.120178131608062, 'n_s': 1.246034542092627, 'tau_reio': 0.39938175394734254, 'P_k_max_1/Mpc': 1.0}
error: CosmoComputationError(b'thermodynamics_init(L:446) :error in thermodynamics_reionization(preco, preio, pvecback);\n=>thermodynamics_reionization(L:2283) :condition (tau_sup < tau_reionization_) is true; parameters are such that reionization cannot start after z_start_max')
traceback: Traceback (most recent call last):
  File "/home/maanson/Speciale/connectv2/source/calc_models_mpi_memsafe_child.py", line 639, in main_child
    cosmo.compute()
  File "classy.pyx", line 251, in classy.PyCosmology.compute
  File "classy.pyx", line 272, in classy.PyCosmology.compute
  File "classy.pyx", line 99, in classy.raise_my_py_error
classy.CosmoComputationError: 

Error in Class: thermodynamics_init(L:446) :error in thermodynamics_reionization(preco, preio, pvecback);
=>thermodynamics_reionization(L:2283) :condition (tau_sup < tau_reionization_) is true; parameters are such that reionization cannot start after z_start_max


[PARENT][Rank 331] | ERROR: Child process failed during CLASS computation
Model: {'lensing': 'yes', 'output': 'tCl,lCl,pCl,mPk', 'l_max_scalars': 2508, 'k_pivot': 0.05, 'N_ur': 2.0328, 'N_ncdm': 1, 'm_ncdm': 0.06, 'T_ncdm': 0.71611, 'N_ncdm_decay_dr': 1, 'quadrature_strategy_ncdm_decay_dr': 3, 'ncdm_fluid_approximation': 3, 'maximum_q_ncdm_decay_dr': 15.0, 'background_method': 0, 'evolver': 1, 'N_momentum_bins_ncdm_decay_dr': 7, 'l_max_ncdm': 13, 'l_max_dr': 13, 'l_max_dr_col': 13, 'omega_b': 0.014304994053201372, 'omega_cdm': 0.015459403311377037, 'Neff_ini_dncdm': 2.4100511794442276, 'log10lifetime_ncdm_decay_dr': 5.689946043778987, 'm_ncdm_decay_dr': 330.80710114876075, 'H0': 79.96380267223907, 'ln10^{10}A_s': 4.120178131608062, 'n_s': 1.246034542092627, 'tau_reio': 0.39938175394734254, 'P_k_max_1/Mpc': 1.0}
skipping to the next model...
[CHILD][Parent Rank 42] | ERROR: Timeout while waiting for message.
Exiting safely.
[CHILD][Parent Rank 63] | ERROR: Timeout while waiting for message.
Exiting safely.
[CHILD][Parent Rank 73] | ERROR: Timeout while waiting for message.
Exiting safely.
[CHILD][Parent Rank 371] | The following model failed in CLASS: 
params: {'lensing': 'yes', 'output': 'tCl,lCl,pCl,mPk', 'l_max_scalars': 2508, 'k_pivot': 0.05, 'N_ur': 2.0328, 'N_ncdm': 1, 'm_ncdm': 0.06, 'T_ncdm': 0.71611, 'N_ncdm_decay_dr': 1, 'quadrature_strategy_ncdm_decay_dr': 3, 'ncdm_fluid_approximation': 3, 'maximum_q_ncdm_decay_dr': 15.0, 'background_method': 0, 'evolver': 1, 'N_momentum_bins_ncdm_decay_dr': 7, 'l_max_ncdm': 13, 'l_max_dr': 13, 'l_max_dr_col': 13, 'omega_b': 0.014582499912899042, 'omega_cdm': 0.19750650250296686, 'Neff_ini_dncdm': 2.823241270778192, 'log10lifetime_ncdm_decay_dr': 5.624806852078351, 'm_ncdm_decay_dr': 197.66506321358526, 'H0': 93.13881321975046, 'ln10^{10}A_s': 3.772416891562807, 'n_s': 1.1937243246685298, 'tau_reio': 0.24903809981026742, 'P_k_max_1/Mpc': 1.0}
error: CosmoComputationError(b'thermodynamics_init(L:446) :error in thermodynamics_reionization(preco, preio, pvecback);\n=>thermodynamics_reionization(L:2283) :condition (tau_sup < tau_reionization_) is true; parameters are such that reionization cannot start after z_start_max')
traceback: Traceback (most recent call last):
  File "/home/maanson/Speciale/connectv2/source/calc_models_mpi_memsafe_child.py", line 639, in main_child
    cosmo.compute()
  File "classy.pyx", line 251, in classy.PyCosmology.compute
  File "classy.pyx", line 272, in classy.PyCosmology.compute
  File "classy.pyx", line 99, in classy.raise_my_py_error
classy.CosmoComputationError: 

Error in Class: thermodynamics_init(L:446) :error in thermodynamics_reionization(preco, preio, pvecback);
=>thermodynamics_reionization(L:2283) :condition (tau_sup < tau_reionization_) is true; parameters are such that reionization cannot start after z_start_max


[PARENT][Rank 371] | ERROR: Child process failed during CLASS computation
Model: {'lensing': 'yes', 'output': 'tCl,lCl,pCl,mPk', 'l_max_scalars': 2508, 'k_pivot': 0.05, 'N_ur': 2.0328, 'N_ncdm': 1, 'm_ncdm': 0.06, 'T_ncdm': 0.71611, 'N_ncdm_decay_dr': 1, 'quadrature_strategy_ncdm_decay_dr': 3, 'ncdm_fluid_approximation': 3, 'maximum_q_ncdm_decay_dr': 15.0, 'background_method': 0, 'evolver': 1, 'N_momentum_bins_ncdm_decay_dr': 7, 'l_max_ncdm': 13, 'l_max_dr': 13, 'l_max_dr_col': 13, 'omega_b': 0.014582499912899042, 'omega_cdm': 0.19750650250296686, 'Neff_ini_dncdm': 2.823241270778192, 'log10lifetime_ncdm_decay_dr': 5.624806852078351, 'm_ncdm_decay_dr': 197.66506321358526, 'H0': 93.13881321975046, 'ln10^{10}A_s': 3.772416891562807, 'n_s': 1.1937243246685298, 'tau_reio': 0.24903809981026742, 'P_k_max_1/Mpc': 1.0}
skipping to the next model...
[CHILD][Parent Rank 25] | The following model failed in CLASS: 
params: {'lensing': 'yes', 'output': 'tCl,lCl,pCl,mPk', 'l_max_scalars': 2508, 'k_pivot': 0.05, 'N_ur': 2.0328, 'N_ncdm': 1, 'm_ncdm': 0.06, 'T_ncdm': 0.71611, 'N_ncdm_decay_dr': 1, 'quadrature_strategy_ncdm_decay_dr': 3, 'ncdm_fluid_approximation': 3, 'maximum_q_ncdm_decay_dr': 15.0, 'background_method': 0, 'evolver': 1, 'N_momentum_bins_ncdm_decay_dr': 7, 'l_max_ncdm': 13, 'l_max_dr': 13, 'l_max_dr_col': 13, 'omega_b': 0.020441706313974628, 'omega_cdm': 0.08419438536176399, 'Neff_ini_dncdm': 2.7137578891959295, 'log10lifetime_ncdm_decay_dr': 5.995644213887309, 'm_ncdm_decay_dr': 513.0591688211518, 'H0': 99.33939321325232, 'ln10^{10}A_s': 4.743084329103461, 'n_s': 0.7071183712618013, 'tau_reio': 0.21081010187727045, 'P_k_max_1/Mpc': 1.0}
error: CosmoComputationError(b'thermodynamics_init(L:446) :error in thermodynamics_reionization(preco, preio, pvecback);\n=>thermodynamics_reionization(L:2283) :condition (tau_sup < tau_reionization_) is true; parameters are such that reionization cannot start after z_start_max')
traceback: Traceback (most recent call last):
  File "/home/maanson/Speciale/connectv2/source/calc_models_mpi_memsafe_child.py", line 639, in main_child
    cosmo.compute()
  File "classy.pyx", line 251, in classy.PyCosmology.compute
  File "classy.pyx", line 272, in classy.PyCosmology.compute
  File "classy.pyx", line 99, in classy.raise_my_py_error
classy.CosmoComputationError: 

Error in Class: thermodynamics_init(L:446) :error in thermodynamics_reionization(preco, preio, pvecback);
=>thermodynamics_reionization(L:2283) :condition (tau_sup < tau_reionization_) is true; parameters are such that reionization cannot start after z_start_max


[PARENT][Rank 25] | ERROR: Child process failed during CLASS computation
Model: {'lensing': 'yes', 'output': 'tCl,lCl,pCl,mPk', 'l_max_scalars': 2508, 'k_pivot': 0.05, 'N_ur': 2.0328, 'N_ncdm': 1, 'm_ncdm': 0.06, 'T_ncdm': 0.71611, 'N_ncdm_decay_dr': 1, 'quadrature_strategy_ncdm_decay_dr': 3, 'ncdm_fluid_approximation': 3, 'maximum_q_ncdm_decay_dr': 15.0, 'background_method': 0, 'evolver': 1, 'N_momentum_bins_ncdm_decay_dr': 7, 'l_max_ncdm': 13, 'l_max_dr': 13, 'l_max_dr_col': 13, 'omega_b': 0.020441706313974628, 'omega_cdm': 0.08419438536176399, 'Neff_ini_dncdm': 2.7137578891959295, 'log10lifetime_ncdm_decay_dr': 5.995644213887309, 'm_ncdm_decay_dr': 513.0591688211518, 'H0': 99.33939321325232, 'ln10^{10}A_s': 4.743084329103461, 'n_s': 0.7071183712618013, 'tau_reio': 0.21081010187727045, 'P_k_max_1/Mpc': 1.0}
skipping to the next model...
[CHILD][Parent Rank 44] | ERROR: Timeout while waiting for message.
Exiting safely.
[CHILD][Parent Rank 158] | The following model failed in CLASS: 
params: {'lensing': 'yes', 'output': 'tCl,lCl,pCl,mPk', 'l_max_scalars': 2508, 'k_pivot': 0.05, 'N_ur': 2.0328, 'N_ncdm': 1, 'm_ncdm': 0.06, 'T_ncdm': 0.71611, 'N_ncdm_decay_dr': 1, 'quadrature_strategy_ncdm_decay_dr': 3, 'ncdm_fluid_approximation': 3, 'maximum_q_ncdm_decay_dr': 15.0, 'background_method': 0, 'evolver': 1, 'N_momentum_bins_ncdm_decay_dr': 7, 'l_max_ncdm': 13, 'l_max_dr': 13, 'l_max_dr_col': 13, 'omega_b': 0.015585354611749586, 'omega_cdm': 0.23097403616499243, 'Neff_ini_dncdm': 2.9605719072524304, 'log10lifetime_ncdm_decay_dr': 5.492313894431508, 'm_ncdm_decay_dr': 452.67792280856247, 'H0': 99.67820901572334, 'ln10^{10}A_s': 2.499956600218919, 'n_s': 0.7126652429396035, 'tau_reio': 0.1769526235067854, 'P_k_max_1/Mpc': 1.0}
error: CosmoComputationError(b'thermodynamics_init(L:446) :error in thermodynamics_reionization(preco, preio, pvecback);\n=>thermodynamics_reionization(L:2283) :condition (tau_sup < tau_reionization_) is true; parameters are such that reionization cannot start after z_start_max')
traceback: Traceback (most recent call last):
  File "/home/maanson/Speciale/connectv2/source/calc_models_mpi_memsafe_child.py", line 639, in main_child
    cosmo.compute()
  File "classy.pyx", line 251, in classy.PyCosmology.compute
  File "classy.pyx", line 272, in classy.PyCosmology.compute
  File "classy.pyx", line 99, in classy.raise_my_py_error
classy.CosmoComputationError: 

Error in Class: thermodynamics_init(L:446) :error in thermodynamics_reionization(preco, preio, pvecback);
=>thermodynamics_reionization(L:2283) :condition (tau_sup < tau_reionization_) is true; parameters are such that reionization cannot start after z_start_max


[PARENT][Rank 158] | ERROR: Child process failed during CLASS computation
Model: {'lensing': 'yes', 'output': 'tCl,lCl,pCl,mPk', 'l_max_scalars': 2508, 'k_pivot': 0.05, 'N_ur': 2.0328, 'N_ncdm': 1, 'm_ncdm': 0.06, 'T_ncdm': 0.71611, 'N_ncdm_decay_dr': 1, 'quadrature_strategy_ncdm_decay_dr': 3, 'ncdm_fluid_approximation': 3, 'maximum_q_ncdm_decay_dr': 15.0, 'background_method': 0, 'evolver': 1, 'N_momentum_bins_ncdm_decay_dr': 7, 'l_max_ncdm': 13, 'l_max_dr': 13, 'l_max_dr_col': 13, 'omega_b': 0.015585354611749586, 'omega_cdm': 0.23097403616499243, 'Neff_ini_dncdm': 2.9605719072524304, 'log10lifetime_ncdm_decay_dr': 5.492313894431508, 'm_ncdm_decay_dr': 452.67792280856247, 'H0': 99.67820901572334, 'ln10^{10}A_s': 2.499956600218919, 'n_s': 0.7126652429396035, 'tau_reio': 0.1769526235067854, 'P_k_max_1/Mpc': 1.0}
skipping to the next model...
[CHILD][Parent Rank 101] | The following model failed in CLASS: 
params: {'lensing': 'yes', 'output': 'tCl,lCl,pCl,mPk', 'l_max_scalars': 2508, 'k_pivot': 0.05, 'N_ur': 2.0328, 'N_ncdm': 1, 'm_ncdm': 0.06, 'T_ncdm': 0.71611, 'N_ncdm_decay_dr': 1, 'quadrature_strategy_ncdm_decay_dr': 3, 'ncdm_fluid_approximation': 3, 'maximum_q_ncdm_decay_dr': 15.0, 'background_method': 0, 'evolver': 1, 'N_momentum_bins_ncdm_decay_dr': 7, 'l_max_ncdm': 13, 'l_max_dr': 13, 'l_max_dr_col': 13, 'omega_b': 0.01666636563152622, 'omega_cdm': 0.21832654959817746, 'Neff_ini_dncdm': 2.547583964730438, 'log10lifetime_ncdm_decay_dr': 5.14710380848954, 'm_ncdm_decay_dr': 272.9659438164095, 'H0': 69.82169877250604, 'ln10^{10}A_s': 4.638770557214707, 'n_s': 0.9627783620321165, 'tau_reio': 0.3987564989124848, 'P_k_max_1/Mpc': 1.0}
error: CosmoComputationError(b'thermodynamics_init(L:446) :error in thermodynamics_reionization(preco, preio, pvecback);\n=>thermodynamics_reionization(L:2283) :condition (tau_sup < tau_reionization_) is true; parameters are such that reionization cannot start after z_start_max')
traceback: Traceback (most recent call last):
  File "/home/maanson/Speciale/connectv2/source/calc_models_mpi_memsafe_child.py", line 639, in main_child
    cosmo.compute()
  File "classy.pyx", line 251, in classy.PyCosmology.compute
  File "classy.pyx", line 272, in classy.PyCosmology.compute
  File "classy.pyx", line 99, in classy.raise_my_py_error
classy.CosmoComputationError: 

Error in Class: thermodynamics_init(L:446) :error in thermodynamics_reionization(preco, preio, pvecback);
=>thermodynamics_reionization(L:2283) :condition (tau_sup < tau_reionization_) is true; parameters are such that reionization cannot start after z_start_max


[PARENT][Rank 101] | ERROR: Child process failed during CLASS computation
Model: {'lensing': 'yes', 'output': 'tCl,lCl,pCl,mPk', 'l_max_scalars': 2508, 'k_pivot': 0.05, 'N_ur': 2.0328, 'N_ncdm': 1, 'm_ncdm': 0.06, 'T_ncdm': 0.71611, 'N_ncdm_decay_dr': 1, 'quadrature_strategy_ncdm_decay_dr': 3, 'ncdm_fluid_approximation': 3, 'maximum_q_ncdm_decay_dr': 15.0, 'background_method': 0, 'evolver': 1, 'N_momentum_bins_ncdm_decay_dr': 7, 'l_max_ncdm': 13, 'l_max_dr': 13, 'l_max_dr_col': 13, 'omega_b': 0.01666636563152622, 'omega_cdm': 0.21832654959817746, 'Neff_ini_dncdm': 2.547583964730438, 'log10lifetime_ncdm_decay_dr': 5.14710380848954, 'm_ncdm_decay_dr': 272.9659438164095, 'H0': 69.82169877250604, 'ln10^{10}A_s': 4.638770557214707, 'n_s': 0.9627783620321165, 'tau_reio': 0.3987564989124848, 'P_k_max_1/Mpc': 1.0}
skipping to the next model...
[CHILD][Parent Rank 238] | The following model failed in CLASS: 
params: {'lensing': 'yes', 'output': 'tCl,lCl,pCl,mPk', 'l_max_scalars': 2508, 'k_pivot': 0.05, 'N_ur': 2.0328, 'N_ncdm': 1, 'm_ncdm': 0.06, 'T_ncdm': 0.71611, 'N_ncdm_decay_dr': 1, 'quadrature_strategy_ncdm_decay_dr': 3, 'ncdm_fluid_approximation': 3, 'maximum_q_ncdm_decay_dr': 15.0, 'background_method': 0, 'evolver': 1, 'N_momentum_bins_ncdm_decay_dr': 7, 'l_max_ncdm': 13, 'l_max_dr': 13, 'l_max_dr_col': 13, 'omega_b': 0.028939356038351762, 'omega_cdm': 0.1420052020397765, 'Neff_ini_dncdm': 2.3972048683920084, 'log10lifetime_ncdm_decay_dr': 5.8226749099629345, 'm_ncdm_decay_dr': 469.1512916028771, 'H0': 60.826295834842256, 'ln10^{10}A_s': 3.4167672709505568, 'n_s': 0.8774533730084086, 'tau_reio': 0.3448863178157455, 'P_k_max_1/Mpc': 1.0}
error: CosmoComputationError(b'thermodynamics_init(L:446) :error in thermodynamics_reionization(preco, preio, pvecback);\n=>thermodynamics_reionization(L:2283) :condition (tau_sup < tau_reionization_) is true; parameters are such that reionization cannot start after z_start_max')
traceback: Traceback (most recent call last):
  File "/home/maanson/Speciale/connectv2/source/calc_models_mpi_memsafe_child.py", line 639, in main_child
    cosmo.compute()
  File "classy.pyx", line 251, in classy.PyCosmology.compute
  File "classy.pyx", line 272, in classy.PyCosmology.compute
  File "classy.pyx", line 99, in classy.raise_my_py_error
classy.CosmoComputationError: 

Error in Class: thermodynamics_init(L:446) :error in thermodynamics_reionization(preco, preio, pvecback);
=>thermodynamics_reionization(L:2283) :condition (tau_sup < tau_reionization_) is true; parameters are such that reionization cannot start after z_start_max


[PARENT][Rank 238] | ERROR: Child process failed during CLASS computation
Model: {'lensing': 'yes', 'output': 'tCl,lCl,pCl,mPk', 'l_max_scalars': 2508, 'k_pivot': 0.05, 'N_ur': 2.0328, 'N_ncdm': 1, 'm_ncdm': 0.06, 'T_ncdm': 0.71611, 'N_ncdm_decay_dr': 1, 'quadrature_strategy_ncdm_decay_dr': 3, 'ncdm_fluid_approximation': 3, 'maximum_q_ncdm_decay_dr': 15.0, 'background_method': 0, 'evolver': 1, 'N_momentum_bins_ncdm_decay_dr': 7, 'l_max_ncdm': 13, 'l_max_dr': 13, 'l_max_dr_col': 13, 'omega_b': 0.028939356038351762, 'omega_cdm': 0.1420052020397765, 'Neff_ini_dncdm': 2.3972048683920084, 'log10lifetime_ncdm_decay_dr': 5.8226749099629345, 'm_ncdm_decay_dr': 469.1512916028771, 'H0': 60.826295834842256, 'ln10^{10}A_s': 3.4167672709505568, 'n_s': 0.8774533730084086, 'tau_reio': 0.3448863178157455, 'P_k_max_1/Mpc': 1.0}
skipping to the next model...
[CHILD][Parent Rank 330] | The following model failed in CLASS: 
params: {'lensing': 'yes', 'output': 'tCl,lCl,pCl,mPk', 'l_max_scalars': 2508, 'k_pivot': 0.05, 'N_ur': 2.0328, 'N_ncdm': 1, 'm_ncdm': 0.06, 'T_ncdm': 0.71611, 'N_ncdm_decay_dr': 1, 'quadrature_strategy_ncdm_decay_dr': 3, 'ncdm_fluid_approximation': 3, 'maximum_q_ncdm_decay_dr': 15.0, 'background_method': 0, 'evolver': 1, 'N_momentum_bins_ncdm_decay_dr': 7, 'l_max_ncdm': 13, 'l_max_dr': 13, 'l_max_dr_col': 13, 'omega_b': 0.01414559618376644, 'omega_cdm': 0.22456427943968127, 'Neff_ini_dncdm': 1.6649571371484158, 'log10lifetime_ncdm_decay_dr': 2.698617484983771, 'm_ncdm_decay_dr': 512.4970624417016, 'H0': 44.465090316654354, 'ln10^{10}A_s': 2.750005371888636, 'n_s': 0.8411053176076975, 'tau_reio': 0.3976332771111977, 'P_k_max_1/Mpc': 1.0}
error: CosmoComputationError(b'thermodynamics_init(L:446) :error in thermodynamics_reionization(preco, preio, pvecback);\n=>thermodynamics_reionization(L:2283) :condition (tau_sup < tau_reionization_) is true; parameters are such that reionization cannot start after z_start_max')
traceback: Traceback (most recent call last):
  File "/home/maanson/Speciale/connectv2/source/calc_models_mpi_memsafe_child.py", line 639, in main_child
    cosmo.compute()
  File "classy.pyx", line 251, in classy.PyCosmology.compute
  File "classy.pyx", line 272, in classy.PyCosmology.compute
  File "classy.pyx", line 99, in classy.raise_my_py_error
classy.CosmoComputationError: 

Error in Class: thermodynamics_init(L:446) :error in thermodynamics_reionization(preco, preio, pvecback);
=>thermodynamics_reionization(L:2283) :condition (tau_sup < tau_reionization_) is true; parameters are such that reionization cannot start after z_start_max


[PARENT][Rank 330] | ERROR: Child process failed during CLASS computation
Model: {'lensing': 'yes', 'output': 'tCl,lCl,pCl,mPk', 'l_max_scalars': 2508, 'k_pivot': 0.05, 'N_ur': 2.0328, 'N_ncdm': 1, 'm_ncdm': 0.06, 'T_ncdm': 0.71611, 'N_ncdm_decay_dr': 1, 'quadrature_strategy_ncdm_decay_dr': 3, 'ncdm_fluid_approximation': 3, 'maximum_q_ncdm_decay_dr': 15.0, 'background_method': 0, 'evolver': 1, 'N_momentum_bins_ncdm_decay_dr': 7, 'l_max_ncdm': 13, 'l_max_dr': 13, 'l_max_dr_col': 13, 'omega_b': 0.01414559618376644, 'omega_cdm': 0.22456427943968127, 'Neff_ini_dncdm': 1.6649571371484158, 'log10lifetime_ncdm_decay_dr': 2.698617484983771, 'm_ncdm_decay_dr': 512.4970624417016, 'H0': 44.465090316654354, 'ln10^{10}A_s': 2.750005371888636, 'n_s': 0.8411053176076975, 'tau_reio': 0.3976332771111977, 'P_k_max_1/Mpc': 1.0}
skipping to the next model...
[CHILD][Parent Rank 326] | The following model failed in CLASS: 
params: {'lensing': 'yes', 'output': 'tCl,lCl,pCl,mPk', 'l_max_scalars': 2508, 'k_pivot': 0.05, 'N_ur': 2.0328, 'N_ncdm': 1, 'm_ncdm': 0.06, 'T_ncdm': 0.71611, 'N_ncdm_decay_dr': 1, 'quadrature_strategy_ncdm_decay_dr': 3, 'ncdm_fluid_approximation': 3, 'maximum_q_ncdm_decay_dr': 15.0, 'background_method': 0, 'evolver': 1, 'N_momentum_bins_ncdm_decay_dr': 7, 'l_max_ncdm': 13, 'l_max_dr': 13, 'l_max_dr_col': 13, 'omega_b': 0.014208036985274453, 'omega_cdm': 0.1366910537532691, 'Neff_ini_dncdm': 2.297356681606668, 'log10lifetime_ncdm_decay_dr': 4.707165186560352, 'm_ncdm_decay_dr': 212.057355638532, 'H0': 92.58401924801748, 'ln10^{10}A_s': 3.340436700479472, 'n_s': 1.1976060653912646, 'tau_reio': 0.38522792011905443, 'P_k_max_1/Mpc': 1.0}
error: CosmoComputationError(b'thermodynamics_init(L:446) :error in thermodynamics_reionization(preco, preio, pvecback);\n=>thermodynamics_reionization(L:2283) :condition (tau_sup < tau_reionization_) is true; parameters are such that reionization cannot start after z_start_max')
traceback: Traceback (most recent call last):
  File "/home/maanson/Speciale/connectv2/source/calc_models_mpi_memsafe_child.py", line 639, in main_child
    cosmo.compute()
  File "classy.pyx", line 251, in classy.PyCosmology.compute
  File "classy.pyx", line 272, in classy.PyCosmology.compute
  File "classy.pyx", line 99, in classy.raise_my_py_error
classy.CosmoComputationError: 

Error in Class: thermodynamics_init(L:446) :error in thermodynamics_reionization(preco, preio, pvecback);
=>thermodynamics_reionization(L:2283) :condition (tau_sup < tau_reionization_) is true; parameters are such that reionization cannot start after z_start_max


[PARENT][Rank 326] | ERROR: Child process failed during CLASS computation
Model: {'lensing': 'yes', 'output': 'tCl,lCl,pCl,mPk', 'l_max_scalars': 2508, 'k_pivot': 0.05, 'N_ur': 2.0328, 'N_ncdm': 1, 'm_ncdm': 0.06, 'T_ncdm': 0.71611, 'N_ncdm_decay_dr': 1, 'quadrature_strategy_ncdm_decay_dr': 3, 'ncdm_fluid_approximation': 3, 'maximum_q_ncdm_decay_dr': 15.0, 'background_method': 0, 'evolver': 1, 'N_momentum_bins_ncdm_decay_dr': 7, 'l_max_ncdm': 13, 'l_max_dr': 13, 'l_max_dr_col': 13, 'omega_b': 0.014208036985274453, 'omega_cdm': 0.1366910537532691, 'Neff_ini_dncdm': 2.297356681606668, 'log10lifetime_ncdm_decay_dr': 4.707165186560352, 'm_ncdm_decay_dr': 212.057355638532, 'H0': 92.58401924801748, 'ln10^{10}A_s': 3.340436700479472, 'n_s': 1.1976060653912646, 'tau_reio': 0.38522792011905443, 'P_k_max_1/Mpc': 1.0}
skipping to the next model...
[CHILD][Parent Rank 219] | The following model failed in CLASS: 
params: {'lensing': 'yes', 'output': 'tCl,lCl,pCl,mPk', 'l_max_scalars': 2508, 'k_pivot': 0.05, 'N_ur': 2.0328, 'N_ncdm': 1, 'm_ncdm': 0.06, 'T_ncdm': 0.71611, 'N_ncdm_decay_dr': 1, 'quadrature_strategy_ncdm_decay_dr': 3, 'ncdm_fluid_approximation': 3, 'maximum_q_ncdm_decay_dr': 15.0, 'background_method': 0, 'evolver': 1, 'N_momentum_bins_ncdm_decay_dr': 7, 'l_max_ncdm': 13, 'l_max_dr': 13, 'l_max_dr_col': 13, 'omega_b': 0.020995796674484413, 'omega_cdm': 0.2428030617378159, 'Neff_ini_dncdm': 1.0209693307407963, 'log10lifetime_ncdm_decay_dr': 5.940607279525887, 'm_ncdm_decay_dr': 366.9203894402303, 'H0': 87.94781836507465, 'ln10^{10}A_s': 1.1925960641048832, 'n_s': 1.198205794114985, 'tau_reio': 0.33107281283980056, 'P_k_max_1/Mpc': 1.0}
error: CosmoComputationError(b'thermodynamics_init(L:446) :error in thermodynamics_reionization(preco, preio, pvecback);\n=>thermodynamics_reionization(L:2283) :condition (tau_sup < tau_reionization_) is true; parameters are such that reionization cannot start after z_start_max')
traceback: Traceback (most recent call last):
  File "/home/maanson/Speciale/connectv2/source/calc_models_mpi_memsafe_child.py", line 639, in main_child
    cosmo.compute()
  File "classy.pyx", line 251, in classy.PyCosmology.compute
  File "classy.pyx", line 272, in classy.PyCosmology.compute
  File "classy.pyx", line 99, in classy.raise_my_py_error
classy.CosmoComputationError: 

Error in Class: thermodynamics_init(L:446) :error in thermodynamics_reionization(preco, preio, pvecback);
=>thermodynamics_reionization(L:2283) :condition (tau_sup < tau_reionization_) is true; parameters are such that reionization cannot start after z_start_max


[PARENT][Rank 219] | ERROR: Child process failed during CLASS computation
Model: {'lensing': 'yes', 'output': 'tCl,lCl,pCl,mPk', 'l_max_scalars': 2508, 'k_pivot': 0.05, 'N_ur': 2.0328, 'N_ncdm': 1, 'm_ncdm': 0.06, 'T_ncdm': 0.71611, 'N_ncdm_decay_dr': 1, 'quadrature_strategy_ncdm_decay_dr': 3, 'ncdm_fluid_approximation': 3, 'maximum_q_ncdm_decay_dr': 15.0, 'background_method': 0, 'evolver': 1, 'N_momentum_bins_ncdm_decay_dr': 7, 'l_max_ncdm': 13, 'l_max_dr': 13, 'l_max_dr_col': 13, 'omega_b': 0.020995796674484413, 'omega_cdm': 0.2428030617378159, 'Neff_ini_dncdm': 1.0209693307407963, 'log10lifetime_ncdm_decay_dr': 5.940607279525887, 'm_ncdm_decay_dr': 366.9203894402303, 'H0': 87.94781836507465, 'ln10^{10}A_s': 1.1925960641048832, 'n_s': 1.198205794114985, 'tau_reio': 0.33107281283980056, 'P_k_max_1/Mpc': 1.0}
skipping to the next model...
[CHILD][Parent Rank 268] | The following model failed in CLASS: 
params: {'lensing': 'yes', 'output': 'tCl,lCl,pCl,mPk', 'l_max_scalars': 2508, 'k_pivot': 0.05, 'N_ur': 2.0328, 'N_ncdm': 1, 'm_ncdm': 0.06, 'T_ncdm': 0.71611, 'N_ncdm_decay_dr': 1, 'quadrature_strategy_ncdm_decay_dr': 3, 'ncdm_fluid_approximation': 3, 'maximum_q_ncdm_decay_dr': 15.0, 'background_method': 0, 'evolver': 1, 'N_momentum_bins_ncdm_decay_dr': 7, 'l_max_ncdm': 13, 'l_max_dr': 13, 'l_max_dr_col': 13, 'omega_b': 0.01792451501862351, 'omega_cdm': 0.2398814435448857, 'Neff_ini_dncdm': 2.357444965941113, 'log10lifetime_ncdm_decay_dr': 5.766684912325083, 'm_ncdm_decay_dr': 486.19644600793765, 'H0': 46.29921214976656, 'ln10^{10}A_s': 3.258033856507693, 'n_s': 0.9134664229888159, 'tau_reio': 0.2105674289665967, 'P_k_max_1/Mpc': 1.0}
error: CosmoComputationError(b'thermodynamics_init(L:446) :error in thermodynamics_reionization(preco, preio, pvecback);\n=>thermodynamics_reionization(L:2283) :condition (tau_sup < tau_reionization_) is true; parameters are such that reionization cannot start after z_start_max')
traceback: Traceback (most recent call last):
  File "/home/maanson/Speciale/connectv2/source/calc_models_mpi_memsafe_child.py", line 639, in main_child
    cosmo.compute()
  File "classy.pyx", line 251, in classy.PyCosmology.compute
  File "classy.pyx", line 272, in classy.PyCosmology.compute
  File "classy.pyx", line 99, in classy.raise_my_py_error
classy.CosmoComputationError: 

Error in Class: thermodynamics_init(L:446) :error in thermodynamics_reionization(preco, preio, pvecback);
=>thermodynamics_reionization(L:2283) :condition (tau_sup < tau_reionization_) is true; parameters are such that reionization cannot start after z_start_max


[PARENT][Rank 268] | ERROR: Child process failed during CLASS computation
Model: {'lensing': 'yes', 'output': 'tCl,lCl,pCl,mPk', 'l_max_scalars': 2508, 'k_pivot': 0.05, 'N_ur': 2.0328, 'N_ncdm': 1, 'm_ncdm': 0.06, 'T_ncdm': 0.71611, 'N_ncdm_decay_dr': 1, 'quadrature_strategy_ncdm_decay_dr': 3, 'ncdm_fluid_approximation': 3, 'maximum_q_ncdm_decay_dr': 15.0, 'background_method': 0, 'evolver': 1, 'N_momentum_bins_ncdm_decay_dr': 7, 'l_max_ncdm': 13, 'l_max_dr': 13, 'l_max_dr_col': 13, 'omega_b': 0.01792451501862351, 'omega_cdm': 0.2398814435448857, 'Neff_ini_dncdm': 2.357444965941113, 'log10lifetime_ncdm_decay_dr': 5.766684912325083, 'm_ncdm_decay_dr': 486.19644600793765, 'H0': 46.29921214976656, 'ln10^{10}A_s': 3.258033856507693, 'n_s': 0.9134664229888159, 'tau_reio': 0.2105674289665967, 'P_k_max_1/Mpc': 1.0}
skipping to the next model...
[CHILD][Parent Rank 31] | The following model failed in CLASS: 
params: {'lensing': 'yes', 'output': 'tCl,lCl,pCl,mPk', 'l_max_scalars': 2508, 'k_pivot': 0.05, 'N_ur': 2.0328, 'N_ncdm': 1, 'm_ncdm': 0.06, 'T_ncdm': 0.71611, 'N_ncdm_decay_dr': 1, 'quadrature_strategy_ncdm_decay_dr': 3, 'ncdm_fluid_approximation': 3, 'maximum_q_ncdm_decay_dr': 15.0, 'background_method': 0, 'evolver': 1, 'N_momentum_bins_ncdm_decay_dr': 7, 'l_max_ncdm': 13, 'l_max_dr': 13, 'l_max_dr_col': 13, 'omega_b': 0.015062090544635347, 'omega_cdm': 0.10820470535376692, 'Neff_ini_dncdm': 2.261235723615685, 'log10lifetime_ncdm_decay_dr': 5.310403078040078, 'm_ncdm_decay_dr': 446.051966414595, 'H0': 61.78488107252393, 'ln10^{10}A_s': 2.410860752708677, 'n_s': 0.825864032784918, 'tau_reio': 0.3853369385276598, 'P_k_max_1/Mpc': 1.0}
error: CosmoComputationError(b'thermodynamics_init(L:446) :error in thermodynamics_reionization(preco, preio, pvecback);\n=>thermodynamics_reionization(L:2283) :condition (tau_sup < tau_reionization_) is true; parameters are such that reionization cannot start after z_start_max')
traceback: Traceback (most recent call last):
  File "/home/maanson/Speciale/connectv2/source/calc_models_mpi_memsafe_child.py", line 639, in main_child
    cosmo.compute()
  File "classy.pyx", line 251, in classy.PyCosmology.compute
  File "classy.pyx", line 272, in classy.PyCosmology.compute
  File "classy.pyx", line 99, in classy.raise_my_py_error
classy.CosmoComputationError: 

Error in Class: thermodynamics_init(L:446) :error in thermodynamics_reionization(preco, preio, pvecback);
=>thermodynamics_reionization(L:2283) :condition (tau_sup < tau_reionization_) is true; parameters are such that reionization cannot start after z_start_max


[PARENT][Rank 31] | ERROR: Child process failed during CLASS computation
Model: {'lensing': 'yes', 'output': 'tCl,lCl,pCl,mPk', 'l_max_scalars': 2508, 'k_pivot': 0.05, 'N_ur': 2.0328, 'N_ncdm': 1, 'm_ncdm': 0.06, 'T_ncdm': 0.71611, 'N_ncdm_decay_dr': 1, 'quadrature_strategy_ncdm_decay_dr': 3, 'ncdm_fluid_approximation': 3, 'maximum_q_ncdm_decay_dr': 15.0, 'background_method': 0, 'evolver': 1, 'N_momentum_bins_ncdm_decay_dr': 7, 'l_max_ncdm': 13, 'l_max_dr': 13, 'l_max_dr_col': 13, 'omega_b': 0.015062090544635347, 'omega_cdm': 0.10820470535376692, 'Neff_ini_dncdm': 2.261235723615685, 'log10lifetime_ncdm_decay_dr': 5.310403078040078, 'm_ncdm_decay_dr': 446.051966414595, 'H0': 61.78488107252393, 'ln10^{10}A_s': 2.410860752708677, 'n_s': 0.825864032784918, 'tau_reio': 0.3853369385276598, 'P_k_max_1/Mpc': 1.0}
skipping to the next model...
[CHILD][Parent Rank 33] | The following model failed in CLASS: 
params: {'lensing': 'yes', 'output': 'tCl,lCl,pCl,mPk', 'l_max_scalars': 2508, 'k_pivot': 0.05, 'N_ur': 2.0328, 'N_ncdm': 1, 'm_ncdm': 0.06, 'T_ncdm': 0.71611, 'N_ncdm_decay_dr': 1, 'quadrature_strategy_ncdm_decay_dr': 3, 'ncdm_fluid_approximation': 3, 'maximum_q_ncdm_decay_dr': 15.0, 'background_method': 0, 'evolver': 1, 'N_momentum_bins_ncdm_decay_dr': 7, 'l_max_ncdm': 13, 'l_max_dr': 13, 'l_max_dr_col': 13, 'omega_b': 0.02067486639092821, 'omega_cdm': 0.017218037235495857, 'Neff_ini_dncdm': 2.5316335546985003, 'log10lifetime_ncdm_decay_dr': 5.83715825357511, 'm_ncdm_decay_dr': 396.1993131447621, 'H0': 99.87173059346918, 'ln10^{10}A_s': 1.299349777048989, 'n_s': 1.1813030177083204, 'tau_reio': 0.3541504270106498, 'P_k_max_1/Mpc': 1.0}
error: CosmoComputationError(b'thermodynamics_init(L:446) :error in thermodynamics_reionization(preco, preio, pvecback);\n=>thermodynamics_reionization(L:2283) :condition (tau_sup < tau_reionization_) is true; parameters are such that reionization cannot start after z_start_max')
traceback: Traceback (most recent call last):
  File "/home/maanson/Speciale/connectv2/source/calc_models_mpi_memsafe_child.py", line 639, in main_child
    cosmo.compute()
  File "classy.pyx", line 251, in classy.PyCosmology.compute
  File "classy.pyx", line 272, in classy.PyCosmology.compute
  File "classy.pyx", line 99, in classy.raise_my_py_error
classy.CosmoComputationError: 

Error in Class: thermodynamics_init(L:446) :error in thermodynamics_reionization(preco, preio, pvecback);
=>thermodynamics_reionization(L:2283) :condition (tau_sup < tau_reionization_) is true; parameters are such that reionization cannot start after z_start_max


[PARENT][Rank 33] | ERROR: Child process failed during CLASS computation
Model: {'lensing': 'yes', 'output': 'tCl,lCl,pCl,mPk', 'l_max_scalars': 2508, 'k_pivot': 0.05, 'N_ur': 2.0328, 'N_ncdm': 1, 'm_ncdm': 0.06, 'T_ncdm': 0.71611, 'N_ncdm_decay_dr': 1, 'quadrature_strategy_ncdm_decay_dr': 3, 'ncdm_fluid_approximation': 3, 'maximum_q_ncdm_decay_dr': 15.0, 'background_method': 0, 'evolver': 1, 'N_momentum_bins_ncdm_decay_dr': 7, 'l_max_ncdm': 13, 'l_max_dr': 13, 'l_max_dr_col': 13, 'omega_b': 0.02067486639092821, 'omega_cdm': 0.017218037235495857, 'Neff_ini_dncdm': 2.5316335546985003, 'log10lifetime_ncdm_decay_dr': 5.83715825357511, 'm_ncdm_decay_dr': 396.1993131447621, 'H0': 99.87173059346918, 'ln10^{10}A_s': 1.299349777048989, 'n_s': 1.1813030177083204, 'tau_reio': 0.3541504270106498, 'P_k_max_1/Mpc': 1.0}
skipping to the next model...
[CHILD][Parent Rank 258] | The following model failed in CLASS: 
params: {'lensing': 'yes', 'output': 'tCl,lCl,pCl,mPk', 'l_max_scalars': 2508, 'k_pivot': 0.05, 'N_ur': 2.0328, 'N_ncdm': 1, 'm_ncdm': 0.06, 'T_ncdm': 0.71611, 'N_ncdm_decay_dr': 1, 'quadrature_strategy_ncdm_decay_dr': 3, 'ncdm_fluid_approximation': 3, 'maximum_q_ncdm_decay_dr': 15.0, 'background_method': 0, 'evolver': 1, 'N_momentum_bins_ncdm_decay_dr': 7, 'l_max_ncdm': 13, 'l_max_dr': 13, 'l_max_dr_col': 13, 'omega_b': 0.01452919179302602, 'omega_cdm': 0.21005178718281448, 'Neff_ini_dncdm': 2.000672666568697, 'log10lifetime_ncdm_decay_dr': 2.9295190573096086, 'm_ncdm_decay_dr': 170.8878009184841, 'H0': 70.52569981454431, 'ln10^{10}A_s': 2.0240858340370766, 'n_s': 0.762660315507453, 'tau_reio': 0.3961859979045505, 'P_k_max_1/Mpc': 1.0}
error: CosmoComputationError(b'thermodynamics_init(L:446) :error in thermodynamics_reionization(preco, preio, pvecback);\n=>thermodynamics_reionization(L:2283) :condition (tau_sup < tau_reionization_) is true; parameters are such that reionization cannot start after z_start_max')
traceback: Traceback (most recent call last):
  File "/home/maanson/Speciale/connectv2/source/calc_models_mpi_memsafe_child.py", line 639, in main_child
    cosmo.compute()
  File "classy.pyx", line 251, in classy.PyCosmology.compute
  File "classy.pyx", line 272, in classy.PyCosmology.compute
  File "classy.pyx", line 99, in classy.raise_my_py_error
classy.CosmoComputationError: 

Error in Class: thermodynamics_init(L:446) :error in thermodynamics_reionization(preco, preio, pvecback);
=>thermodynamics_reionization(L:2283) :condition (tau_sup < tau_reionization_) is true; parameters are such that reionization cannot start after z_start_max


[PARENT][Rank 258] | ERROR: Child process failed during CLASS computation
Model: {'lensing': 'yes', 'output': 'tCl,lCl,pCl,mPk', 'l_max_scalars': 2508, 'k_pivot': 0.05, 'N_ur': 2.0328, 'N_ncdm': 1, 'm_ncdm': 0.06, 'T_ncdm': 0.71611, 'N_ncdm_decay_dr': 1, 'quadrature_strategy_ncdm_decay_dr': 3, 'ncdm_fluid_approximation': 3, 'maximum_q_ncdm_decay_dr': 15.0, 'background_method': 0, 'evolver': 1, 'N_momentum_bins_ncdm_decay_dr': 7, 'l_max_ncdm': 13, 'l_max_dr': 13, 'l_max_dr_col': 13, 'omega_b': 0.01452919179302602, 'omega_cdm': 0.21005178718281448, 'Neff_ini_dncdm': 2.000672666568697, 'log10lifetime_ncdm_decay_dr': 2.9295190573096086, 'm_ncdm_decay_dr': 170.8878009184841, 'H0': 70.52569981454431, 'ln10^{10}A_s': 2.0240858340370766, 'n_s': 0.762660315507453, 'tau_reio': 0.3961859979045505, 'P_k_max_1/Mpc': 1.0}
skipping to the next model...
[CHILD][Parent Rank 366] | The following model failed in CLASS: 
params: {'lensing': 'yes', 'output': 'tCl,lCl,pCl,mPk', 'l_max_scalars': 2508, 'k_pivot': 0.05, 'N_ur': 2.0328, 'N_ncdm': 1, 'm_ncdm': 0.06, 'T_ncdm': 0.71611, 'N_ncdm_decay_dr': 1, 'quadrature_strategy_ncdm_decay_dr': 3, 'ncdm_fluid_approximation': 3, 'maximum_q_ncdm_decay_dr': 15.0, 'background_method': 0, 'evolver': 1, 'N_momentum_bins_ncdm_decay_dr': 7, 'l_max_ncdm': 13, 'l_max_dr': 13, 'l_max_dr_col': 13, 'omega_b': 0.014552515311202815, 'omega_cdm': 0.15895278828458334, 'Neff_ini_dncdm': 2.794338899758894, 'log10lifetime_ncdm_decay_dr': 3.932941495229065, 'm_ncdm_decay_dr': 383.62114406727596, 'H0': 93.12966912905489, 'ln10^{10}A_s': 1.8948294793244482, 'n_s': 1.2056188609951404, 'tau_reio': 0.39976591464926636, 'P_k_max_1/Mpc': 1.0}
error: CosmoComputationError(b'thermodynamics_init(L:446) :error in thermodynamics_reionization(preco, preio, pvecback);\n=>thermodynamics_reionization(L:2283) :condition (tau_sup < tau_reionization_) is true; parameters are such that reionization cannot start after z_start_max')
traceback: Traceback (most recent call last):
  File "/home/maanson/Speciale/connectv2/source/calc_models_mpi_memsafe_child.py", line 639, in main_child
    cosmo.compute()
  File "classy.pyx", line 251, in classy.PyCosmology.compute
  File "classy.pyx", line 272, in classy.PyCosmology.compute
  File "classy.pyx", line 99, in classy.raise_my_py_error
classy.CosmoComputationError: 

Error in Class: thermodynamics_init(L:446) :error in thermodynamics_reionization(preco, preio, pvecback);
=>thermodynamics_reionization(L:2283) :condition (tau_sup < tau_reionization_) is true; parameters are such that reionization cannot start after z_start_max


[PARENT][Rank 366] | ERROR: Child process failed during CLASS computation
Model: {'lensing': 'yes', 'output': 'tCl,lCl,pCl,mPk', 'l_max_scalars': 2508, 'k_pivot': 0.05, 'N_ur': 2.0328, 'N_ncdm': 1, 'm_ncdm': 0.06, 'T_ncdm': 0.71611, 'N_ncdm_decay_dr': 1, 'quadrature_strategy_ncdm_decay_dr': 3, 'ncdm_fluid_approximation': 3, 'maximum_q_ncdm_decay_dr': 15.0, 'background_method': 0, 'evolver': 1, 'N_momentum_bins_ncdm_decay_dr': 7, 'l_max_ncdm': 13, 'l_max_dr': 13, 'l_max_dr_col': 13, 'omega_b': 0.014552515311202815, 'omega_cdm': 0.15895278828458334, 'Neff_ini_dncdm': 2.794338899758894, 'log10lifetime_ncdm_decay_dr': 3.932941495229065, 'm_ncdm_decay_dr': 383.62114406727596, 'H0': 93.12966912905489, 'ln10^{10}A_s': 1.8948294793244482, 'n_s': 1.2056188609951404, 'tau_reio': 0.39976591464926636, 'P_k_max_1/Mpc': 1.0}
skipping to the next model...
[CHILD][Parent Rank 31] | The following model failed in CLASS: 
params: {'lensing': 'yes', 'output': 'tCl,lCl,pCl,mPk', 'l_max_scalars': 2508, 'k_pivot': 0.05, 'N_ur': 2.0328, 'N_ncdm': 1, 'm_ncdm': 0.06, 'T_ncdm': 0.71611, 'N_ncdm_decay_dr': 1, 'quadrature_strategy_ncdm_decay_dr': 3, 'ncdm_fluid_approximation': 3, 'maximum_q_ncdm_decay_dr': 15.0, 'background_method': 0, 'evolver': 1, 'N_momentum_bins_ncdm_decay_dr': 7, 'l_max_ncdm': 13, 'l_max_dr': 13, 'l_max_dr_col': 13, 'omega_b': 0.018657484609718486, 'omega_cdm': 0.09073317081315277, 'Neff_ini_dncdm': 1.5739698808961748, 'log10lifetime_ncdm_decay_dr': 5.411595158395892, 'm_ncdm_decay_dr': 417.97154571740487, 'H0': 95.5560683067344, 'ln10^{10}A_s': 4.89189198231537, 'n_s': 1.139613115702935, 'tau_reio': 0.35244186573718195, 'P_k_max_1/Mpc': 1.0}
error: CosmoComputationError(b'thermodynamics_init(L:446) :error in thermodynamics_reionization(preco, preio, pvecback);\n=>thermodynamics_reionization(L:2283) :condition (tau_sup < tau_reionization_) is true; parameters are such that reionization cannot start after z_start_max')
traceback: Traceback (most recent call last):
  File "/home/maanson/Speciale/connectv2/source/calc_models_mpi_memsafe_child.py", line 639, in main_child
    cosmo.compute()
  File "classy.pyx", line 251, in classy.PyCosmology.compute
  File "classy.pyx", line 272, in classy.PyCosmology.compute
  File "classy.pyx", line 99, in classy.raise_my_py_error
classy.CosmoComputationError: 

Error in Class: thermodynamics_init(L:446) :error in thermodynamics_reionization(preco, preio, pvecback);
=>thermodynamics_reionization(L:2283) :condition (tau_sup < tau_reionization_) is true; parameters are such that reionization cannot start after z_start_max


[PARENT][Rank 31] | ERROR: Child process failed during CLASS computation
Model: {'lensing': 'yes', 'output': 'tCl,lCl,pCl,mPk', 'l_max_scalars': 2508, 'k_pivot': 0.05, 'N_ur': 2.0328, 'N_ncdm': 1, 'm_ncdm': 0.06, 'T_ncdm': 0.71611, 'N_ncdm_decay_dr': 1, 'quadrature_strategy_ncdm_decay_dr': 3, 'ncdm_fluid_approximation': 3, 'maximum_q_ncdm_decay_dr': 15.0, 'background_method': 0, 'evolver': 1, 'N_momentum_bins_ncdm_decay_dr': 7, 'l_max_ncdm': 13, 'l_max_dr': 13, 'l_max_dr_col': 13, 'omega_b': 0.018657484609718486, 'omega_cdm': 0.09073317081315277, 'Neff_ini_dncdm': 1.5739698808961748, 'log10lifetime_ncdm_decay_dr': 5.411595158395892, 'm_ncdm_decay_dr': 417.97154571740487, 'H0': 95.5560683067344, 'ln10^{10}A_s': 4.89189198231537, 'n_s': 1.139613115702935, 'tau_reio': 0.35244186573718195, 'P_k_max_1/Mpc': 1.0}
skipping to the next model...
[CHILD][Parent Rank 215] | The following model failed in CLASS: 
params: {'lensing': 'yes', 'output': 'tCl,lCl,pCl,mPk', 'l_max_scalars': 2508, 'k_pivot': 0.05, 'N_ur': 2.0328, 'N_ncdm': 1, 'm_ncdm': 0.06, 'T_ncdm': 0.71611, 'N_ncdm_decay_dr': 1, 'quadrature_strategy_ncdm_decay_dr': 3, 'ncdm_fluid_approximation': 3, 'maximum_q_ncdm_decay_dr': 15.0, 'background_method': 0, 'evolver': 1, 'N_momentum_bins_ncdm_decay_dr': 7, 'l_max_ncdm': 13, 'l_max_dr': 13, 'l_max_dr_col': 13, 'omega_b': 0.014423548576549842, 'omega_cdm': 0.19439333621875465, 'Neff_ini_dncdm': 1.8737655010805623, 'log10lifetime_ncdm_decay_dr': 5.389932916787932, 'm_ncdm_decay_dr': 274.63357488403585, 'H0': 74.1504564670707, 'ln10^{10}A_s': 4.183341646015035, 'n_s': 0.9354890078194684, 'tau_reio': 0.2845496534516396, 'P_k_max_1/Mpc': 1.0}
error: CosmoComputationError(b'thermodynamics_init(L:446) :error in thermodynamics_reionization(preco, preio, pvecback);\n=>thermodynamics_reionization(L:2283) :condition (tau_sup < tau_reionization_) is true; parameters are such that reionization cannot start after z_start_max')
traceback: Traceback (most recent call last):
  File "/home/maanson/Speciale/connectv2/source/calc_models_mpi_memsafe_child.py", line 639, in main_child
    cosmo.compute()
  File "classy.pyx", line 251, in classy.PyCosmology.compute
  File "classy.pyx", line 272, in classy.PyCosmology.compute
  File "classy.pyx", line 99, in classy.raise_my_py_error
classy.CosmoComputationError: 

Error in Class: thermodynamics_init(L:446) :error in thermodynamics_reionization(preco, preio, pvecback);
=>thermodynamics_reionization(L:2283) :condition (tau_sup < tau_reionization_) is true; parameters are such that reionization cannot start after z_start_max


[PARENT][Rank 215] | ERROR: Child process failed during CLASS computation
Model: {'lensing': 'yes', 'output': 'tCl,lCl,pCl,mPk', 'l_max_scalars': 2508, 'k_pivot': 0.05, 'N_ur': 2.0328, 'N_ncdm': 1, 'm_ncdm': 0.06, 'T_ncdm': 0.71611, 'N_ncdm_decay_dr': 1, 'quadrature_strategy_ncdm_decay_dr': 3, 'ncdm_fluid_approximation': 3, 'maximum_q_ncdm_decay_dr': 15.0, 'background_method': 0, 'evolver': 1, 'N_momentum_bins_ncdm_decay_dr': 7, 'l_max_ncdm': 13, 'l_max_dr': 13, 'l_max_dr_col': 13, 'omega_b': 0.014423548576549842, 'omega_cdm': 0.19439333621875465, 'Neff_ini_dncdm': 1.8737655010805623, 'log10lifetime_ncdm_decay_dr': 5.389932916787932, 'm_ncdm_decay_dr': 274.63357488403585, 'H0': 74.1504564670707, 'ln10^{10}A_s': 4.183341646015035, 'n_s': 0.9354890078194684, 'tau_reio': 0.2845496534516396, 'P_k_max_1/Mpc': 1.0}
skipping to the next model...
[CHILD][Parent Rank 216] | The following model failed in CLASS: 
params: {'lensing': 'yes', 'output': 'tCl,lCl,pCl,mPk', 'l_max_scalars': 2508, 'k_pivot': 0.05, 'N_ur': 2.0328, 'N_ncdm': 1, 'm_ncdm': 0.06, 'T_ncdm': 0.71611, 'N_ncdm_decay_dr': 1, 'quadrature_strategy_ncdm_decay_dr': 3, 'ncdm_fluid_approximation': 3, 'maximum_q_ncdm_decay_dr': 15.0, 'background_method': 0, 'evolver': 1, 'N_momentum_bins_ncdm_decay_dr': 7, 'l_max_ncdm': 13, 'l_max_dr': 13, 'l_max_dr_col': 13, 'omega_b': 0.021854113755624363, 'omega_cdm': 0.16929601185796497, 'Neff_ini_dncdm': 2.545076297944216, 'log10lifetime_ncdm_decay_dr': 5.715061267901266, 'm_ncdm_decay_dr': 381.2154383504883, 'H0': 40.202649338229115, 'ln10^{10}A_s': 1.1929576724147242, 'n_s': 0.7835566590869331, 'tau_reio': 0.33353784860735686, 'P_k_max_1/Mpc': 1.0}
error: CosmoComputationError(b'thermodynamics_init(L:446) :error in thermodynamics_reionization(preco, preio, pvecback);\n=>thermodynamics_reionization(L:2283) :condition (tau_sup < tau_reionization_) is true; parameters are such that reionization cannot start after z_start_max')
traceback: Traceback (most recent call last):
  File "/home/maanson/Speciale/connectv2/source/calc_models_mpi_memsafe_child.py", line 639, in main_child
    cosmo.compute()
  File "classy.pyx", line 251, in classy.PyCosmology.compute
  File "classy.pyx", line 272, in classy.PyCosmology.compute
  File "classy.pyx", line 99, in classy.raise_my_py_error
classy.CosmoComputationError: 

Error in Class: thermodynamics_init(L:446) :error in thermodynamics_reionization(preco, preio, pvecback);
=>thermodynamics_reionization(L:2283) :condition (tau_sup < tau_reionization_) is true; parameters are such that reionization cannot start after z_start_max


[PARENT][Rank 216] | ERROR: Child process failed during CLASS computation
Model: {'lensing': 'yes', 'output': 'tCl,lCl,pCl,mPk', 'l_max_scalars': 2508, 'k_pivot': 0.05, 'N_ur': 2.0328, 'N_ncdm': 1, 'm_ncdm': 0.06, 'T_ncdm': 0.71611, 'N_ncdm_decay_dr': 1, 'quadrature_strategy_ncdm_decay_dr': 3, 'ncdm_fluid_approximation': 3, 'maximum_q_ncdm_decay_dr': 15.0, 'background_method': 0, 'evolver': 1, 'N_momentum_bins_ncdm_decay_dr': 7, 'l_max_ncdm': 13, 'l_max_dr': 13, 'l_max_dr_col': 13, 'omega_b': 0.021854113755624363, 'omega_cdm': 0.16929601185796497, 'Neff_ini_dncdm': 2.545076297944216, 'log10lifetime_ncdm_decay_dr': 5.715061267901266, 'm_ncdm_decay_dr': 381.2154383504883, 'H0': 40.202649338229115, 'ln10^{10}A_s': 1.1929576724147242, 'n_s': 0.7835566590869331, 'tau_reio': 0.33353784860735686, 'P_k_max_1/Mpc': 1.0}
skipping to the next model...
[CHILD][Parent Rank 232] | The following model failed in CLASS: 
params: {'lensing': 'yes', 'output': 'tCl,lCl,pCl,mPk', 'l_max_scalars': 2508, 'k_pivot': 0.05, 'N_ur': 2.0328, 'N_ncdm': 1, 'm_ncdm': 0.06, 'T_ncdm': 0.71611, 'N_ncdm_decay_dr': 1, 'quadrature_strategy_ncdm_decay_dr': 3, 'ncdm_fluid_approximation': 3, 'maximum_q_ncdm_decay_dr': 15.0, 'background_method': 0, 'evolver': 1, 'N_momentum_bins_ncdm_decay_dr': 7, 'l_max_ncdm': 13, 'l_max_dr': 13, 'l_max_dr_col': 13, 'omega_b': 0.015797154150573308, 'omega_cdm': 0.24292665867409122, 'Neff_ini_dncdm': 1.9499566476588814, 'log10lifetime_ncdm_decay_dr': 5.303056482182749, 'm_ncdm_decay_dr': 506.80062413824646, 'H0': 73.27153011112831, 'ln10^{10}A_s': 2.256738423408186, 'n_s': 0.8648979352386578, 'tau_reio': 0.2738396521733875, 'P_k_max_1/Mpc': 1.0}
error: CosmoComputationError(b'thermodynamics_init(L:446) :error in thermodynamics_reionization(preco, preio, pvecback);\n=>thermodynamics_reionization(L:2283) :condition (tau_sup < tau_reionization_) is true; parameters are such that reionization cannot start after z_start_max')
traceback: Traceback (most recent call last):
  File "/home/maanson/Speciale/connectv2/source/calc_models_mpi_memsafe_child.py", line 639, in main_child
    cosmo.compute()
  File "classy.pyx", line 251, in classy.PyCosmology.compute
  File "classy.pyx", line 272, in classy.PyCosmology.compute
  File "classy.pyx", line 99, in classy.raise_my_py_error
classy.CosmoComputationError: 

Error in Class: thermodynamics_init(L:446) :error in thermodynamics_reionization(preco, preio, pvecback);
=>thermodynamics_reionization(L:2283) :condition (tau_sup < tau_reionization_) is true; parameters are such that reionization cannot start after z_start_max


[PARENT][Rank 232] | ERROR: Child process failed during CLASS computation
Model: {'lensing': 'yes', 'output': 'tCl,lCl,pCl,mPk', 'l_max_scalars': 2508, 'k_pivot': 0.05, 'N_ur': 2.0328, 'N_ncdm': 1, 'm_ncdm': 0.06, 'T_ncdm': 0.71611, 'N_ncdm_decay_dr': 1, 'quadrature_strategy_ncdm_decay_dr': 3, 'ncdm_fluid_approximation': 3, 'maximum_q_ncdm_decay_dr': 15.0, 'background_method': 0, 'evolver': 1, 'N_momentum_bins_ncdm_decay_dr': 7, 'l_max_ncdm': 13, 'l_max_dr': 13, 'l_max_dr_col': 13, 'omega_b': 0.015797154150573308, 'omega_cdm': 0.24292665867409122, 'Neff_ini_dncdm': 1.9499566476588814, 'log10lifetime_ncdm_decay_dr': 5.303056482182749, 'm_ncdm_decay_dr': 506.80062413824646, 'H0': 73.27153011112831, 'ln10^{10}A_s': 2.256738423408186, 'n_s': 0.8648979352386578, 'tau_reio': 0.2738396521733875, 'P_k_max_1/Mpc': 1.0}
skipping to the next model...
[CHILD][Parent Rank 147] | The following model failed in CLASS: 
params: {'lensing': 'yes', 'output': 'tCl,lCl,pCl,mPk', 'l_max_scalars': 2508, 'k_pivot': 0.05, 'N_ur': 2.0328, 'N_ncdm': 1, 'm_ncdm': 0.06, 'T_ncdm': 0.71611, 'N_ncdm_decay_dr': 1, 'quadrature_strategy_ncdm_decay_dr': 3, 'ncdm_fluid_approximation': 3, 'maximum_q_ncdm_decay_dr': 15.0, 'background_method': 0, 'evolver': 1, 'N_momentum_bins_ncdm_decay_dr': 7, 'l_max_ncdm': 13, 'l_max_dr': 13, 'l_max_dr_col': 13, 'omega_b': 0.02018642650878023, 'omega_cdm': 0.21587849212328167, 'Neff_ini_dncdm': 2.923551265543762, 'log10lifetime_ncdm_decay_dr': 5.918437020151044, 'm_ncdm_decay_dr': 166.32915115199555, 'H0': 61.15273178739686, 'ln10^{10}A_s': 4.512769566869949, 'n_s': 1.2708716515934486, 'tau_reio': 0.36124044298460917, 'P_k_max_1/Mpc': 1.0}
error: CosmoComputationError(b'thermodynamics_init(L:446) :error in thermodynamics_reionization(preco, preio, pvecback);\n=>thermodynamics_reionization(L:2283) :condition (tau_sup < tau_reionization_) is true; parameters are such that reionization cannot start after z_start_max')
traceback: Traceback (most recent call last):
  File "/home/maanson/Speciale/connectv2/source/calc_models_mpi_memsafe_child.py", line 639, in main_child
    cosmo.compute()
  File "classy.pyx", line 251, in classy.PyCosmology.compute
  File "classy.pyx", line 272, in classy.PyCosmology.compute
  File "classy.pyx", line 99, in classy.raise_my_py_error
classy.CosmoComputationError: 

Error in Class: thermodynamics_init(L:446) :error in thermodynamics_reionization(preco, preio, pvecback);
=>thermodynamics_reionization(L:2283) :condition (tau_sup < tau_reionization_) is true; parameters are such that reionization cannot start after z_start_max


[PARENT][Rank 147] | ERROR: Child process failed during CLASS computation
Model: {'lensing': 'yes', 'output': 'tCl,lCl,pCl,mPk', 'l_max_scalars': 2508, 'k_pivot': 0.05, 'N_ur': 2.0328, 'N_ncdm': 1, 'm_ncdm': 0.06, 'T_ncdm': 0.71611, 'N_ncdm_decay_dr': 1, 'quadrature_strategy_ncdm_decay_dr': 3, 'ncdm_fluid_approximation': 3, 'maximum_q_ncdm_decay_dr': 15.0, 'background_method': 0, 'evolver': 1, 'N_momentum_bins_ncdm_decay_dr': 7, 'l_max_ncdm': 13, 'l_max_dr': 13, 'l_max_dr_col': 13, 'omega_b': 0.02018642650878023, 'omega_cdm': 0.21587849212328167, 'Neff_ini_dncdm': 2.923551265543762, 'log10lifetime_ncdm_decay_dr': 5.918437020151044, 'm_ncdm_decay_dr': 166.32915115199555, 'H0': 61.15273178739686, 'ln10^{10}A_s': 4.512769566869949, 'n_s': 1.2708716515934486, 'tau_reio': 0.36124044298460917, 'P_k_max_1/Mpc': 1.0}
skipping to the next model...
[CHILD][Parent Rank 147] | The following model failed in CLASS: 
params: {'lensing': 'yes', 'output': 'tCl,lCl,pCl,mPk', 'l_max_scalars': 2508, 'k_pivot': 0.05, 'N_ur': 2.0328, 'N_ncdm': 1, 'm_ncdm': 0.06, 'T_ncdm': 0.71611, 'N_ncdm_decay_dr': 1, 'quadrature_strategy_ncdm_decay_dr': 3, 'ncdm_fluid_approximation': 3, 'maximum_q_ncdm_decay_dr': 15.0, 'background_method': 0, 'evolver': 1, 'N_momentum_bins_ncdm_decay_dr': 7, 'l_max_ncdm': 13, 'l_max_dr': 13, 'l_max_dr_col': 13, 'omega_b': 0.01847152762460834, 'omega_cdm': 0.1877187984800224, 'Neff_ini_dncdm': 2.2987812901073443, 'log10lifetime_ncdm_decay_dr': 5.8062976197082525, 'm_ncdm_decay_dr': 286.30424412073916, 'H0': 64.67463626262926, 'ln10^{10}A_s': 4.139300617840103, 'n_s': 1.1490998081545134, 'tau_reio': 0.3977127208874305, 'P_k_max_1/Mpc': 1.0}
error: CosmoComputationError(b'thermodynamics_init(L:446) :error in thermodynamics_reionization(preco, preio, pvecback);\n=>thermodynamics_reionization(L:2283) :condition (tau_sup < tau_reionization_) is true; parameters are such that reionization cannot start after z_start_max')
traceback: Traceback (most recent call last):
  File "/home/maanson/Speciale/connectv2/source/calc_models_mpi_memsafe_child.py", line 639, in main_child
    cosmo.compute()
  File "classy.pyx", line 251, in classy.PyCosmology.compute
  File "classy.pyx", line 272, in classy.PyCosmology.compute
  File "classy.pyx", line 99, in classy.raise_my_py_error
classy.CosmoComputationError: 

Error in Class: thermodynamics_init(L:446) :error in thermodynamics_reionization(preco, preio, pvecback);
=>thermodynamics_reionization(L:2283) :condition (tau_sup < tau_reionization_) is true; parameters are such that reionization cannot start after z_start_max


[PARENT][Rank 147] | ERROR: Child process failed during CLASS computation
Model: {'lensing': 'yes', 'output': 'tCl,lCl,pCl,mPk', 'l_max_scalars': 2508, 'k_pivot': 0.05, 'N_ur': 2.0328, 'N_ncdm': 1, 'm_ncdm': 0.06, 'T_ncdm': 0.71611, 'N_ncdm_decay_dr': 1, 'quadrature_strategy_ncdm_decay_dr': 3, 'ncdm_fluid_approximation': 3, 'maximum_q_ncdm_decay_dr': 15.0, 'background_method': 0, 'evolver': 1, 'N_momentum_bins_ncdm_decay_dr': 7, 'l_max_ncdm': 13, 'l_max_dr': 13, 'l_max_dr_col': 13, 'omega_b': 0.01847152762460834, 'omega_cdm': 0.1877187984800224, 'Neff_ini_dncdm': 2.2987812901073443, 'log10lifetime_ncdm_decay_dr': 5.8062976197082525, 'm_ncdm_decay_dr': 286.30424412073916, 'H0': 64.67463626262926, 'ln10^{10}A_s': 4.139300617840103, 'n_s': 1.1490998081545134, 'tau_reio': 0.3977127208874305, 'P_k_max_1/Mpc': 1.0}
skipping to the next model...
[Master] WARNING: Rank 39 is unresponsive (elapsed 801.08s). Marking as failed.
[Master] WARNING: Rank 40 is unresponsive (elapsed 801.09s). Marking as failed.
[Master] WARNING: Rank 41 is unresponsive (elapsed 801.10s). Marking as failed.
[Master] WARNING: Rank 42 is unresponsive (elapsed 801.11s). Marking as failed.
[Master] WARNING: Rank 43 is unresponsive (elapsed 801.12s). Marking as failed.
[Master] WARNING: Rank 44 is unresponsive (elapsed 801.13s). Marking as failed.
[Master] WARNING: Rank 45 is unresponsive (elapsed 801.14s). Marking as failed.
[Master] WARNING: Rank 46 is unresponsive (elapsed 801.15s). Marking as failed.
[Master] WARNING: Rank 47 is unresponsive (elapsed 801.17s). Marking as failed.
[Master] WARNING: Rank 48 is unresponsive (elapsed 801.18s). Marking as failed.
[Master] WARNING: Rank 49 is unresponsive (elapsed 801.19s). Marking as failed.
[Master] WARNING: Rank 50 is unresponsive (elapsed 801.20s). Marking as failed.
[Master] WARNING: Rank 51 is unresponsive (elapsed 801.21s). Marking as failed.
[Master] WARNING: Rank 52 is unresponsive (elapsed 801.22s). Marking as failed.
[Master] WARNING: Rank 53 is unresponsive (elapsed 801.23s). Marking as failed.
[Master] WARNING: Rank 54 is unresponsive (elapsed 801.24s). Marking as failed.
[Master] WARNING: Rank 55 is unresponsive (elapsed 801.25s). Marking as failed.
[Master] WARNING: Rank 56 is unresponsive (elapsed 801.26s). Marking as failed.
[Master] WARNING: Rank 57 is unresponsive (elapsed 801.27s). Marking as failed.
[Master] WARNING: Rank 58 is unresponsive (elapsed 801.28s). Marking as failed.
[Master] WARNING: Rank 59 is unresponsive (elapsed 801.29s). Marking as failed.
[Master] WARNING: Rank 60 is unresponsive (elapsed 801.31s). Marking as failed.
[Master] WARNING: Rank 61 is unresponsive (elapsed 801.32s). Marking as failed.
[Master] WARNING: Rank 62 is unresponsive (elapsed 801.33s). Marking as failed.
[Master] WARNING: Rank 63 is unresponsive (elapsed 801.34s). Marking as failed.
[Master] WARNING: Rank 64 is unresponsive (elapsed 801.35s). Marking as failed.
[Master] WARNING: Rank 65 is unresponsive (elapsed 801.36s). Marking as failed.
[Master] WARNING: Rank 66 is unresponsive (elapsed 801.37s). Marking as failed.
[Master] WARNING: Rank 67 is unresponsive (elapsed 801.38s). Marking as failed.
[Master] WARNING: Rank 68 is unresponsive (elapsed 801.38s). Marking as failed.
[Master] WARNING: Rank 69 is unresponsive (elapsed 801.39s). Marking as failed.
[Master] WARNING: Rank 70 is unresponsive (elapsed 801.40s). Marking as failed.
[Master] WARNING: Rank 71 is unresponsive (elapsed 801.42s). Marking as failed.
[Master] WARNING: Rank 72 is unresponsive (elapsed 801.43s). Marking as failed.
[Master] WARNING: Rank 73 is unresponsive (elapsed 801.44s). Marking as failed.
[Master] WARNING: Rank 74 is unresponsive (elapsed 801.45s). Marking as failed.
[CHILD][Parent Rank 210] | The following model failed in CLASS: 
params: {'lensing': 'yes', 'output': 'tCl,lCl,pCl,mPk', 'l_max_scalars': 2508, 'k_pivot': 0.05, 'N_ur': 2.0328, 'N_ncdm': 1, 'm_ncdm': 0.06, 'T_ncdm': 0.71611, 'N_ncdm_decay_dr': 1, 'quadrature_strategy_ncdm_decay_dr': 3, 'ncdm_fluid_approximation': 3, 'maximum_q_ncdm_decay_dr': 15.0, 'background_method': 0, 'evolver': 1, 'N_momentum_bins_ncdm_decay_dr': 7, 'l_max_ncdm': 13, 'l_max_dr': 13, 'l_max_dr_col': 13, 'omega_b': 0.016779552136866854, 'omega_cdm': 0.22551901818187528, 'Neff_ini_dncdm': 0.7570109914990091, 'log10lifetime_ncdm_decay_dr': 5.301673266346339, 'm_ncdm_decay_dr': 477.7319963323118, 'H0': 80.66999490269477, 'ln10^{10}A_s': 1.4410665562138874, 'n_s': 1.0031767003706324, 'tau_reio': 0.39688497817607754, 'P_k_max_1/Mpc': 1.0}
error: CosmoComputationError(b'thermodynamics_init(L:446) :error in thermodynamics_reionization(preco, preio, pvecback);\n=>thermodynamics_reionization(L:2283) :condition (tau_sup < tau_reionization_) is true; parameters are such that reionization cannot start after z_start_max')
traceback: Traceback (most recent call last):
  File "/home/maanson/Speciale/connectv2/source/calc_models_mpi_memsafe_child.py", line 639, in main_child
    cosmo.compute()
  File "classy.pyx", line 251, in classy.PyCosmology.compute
  File "classy.pyx", line 272, in classy.PyCosmology.compute
  File "classy.pyx", line 99, in classy.raise_my_py_error
classy.CosmoComputationError: 

Error in Class: thermodynamics_init(L:446) :error in thermodynamics_reionization(preco, preio, pvecback);
=>thermodynamics_reionization(L:2283) :condition (tau_sup < tau_reionization_) is true; parameters are such that reionization cannot start after z_start_max


[PARENT][Rank 210] | ERROR: Child process failed during CLASS computation
Model: {'lensing': 'yes', 'output': 'tCl,lCl,pCl,mPk', 'l_max_scalars': 2508, 'k_pivot': 0.05, 'N_ur': 2.0328, 'N_ncdm': 1, 'm_ncdm': 0.06, 'T_ncdm': 0.71611, 'N_ncdm_decay_dr': 1, 'quadrature_strategy_ncdm_decay_dr': 3, 'ncdm_fluid_approximation': 3, 'maximum_q_ncdm_decay_dr': 15.0, 'background_method': 0, 'evolver': 1, 'N_momentum_bins_ncdm_decay_dr': 7, 'l_max_ncdm': 13, 'l_max_dr': 13, 'l_max_dr_col': 13, 'omega_b': 0.016779552136866854, 'omega_cdm': 0.22551901818187528, 'Neff_ini_dncdm': 0.7570109914990091, 'log10lifetime_ncdm_decay_dr': 5.301673266346339, 'm_ncdm_decay_dr': 477.7319963323118, 'H0': 80.66999490269477, 'ln10^{10}A_s': 1.4410665562138874, 'n_s': 1.0031767003706324, 'tau_reio': 0.39688497817607754, 'P_k_max_1/Mpc': 1.0}
skipping to the next model...
[CHILD][Parent Rank 234] | The following model failed in CLASS: 
params: {'lensing': 'yes', 'output': 'tCl,lCl,pCl,mPk', 'l_max_scalars': 2508, 'k_pivot': 0.05, 'N_ur': 2.0328, 'N_ncdm': 1, 'm_ncdm': 0.06, 'T_ncdm': 0.71611, 'N_ncdm_decay_dr': 1, 'quadrature_strategy_ncdm_decay_dr': 3, 'ncdm_fluid_approximation': 3, 'maximum_q_ncdm_decay_dr': 15.0, 'background_method': 0, 'evolver': 1, 'N_momentum_bins_ncdm_decay_dr': 7, 'l_max_ncdm': 13, 'l_max_dr': 13, 'l_max_dr_col': 13, 'omega_b': 0.015032345781054475, 'omega_cdm': 0.21364402198055166, 'Neff_ini_dncdm': 2.585531262065161, 'log10lifetime_ncdm_decay_dr': 4.743808957919984, 'm_ncdm_decay_dr': 432.0275902459706, 'H0': 53.51494185799322, 'ln10^{10}A_s': 4.8771654316907025, 'n_s': 0.9619874262569764, 'tau_reio': 0.2944565145171209, 'P_k_max_1/Mpc': 1.0}
error: CosmoComputationError(b'thermodynamics_init(L:446) :error in thermodynamics_reionization(preco, preio, pvecback);\n=>thermodynamics_reionization(L:2283) :condition (tau_sup < tau_reionization_) is true; parameters are such that reionization cannot start after z_start_max')
traceback: Traceback (most recent call last):
  File "/home/maanson/Speciale/connectv2/source/calc_models_mpi_memsafe_child.py", line 639, in main_child
    cosmo.compute()
  File "classy.pyx", line 251, in classy.PyCosmology.compute
  File "classy.pyx", line 272, in classy.PyCosmology.compute
  File "classy.pyx", line 99, in classy.raise_my_py_error
classy.CosmoComputationError: 

Error in Class: thermodynamics_init(L:446) :error in thermodynamics_reionization(preco, preio, pvecback);
=>thermodynamics_reionization(L:2283) :condition (tau_sup < tau_reionization_) is true; parameters are such that reionization cannot start after z_start_max


[PARENT][Rank 234] | ERROR: Child process failed during CLASS computation
Model: {'lensing': 'yes', 'output': 'tCl,lCl,pCl,mPk', 'l_max_scalars': 2508, 'k_pivot': 0.05, 'N_ur': 2.0328, 'N_ncdm': 1, 'm_ncdm': 0.06, 'T_ncdm': 0.71611, 'N_ncdm_decay_dr': 1, 'quadrature_strategy_ncdm_decay_dr': 3, 'ncdm_fluid_approximation': 3, 'maximum_q_ncdm_decay_dr': 15.0, 'background_method': 0, 'evolver': 1, 'N_momentum_bins_ncdm_decay_dr': 7, 'l_max_ncdm': 13, 'l_max_dr': 13, 'l_max_dr_col': 13, 'omega_b': 0.015032345781054475, 'omega_cdm': 0.21364402198055166, 'Neff_ini_dncdm': 2.585531262065161, 'log10lifetime_ncdm_decay_dr': 4.743808957919984, 'm_ncdm_decay_dr': 432.0275902459706, 'H0': 53.51494185799322, 'ln10^{10}A_s': 4.8771654316907025, 'n_s': 0.9619874262569764, 'tau_reio': 0.2944565145171209, 'P_k_max_1/Mpc': 1.0}
skipping to the next model...
[CHILD][Parent Rank 284] | The following model failed in CLASS: 
params: {'lensing': 'yes', 'output': 'tCl,lCl,pCl,mPk', 'l_max_scalars': 2508, 'k_pivot': 0.05, 'N_ur': 2.0328, 'N_ncdm': 1, 'm_ncdm': 0.06, 'T_ncdm': 0.71611, 'N_ncdm_decay_dr': 1, 'quadrature_strategy_ncdm_decay_dr': 3, 'ncdm_fluid_approximation': 3, 'maximum_q_ncdm_decay_dr': 15.0, 'background_method': 0, 'evolver': 1, 'N_momentum_bins_ncdm_decay_dr': 7, 'l_max_ncdm': 13, 'l_max_dr': 13, 'l_max_dr_col': 13, 'omega_b': 0.014922946561796893, 'omega_cdm': 0.2414463231430598, 'Neff_ini_dncdm': 2.8967803830454906, 'log10lifetime_ncdm_decay_dr': 5.756386709026909, 'm_ncdm_decay_dr': 431.42117854177974, 'H0': 60.12047004402446, 'ln10^{10}A_s': 3.8953045969734004, 'n_s': 0.7291874589343296, 'tau_reio': 0.2799998933024119, 'P_k_max_1/Mpc': 1.0}
error: CosmoComputationError(b'thermodynamics_init(L:446) :error in thermodynamics_reionization(preco, preio, pvecback);\n=>thermodynamics_reionization(L:2283) :condition (tau_sup < tau_reionization_) is true; parameters are such that reionization cannot start after z_start_max')
traceback: Traceback (most recent call last):
  File "/home/maanson/Speciale/connectv2/source/calc_models_mpi_memsafe_child.py", line 639, in main_child
    cosmo.compute()
  File "classy.pyx", line 251, in classy.PyCosmology.compute
  File "classy.pyx", line 272, in classy.PyCosmology.compute
  File "classy.pyx", line 99, in classy.raise_my_py_error
classy.CosmoComputationError: 

Error in Class: thermodynamics_init(L:446) :error in thermodynamics_reionization(preco, preio, pvecback);
=>thermodynamics_reionization(L:2283) :condition (tau_sup < tau_reionization_) is true; parameters are such that reionization cannot start after z_start_max


[PARENT][Rank 284] | ERROR: Child process failed during CLASS computation
Model: {'lensing': 'yes', 'output': 'tCl,lCl,pCl,mPk', 'l_max_scalars': 2508, 'k_pivot': 0.05, 'N_ur': 2.0328, 'N_ncdm': 1, 'm_ncdm': 0.06, 'T_ncdm': 0.71611, 'N_ncdm_decay_dr': 1, 'quadrature_strategy_ncdm_decay_dr': 3, 'ncdm_fluid_approximation': 3, 'maximum_q_ncdm_decay_dr': 15.0, 'background_method': 0, 'evolver': 1, 'N_momentum_bins_ncdm_decay_dr': 7, 'l_max_ncdm': 13, 'l_max_dr': 13, 'l_max_dr_col': 13, 'omega_b': 0.014922946561796893, 'omega_cdm': 0.2414463231430598, 'Neff_ini_dncdm': 2.8967803830454906, 'log10lifetime_ncdm_decay_dr': 5.756386709026909, 'm_ncdm_decay_dr': 431.42117854177974, 'H0': 60.12047004402446, 'ln10^{10}A_s': 3.8953045969734004, 'n_s': 0.7291874589343296, 'tau_reio': 0.2799998933024119, 'P_k_max_1/Mpc': 1.0}
skipping to the next model...
[CHILD][Parent Rank 380] | The following model failed in CLASS: 
params: {'lensing': 'yes', 'output': 'tCl,lCl,pCl,mPk', 'l_max_scalars': 2508, 'k_pivot': 0.05, 'N_ur': 2.0328, 'N_ncdm': 1, 'm_ncdm': 0.06, 'T_ncdm': 0.71611, 'N_ncdm_decay_dr': 1, 'quadrature_strategy_ncdm_decay_dr': 3, 'ncdm_fluid_approximation': 3, 'maximum_q_ncdm_decay_dr': 15.0, 'background_method': 0, 'evolver': 1, 'N_momentum_bins_ncdm_decay_dr': 7, 'l_max_ncdm': 13, 'l_max_dr': 13, 'l_max_dr_col': 13, 'omega_b': 0.014762890399279608, 'omega_cdm': 0.19871791267737393, 'Neff_ini_dncdm': 0.24297216670185684, 'log10lifetime_ncdm_decay_dr': 5.614530354685803, 'm_ncdm_decay_dr': 6.069743748642799, 'H0': 56.851085417597076, 'ln10^{10}A_s': 3.247736222526186, 'n_s': 0.9252275132662148, 'tau_reio': 0.3901329192061698, 'P_k_max_1/Mpc': 1.0}
error: CosmoComputationError(b'thermodynamics_init(L:446) :error in thermodynamics_reionization(preco, preio, pvecback);\n=>thermodynamics_reionization(L:2283) :condition (tau_sup < tau_reionization_) is true; parameters are such that reionization cannot start after z_start_max')
traceback: Traceback (most recent call last):
  File "/home/maanson/Speciale/connectv2/source/calc_models_mpi_memsafe_child.py", line 639, in main_child
    cosmo.compute()
  File "classy.pyx", line 251, in classy.PyCosmology.compute
  File "classy.pyx", line 272, in classy.PyCosmology.compute
  File "classy.pyx", line 99, in classy.raise_my_py_error
classy.CosmoComputationError: 

Error in Class: thermodynamics_init(L:446) :error in thermodynamics_reionization(preco, preio, pvecback);
=>thermodynamics_reionization(L:2283) :condition (tau_sup < tau_reionization_) is true; parameters are such that reionization cannot start after z_start_max


[PARENT][Rank 380] | ERROR: Child process failed during CLASS computation
Model: {'lensing': 'yes', 'output': 'tCl,lCl,pCl,mPk', 'l_max_scalars': 2508, 'k_pivot': 0.05, 'N_ur': 2.0328, 'N_ncdm': 1, 'm_ncdm': 0.06, 'T_ncdm': 0.71611, 'N_ncdm_decay_dr': 1, 'quadrature_strategy_ncdm_decay_dr': 3, 'ncdm_fluid_approximation': 3, 'maximum_q_ncdm_decay_dr': 15.0, 'background_method': 0, 'evolver': 1, 'N_momentum_bins_ncdm_decay_dr': 7, 'l_max_ncdm': 13, 'l_max_dr': 13, 'l_max_dr_col': 13, 'omega_b': 0.014762890399279608, 'omega_cdm': 0.19871791267737393, 'Neff_ini_dncdm': 0.24297216670185684, 'log10lifetime_ncdm_decay_dr': 5.614530354685803, 'm_ncdm_decay_dr': 6.069743748642799, 'H0': 56.851085417597076, 'ln10^{10}A_s': 3.247736222526186, 'n_s': 0.9252275132662148, 'tau_reio': 0.3901329192061698, 'P_k_max_1/Mpc': 1.0}
skipping to the next model...
[CHILD][Parent Rank 127] | The following model failed in CLASS: 
params: {'lensing': 'yes', 'output': 'tCl,lCl,pCl,mPk', 'l_max_scalars': 2508, 'k_pivot': 0.05, 'N_ur': 2.0328, 'N_ncdm': 1, 'm_ncdm': 0.06, 'T_ncdm': 0.71611, 'N_ncdm_decay_dr': 1, 'quadrature_strategy_ncdm_decay_dr': 3, 'ncdm_fluid_approximation': 3, 'maximum_q_ncdm_decay_dr': 15.0, 'background_method': 0, 'evolver': 1, 'N_momentum_bins_ncdm_decay_dr': 7, 'l_max_ncdm': 13, 'l_max_dr': 13, 'l_max_dr_col': 13, 'omega_b': 0.0166873056395997, 'omega_cdm': 0.1621216341973252, 'Neff_ini_dncdm': 2.323351697416463, 'log10lifetime_ncdm_decay_dr': 5.104496115110722, 'm_ncdm_decay_dr': 320.37950136178387, 'H0': 99.5669741330071, 'ln10^{10}A_s': 4.412757122063143, 'n_s': 0.7598902807224092, 'tau_reio': 0.3455583629059142, 'P_k_max_1/Mpc': 1.0}
error: CosmoComputationError(b'thermodynamics_init(L:446) :error in thermodynamics_reionization(preco, preio, pvecback);\n=>thermodynamics_reionization(L:2283) :condition (tau_sup < tau_reionization_) is true; parameters are such that reionization cannot start after z_start_max')
traceback: Traceback (most recent call last):
  File "/home/maanson/Speciale/connectv2/source/calc_models_mpi_memsafe_child.py", line 639, in main_child
    cosmo.compute()
  File "classy.pyx", line 251, in classy.PyCosmology.compute
  File "classy.pyx", line 272, in classy.PyCosmology.compute
  File "classy.pyx", line 99, in classy.raise_my_py_error
classy.CosmoComputationError: 

Error in Class: thermodynamics_init(L:446) :error in thermodynamics_reionization(preco, preio, pvecback);
=>thermodynamics_reionization(L:2283) :condition (tau_sup < tau_reionization_) is true; parameters are such that reionization cannot start after z_start_max


[PARENT][Rank 127] | ERROR: Child process failed during CLASS computation
Model: {'lensing': 'yes', 'output': 'tCl,lCl,pCl,mPk', 'l_max_scalars': 2508, 'k_pivot': 0.05, 'N_ur': 2.0328, 'N_ncdm': 1, 'm_ncdm': 0.06, 'T_ncdm': 0.71611, 'N_ncdm_decay_dr': 1, 'quadrature_strategy_ncdm_decay_dr': 3, 'ncdm_fluid_approximation': 3, 'maximum_q_ncdm_decay_dr': 15.0, 'background_method': 0, 'evolver': 1, 'N_momentum_bins_ncdm_decay_dr': 7, 'l_max_ncdm': 13, 'l_max_dr': 13, 'l_max_dr_col': 13, 'omega_b': 0.0166873056395997, 'omega_cdm': 0.1621216341973252, 'Neff_ini_dncdm': 2.323351697416463, 'log10lifetime_ncdm_decay_dr': 5.104496115110722, 'm_ncdm_decay_dr': 320.37950136178387, 'H0': 99.5669741330071, 'ln10^{10}A_s': 4.412757122063143, 'n_s': 0.7598902807224092, 'tau_reio': 0.3455583629059142, 'P_k_max_1/Mpc': 1.0}
skipping to the next model...
[CHILD][Parent Rank 22] | The following model failed in CLASS: 
params: {'lensing': 'yes', 'output': 'tCl,lCl,pCl,mPk', 'l_max_scalars': 2508, 'k_pivot': 0.05, 'N_ur': 2.0328, 'N_ncdm': 1, 'm_ncdm': 0.06, 'T_ncdm': 0.71611, 'N_ncdm_decay_dr': 1, 'quadrature_strategy_ncdm_decay_dr': 3, 'ncdm_fluid_approximation': 3, 'maximum_q_ncdm_decay_dr': 15.0, 'background_method': 0, 'evolver': 1, 'N_momentum_bins_ncdm_decay_dr': 7, 'l_max_ncdm': 13, 'l_max_dr': 13, 'l_max_dr_col': 13, 'omega_b': 0.014642349418936601, 'omega_cdm': 0.19886312027411826, 'Neff_ini_dncdm': 2.398857969749077, 'log10lifetime_ncdm_decay_dr': 4.302209611178499, 'm_ncdm_decay_dr': 50.581089960995016, 'H0': 79.08876369499897, 'ln10^{10}A_s': 1.3397858683094137, 'n_s': 1.1967692130147056, 'tau_reio': 0.3769872285515244, 'P_k_max_1/Mpc': 1.0}
error: CosmoComputationError(b'thermodynamics_init(L:446) :error in thermodynamics_reionization(preco, preio, pvecback);\n=>thermodynamics_reionization(L:2283) :condition (tau_sup < tau_reionization_) is true; parameters are such that reionization cannot start after z_start_max')
traceback: Traceback (most recent call last):
  File "/home/maanson/Speciale/connectv2/source/calc_models_mpi_memsafe_child.py", line 639, in main_child
    cosmo.compute()
  File "classy.pyx", line 251, in classy.PyCosmology.compute
  File "classy.pyx", line 272, in classy.PyCosmology.compute
  File "classy.pyx", line 99, in classy.raise_my_py_error
classy.CosmoComputationError: 

Error in Class: thermodynamics_init(L:446) :error in thermodynamics_reionization(preco, preio, pvecback);
=>thermodynamics_reionization(L:2283) :condition (tau_sup < tau_reionization_) is true; parameters are such that reionization cannot start after z_start_max


[PARENT][Rank 22] | ERROR: Child process failed during CLASS computation
Model: {'lensing': 'yes', 'output': 'tCl,lCl,pCl,mPk', 'l_max_scalars': 2508, 'k_pivot': 0.05, 'N_ur': 2.0328, 'N_ncdm': 1, 'm_ncdm': 0.06, 'T_ncdm': 0.71611, 'N_ncdm_decay_dr': 1, 'quadrature_strategy_ncdm_decay_dr': 3, 'ncdm_fluid_approximation': 3, 'maximum_q_ncdm_decay_dr': 15.0, 'background_method': 0, 'evolver': 1, 'N_momentum_bins_ncdm_decay_dr': 7, 'l_max_ncdm': 13, 'l_max_dr': 13, 'l_max_dr_col': 13, 'omega_b': 0.014642349418936601, 'omega_cdm': 0.19886312027411826, 'Neff_ini_dncdm': 2.398857969749077, 'log10lifetime_ncdm_decay_dr': 4.302209611178499, 'm_ncdm_decay_dr': 50.581089960995016, 'H0': 79.08876369499897, 'ln10^{10}A_s': 1.3397858683094137, 'n_s': 1.1967692130147056, 'tau_reio': 0.3769872285515244, 'P_k_max_1/Mpc': 1.0}
skipping to the next model...
[CHILD][Parent Rank 32] | The following model failed in CLASS: 
params: {'lensing': 'yes', 'output': 'tCl,lCl,pCl,mPk', 'l_max_scalars': 2508, 'k_pivot': 0.05, 'N_ur': 2.0328, 'N_ncdm': 1, 'm_ncdm': 0.06, 'T_ncdm': 0.71611, 'N_ncdm_decay_dr': 1, 'quadrature_strategy_ncdm_decay_dr': 3, 'ncdm_fluid_approximation': 3, 'maximum_q_ncdm_decay_dr': 15.0, 'background_method': 0, 'evolver': 1, 'N_momentum_bins_ncdm_decay_dr': 7, 'l_max_ncdm': 13, 'l_max_dr': 13, 'l_max_dr_col': 13, 'omega_b': 0.023781089503194963, 'omega_cdm': 0.21818275210398144, 'Neff_ini_dncdm': 1.7941679722727686, 'log10lifetime_ncdm_decay_dr': 5.9196460326438185, 'm_ncdm_decay_dr': 399.53232504225065, 'H0': 87.14623129365984, 'ln10^{10}A_s': 3.8458337453792355, 'n_s': 1.194856401543026, 'tau_reio': 0.3002411929262131, 'P_k_max_1/Mpc': 1.0}
error: CosmoComputationError(b'thermodynamics_init(L:446) :error in thermodynamics_reionization(preco, preio, pvecback);\n=>thermodynamics_reionization(L:2283) :condition (tau_sup < tau_reionization_) is true; parameters are such that reionization cannot start after z_start_max')
traceback: Traceback (most recent call last):
  File "/home/maanson/Speciale/connectv2/source/calc_models_mpi_memsafe_child.py", line 639, in main_child
    cosmo.compute()
  File "classy.pyx", line 251, in classy.PyCosmology.compute
  File "classy.pyx", line 272, in classy.PyCosmology.compute
  File "classy.pyx", line 99, in classy.raise_my_py_error
classy.CosmoComputationError: 

Error in Class: thermodynamics_init(L:446) :error in thermodynamics_reionization(preco, preio, pvecback);
=>thermodynamics_reionization(L:2283) :condition (tau_sup < tau_reionization_) is true; parameters are such that reionization cannot start after z_start_max


[PARENT][Rank 32] | ERROR: Child process failed during CLASS computation
Model: {'lensing': 'yes', 'output': 'tCl,lCl,pCl,mPk', 'l_max_scalars': 2508, 'k_pivot': 0.05, 'N_ur': 2.0328, 'N_ncdm': 1, 'm_ncdm': 0.06, 'T_ncdm': 0.71611, 'N_ncdm_decay_dr': 1, 'quadrature_strategy_ncdm_decay_dr': 3, 'ncdm_fluid_approximation': 3, 'maximum_q_ncdm_decay_dr': 15.0, 'background_method': 0, 'evolver': 1, 'N_momentum_bins_ncdm_decay_dr': 7, 'l_max_ncdm': 13, 'l_max_dr': 13, 'l_max_dr_col': 13, 'omega_b': 0.023781089503194963, 'omega_cdm': 0.21818275210398144, 'Neff_ini_dncdm': 1.7941679722727686, 'log10lifetime_ncdm_decay_dr': 5.9196460326438185, 'm_ncdm_decay_dr': 399.53232504225065, 'H0': 87.14623129365984, 'ln10^{10}A_s': 3.8458337453792355, 'n_s': 1.194856401543026, 'tau_reio': 0.3002411929262131, 'P_k_max_1/Mpc': 1.0}
skipping to the next model...
[CHILD][Parent Rank 350] | The following model failed in CLASS: 
params: {'lensing': 'yes', 'output': 'tCl,lCl,pCl,mPk', 'l_max_scalars': 2508, 'k_pivot': 0.05, 'N_ur': 2.0328, 'N_ncdm': 1, 'm_ncdm': 0.06, 'T_ncdm': 0.71611, 'N_ncdm_decay_dr': 1, 'quadrature_strategy_ncdm_decay_dr': 3, 'ncdm_fluid_approximation': 3, 'maximum_q_ncdm_decay_dr': 15.0, 'background_method': 0, 'evolver': 1, 'N_momentum_bins_ncdm_decay_dr': 7, 'l_max_ncdm': 13, 'l_max_dr': 13, 'l_max_dr_col': 13, 'omega_b': 0.018939219815251235, 'omega_cdm': 0.18500551480101324, 'Neff_ini_dncdm': 2.683051207712913, 'log10lifetime_ncdm_decay_dr': 5.274467801694479, 'm_ncdm_decay_dr': 505.88526476975045, 'H0': 50.24908741790237, 'ln10^{10}A_s': 2.1669946878955653, 'n_s': 1.162615901909251, 'tau_reio': 0.33078002524491007, 'P_k_max_1/Mpc': 1.0}
error: CosmoComputationError(b'thermodynamics_init(L:446) :error in thermodynamics_reionization(preco, preio, pvecback);\n=>thermodynamics_reionization(L:2283) :condition (tau_sup < tau_reionization_) is true; parameters are such that reionization cannot start after z_start_max')
traceback: Traceback (most recent call last):
  File "/home/maanson/Speciale/connectv2/source/calc_models_mpi_memsafe_child.py", line 639, in main_child
    cosmo.compute()
  File "classy.pyx", line 251, in classy.PyCosmology.compute
  File "classy.pyx", line 272, in classy.PyCosmology.compute
  File "classy.pyx", line 99, in classy.raise_my_py_error
classy.CosmoComputationError: 

Error in Class: thermodynamics_init(L:446) :error in thermodynamics_reionization(preco, preio, pvecback);
=>thermodynamics_reionization(L:2283) :condition (tau_sup < tau_reionization_) is true; parameters are such that reionization cannot start after z_start_max


[PARENT][Rank 350] | ERROR: Child process failed during CLASS computation
Model: {'lensing': 'yes', 'output': 'tCl,lCl,pCl,mPk', 'l_max_scalars': 2508, 'k_pivot': 0.05, 'N_ur': 2.0328, 'N_ncdm': 1, 'm_ncdm': 0.06, 'T_ncdm': 0.71611, 'N_ncdm_decay_dr': 1, 'quadrature_strategy_ncdm_decay_dr': 3, 'ncdm_fluid_approximation': 3, 'maximum_q_ncdm_decay_dr': 15.0, 'background_method': 0, 'evolver': 1, 'N_momentum_bins_ncdm_decay_dr': 7, 'l_max_ncdm': 13, 'l_max_dr': 13, 'l_max_dr_col': 13, 'omega_b': 0.018939219815251235, 'omega_cdm': 0.18500551480101324, 'Neff_ini_dncdm': 2.683051207712913, 'log10lifetime_ncdm_decay_dr': 5.274467801694479, 'm_ncdm_decay_dr': 505.88526476975045, 'H0': 50.24908741790237, 'ln10^{10}A_s': 2.1669946878955653, 'n_s': 1.162615901909251, 'tau_reio': 0.33078002524491007, 'P_k_max_1/Mpc': 1.0}
skipping to the next model...
[CHILD][Parent Rank 392] | The following model failed in CLASS: 
params: {'lensing': 'yes', 'output': 'tCl,lCl,pCl,mPk', 'l_max_scalars': 2508, 'k_pivot': 0.05, 'N_ur': 2.0328, 'N_ncdm': 1, 'm_ncdm': 0.06, 'T_ncdm': 0.71611, 'N_ncdm_decay_dr': 1, 'quadrature_strategy_ncdm_decay_dr': 3, 'ncdm_fluid_approximation': 3, 'maximum_q_ncdm_decay_dr': 15.0, 'background_method': 0, 'evolver': 1, 'N_momentum_bins_ncdm_decay_dr': 7, 'l_max_ncdm': 13, 'l_max_dr': 13, 'l_max_dr_col': 13, 'omega_b': 0.016480857801658685, 'omega_cdm': 0.051120968674683256, 'Neff_ini_dncdm': 2.9287314410472924, 'log10lifetime_ncdm_decay_dr': 5.056431459434021, 'm_ncdm_decay_dr': 434.9164596081436, 'H0': 66.1442609911205, 'ln10^{10}A_s': 3.6156410424605, 'n_s': 1.2158752681953677, 'tau_reio': 0.38502569528031544, 'P_k_max_1/Mpc': 1.0}
error: CosmoComputationError(b'thermodynamics_init(L:446) :error in thermodynamics_reionization(preco, preio, pvecback);\n=>thermodynamics_reionization(L:2283) :condition (tau_sup < tau_reionization_) is true; parameters are such that reionization cannot start after z_start_max')
traceback: Traceback (most recent call last):
  File "/home/maanson/Speciale/connectv2/source/calc_models_mpi_memsafe_child.py", line 639, in main_child
    cosmo.compute()
  File "classy.pyx", line 251, in classy.PyCosmology.compute
  File "classy.pyx", line 272, in classy.PyCosmology.compute
  File "classy.pyx", line 99, in classy.raise_my_py_error
classy.CosmoComputationError: 

Error in Class: thermodynamics_init(L:446) :error in thermodynamics_reionization(preco, preio, pvecback);
=>thermodynamics_reionization(L:2283) :condition (tau_sup < tau_reionization_) is true; parameters are such that reionization cannot start after z_start_max


[PARENT][Rank 392] | ERROR: Child process failed during CLASS computation
Model: {'lensing': 'yes', 'output': 'tCl,lCl,pCl,mPk', 'l_max_scalars': 2508, 'k_pivot': 0.05, 'N_ur': 2.0328, 'N_ncdm': 1, 'm_ncdm': 0.06, 'T_ncdm': 0.71611, 'N_ncdm_decay_dr': 1, 'quadrature_strategy_ncdm_decay_dr': 3, 'ncdm_fluid_approximation': 3, 'maximum_q_ncdm_decay_dr': 15.0, 'background_method': 0, 'evolver': 1, 'N_momentum_bins_ncdm_decay_dr': 7, 'l_max_ncdm': 13, 'l_max_dr': 13, 'l_max_dr_col': 13, 'omega_b': 0.016480857801658685, 'omega_cdm': 0.051120968674683256, 'Neff_ini_dncdm': 2.9287314410472924, 'log10lifetime_ncdm_decay_dr': 5.056431459434021, 'm_ncdm_decay_dr': 434.9164596081436, 'H0': 66.1442609911205, 'ln10^{10}A_s': 3.6156410424605, 'n_s': 1.2158752681953677, 'tau_reio': 0.38502569528031544, 'P_k_max_1/Mpc': 1.0}
skipping to the next model...
[CHILD][Parent Rank 279] | The following model failed in CLASS: 
params: {'lensing': 'yes', 'output': 'tCl,lCl,pCl,mPk', 'l_max_scalars': 2508, 'k_pivot': 0.05, 'N_ur': 2.0328, 'N_ncdm': 1, 'm_ncdm': 0.06, 'T_ncdm': 0.71611, 'N_ncdm_decay_dr': 1, 'quadrature_strategy_ncdm_decay_dr': 3, 'ncdm_fluid_approximation': 3, 'maximum_q_ncdm_decay_dr': 15.0, 'background_method': 0, 'evolver': 1, 'N_momentum_bins_ncdm_decay_dr': 7, 'l_max_ncdm': 13, 'l_max_dr': 13, 'l_max_dr_col': 13, 'omega_b': 0.015590651149350595, 'omega_cdm': 0.1904432860646155, 'Neff_ini_dncdm': 1.7095395906721376, 'log10lifetime_ncdm_decay_dr': 4.6750459071000705, 'm_ncdm_decay_dr': 519.2833158794667, 'H0': 55.52438239126534, 'ln10^{10}A_s': 2.051354326922238, 'n_s': 1.02852409963179, 'tau_reio': 0.3796175571195441, 'P_k_max_1/Mpc': 1.0}
error: CosmoComputationError(b'thermodynamics_init(L:446) :error in thermodynamics_reionization(preco, preio, pvecback);\n=>thermodynamics_reionization(L:2283) :condition (tau_sup < tau_reionization_) is true; parameters are such that reionization cannot start after z_start_max')
traceback: Traceback (most recent call last):
  File "/home/maanson/Speciale/connectv2/source/calc_models_mpi_memsafe_child.py", line 639, in main_child
    cosmo.compute()
  File "classy.pyx", line 251, in classy.PyCosmology.compute
  File "classy.pyx", line 272, in classy.PyCosmology.compute
  File "classy.pyx", line 99, in classy.raise_my_py_error
classy.CosmoComputationError: 

Error in Class: thermodynamics_init(L:446) :error in thermodynamics_reionization(preco, preio, pvecback);
=>thermodynamics_reionization(L:2283) :condition (tau_sup < tau_reionization_) is true; parameters are such that reionization cannot start after z_start_max


[PARENT][Rank 279] | ERROR: Child process failed during CLASS computation
Model: {'lensing': 'yes', 'output': 'tCl,lCl,pCl,mPk', 'l_max_scalars': 2508, 'k_pivot': 0.05, 'N_ur': 2.0328, 'N_ncdm': 1, 'm_ncdm': 0.06, 'T_ncdm': 0.71611, 'N_ncdm_decay_dr': 1, 'quadrature_strategy_ncdm_decay_dr': 3, 'ncdm_fluid_approximation': 3, 'maximum_q_ncdm_decay_dr': 15.0, 'background_method': 0, 'evolver': 1, 'N_momentum_bins_ncdm_decay_dr': 7, 'l_max_ncdm': 13, 'l_max_dr': 13, 'l_max_dr_col': 13, 'omega_b': 0.015590651149350595, 'omega_cdm': 0.1904432860646155, 'Neff_ini_dncdm': 1.7095395906721376, 'log10lifetime_ncdm_decay_dr': 4.6750459071000705, 'm_ncdm_decay_dr': 519.2833158794667, 'H0': 55.52438239126534, 'ln10^{10}A_s': 2.051354326922238, 'n_s': 1.02852409963179, 'tau_reio': 0.3796175571195441, 'P_k_max_1/Mpc': 1.0}
skipping to the next model...
[CHILD][Parent Rank 224] | The following model failed in CLASS: 
params: {'lensing': 'yes', 'output': 'tCl,lCl,pCl,mPk', 'l_max_scalars': 2508, 'k_pivot': 0.05, 'N_ur': 2.0328, 'N_ncdm': 1, 'm_ncdm': 0.06, 'T_ncdm': 0.71611, 'N_ncdm_decay_dr': 1, 'quadrature_strategy_ncdm_decay_dr': 3, 'ncdm_fluid_approximation': 3, 'maximum_q_ncdm_decay_dr': 15.0, 'background_method': 0, 'evolver': 1, 'N_momentum_bins_ncdm_decay_dr': 7, 'l_max_ncdm': 13, 'l_max_dr': 13, 'l_max_dr_col': 13, 'omega_b': 0.016324590448104668, 'omega_cdm': 0.24226585278172105, 'Neff_ini_dncdm': 0.8888550576356078, 'log10lifetime_ncdm_decay_dr': 2.8257427978669067, 'm_ncdm_decay_dr': 291.4122514868062, 'H0': 42.93155473052855, 'ln10^{10}A_s': 3.218127952049327, 'n_s': 1.0584437292849984, 'tau_reio': 0.38460612992741033, 'P_k_max_1/Mpc': 1.0}
error: CosmoComputationError(b'thermodynamics_init(L:446) :error in thermodynamics_reionization(preco, preio, pvecback);\n=>thermodynamics_reionization(L:2283) :condition (tau_sup < tau_reionization_) is true; parameters are such that reionization cannot start after z_start_max')
traceback: Traceback (most recent call last):
  File "/home/maanson/Speciale/connectv2/source/calc_models_mpi_memsafe_child.py", line 639, in main_child
    cosmo.compute()
  File "classy.pyx", line 251, in classy.PyCosmology.compute
  File "classy.pyx", line 272, in classy.PyCosmology.compute
  File "classy.pyx", line 99, in classy.raise_my_py_error
classy.CosmoComputationError: 

Error in Class: thermodynamics_init(L:446) :error in thermodynamics_reionization(preco, preio, pvecback);
=>thermodynamics_reionization(L:2283) :condition (tau_sup < tau_reionization_) is true; parameters are such that reionization cannot start after z_start_max


[PARENT][Rank 224] | ERROR: Child process failed during CLASS computation
Model: {'lensing': 'yes', 'output': 'tCl,lCl,pCl,mPk', 'l_max_scalars': 2508, 'k_pivot': 0.05, 'N_ur': 2.0328, 'N_ncdm': 1, 'm_ncdm': 0.06, 'T_ncdm': 0.71611, 'N_ncdm_decay_dr': 1, 'quadrature_strategy_ncdm_decay_dr': 3, 'ncdm_fluid_approximation': 3, 'maximum_q_ncdm_decay_dr': 15.0, 'background_method': 0, 'evolver': 1, 'N_momentum_bins_ncdm_decay_dr': 7, 'l_max_ncdm': 13, 'l_max_dr': 13, 'l_max_dr_col': 13, 'omega_b': 0.016324590448104668, 'omega_cdm': 0.24226585278172105, 'Neff_ini_dncdm': 0.8888550576356078, 'log10lifetime_ncdm_decay_dr': 2.8257427978669067, 'm_ncdm_decay_dr': 291.4122514868062, 'H0': 42.93155473052855, 'ln10^{10}A_s': 3.218127952049327, 'n_s': 1.0584437292849984, 'tau_reio': 0.38460612992741033, 'P_k_max_1/Mpc': 1.0}
skipping to the next model...
[CHILD][Parent Rank 282] | The following model failed in CLASS: 
params: {'lensing': 'yes', 'output': 'tCl,lCl,pCl,mPk', 'l_max_scalars': 2508, 'k_pivot': 0.05, 'N_ur': 2.0328, 'N_ncdm': 1, 'm_ncdm': 0.06, 'T_ncdm': 0.71611, 'N_ncdm_decay_dr': 1, 'quadrature_strategy_ncdm_decay_dr': 3, 'ncdm_fluid_approximation': 3, 'maximum_q_ncdm_decay_dr': 15.0, 'background_method': 0, 'evolver': 1, 'N_momentum_bins_ncdm_decay_dr': 7, 'l_max_ncdm': 13, 'l_max_dr': 13, 'l_max_dr_col': 13, 'omega_b': 0.030654421818207656, 'omega_cdm': 0.15348971746890816, 'Neff_ini_dncdm': 2.978954495108553, 'log10lifetime_ncdm_decay_dr': 5.872102406673925, 'm_ncdm_decay_dr': 420.9769145956187, 'H0': 95.24889610565594, 'ln10^{10}A_s': 1.5802228222217067, 'n_s': 0.8924371429574244, 'tau_reio': 0.3830974849800227, 'P_k_max_1/Mpc': 1.0}
error: CosmoComputationError(b'thermodynamics_init(L:446) :error in thermodynamics_reionization(preco, preio, pvecback);\n=>thermodynamics_reionization(L:2283) :condition (tau_sup < tau_reionization_) is true; parameters are such that reionization cannot start after z_start_max')
traceback: Traceback (most recent call last):
  File "/home/maanson/Speciale/connectv2/source/calc_models_mpi_memsafe_child.py", line 639, in main_child
    cosmo.compute()
  File "classy.pyx", line 251, in classy.PyCosmology.compute
  File "classy.pyx", line 272, in classy.PyCosmology.compute
  File "classy.pyx", line 99, in classy.raise_my_py_error
classy.CosmoComputationError: 

Error in Class: thermodynamics_init(L:446) :error in thermodynamics_reionization(preco, preio, pvecback);
=>thermodynamics_reionization(L:2283) :condition (tau_sup < tau_reionization_) is true; parameters are such that reionization cannot start after z_start_max


[PARENT][Rank 282] | ERROR: Child process failed during CLASS computation
Model: {'lensing': 'yes', 'output': 'tCl,lCl,pCl,mPk', 'l_max_scalars': 2508, 'k_pivot': 0.05, 'N_ur': 2.0328, 'N_ncdm': 1, 'm_ncdm': 0.06, 'T_ncdm': 0.71611, 'N_ncdm_decay_dr': 1, 'quadrature_strategy_ncdm_decay_dr': 3, 'ncdm_fluid_approximation': 3, 'maximum_q_ncdm_decay_dr': 15.0, 'background_method': 0, 'evolver': 1, 'N_momentum_bins_ncdm_decay_dr': 7, 'l_max_ncdm': 13, 'l_max_dr': 13, 'l_max_dr_col': 13, 'omega_b': 0.030654421818207656, 'omega_cdm': 0.15348971746890816, 'Neff_ini_dncdm': 2.978954495108553, 'log10lifetime_ncdm_decay_dr': 5.872102406673925, 'm_ncdm_decay_dr': 420.9769145956187, 'H0': 95.24889610565594, 'ln10^{10}A_s': 1.5802228222217067, 'n_s': 0.8924371429574244, 'tau_reio': 0.3830974849800227, 'P_k_max_1/Mpc': 1.0}
skipping to the next model...
[CHILD][Parent Rank 217] | The following model failed in CLASS: 
params: {'lensing': 'yes', 'output': 'tCl,lCl,pCl,mPk', 'l_max_scalars': 2508, 'k_pivot': 0.05, 'N_ur': 2.0328, 'N_ncdm': 1, 'm_ncdm': 0.06, 'T_ncdm': 0.71611, 'N_ncdm_decay_dr': 1, 'quadrature_strategy_ncdm_decay_dr': 3, 'ncdm_fluid_approximation': 3, 'maximum_q_ncdm_decay_dr': 15.0, 'background_method': 0, 'evolver': 1, 'N_momentum_bins_ncdm_decay_dr': 7, 'l_max_ncdm': 13, 'l_max_dr': 13, 'l_max_dr_col': 13, 'omega_b': 0.02811744708737436, 'omega_cdm': 0.027177713239163664, 'Neff_ini_dncdm': 2.783944340188735, 'log10lifetime_ncdm_decay_dr': 5.962377806374831, 'm_ncdm_decay_dr': 497.53018475922227, 'H0': 98.67371839341642, 'ln10^{10}A_s': 4.093512002416523, 'n_s': 0.9721766224712718, 'tau_reio': 0.38415637292341825, 'P_k_max_1/Mpc': 1.0}
error: CosmoComputationError(b'thermodynamics_init(L:446) :error in thermodynamics_reionization(preco, preio, pvecback);\n=>thermodynamics_reionization(L:2283) :condition (tau_sup < tau_reionization_) is true; parameters are such that reionization cannot start after z_start_max')
traceback: Traceback (most recent call last):
  File "/home/maanson/Speciale/connectv2/source/calc_models_mpi_memsafe_child.py", line 639, in main_child
    cosmo.compute()
  File "classy.pyx", line 251, in classy.PyCosmology.compute
  File "classy.pyx", line 272, in classy.PyCosmology.compute
  File "classy.pyx", line 99, in classy.raise_my_py_error
classy.CosmoComputationError: 

Error in Class: thermodynamics_init(L:446) :error in thermodynamics_reionization(preco, preio, pvecback);
=>thermodynamics_reionization(L:2283) :condition (tau_sup < tau_reionization_) is true; parameters are such that reionization cannot start after z_start_max


[PARENT][Rank 217] | ERROR: Child process failed during CLASS computation
Model: {'lensing': 'yes', 'output': 'tCl,lCl,pCl,mPk', 'l_max_scalars': 2508, 'k_pivot': 0.05, 'N_ur': 2.0328, 'N_ncdm': 1, 'm_ncdm': 0.06, 'T_ncdm': 0.71611, 'N_ncdm_decay_dr': 1, 'quadrature_strategy_ncdm_decay_dr': 3, 'ncdm_fluid_approximation': 3, 'maximum_q_ncdm_decay_dr': 15.0, 'background_method': 0, 'evolver': 1, 'N_momentum_bins_ncdm_decay_dr': 7, 'l_max_ncdm': 13, 'l_max_dr': 13, 'l_max_dr_col': 13, 'omega_b': 0.02811744708737436, 'omega_cdm': 0.027177713239163664, 'Neff_ini_dncdm': 2.783944340188735, 'log10lifetime_ncdm_decay_dr': 5.962377806374831, 'm_ncdm_decay_dr': 497.53018475922227, 'H0': 98.67371839341642, 'ln10^{10}A_s': 4.093512002416523, 'n_s': 0.9721766224712718, 'tau_reio': 0.38415637292341825, 'P_k_max_1/Mpc': 1.0}
skipping to the next model...
[CHILD][Parent Rank 14] | The following model failed in CLASS: 
params: {'lensing': 'yes', 'output': 'tCl,lCl,pCl,mPk', 'l_max_scalars': 2508, 'k_pivot': 0.05, 'N_ur': 2.0328, 'N_ncdm': 1, 'm_ncdm': 0.06, 'T_ncdm': 0.71611, 'N_ncdm_decay_dr': 1, 'quadrature_strategy_ncdm_decay_dr': 3, 'ncdm_fluid_approximation': 3, 'maximum_q_ncdm_decay_dr': 15.0, 'background_method': 0, 'evolver': 1, 'N_momentum_bins_ncdm_decay_dr': 7, 'l_max_ncdm': 13, 'l_max_dr': 13, 'l_max_dr_col': 13, 'omega_b': 0.02698611531647615, 'omega_cdm': 0.0018713792176956927, 'Neff_ini_dncdm': 2.239440681210566, 'log10lifetime_ncdm_decay_dr': 5.570938743965868, 'm_ncdm_decay_dr': 483.8778008695651, 'H0': 86.75958168668913, 'ln10^{10}A_s': 2.133642478069243, 'n_s': 1.2310184972156333, 'tau_reio': 0.39504932699834105, 'P_k_max_1/Mpc': 1.0}
error: CosmoComputationError(b'thermodynamics_init(L:446) :error in thermodynamics_reionization(preco, preio, pvecback);\n=>thermodynamics_reionization(L:2283) :condition (tau_sup < tau_reionization_) is true; parameters are such that reionization cannot start after z_start_max')
traceback: Traceback (most recent call last):
  File "/home/maanson/Speciale/connectv2/source/calc_models_mpi_memsafe_child.py", line 639, in main_child
    cosmo.compute()
  File "classy.pyx", line 251, in classy.PyCosmology.compute
  File "classy.pyx", line 272, in classy.PyCosmology.compute
  File "classy.pyx", line 99, in classy.raise_my_py_error
classy.CosmoComputationError: 

Error in Class: thermodynamics_init(L:446) :error in thermodynamics_reionization(preco, preio, pvecback);
=>thermodynamics_reionization(L:2283) :condition (tau_sup < tau_reionization_) is true; parameters are such that reionization cannot start after z_start_max


[PARENT][Rank 14] | ERROR: Child process failed during CLASS computation
Model: {'lensing': 'yes', 'output': 'tCl,lCl,pCl,mPk', 'l_max_scalars': 2508, 'k_pivot': 0.05, 'N_ur': 2.0328, 'N_ncdm': 1, 'm_ncdm': 0.06, 'T_ncdm': 0.71611, 'N_ncdm_decay_dr': 1, 'quadrature_strategy_ncdm_decay_dr': 3, 'ncdm_fluid_approximation': 3, 'maximum_q_ncdm_decay_dr': 15.0, 'background_method': 0, 'evolver': 1, 'N_momentum_bins_ncdm_decay_dr': 7, 'l_max_ncdm': 13, 'l_max_dr': 13, 'l_max_dr_col': 13, 'omega_b': 0.02698611531647615, 'omega_cdm': 0.0018713792176956927, 'Neff_ini_dncdm': 2.239440681210566, 'log10lifetime_ncdm_decay_dr': 5.570938743965868, 'm_ncdm_decay_dr': 483.8778008695651, 'H0': 86.75958168668913, 'ln10^{10}A_s': 2.133642478069243, 'n_s': 1.2310184972156333, 'tau_reio': 0.39504932699834105, 'P_k_max_1/Mpc': 1.0}
skipping to the next model...
[CHILD][Parent Rank 297] | The following model failed in CLASS: 
params: {'lensing': 'yes', 'output': 'tCl,lCl,pCl,mPk', 'l_max_scalars': 2508, 'k_pivot': 0.05, 'N_ur': 2.0328, 'N_ncdm': 1, 'm_ncdm': 0.06, 'T_ncdm': 0.71611, 'N_ncdm_decay_dr': 1, 'quadrature_strategy_ncdm_decay_dr': 3, 'ncdm_fluid_approximation': 3, 'maximum_q_ncdm_decay_dr': 15.0, 'background_method': 0, 'evolver': 1, 'N_momentum_bins_ncdm_decay_dr': 7, 'l_max_ncdm': 13, 'l_max_dr': 13, 'l_max_dr_col': 13, 'omega_b': 0.015073630113195421, 'omega_cdm': 0.24055808115977084, 'Neff_ini_dncdm': 1.0232892687221684, 'log10lifetime_ncdm_decay_dr': 3.198280504796498, 'm_ncdm_decay_dr': 488.8363822778519, 'H0': 68.39989635654021, 'ln10^{10}A_s': 2.81042927941, 'n_s': 1.0001474066914862, 'tau_reio': 0.36254243294879557, 'P_k_max_1/Mpc': 1.0}
error: CosmoComputationError(b'thermodynamics_init(L:446) :error in thermodynamics_reionization(preco, preio, pvecback);\n=>thermodynamics_reionization(L:2283) :condition (tau_sup < tau_reionization_) is true; parameters are such that reionization cannot start after z_start_max')
traceback: Traceback (most recent call last):
  File "/home/maanson/Speciale/connectv2/source/calc_models_mpi_memsafe_child.py", line 639, in main_child
    cosmo.compute()
  File "classy.pyx", line 251, in classy.PyCosmology.compute
  File "classy.pyx", line 272, in classy.PyCosmology.compute
  File "classy.pyx", line 99, in classy.raise_my_py_error
classy.CosmoComputationError: 

Error in Class: thermodynamics_init(L:446) :error in thermodynamics_reionization(preco, preio, pvecback);
=>thermodynamics_reionization(L:2283) :condition (tau_sup < tau_reionization_) is true; parameters are such that reionization cannot start after z_start_max


[PARENT][Rank 297] | ERROR: Child process failed during CLASS computation
Model: {'lensing': 'yes', 'output': 'tCl,lCl,pCl,mPk', 'l_max_scalars': 2508, 'k_pivot': 0.05, 'N_ur': 2.0328, 'N_ncdm': 1, 'm_ncdm': 0.06, 'T_ncdm': 0.71611, 'N_ncdm_decay_dr': 1, 'quadrature_strategy_ncdm_decay_dr': 3, 'ncdm_fluid_approximation': 3, 'maximum_q_ncdm_decay_dr': 15.0, 'background_method': 0, 'evolver': 1, 'N_momentum_bins_ncdm_decay_dr': 7, 'l_max_ncdm': 13, 'l_max_dr': 13, 'l_max_dr_col': 13, 'omega_b': 0.015073630113195421, 'omega_cdm': 0.24055808115977084, 'Neff_ini_dncdm': 1.0232892687221684, 'log10lifetime_ncdm_decay_dr': 3.198280504796498, 'm_ncdm_decay_dr': 488.8363822778519, 'H0': 68.39989635654021, 'ln10^{10}A_s': 2.81042927941, 'n_s': 1.0001474066914862, 'tau_reio': 0.36254243294879557, 'P_k_max_1/Mpc': 1.0}
skipping to the next model...
[CHILD][Parent Rank 210] | The following model failed in CLASS: 
params: {'lensing': 'yes', 'output': 'tCl,lCl,pCl,mPk', 'l_max_scalars': 2508, 'k_pivot': 0.05, 'N_ur': 2.0328, 'N_ncdm': 1, 'm_ncdm': 0.06, 'T_ncdm': 0.71611, 'N_ncdm_decay_dr': 1, 'quadrature_strategy_ncdm_decay_dr': 3, 'ncdm_fluid_approximation': 3, 'maximum_q_ncdm_decay_dr': 15.0, 'background_method': 0, 'evolver': 1, 'N_momentum_bins_ncdm_decay_dr': 7, 'l_max_ncdm': 13, 'l_max_dr': 13, 'l_max_dr_col': 13, 'omega_b': 0.019334087499538653, 'omega_cdm': 0.13795943015457046, 'Neff_ini_dncdm': 1.3098336712433376, 'log10lifetime_ncdm_decay_dr': 5.806871394524797, 'm_ncdm_decay_dr': 403.55175204655615, 'H0': 83.22840435900531, 'ln10^{10}A_s': 1.6789533019056153, 'n_s': 0.7228781550817828, 'tau_reio': 0.35655211766925293, 'P_k_max_1/Mpc': 1.0}
error: CosmoComputationError(b'thermodynamics_init(L:446) :error in thermodynamics_reionization(preco, preio, pvecback);\n=>thermodynamics_reionization(L:2283) :condition (tau_sup < tau_reionization_) is true; parameters are such that reionization cannot start after z_start_max')
traceback: Traceback (most recent call last):
  File "/home/maanson/Speciale/connectv2/source/calc_models_mpi_memsafe_child.py", line 639, in main_child
    cosmo.compute()
  File "classy.pyx", line 251, in classy.PyCosmology.compute
  File "classy.pyx", line 272, in classy.PyCosmology.compute
  File "classy.pyx", line 99, in classy.raise_my_py_error
classy.CosmoComputationError: 

Error in Class: thermodynamics_init(L:446) :error in thermodynamics_reionization(preco, preio, pvecback);
=>thermodynamics_reionization(L:2283) :condition (tau_sup < tau_reionization_) is true; parameters are such that reionization cannot start after z_start_max


[PARENT][Rank 210] | ERROR: Child process failed during CLASS computation
Model: {'lensing': 'yes', 'output': 'tCl,lCl,pCl,mPk', 'l_max_scalars': 2508, 'k_pivot': 0.05, 'N_ur': 2.0328, 'N_ncdm': 1, 'm_ncdm': 0.06, 'T_ncdm': 0.71611, 'N_ncdm_decay_dr': 1, 'quadrature_strategy_ncdm_decay_dr': 3, 'ncdm_fluid_approximation': 3, 'maximum_q_ncdm_decay_dr': 15.0, 'background_method': 0, 'evolver': 1, 'N_momentum_bins_ncdm_decay_dr': 7, 'l_max_ncdm': 13, 'l_max_dr': 13, 'l_max_dr_col': 13, 'omega_b': 0.019334087499538653, 'omega_cdm': 0.13795943015457046, 'Neff_ini_dncdm': 1.3098336712433376, 'log10lifetime_ncdm_decay_dr': 5.806871394524797, 'm_ncdm_decay_dr': 403.55175204655615, 'H0': 83.22840435900531, 'ln10^{10}A_s': 1.6789533019056153, 'n_s': 0.7228781550817828, 'tau_reio': 0.35655211766925293, 'P_k_max_1/Mpc': 1.0}
skipping to the next model...
[CHILD][Parent Rank 365] | The following model failed in CLASS: 
params: {'lensing': 'yes', 'output': 'tCl,lCl,pCl,mPk', 'l_max_scalars': 2508, 'k_pivot': 0.05, 'N_ur': 2.0328, 'N_ncdm': 1, 'm_ncdm': 0.06, 'T_ncdm': 0.71611, 'N_ncdm_decay_dr': 1, 'quadrature_strategy_ncdm_decay_dr': 3, 'ncdm_fluid_approximation': 3, 'maximum_q_ncdm_decay_dr': 15.0, 'background_method': 0, 'evolver': 1, 'N_momentum_bins_ncdm_decay_dr': 7, 'l_max_ncdm': 13, 'l_max_dr': 13, 'l_max_dr_col': 13, 'omega_b': 0.03303916998489827, 'omega_cdm': 0.003669442595454549, 'Neff_ini_dncdm': 2.1578795745755803, 'log10lifetime_ncdm_decay_dr': 5.889173206605296, 'm_ncdm_decay_dr': 460.3836538500007, 'H0': 66.87003367314365, 'ln10^{10}A_s': 2.1346861159615274, 'n_s': 1.2075769331450128, 'tau_reio': 0.385540701769571, 'P_k_max_1/Mpc': 1.0}
error: CosmoComputationError(b'thermodynamics_init(L:446) :error in thermodynamics_reionization(preco, preio, pvecback);\n=>thermodynamics_reionization(L:2283) :condition (tau_sup < tau_reionization_) is true; parameters are such that reionization cannot start after z_start_max')
traceback: Traceback (most recent call last):
  File "/home/maanson/Speciale/connectv2/source/calc_models_mpi_memsafe_child.py", line 639, in main_child
    cosmo.compute()
  File "classy.pyx", line 251, in classy.PyCosmology.compute
  File "classy.pyx", line 272, in classy.PyCosmology.compute
  File "classy.pyx", line 99, in classy.raise_my_py_error
classy.CosmoComputationError: 

Error in Class: thermodynamics_init(L:446) :error in thermodynamics_reionization(preco, preio, pvecback);
=>thermodynamics_reionization(L:2283) :condition (tau_sup < tau_reionization_) is true; parameters are such that reionization cannot start after z_start_max


[PARENT][Rank 365] | ERROR: Child process failed during CLASS computation
Model: {'lensing': 'yes', 'output': 'tCl,lCl,pCl,mPk', 'l_max_scalars': 2508, 'k_pivot': 0.05, 'N_ur': 2.0328, 'N_ncdm': 1, 'm_ncdm': 0.06, 'T_ncdm': 0.71611, 'N_ncdm_decay_dr': 1, 'quadrature_strategy_ncdm_decay_dr': 3, 'ncdm_fluid_approximation': 3, 'maximum_q_ncdm_decay_dr': 15.0, 'background_method': 0, 'evolver': 1, 'N_momentum_bins_ncdm_decay_dr': 7, 'l_max_ncdm': 13, 'l_max_dr': 13, 'l_max_dr_col': 13, 'omega_b': 0.03303916998489827, 'omega_cdm': 0.003669442595454549, 'Neff_ini_dncdm': 2.1578795745755803, 'log10lifetime_ncdm_decay_dr': 5.889173206605296, 'm_ncdm_decay_dr': 460.3836538500007, 'H0': 66.87003367314365, 'ln10^{10}A_s': 2.1346861159615274, 'n_s': 1.2075769331450128, 'tau_reio': 0.385540701769571, 'P_k_max_1/Mpc': 1.0}
skipping to the next model...
[CHILD][Parent Rank 330] | The following model failed in CLASS: 
params: {'lensing': 'yes', 'output': 'tCl,lCl,pCl,mPk', 'l_max_scalars': 2508, 'k_pivot': 0.05, 'N_ur': 2.0328, 'N_ncdm': 1, 'm_ncdm': 0.06, 'T_ncdm': 0.71611, 'N_ncdm_decay_dr': 1, 'quadrature_strategy_ncdm_decay_dr': 3, 'ncdm_fluid_approximation': 3, 'maximum_q_ncdm_decay_dr': 15.0, 'background_method': 0, 'evolver': 1, 'N_momentum_bins_ncdm_decay_dr': 7, 'l_max_ncdm': 13, 'l_max_dr': 13, 'l_max_dr_col': 13, 'omega_b': 0.016564500841222594, 'omega_cdm': 0.15898577361082664, 'Neff_ini_dncdm': 1.8379758464451639, 'log10lifetime_ncdm_decay_dr': 5.543716804040269, 'm_ncdm_decay_dr': 125.607190879386, 'H0': 64.57724767912725, 'ln10^{10}A_s': 3.5367994648836096, 'n_s': 1.0430025927050606, 'tau_reio': 0.392408649126933, 'P_k_max_1/Mpc': 1.0}
error: CosmoComputationError(b'thermodynamics_init(L:446) :error in thermodynamics_reionization(preco, preio, pvecback);\n=>thermodynamics_reionization(L:2283) :condition (tau_sup < tau_reionization_) is true; parameters are such that reionization cannot start after z_start_max')
traceback: Traceback (most recent call last):
  File "/home/maanson/Speciale/connectv2/source/calc_models_mpi_memsafe_child.py", line 639, in main_child
    cosmo.compute()
  File "classy.pyx", line 251, in classy.PyCosmology.compute
  File "classy.pyx", line 272, in classy.PyCosmology.compute
  File "classy.pyx", line 99, in classy.raise_my_py_error
classy.CosmoComputationError: 

Error in Class: thermodynamics_init(L:446) :error in thermodynamics_reionization(preco, preio, pvecback);
=>thermodynamics_reionization(L:2283) :condition (tau_sup < tau_reionization_) is true; parameters are such that reionization cannot start after z_start_max


[PARENT][Rank 330] | ERROR: Child process failed during CLASS computation
Model: {'lensing': 'yes', 'output': 'tCl,lCl,pCl,mPk', 'l_max_scalars': 2508, 'k_pivot': 0.05, 'N_ur': 2.0328, 'N_ncdm': 1, 'm_ncdm': 0.06, 'T_ncdm': 0.71611, 'N_ncdm_decay_dr': 1, 'quadrature_strategy_ncdm_decay_dr': 3, 'ncdm_fluid_approximation': 3, 'maximum_q_ncdm_decay_dr': 15.0, 'background_method': 0, 'evolver': 1, 'N_momentum_bins_ncdm_decay_dr': 7, 'l_max_ncdm': 13, 'l_max_dr': 13, 'l_max_dr_col': 13, 'omega_b': 0.016564500841222594, 'omega_cdm': 0.15898577361082664, 'Neff_ini_dncdm': 1.8379758464451639, 'log10lifetime_ncdm_decay_dr': 5.543716804040269, 'm_ncdm_decay_dr': 125.607190879386, 'H0': 64.57724767912725, 'ln10^{10}A_s': 3.5367994648836096, 'n_s': 1.0430025927050606, 'tau_reio': 0.392408649126933, 'P_k_max_1/Mpc': 1.0}
skipping to the next model...
[CHILD][Parent Rank 248] | The following model failed in CLASS: 
params: {'lensing': 'yes', 'output': 'tCl,lCl,pCl,mPk', 'l_max_scalars': 2508, 'k_pivot': 0.05, 'N_ur': 2.0328, 'N_ncdm': 1, 'm_ncdm': 0.06, 'T_ncdm': 0.71611, 'N_ncdm_decay_dr': 1, 'quadrature_strategy_ncdm_decay_dr': 3, 'ncdm_fluid_approximation': 3, 'maximum_q_ncdm_decay_dr': 15.0, 'background_method': 0, 'evolver': 1, 'N_momentum_bins_ncdm_decay_dr': 7, 'l_max_ncdm': 13, 'l_max_dr': 13, 'l_max_dr_col': 13, 'omega_b': 0.022057277659822988, 'omega_cdm': 0.11568733599661139, 'Neff_ini_dncdm': 1.5959417893931303, 'log10lifetime_ncdm_decay_dr': 5.920478328484972, 'm_ncdm_decay_dr': 256.94652810572796, 'H0': 51.83129374010555, 'ln10^{10}A_s': 3.4362119945487097, 'n_s': 0.8010664361452284, 'tau_reio': 0.38377987697030624, 'P_k_max_1/Mpc': 1.0}
error: CosmoComputationError(b'thermodynamics_init(L:446) :error in thermodynamics_reionization(preco, preio, pvecback);\n=>thermodynamics_reionization(L:2283) :condition (tau_sup < tau_reionization_) is true; parameters are such that reionization cannot start after z_start_max')
traceback: Traceback (most recent call last):
  File "/home/maanson/Speciale/connectv2/source/calc_models_mpi_memsafe_child.py", line 639, in main_child
    cosmo.compute()
  File "classy.pyx", line 251, in classy.PyCosmology.compute
  File "classy.pyx", line 272, in classy.PyCosmology.compute
  File "classy.pyx", line 99, in classy.raise_my_py_error
classy.CosmoComputationError: 

Error in Class: thermodynamics_init(L:446) :error in thermodynamics_reionization(preco, preio, pvecback);
=>thermodynamics_reionization(L:2283) :condition (tau_sup < tau_reionization_) is true; parameters are such that reionization cannot start after z_start_max


[PARENT][Rank 248] | ERROR: Child process failed during CLASS computation
Model: {'lensing': 'yes', 'output': 'tCl,lCl,pCl,mPk', 'l_max_scalars': 2508, 'k_pivot': 0.05, 'N_ur': 2.0328, 'N_ncdm': 1, 'm_ncdm': 0.06, 'T_ncdm': 0.71611, 'N_ncdm_decay_dr': 1, 'quadrature_strategy_ncdm_decay_dr': 3, 'ncdm_fluid_approximation': 3, 'maximum_q_ncdm_decay_dr': 15.0, 'background_method': 0, 'evolver': 1, 'N_momentum_bins_ncdm_decay_dr': 7, 'l_max_ncdm': 13, 'l_max_dr': 13, 'l_max_dr_col': 13, 'omega_b': 0.022057277659822988, 'omega_cdm': 0.11568733599661139, 'Neff_ini_dncdm': 1.5959417893931303, 'log10lifetime_ncdm_decay_dr': 5.920478328484972, 'm_ncdm_decay_dr': 256.94652810572796, 'H0': 51.83129374010555, 'ln10^{10}A_s': 3.4362119945487097, 'n_s': 0.8010664361452284, 'tau_reio': 0.38377987697030624, 'P_k_max_1/Mpc': 1.0}
skipping to the next model...
[CHILD][Parent Rank 248] | The following model failed in CLASS: 
params: {'lensing': 'yes', 'output': 'tCl,lCl,pCl,mPk', 'l_max_scalars': 2508, 'k_pivot': 0.05, 'N_ur': 2.0328, 'N_ncdm': 1, 'm_ncdm': 0.06, 'T_ncdm': 0.71611, 'N_ncdm_decay_dr': 1, 'quadrature_strategy_ncdm_decay_dr': 3, 'ncdm_fluid_approximation': 3, 'maximum_q_ncdm_decay_dr': 15.0, 'background_method': 0, 'evolver': 1, 'N_momentum_bins_ncdm_decay_dr': 7, 'l_max_ncdm': 13, 'l_max_dr': 13, 'l_max_dr_col': 13, 'omega_b': 0.01570860769067733, 'omega_cdm': 0.21253548804079606, 'Neff_ini_dncdm': 2.8796693743141586, 'log10lifetime_ncdm_decay_dr': 4.288564864021019, 'm_ncdm_decay_dr': 517.6060747343438, 'H0': 47.51445977722347, 'ln10^{10}A_s': 1.2490502993888648, 'n_s': 1.075817268069294, 'tau_reio': 0.29715098993846945, 'P_k_max_1/Mpc': 1.0}
error: CosmoComputationError(b'thermodynamics_init(L:446) :error in thermodynamics_reionization(preco, preio, pvecback);\n=>thermodynamics_reionization(L:2283) :condition (tau_sup < tau_reionization_) is true; parameters are such that reionization cannot start after z_start_max')
traceback: Traceback (most recent call last):
  File "/home/maanson/Speciale/connectv2/source/calc_models_mpi_memsafe_child.py", line 639, in main_child
    cosmo.compute()
  File "classy.pyx", line 251, in classy.PyCosmology.compute
  File "classy.pyx", line 272, in classy.PyCosmology.compute
  File "classy.pyx", line 99, in classy.raise_my_py_error
classy.CosmoComputationError: 

Error in Class: thermodynamics_init(L:446) :error in thermodynamics_reionization(preco, preio, pvecback);
=>thermodynamics_reionization(L:2283) :condition (tau_sup < tau_reionization_) is true; parameters are such that reionization cannot start after z_start_max


[PARENT][Rank 248] | ERROR: Child process failed during CLASS computation
Model: {'lensing': 'yes', 'output': 'tCl,lCl,pCl,mPk', 'l_max_scalars': 2508, 'k_pivot': 0.05, 'N_ur': 2.0328, 'N_ncdm': 1, 'm_ncdm': 0.06, 'T_ncdm': 0.71611, 'N_ncdm_decay_dr': 1, 'quadrature_strategy_ncdm_decay_dr': 3, 'ncdm_fluid_approximation': 3, 'maximum_q_ncdm_decay_dr': 15.0, 'background_method': 0, 'evolver': 1, 'N_momentum_bins_ncdm_decay_dr': 7, 'l_max_ncdm': 13, 'l_max_dr': 13, 'l_max_dr_col': 13, 'omega_b': 0.01570860769067733, 'omega_cdm': 0.21253548804079606, 'Neff_ini_dncdm': 2.8796693743141586, 'log10lifetime_ncdm_decay_dr': 4.288564864021019, 'm_ncdm_decay_dr': 517.6060747343438, 'H0': 47.51445977722347, 'ln10^{10}A_s': 1.2490502993888648, 'n_s': 1.075817268069294, 'tau_reio': 0.29715098993846945, 'P_k_max_1/Mpc': 1.0}
skipping to the next model...
[CHILD][Parent Rank 105] | The following model failed in CLASS: 
params: {'lensing': 'yes', 'output': 'tCl,lCl,pCl,mPk', 'l_max_scalars': 2508, 'k_pivot': 0.05, 'N_ur': 2.0328, 'N_ncdm': 1, 'm_ncdm': 0.06, 'T_ncdm': 0.71611, 'N_ncdm_decay_dr': 1, 'quadrature_strategy_ncdm_decay_dr': 3, 'ncdm_fluid_approximation': 3, 'maximum_q_ncdm_decay_dr': 15.0, 'background_method': 0, 'evolver': 1, 'N_momentum_bins_ncdm_decay_dr': 7, 'l_max_ncdm': 13, 'l_max_dr': 13, 'l_max_dr_col': 13, 'omega_b': 0.014724934658660843, 'omega_cdm': 0.13597233935241293, 'Neff_ini_dncdm': 1.6495980299528483, 'log10lifetime_ncdm_decay_dr': 5.909038558281837, 'm_ncdm_decay_dr': 515.6741383310132, 'H0': 98.41363734540442, 'ln10^{10}A_s': 1.839050314406307, 'n_s': 0.7791627647905158, 'tau_reio': 0.2681846050186547, 'P_k_max_1/Mpc': 1.0}
error: CosmoComputationError(b'thermodynamics_init(L:446) :error in thermodynamics_reionization(preco, preio, pvecback);\n=>thermodynamics_reionization(L:2283) :condition (tau_sup < tau_reionization_) is true; parameters are such that reionization cannot start after z_start_max')
traceback: Traceback (most recent call last):
  File "/home/maanson/Speciale/connectv2/source/calc_models_mpi_memsafe_child.py", line 639, in main_child
    cosmo.compute()
  File "classy.pyx", line 251, in classy.PyCosmology.compute
  File "classy.pyx", line 272, in classy.PyCosmology.compute
  File "classy.pyx", line 99, in classy.raise_my_py_error
classy.CosmoComputationError: 

Error in Class: thermodynamics_init(L:446) :error in thermodynamics_reionization(preco, preio, pvecback);
=>thermodynamics_reionization(L:2283) :condition (tau_sup < tau_reionization_) is true; parameters are such that reionization cannot start after z_start_max


[PARENT][Rank 105] | ERROR: Child process failed during CLASS computation
Model: {'lensing': 'yes', 'output': 'tCl,lCl,pCl,mPk', 'l_max_scalars': 2508, 'k_pivot': 0.05, 'N_ur': 2.0328, 'N_ncdm': 1, 'm_ncdm': 0.06, 'T_ncdm': 0.71611, 'N_ncdm_decay_dr': 1, 'quadrature_strategy_ncdm_decay_dr': 3, 'ncdm_fluid_approximation': 3, 'maximum_q_ncdm_decay_dr': 15.0, 'background_method': 0, 'evolver': 1, 'N_momentum_bins_ncdm_decay_dr': 7, 'l_max_ncdm': 13, 'l_max_dr': 13, 'l_max_dr_col': 13, 'omega_b': 0.014724934658660843, 'omega_cdm': 0.13597233935241293, 'Neff_ini_dncdm': 1.6495980299528483, 'log10lifetime_ncdm_decay_dr': 5.909038558281837, 'm_ncdm_decay_dr': 515.6741383310132, 'H0': 98.41363734540442, 'ln10^{10}A_s': 1.839050314406307, 'n_s': 0.7791627647905158, 'tau_reio': 0.2681846050186547, 'P_k_max_1/Mpc': 1.0}
skipping to the next model...
[CHILD][Parent Rank 146] | The following model failed in CLASS: 
params: {'lensing': 'yes', 'output': 'tCl,lCl,pCl,mPk', 'l_max_scalars': 2508, 'k_pivot': 0.05, 'N_ur': 2.0328, 'N_ncdm': 1, 'm_ncdm': 0.06, 'T_ncdm': 0.71611, 'N_ncdm_decay_dr': 1, 'quadrature_strategy_ncdm_decay_dr': 3, 'ncdm_fluid_approximation': 3, 'maximum_q_ncdm_decay_dr': 15.0, 'background_method': 0, 'evolver': 1, 'N_momentum_bins_ncdm_decay_dr': 7, 'l_max_ncdm': 13, 'l_max_dr': 13, 'l_max_dr_col': 13, 'omega_b': 0.018853656028784888, 'omega_cdm': 0.2303578303591982, 'Neff_ini_dncdm': 0.9550887852763594, 'log10lifetime_ncdm_decay_dr': 5.747605218609175, 'm_ncdm_decay_dr': 420.3638952841852, 'H0': 80.76307765232349, 'ln10^{10}A_s': 1.472946899462105, 'n_s': 1.1699390266128333, 'tau_reio': 0.33657281756466756, 'P_k_max_1/Mpc': 1.0}
error: CosmoComputationError(b'thermodynamics_init(L:446) :error in thermodynamics_reionization(preco, preio, pvecback);\n=>thermodynamics_reionization(L:2283) :condition (tau_sup < tau_reionization_) is true; parameters are such that reionization cannot start after z_start_max')
traceback: Traceback (most recent call last):
  File "/home/maanson/Speciale/connectv2/source/calc_models_mpi_memsafe_child.py", line 639, in main_child
    cosmo.compute()
  File "classy.pyx", line 251, in classy.PyCosmology.compute
  File "classy.pyx", line 272, in classy.PyCosmology.compute
  File "classy.pyx", line 99, in classy.raise_my_py_error
classy.CosmoComputationError: 

Error in Class: thermodynamics_init(L:446) :error in thermodynamics_reionization(preco, preio, pvecback);
=>thermodynamics_reionization(L:2283) :condition (tau_sup < tau_reionization_) is true; parameters are such that reionization cannot start after z_start_max


[PARENT][Rank 146] | ERROR: Child process failed during CLASS computation
Model: {'lensing': 'yes', 'output': 'tCl,lCl,pCl,mPk', 'l_max_scalars': 2508, 'k_pivot': 0.05, 'N_ur': 2.0328, 'N_ncdm': 1, 'm_ncdm': 0.06, 'T_ncdm': 0.71611, 'N_ncdm_decay_dr': 1, 'quadrature_strategy_ncdm_decay_dr': 3, 'ncdm_fluid_approximation': 3, 'maximum_q_ncdm_decay_dr': 15.0, 'background_method': 0, 'evolver': 1, 'N_momentum_bins_ncdm_decay_dr': 7, 'l_max_ncdm': 13, 'l_max_dr': 13, 'l_max_dr_col': 13, 'omega_b': 0.018853656028784888, 'omega_cdm': 0.2303578303591982, 'Neff_ini_dncdm': 0.9550887852763594, 'log10lifetime_ncdm_decay_dr': 5.747605218609175, 'm_ncdm_decay_dr': 420.3638952841852, 'H0': 80.76307765232349, 'ln10^{10}A_s': 1.472946899462105, 'n_s': 1.1699390266128333, 'tau_reio': 0.33657281756466756, 'P_k_max_1/Mpc': 1.0}
skipping to the next model...
[CHILD][Parent Rank 358] | The following model failed in CLASS: 
params: {'lensing': 'yes', 'output': 'tCl,lCl,pCl,mPk', 'l_max_scalars': 2508, 'k_pivot': 0.05, 'N_ur': 2.0328, 'N_ncdm': 1, 'm_ncdm': 0.06, 'T_ncdm': 0.71611, 'N_ncdm_decay_dr': 1, 'quadrature_strategy_ncdm_decay_dr': 3, 'ncdm_fluid_approximation': 3, 'maximum_q_ncdm_decay_dr': 15.0, 'background_method': 0, 'evolver': 1, 'N_momentum_bins_ncdm_decay_dr': 7, 'l_max_ncdm': 13, 'l_max_dr': 13, 'l_max_dr_col': 13, 'omega_b': 0.022350071517575378, 'omega_cdm': 0.054864083887656054, 'Neff_ini_dncdm': 2.290061006070368, 'log10lifetime_ncdm_decay_dr': 5.47701550529448, 'm_ncdm_decay_dr': 404.1149213651749, 'H0': 56.59369007307665, 'ln10^{10}A_s': 4.9619486253948555, 'n_s': 0.9011061004283194, 'tau_reio': 0.3641645902125582, 'P_k_max_1/Mpc': 1.0}
error: CosmoComputationError(b'thermodynamics_init(L:446) :error in thermodynamics_reionization(preco, preio, pvecback);\n=>thermodynamics_reionization(L:2283) :condition (tau_sup < tau_reionization_) is true; parameters are such that reionization cannot start after z_start_max')
traceback: Traceback (most recent call last):
  File "/home/maanson/Speciale/connectv2/source/calc_models_mpi_memsafe_child.py", line 639, in main_child
    cosmo.compute()
  File "classy.pyx", line 251, in classy.PyCosmology.compute
  File "classy.pyx", line 272, in classy.PyCosmology.compute
  File "classy.pyx", line 99, in classy.raise_my_py_error
classy.CosmoComputationError: 

Error in Class: thermodynamics_init(L:446) :error in thermodynamics_reionization(preco, preio, pvecback);
=>thermodynamics_reionization(L:2283) :condition (tau_sup < tau_reionization_) is true; parameters are such that reionization cannot start after z_start_max


[PARENT][Rank 358] | ERROR: Child process failed during CLASS computation
Model: {'lensing': 'yes', 'output': 'tCl,lCl,pCl,mPk', 'l_max_scalars': 2508, 'k_pivot': 0.05, 'N_ur': 2.0328, 'N_ncdm': 1, 'm_ncdm': 0.06, 'T_ncdm': 0.71611, 'N_ncdm_decay_dr': 1, 'quadrature_strategy_ncdm_decay_dr': 3, 'ncdm_fluid_approximation': 3, 'maximum_q_ncdm_decay_dr': 15.0, 'background_method': 0, 'evolver': 1, 'N_momentum_bins_ncdm_decay_dr': 7, 'l_max_ncdm': 13, 'l_max_dr': 13, 'l_max_dr_col': 13, 'omega_b': 0.022350071517575378, 'omega_cdm': 0.054864083887656054, 'Neff_ini_dncdm': 2.290061006070368, 'log10lifetime_ncdm_decay_dr': 5.47701550529448, 'm_ncdm_decay_dr': 404.1149213651749, 'H0': 56.59369007307665, 'ln10^{10}A_s': 4.9619486253948555, 'n_s': 0.9011061004283194, 'tau_reio': 0.3641645902125582, 'P_k_max_1/Mpc': 1.0}
skipping to the next model...
[CHILD][Parent Rank 82] | The following model failed in CLASS: 
params: {'lensing': 'yes', 'output': 'tCl,lCl,pCl,mPk', 'l_max_scalars': 2508, 'k_pivot': 0.05, 'N_ur': 2.0328, 'N_ncdm': 1, 'm_ncdm': 0.06, 'T_ncdm': 0.71611, 'N_ncdm_decay_dr': 1, 'quadrature_strategy_ncdm_decay_dr': 3, 'ncdm_fluid_approximation': 3, 'maximum_q_ncdm_decay_dr': 15.0, 'background_method': 0, 'evolver': 1, 'N_momentum_bins_ncdm_decay_dr': 7, 'l_max_ncdm': 13, 'l_max_dr': 13, 'l_max_dr_col': 13, 'omega_b': 0.021551963432195072, 'omega_cdm': 0.20566111180317256, 'Neff_ini_dncdm': 2.9534244651946744, 'log10lifetime_ncdm_decay_dr': 5.989026273109705, 'm_ncdm_decay_dr': 366.5814133273795, 'H0': 62.86396088382703, 'ln10^{10}A_s': 1.1199701228920702, 'n_s': 1.264527630884526, 'tau_reio': 0.3561899425025516, 'P_k_max_1/Mpc': 1.0}
error: CosmoComputationError(b'thermodynamics_init(L:446) :error in thermodynamics_reionization(preco, preio, pvecback);\n=>thermodynamics_reionization(L:2283) :condition (tau_sup < tau_reionization_) is true; parameters are such that reionization cannot start after z_start_max')
traceback: Traceback (most recent call last):
  File "/home/maanson/Speciale/connectv2/source/calc_models_mpi_memsafe_child.py", line 639, in main_child
    cosmo.compute()
  File "classy.pyx", line 251, in classy.PyCosmology.compute
  File "classy.pyx", line 272, in classy.PyCosmology.compute
  File "classy.pyx", line 99, in classy.raise_my_py_error
classy.CosmoComputationError: 

Error in Class: thermodynamics_init(L:446) :error in thermodynamics_reionization(preco, preio, pvecback);
=>thermodynamics_reionization(L:2283) :condition (tau_sup < tau_reionization_) is true; parameters are such that reionization cannot start after z_start_max


[PARENT][Rank 82] | ERROR: Child process failed during CLASS computation
Model: {'lensing': 'yes', 'output': 'tCl,lCl,pCl,mPk', 'l_max_scalars': 2508, 'k_pivot': 0.05, 'N_ur': 2.0328, 'N_ncdm': 1, 'm_ncdm': 0.06, 'T_ncdm': 0.71611, 'N_ncdm_decay_dr': 1, 'quadrature_strategy_ncdm_decay_dr': 3, 'ncdm_fluid_approximation': 3, 'maximum_q_ncdm_decay_dr': 15.0, 'background_method': 0, 'evolver': 1, 'N_momentum_bins_ncdm_decay_dr': 7, 'l_max_ncdm': 13, 'l_max_dr': 13, 'l_max_dr_col': 13, 'omega_b': 0.021551963432195072, 'omega_cdm': 0.20566111180317256, 'Neff_ini_dncdm': 2.9534244651946744, 'log10lifetime_ncdm_decay_dr': 5.989026273109705, 'm_ncdm_decay_dr': 366.5814133273795, 'H0': 62.86396088382703, 'ln10^{10}A_s': 1.1199701228920702, 'n_s': 1.264527630884526, 'tau_reio': 0.3561899425025516, 'P_k_max_1/Mpc': 1.0}
skipping to the next model...
[CHILD][Parent Rank 172] | The following model failed in CLASS: 
params: {'lensing': 'yes', 'output': 'tCl,lCl,pCl,mPk', 'l_max_scalars': 2508, 'k_pivot': 0.05, 'N_ur': 2.0328, 'N_ncdm': 1, 'm_ncdm': 0.06, 'T_ncdm': 0.71611, 'N_ncdm_decay_dr': 1, 'quadrature_strategy_ncdm_decay_dr': 3, 'ncdm_fluid_approximation': 3, 'maximum_q_ncdm_decay_dr': 15.0, 'background_method': 0, 'evolver': 1, 'N_momentum_bins_ncdm_decay_dr': 7, 'l_max_ncdm': 13, 'l_max_dr': 13, 'l_max_dr_col': 13, 'omega_b': 0.014471602735923616, 'omega_cdm': 0.1769299833043162, 'Neff_ini_dncdm': 2.0538627168503494, 'log10lifetime_ncdm_decay_dr': 5.915497606308948, 'm_ncdm_decay_dr': 401.5920993102421, 'H0': 46.69378402777466, 'ln10^{10}A_s': 2.139532320178133, 'n_s': 1.1819070321561291, 'tau_reio': 0.24552426157645466, 'P_k_max_1/Mpc': 1.0}
error: CosmoComputationError(b'thermodynamics_init(L:446) :error in thermodynamics_reionization(preco, preio, pvecback);\n=>thermodynamics_reionization(L:2283) :condition (tau_sup < tau_reionization_) is true; parameters are such that reionization cannot start after z_start_max')
traceback: Traceback (most recent call last):
  File "/home/maanson/Speciale/connectv2/source/calc_models_mpi_memsafe_child.py", line 639, in main_child
    cosmo.compute()
  File "classy.pyx", line 251, in classy.PyCosmology.compute
  File "classy.pyx", line 272, in classy.PyCosmology.compute
  File "classy.pyx", line 99, in classy.raise_my_py_error
classy.CosmoComputationError: 

Error in Class: thermodynamics_init(L:446) :error in thermodynamics_reionization(preco, preio, pvecback);
=>thermodynamics_reionization(L:2283) :condition (tau_sup < tau_reionization_) is true; parameters are such that reionization cannot start after z_start_max


[PARENT][Rank 172] | ERROR: Child process failed during CLASS computation
Model: {'lensing': 'yes', 'output': 'tCl,lCl,pCl,mPk', 'l_max_scalars': 2508, 'k_pivot': 0.05, 'N_ur': 2.0328, 'N_ncdm': 1, 'm_ncdm': 0.06, 'T_ncdm': 0.71611, 'N_ncdm_decay_dr': 1, 'quadrature_strategy_ncdm_decay_dr': 3, 'ncdm_fluid_approximation': 3, 'maximum_q_ncdm_decay_dr': 15.0, 'background_method': 0, 'evolver': 1, 'N_momentum_bins_ncdm_decay_dr': 7, 'l_max_ncdm': 13, 'l_max_dr': 13, 'l_max_dr_col': 13, 'omega_b': 0.014471602735923616, 'omega_cdm': 0.1769299833043162, 'Neff_ini_dncdm': 2.0538627168503494, 'log10lifetime_ncdm_decay_dr': 5.915497606308948, 'm_ncdm_decay_dr': 401.5920993102421, 'H0': 46.69378402777466, 'ln10^{10}A_s': 2.139532320178133, 'n_s': 1.1819070321561291, 'tau_reio': 0.24552426157645466, 'P_k_max_1/Mpc': 1.0}
skipping to the next model...
[CHILD][Parent Rank 95] | The following model failed in CLASS: 
params: {'lensing': 'yes', 'output': 'tCl,lCl,pCl,mPk', 'l_max_scalars': 2508, 'k_pivot': 0.05, 'N_ur': 2.0328, 'N_ncdm': 1, 'm_ncdm': 0.06, 'T_ncdm': 0.71611, 'N_ncdm_decay_dr': 1, 'quadrature_strategy_ncdm_decay_dr': 3, 'ncdm_fluid_approximation': 3, 'maximum_q_ncdm_decay_dr': 15.0, 'background_method': 0, 'evolver': 1, 'N_momentum_bins_ncdm_decay_dr': 7, 'l_max_ncdm': 13, 'l_max_dr': 13, 'l_max_dr_col': 13, 'omega_b': 0.01680605522426961, 'omega_cdm': 0.21046287245213038, 'Neff_ini_dncdm': 2.7904385236636937, 'log10lifetime_ncdm_decay_dr': 5.7687582151622, 'm_ncdm_decay_dr': 498.5776649928355, 'H0': 71.84101366691803, 'ln10^{10}A_s': 2.3915639113868603, 'n_s': 1.1258905399819197, 'tau_reio': 0.20919268159844048, 'P_k_max_1/Mpc': 1.0}
error: CosmoComputationError(b'thermodynamics_init(L:446) :error in thermodynamics_reionization(preco, preio, pvecback);\n=>thermodynamics_reionization(L:2283) :condition (tau_sup < tau_reionization_) is true; parameters are such that reionization cannot start after z_start_max')
traceback: Traceback (most recent call last):
  File "/home/maanson/Speciale/connectv2/source/calc_models_mpi_memsafe_child.py", line 639, in main_child
    cosmo.compute()
  File "classy.pyx", line 251, in classy.PyCosmology.compute
  File "classy.pyx", line 272, in classy.PyCosmology.compute
  File "classy.pyx", line 99, in classy.raise_my_py_error
classy.CosmoComputationError: 

Error in Class: thermodynamics_init(L:446) :error in thermodynamics_reionization(preco, preio, pvecback);
=>thermodynamics_reionization(L:2283) :condition (tau_sup < tau_reionization_) is true; parameters are such that reionization cannot start after z_start_max


[PARENT][Rank 95] | ERROR: Child process failed during CLASS computation
Model: {'lensing': 'yes', 'output': 'tCl,lCl,pCl,mPk', 'l_max_scalars': 2508, 'k_pivot': 0.05, 'N_ur': 2.0328, 'N_ncdm': 1, 'm_ncdm': 0.06, 'T_ncdm': 0.71611, 'N_ncdm_decay_dr': 1, 'quadrature_strategy_ncdm_decay_dr': 3, 'ncdm_fluid_approximation': 3, 'maximum_q_ncdm_decay_dr': 15.0, 'background_method': 0, 'evolver': 1, 'N_momentum_bins_ncdm_decay_dr': 7, 'l_max_ncdm': 13, 'l_max_dr': 13, 'l_max_dr_col': 13, 'omega_b': 0.01680605522426961, 'omega_cdm': 0.21046287245213038, 'Neff_ini_dncdm': 2.7904385236636937, 'log10lifetime_ncdm_decay_dr': 5.7687582151622, 'm_ncdm_decay_dr': 498.5776649928355, 'H0': 71.84101366691803, 'ln10^{10}A_s': 2.3915639113868603, 'n_s': 1.1258905399819197, 'tau_reio': 0.20919268159844048, 'P_k_max_1/Mpc': 1.0}
skipping to the next model...
[CHILD][Parent Rank 333] | The following model failed in CLASS: 
params: {'lensing': 'yes', 'output': 'tCl,lCl,pCl,mPk', 'l_max_scalars': 2508, 'k_pivot': 0.05, 'N_ur': 2.0328, 'N_ncdm': 1, 'm_ncdm': 0.06, 'T_ncdm': 0.71611, 'N_ncdm_decay_dr': 1, 'quadrature_strategy_ncdm_decay_dr': 3, 'ncdm_fluid_approximation': 3, 'maximum_q_ncdm_decay_dr': 15.0, 'background_method': 0, 'evolver': 1, 'N_momentum_bins_ncdm_decay_dr': 7, 'l_max_ncdm': 13, 'l_max_dr': 13, 'l_max_dr_col': 13, 'omega_b': 0.015655271832741974, 'omega_cdm': 0.18056885586154683, 'Neff_ini_dncdm': 2.1369278363505755, 'log10lifetime_ncdm_decay_dr': 5.510806332329349, 'm_ncdm_decay_dr': 187.18294497771532, 'H0': 98.59570578489615, 'ln10^{10}A_s': 1.1949703385036339, 'n_s': 1.237435469390057, 'tau_reio': 0.3200603328373867, 'P_k_max_1/Mpc': 1.0}
error: CosmoComputationError(b'thermodynamics_init(L:446) :error in thermodynamics_reionization(preco, preio, pvecback);\n=>thermodynamics_reionization(L:2283) :condition (tau_sup < tau_reionization_) is true; parameters are such that reionization cannot start after z_start_max')
traceback: Traceback (most recent call last):
  File "/home/maanson/Speciale/connectv2/source/calc_models_mpi_memsafe_child.py", line 639, in main_child
    cosmo.compute()
  File "classy.pyx", line 251, in classy.PyCosmology.compute
  File "classy.pyx", line 272, in classy.PyCosmology.compute
  File "classy.pyx", line 99, in classy.raise_my_py_error
classy.CosmoComputationError: 

Error in Class: thermodynamics_init(L:446) :error in thermodynamics_reionization(preco, preio, pvecback);
=>thermodynamics_reionization(L:2283) :condition (tau_sup < tau_reionization_) is true; parameters are such that reionization cannot start after z_start_max


[PARENT][Rank 333] | ERROR: Child process failed during CLASS computation
Model: {'lensing': 'yes', 'output': 'tCl,lCl,pCl,mPk', 'l_max_scalars': 2508, 'k_pivot': 0.05, 'N_ur': 2.0328, 'N_ncdm': 1, 'm_ncdm': 0.06, 'T_ncdm': 0.71611, 'N_ncdm_decay_dr': 1, 'quadrature_strategy_ncdm_decay_dr': 3, 'ncdm_fluid_approximation': 3, 'maximum_q_ncdm_decay_dr': 15.0, 'background_method': 0, 'evolver': 1, 'N_momentum_bins_ncdm_decay_dr': 7, 'l_max_ncdm': 13, 'l_max_dr': 13, 'l_max_dr_col': 13, 'omega_b': 0.015655271832741974, 'omega_cdm': 0.18056885586154683, 'Neff_ini_dncdm': 2.1369278363505755, 'log10lifetime_ncdm_decay_dr': 5.510806332329349, 'm_ncdm_decay_dr': 187.18294497771532, 'H0': 98.59570578489615, 'ln10^{10}A_s': 1.1949703385036339, 'n_s': 1.237435469390057, 'tau_reio': 0.3200603328373867, 'P_k_max_1/Mpc': 1.0}
skipping to the next model...
[CHILD][Parent Rank 365] | The following model failed in CLASS: 
params: {'lensing': 'yes', 'output': 'tCl,lCl,pCl,mPk', 'l_max_scalars': 2508, 'k_pivot': 0.05, 'N_ur': 2.0328, 'N_ncdm': 1, 'm_ncdm': 0.06, 'T_ncdm': 0.71611, 'N_ncdm_decay_dr': 1, 'quadrature_strategy_ncdm_decay_dr': 3, 'ncdm_fluid_approximation': 3, 'maximum_q_ncdm_decay_dr': 15.0, 'background_method': 0, 'evolver': 1, 'N_momentum_bins_ncdm_decay_dr': 7, 'l_max_ncdm': 13, 'l_max_dr': 13, 'l_max_dr_col': 13, 'omega_b': 0.027010715595938102, 'omega_cdm': 0.07668746709400909, 'Neff_ini_dncdm': 2.4282279622490734, 'log10lifetime_ncdm_decay_dr': 5.880312737274192, 'm_ncdm_decay_dr': 443.04971750292134, 'H0': 85.51636874334174, 'ln10^{10}A_s': 4.9121391006949064, 'n_s': 0.7980572875895953, 'tau_reio': 0.367479060884358, 'P_k_max_1/Mpc': 1.0}
error: CosmoComputationError(b'thermodynamics_init(L:446) :error in thermodynamics_reionization(preco, preio, pvecback);\n=>thermodynamics_reionization(L:2283) :condition (tau_sup < tau_reionization_) is true; parameters are such that reionization cannot start after z_start_max')
traceback: Traceback (most recent call last):
  File "/home/maanson/Speciale/connectv2/source/calc_models_mpi_memsafe_child.py", line 639, in main_child
    cosmo.compute()
  File "classy.pyx", line 251, in classy.PyCosmology.compute
  File "classy.pyx", line 272, in classy.PyCosmology.compute
  File "classy.pyx", line 99, in classy.raise_my_py_error
classy.CosmoComputationError: 

Error in Class: thermodynamics_init(L:446) :error in thermodynamics_reionization(preco, preio, pvecback);
=>thermodynamics_reionization(L:2283) :condition (tau_sup < tau_reionization_) is true; parameters are such that reionization cannot start after z_start_max


[PARENT][Rank 365] | ERROR: Child process failed during CLASS computation
Model: {'lensing': 'yes', 'output': 'tCl,lCl,pCl,mPk', 'l_max_scalars': 2508, 'k_pivot': 0.05, 'N_ur': 2.0328, 'N_ncdm': 1, 'm_ncdm': 0.06, 'T_ncdm': 0.71611, 'N_ncdm_decay_dr': 1, 'quadrature_strategy_ncdm_decay_dr': 3, 'ncdm_fluid_approximation': 3, 'maximum_q_ncdm_decay_dr': 15.0, 'background_method': 0, 'evolver': 1, 'N_momentum_bins_ncdm_decay_dr': 7, 'l_max_ncdm': 13, 'l_max_dr': 13, 'l_max_dr_col': 13, 'omega_b': 0.027010715595938102, 'omega_cdm': 0.07668746709400909, 'Neff_ini_dncdm': 2.4282279622490734, 'log10lifetime_ncdm_decay_dr': 5.880312737274192, 'm_ncdm_decay_dr': 443.04971750292134, 'H0': 85.51636874334174, 'ln10^{10}A_s': 4.9121391006949064, 'n_s': 0.7980572875895953, 'tau_reio': 0.367479060884358, 'P_k_max_1/Mpc': 1.0}
skipping to the next model...
[CHILD][Parent Rank 36] | The following model failed in CLASS: 
params: {'lensing': 'yes', 'output': 'tCl,lCl,pCl,mPk', 'l_max_scalars': 2508, 'k_pivot': 0.05, 'N_ur': 2.0328, 'N_ncdm': 1, 'm_ncdm': 0.06, 'T_ncdm': 0.71611, 'N_ncdm_decay_dr': 1, 'quadrature_strategy_ncdm_decay_dr': 3, 'ncdm_fluid_approximation': 3, 'maximum_q_ncdm_decay_dr': 15.0, 'background_method': 0, 'evolver': 1, 'N_momentum_bins_ncdm_decay_dr': 7, 'l_max_ncdm': 13, 'l_max_dr': 13, 'l_max_dr_col': 13, 'omega_b': 0.018016571695119006, 'omega_cdm': 0.010191555471847975, 'Neff_ini_dncdm': 2.814390957303503, 'log10lifetime_ncdm_decay_dr': 5.687754003435112, 'm_ncdm_decay_dr': 243.13677276569263, 'H0': 65.89955667047204, 'ln10^{10}A_s': 4.762190556183743, 'n_s': 0.7261283416188338, 'tau_reio': 0.3543947478508386, 'P_k_max_1/Mpc': 1.0}
error: CosmoComputationError(b'thermodynamics_init(L:446) :error in thermodynamics_reionization(preco, preio, pvecback);\n=>thermodynamics_reionization(L:2283) :condition (tau_sup < tau_reionization_) is true; parameters are such that reionization cannot start after z_start_max')
traceback: Traceback (most recent call last):
  File "/home/maanson/Speciale/connectv2/source/calc_models_mpi_memsafe_child.py", line 639, in main_child
    cosmo.compute()
  File "classy.pyx", line 251, in classy.PyCosmology.compute
  File "classy.pyx", line 272, in classy.PyCosmology.compute
  File "classy.pyx", line 99, in classy.raise_my_py_error
classy.CosmoComputationError: 

Error in Class: thermodynamics_init(L:446) :error in thermodynamics_reionization(preco, preio, pvecback);
=>thermodynamics_reionization(L:2283) :condition (tau_sup < tau_reionization_) is true; parameters are such that reionization cannot start after z_start_max


[PARENT][Rank 36] | ERROR: Child process failed during CLASS computation
Model: {'lensing': 'yes', 'output': 'tCl,lCl,pCl,mPk', 'l_max_scalars': 2508, 'k_pivot': 0.05, 'N_ur': 2.0328, 'N_ncdm': 1, 'm_ncdm': 0.06, 'T_ncdm': 0.71611, 'N_ncdm_decay_dr': 1, 'quadrature_strategy_ncdm_decay_dr': 3, 'ncdm_fluid_approximation': 3, 'maximum_q_ncdm_decay_dr': 15.0, 'background_method': 0, 'evolver': 1, 'N_momentum_bins_ncdm_decay_dr': 7, 'l_max_ncdm': 13, 'l_max_dr': 13, 'l_max_dr_col': 13, 'omega_b': 0.018016571695119006, 'omega_cdm': 0.010191555471847975, 'Neff_ini_dncdm': 2.814390957303503, 'log10lifetime_ncdm_decay_dr': 5.687754003435112, 'm_ncdm_decay_dr': 243.13677276569263, 'H0': 65.89955667047204, 'ln10^{10}A_s': 4.762190556183743, 'n_s': 0.7261283416188338, 'tau_reio': 0.3543947478508386, 'P_k_max_1/Mpc': 1.0}
skipping to the next model...
[CHILD][Parent Rank 336] | The following model failed in CLASS: 
params: {'lensing': 'yes', 'output': 'tCl,lCl,pCl,mPk', 'l_max_scalars': 2508, 'k_pivot': 0.05, 'N_ur': 2.0328, 'N_ncdm': 1, 'm_ncdm': 0.06, 'T_ncdm': 0.71611, 'N_ncdm_decay_dr': 1, 'quadrature_strategy_ncdm_decay_dr': 3, 'ncdm_fluid_approximation': 3, 'maximum_q_ncdm_decay_dr': 15.0, 'background_method': 0, 'evolver': 1, 'N_momentum_bins_ncdm_decay_dr': 7, 'l_max_ncdm': 13, 'l_max_dr': 13, 'l_max_dr_col': 13, 'omega_b': 0.023243417303788032, 'omega_cdm': 0.1441851528298684, 'Neff_ini_dncdm': 2.149828302406559, 'log10lifetime_ncdm_decay_dr': 5.99532473514417, 'm_ncdm_decay_dr': 402.9333639213093, 'H0': 49.571391028664515, 'ln10^{10}A_s': 1.2266441187875885, 'n_s': 1.0214677781177859, 'tau_reio': 0.3994506470174823, 'P_k_max_1/Mpc': 1.0}
error: CosmoComputationError(b'thermodynamics_init(L:446) :error in thermodynamics_reionization(preco, preio, pvecback);\n=>thermodynamics_reionization(L:2283) :condition (tau_sup < tau_reionization_) is true; parameters are such that reionization cannot start after z_start_max')
traceback: Traceback (most recent call last):
  File "/home/maanson/Speciale/connectv2/source/calc_models_mpi_memsafe_child.py", line 639, in main_child
    cosmo.compute()
  File "classy.pyx", line 251, in classy.PyCosmology.compute
  File "classy.pyx", line 272, in classy.PyCosmology.compute
  File "classy.pyx", line 99, in classy.raise_my_py_error
classy.CosmoComputationError: 

Error in Class: thermodynamics_init(L:446) :error in thermodynamics_reionization(preco, preio, pvecback);
=>thermodynamics_reionization(L:2283) :condition (tau_sup < tau_reionization_) is true; parameters are such that reionization cannot start after z_start_max


[PARENT][Rank 336] | ERROR: Child process failed during CLASS computation
Model: {'lensing': 'yes', 'output': 'tCl,lCl,pCl,mPk', 'l_max_scalars': 2508, 'k_pivot': 0.05, 'N_ur': 2.0328, 'N_ncdm': 1, 'm_ncdm': 0.06, 'T_ncdm': 0.71611, 'N_ncdm_decay_dr': 1, 'quadrature_strategy_ncdm_decay_dr': 3, 'ncdm_fluid_approximation': 3, 'maximum_q_ncdm_decay_dr': 15.0, 'background_method': 0, 'evolver': 1, 'N_momentum_bins_ncdm_decay_dr': 7, 'l_max_ncdm': 13, 'l_max_dr': 13, 'l_max_dr_col': 13, 'omega_b': 0.023243417303788032, 'omega_cdm': 0.1441851528298684, 'Neff_ini_dncdm': 2.149828302406559, 'log10lifetime_ncdm_decay_dr': 5.99532473514417, 'm_ncdm_decay_dr': 402.9333639213093, 'H0': 49.571391028664515, 'ln10^{10}A_s': 1.2266441187875885, 'n_s': 1.0214677781177859, 'tau_reio': 0.3994506470174823, 'P_k_max_1/Mpc': 1.0}
skipping to the next model...
[CHILD][Parent Rank 250] | The following model failed in CLASS: 
params: {'lensing': 'yes', 'output': 'tCl,lCl,pCl,mPk', 'l_max_scalars': 2508, 'k_pivot': 0.05, 'N_ur': 2.0328, 'N_ncdm': 1, 'm_ncdm': 0.06, 'T_ncdm': 0.71611, 'N_ncdm_decay_dr': 1, 'quadrature_strategy_ncdm_decay_dr': 3, 'ncdm_fluid_approximation': 3, 'maximum_q_ncdm_decay_dr': 15.0, 'background_method': 0, 'evolver': 1, 'N_momentum_bins_ncdm_decay_dr': 7, 'l_max_ncdm': 13, 'l_max_dr': 13, 'l_max_dr_col': 13, 'omega_b': 0.016620257218756224, 'omega_cdm': 0.17746227360282554, 'Neff_ini_dncdm': 2.7846475463033604, 'log10lifetime_ncdm_decay_dr': 5.53580601617955, 'm_ncdm_decay_dr': 153.69107474584766, 'H0': 94.53134020204305, 'ln10^{10}A_s': 3.223887430603073, 'n_s': 1.0573181539339864, 'tau_reio': 0.31608986807496886, 'P_k_max_1/Mpc': 1.0}
error: CosmoComputationError(b'thermodynamics_init(L:446) :error in thermodynamics_reionization(preco, preio, pvecback);\n=>thermodynamics_reionization(L:2283) :condition (tau_sup < tau_reionization_) is true; parameters are such that reionization cannot start after z_start_max')
traceback: Traceback (most recent call last):
  File "/home/maanson/Speciale/connectv2/source/calc_models_mpi_memsafe_child.py", line 639, in main_child
    cosmo.compute()
  File "classy.pyx", line 251, in classy.PyCosmology.compute
  File "classy.pyx", line 272, in classy.PyCosmology.compute
  File "classy.pyx", line 99, in classy.raise_my_py_error
classy.CosmoComputationError: 

Error in Class: thermodynamics_init(L:446) :error in thermodynamics_reionization(preco, preio, pvecback);
=>thermodynamics_reionization(L:2283) :condition (tau_sup < tau_reionization_) is true; parameters are such that reionization cannot start after z_start_max


[PARENT][Rank 250] | ERROR: Child process failed during CLASS computation
Model: {'lensing': 'yes', 'output': 'tCl,lCl,pCl,mPk', 'l_max_scalars': 2508, 'k_pivot': 0.05, 'N_ur': 2.0328, 'N_ncdm': 1, 'm_ncdm': 0.06, 'T_ncdm': 0.71611, 'N_ncdm_decay_dr': 1, 'quadrature_strategy_ncdm_decay_dr': 3, 'ncdm_fluid_approximation': 3, 'maximum_q_ncdm_decay_dr': 15.0, 'background_method': 0, 'evolver': 1, 'N_momentum_bins_ncdm_decay_dr': 7, 'l_max_ncdm': 13, 'l_max_dr': 13, 'l_max_dr_col': 13, 'omega_b': 0.016620257218756224, 'omega_cdm': 0.17746227360282554, 'Neff_ini_dncdm': 2.7846475463033604, 'log10lifetime_ncdm_decay_dr': 5.53580601617955, 'm_ncdm_decay_dr': 153.69107474584766, 'H0': 94.53134020204305, 'ln10^{10}A_s': 3.223887430603073, 'n_s': 1.0573181539339864, 'tau_reio': 0.31608986807496886, 'P_k_max_1/Mpc': 1.0}
skipping to the next model...
[CHILD][Parent Rank 294] | The following model failed in CLASS: 
params: {'lensing': 'yes', 'output': 'tCl,lCl,pCl,mPk', 'l_max_scalars': 2508, 'k_pivot': 0.05, 'N_ur': 2.0328, 'N_ncdm': 1, 'm_ncdm': 0.06, 'T_ncdm': 0.71611, 'N_ncdm_decay_dr': 1, 'quadrature_strategy_ncdm_decay_dr': 3, 'ncdm_fluid_approximation': 3, 'maximum_q_ncdm_decay_dr': 15.0, 'background_method': 0, 'evolver': 1, 'N_momentum_bins_ncdm_decay_dr': 7, 'l_max_ncdm': 13, 'l_max_dr': 13, 'l_max_dr_col': 13, 'omega_b': 0.015642323558726162, 'omega_cdm': 0.1479039401941029, 'Neff_ini_dncdm': 2.35832901213333, 'log10lifetime_ncdm_decay_dr': 4.963044243199501, 'm_ncdm_decay_dr': 496.9035951031218, 'H0': 97.50666108377017, 'ln10^{10}A_s': 1.0772329834236785, 'n_s': 1.1018280781685885, 'tau_reio': 0.3070097363363481, 'P_k_max_1/Mpc': 1.0}
error: CosmoComputationError(b'thermodynamics_init(L:446) :error in thermodynamics_reionization(preco, preio, pvecback);\n=>thermodynamics_reionization(L:2283) :condition (tau_sup < tau_reionization_) is true; parameters are such that reionization cannot start after z_start_max')
traceback: Traceback (most recent call last):
  File "/home/maanson/Speciale/connectv2/source/calc_models_mpi_memsafe_child.py", line 639, in main_child
    cosmo.compute()
  File "classy.pyx", line 251, in classy.PyCosmology.compute
  File "classy.pyx", line 272, in classy.PyCosmology.compute
  File "classy.pyx", line 99, in classy.raise_my_py_error
classy.CosmoComputationError: 

Error in Class: thermodynamics_init(L:446) :error in thermodynamics_reionization(preco, preio, pvecback);
=>thermodynamics_reionization(L:2283) :condition (tau_sup < tau_reionization_) is true; parameters are such that reionization cannot start after z_start_max


[PARENT][Rank 294] | ERROR: Child process failed during CLASS computation
Model: {'lensing': 'yes', 'output': 'tCl,lCl,pCl,mPk', 'l_max_scalars': 2508, 'k_pivot': 0.05, 'N_ur': 2.0328, 'N_ncdm': 1, 'm_ncdm': 0.06, 'T_ncdm': 0.71611, 'N_ncdm_decay_dr': 1, 'quadrature_strategy_ncdm_decay_dr': 3, 'ncdm_fluid_approximation': 3, 'maximum_q_ncdm_decay_dr': 15.0, 'background_method': 0, 'evolver': 1, 'N_momentum_bins_ncdm_decay_dr': 7, 'l_max_ncdm': 13, 'l_max_dr': 13, 'l_max_dr_col': 13, 'omega_b': 0.015642323558726162, 'omega_cdm': 0.1479039401941029, 'Neff_ini_dncdm': 2.35832901213333, 'log10lifetime_ncdm_decay_dr': 4.963044243199501, 'm_ncdm_decay_dr': 496.9035951031218, 'H0': 97.50666108377017, 'ln10^{10}A_s': 1.0772329834236785, 'n_s': 1.1018280781685885, 'tau_reio': 0.3070097363363481, 'P_k_max_1/Mpc': 1.0}
skipping to the next model...
[CHILD][Parent Rank 173] | The following model failed in CLASS: 
params: {'lensing': 'yes', 'output': 'tCl,lCl,pCl,mPk', 'l_max_scalars': 2508, 'k_pivot': 0.05, 'N_ur': 2.0328, 'N_ncdm': 1, 'm_ncdm': 0.06, 'T_ncdm': 0.71611, 'N_ncdm_decay_dr': 1, 'quadrature_strategy_ncdm_decay_dr': 3, 'ncdm_fluid_approximation': 3, 'maximum_q_ncdm_decay_dr': 15.0, 'background_method': 0, 'evolver': 1, 'N_momentum_bins_ncdm_decay_dr': 7, 'l_max_ncdm': 13, 'l_max_dr': 13, 'l_max_dr_col': 13, 'omega_b': 0.028251710237536413, 'omega_cdm': 0.04407228215946729, 'Neff_ini_dncdm': 2.6538430735198353, 'log10lifetime_ncdm_decay_dr': 5.701059268702164, 'm_ncdm_decay_dr': 480.43977425172613, 'H0': 61.09062726032062, 'ln10^{10}A_s': 2.830605413145375, 'n_s': 0.901691493957169, 'tau_reio': 0.3382447222668828, 'P_k_max_1/Mpc': 1.0}
error: CosmoComputationError(b'thermodynamics_init(L:446) :error in thermodynamics_reionization(preco, preio, pvecback);\n=>thermodynamics_reionization(L:2283) :condition (tau_sup < tau_reionization_) is true; parameters are such that reionization cannot start after z_start_max')
traceback: Traceback (most recent call last):
  File "/home/maanson/Speciale/connectv2/source/calc_models_mpi_memsafe_child.py", line 639, in main_child
    cosmo.compute()
  File "classy.pyx", line 251, in classy.PyCosmology.compute
  File "classy.pyx", line 272, in classy.PyCosmology.compute
  File "classy.pyx", line 99, in classy.raise_my_py_error
classy.CosmoComputationError: 

Error in Class: thermodynamics_init(L:446) :error in thermodynamics_reionization(preco, preio, pvecback);
=>thermodynamics_reionization(L:2283) :condition (tau_sup < tau_reionization_) is true; parameters are such that reionization cannot start after z_start_max


[PARENT][Rank 173] | ERROR: Child process failed during CLASS computation
Model: {'lensing': 'yes', 'output': 'tCl,lCl,pCl,mPk', 'l_max_scalars': 2508, 'k_pivot': 0.05, 'N_ur': 2.0328, 'N_ncdm': 1, 'm_ncdm': 0.06, 'T_ncdm': 0.71611, 'N_ncdm_decay_dr': 1, 'quadrature_strategy_ncdm_decay_dr': 3, 'ncdm_fluid_approximation': 3, 'maximum_q_ncdm_decay_dr': 15.0, 'background_method': 0, 'evolver': 1, 'N_momentum_bins_ncdm_decay_dr': 7, 'l_max_ncdm': 13, 'l_max_dr': 13, 'l_max_dr_col': 13, 'omega_b': 0.028251710237536413, 'omega_cdm': 0.04407228215946729, 'Neff_ini_dncdm': 2.6538430735198353, 'log10lifetime_ncdm_decay_dr': 5.701059268702164, 'm_ncdm_decay_dr': 480.43977425172613, 'H0': 61.09062726032062, 'ln10^{10}A_s': 2.830605413145375, 'n_s': 0.901691493957169, 'tau_reio': 0.3382447222668828, 'P_k_max_1/Mpc': 1.0}
skipping to the next model...
[CHILD][Parent Rank 110] | The following model failed in CLASS: 
params: {'lensing': 'yes', 'output': 'tCl,lCl,pCl,mPk', 'l_max_scalars': 2508, 'k_pivot': 0.05, 'N_ur': 2.0328, 'N_ncdm': 1, 'm_ncdm': 0.06, 'T_ncdm': 0.71611, 'N_ncdm_decay_dr': 1, 'quadrature_strategy_ncdm_decay_dr': 3, 'ncdm_fluid_approximation': 3, 'maximum_q_ncdm_decay_dr': 15.0, 'background_method': 0, 'evolver': 1, 'N_momentum_bins_ncdm_decay_dr': 7, 'l_max_ncdm': 13, 'l_max_dr': 13, 'l_max_dr_col': 13, 'omega_b': 0.025197286186783206, 'omega_cdm': 0.2429502036784681, 'Neff_ini_dncdm': 1.6152413906539616, 'log10lifetime_ncdm_decay_dr': 5.636150647654181, 'm_ncdm_decay_dr': 345.8552671072964, 'H0': 82.6998121350572, 'ln10^{10}A_s': 3.6459676181913827, 'n_s': 1.150093712468285, 'tau_reio': 0.39793674406718277, 'P_k_max_1/Mpc': 1.0}
error: CosmoComputationError(b'thermodynamics_init(L:446) :error in thermodynamics_reionization(preco, preio, pvecback);\n=>thermodynamics_reionization(L:2283) :condition (tau_sup < tau_reionization_) is true; parameters are such that reionization cannot start after z_start_max')
traceback: Traceback (most recent call last):
  File "/home/maanson/Speciale/connectv2/source/calc_models_mpi_memsafe_child.py", line 639, in main_child
    cosmo.compute()
  File "classy.pyx", line 251, in classy.PyCosmology.compute
  File "classy.pyx", line 272, in classy.PyCosmology.compute
  File "classy.pyx", line 99, in classy.raise_my_py_error
classy.CosmoComputationError: 

Error in Class: thermodynamics_init(L:446) :error in thermodynamics_reionization(preco, preio, pvecback);
=>thermodynamics_reionization(L:2283) :condition (tau_sup < tau_reionization_) is true; parameters are such that reionization cannot start after z_start_max


[PARENT][Rank 110] | ERROR: Child process failed during CLASS computation
Model: {'lensing': 'yes', 'output': 'tCl,lCl,pCl,mPk', 'l_max_scalars': 2508, 'k_pivot': 0.05, 'N_ur': 2.0328, 'N_ncdm': 1, 'm_ncdm': 0.06, 'T_ncdm': 0.71611, 'N_ncdm_decay_dr': 1, 'quadrature_strategy_ncdm_decay_dr': 3, 'ncdm_fluid_approximation': 3, 'maximum_q_ncdm_decay_dr': 15.0, 'background_method': 0, 'evolver': 1, 'N_momentum_bins_ncdm_decay_dr': 7, 'l_max_ncdm': 13, 'l_max_dr': 13, 'l_max_dr_col': 13, 'omega_b': 0.025197286186783206, 'omega_cdm': 0.2429502036784681, 'Neff_ini_dncdm': 1.6152413906539616, 'log10lifetime_ncdm_decay_dr': 5.636150647654181, 'm_ncdm_decay_dr': 345.8552671072964, 'H0': 82.6998121350572, 'ln10^{10}A_s': 3.6459676181913827, 'n_s': 1.150093712468285, 'tau_reio': 0.39793674406718277, 'P_k_max_1/Mpc': 1.0}
skipping to the next model...
[CHILD][Parent Rank 259] | The following model failed in CLASS: 
params: {'lensing': 'yes', 'output': 'tCl,lCl,pCl,mPk', 'l_max_scalars': 2508, 'k_pivot': 0.05, 'N_ur': 2.0328, 'N_ncdm': 1, 'm_ncdm': 0.06, 'T_ncdm': 0.71611, 'N_ncdm_decay_dr': 1, 'quadrature_strategy_ncdm_decay_dr': 3, 'ncdm_fluid_approximation': 3, 'maximum_q_ncdm_decay_dr': 15.0, 'background_method': 0, 'evolver': 1, 'N_momentum_bins_ncdm_decay_dr': 7, 'l_max_ncdm': 13, 'l_max_dr': 13, 'l_max_dr_col': 13, 'omega_b': 0.015320028329286995, 'omega_cdm': 0.2156983403431472, 'Neff_ini_dncdm': 0.9151320514256369, 'log10lifetime_ncdm_decay_dr': 4.757939664548003, 'm_ncdm_decay_dr': 185.8492486289706, 'H0': 97.51125127893818, 'ln10^{10}A_s': 2.5296485756593485, 'n_s': 1.0660403817545785, 'tau_reio': 0.37068256357684987, 'P_k_max_1/Mpc': 1.0}
error: CosmoComputationError(b'thermodynamics_init(L:446) :error in thermodynamics_reionization(preco, preio, pvecback);\n=>thermodynamics_reionization(L:2283) :condition (tau_sup < tau_reionization_) is true; parameters are such that reionization cannot start after z_start_max')
traceback: Traceback (most recent call last):
  File "/home/maanson/Speciale/connectv2/source/calc_models_mpi_memsafe_child.py", line 639, in main_child
    cosmo.compute()
  File "classy.pyx", line 251, in classy.PyCosmology.compute
  File "classy.pyx", line 272, in classy.PyCosmology.compute
  File "classy.pyx", line 99, in classy.raise_my_py_error
classy.CosmoComputationError: 

Error in Class: thermodynamics_init(L:446) :error in thermodynamics_reionization(preco, preio, pvecback);
=>thermodynamics_reionization(L:2283) :condition (tau_sup < tau_reionization_) is true; parameters are such that reionization cannot start after z_start_max


[PARENT][Rank 259] | ERROR: Child process failed during CLASS computation
Model: {'lensing': 'yes', 'output': 'tCl,lCl,pCl,mPk', 'l_max_scalars': 2508, 'k_pivot': 0.05, 'N_ur': 2.0328, 'N_ncdm': 1, 'm_ncdm': 0.06, 'T_ncdm': 0.71611, 'N_ncdm_decay_dr': 1, 'quadrature_strategy_ncdm_decay_dr': 3, 'ncdm_fluid_approximation': 3, 'maximum_q_ncdm_decay_dr': 15.0, 'background_method': 0, 'evolver': 1, 'N_momentum_bins_ncdm_decay_dr': 7, 'l_max_ncdm': 13, 'l_max_dr': 13, 'l_max_dr_col': 13, 'omega_b': 0.015320028329286995, 'omega_cdm': 0.2156983403431472, 'Neff_ini_dncdm': 0.9151320514256369, 'log10lifetime_ncdm_decay_dr': 4.757939664548003, 'm_ncdm_decay_dr': 185.8492486289706, 'H0': 97.51125127893818, 'ln10^{10}A_s': 2.5296485756593485, 'n_s': 1.0660403817545785, 'tau_reio': 0.37068256357684987, 'P_k_max_1/Mpc': 1.0}
skipping to the next model...
[CHILD][Parent Rank 269] | The following model failed in CLASS: 
params: {'lensing': 'yes', 'output': 'tCl,lCl,pCl,mPk', 'l_max_scalars': 2508, 'k_pivot': 0.05, 'N_ur': 2.0328, 'N_ncdm': 1, 'm_ncdm': 0.06, 'T_ncdm': 0.71611, 'N_ncdm_decay_dr': 1, 'quadrature_strategy_ncdm_decay_dr': 3, 'ncdm_fluid_approximation': 3, 'maximum_q_ncdm_decay_dr': 15.0, 'background_method': 0, 'evolver': 1, 'N_momentum_bins_ncdm_decay_dr': 7, 'l_max_ncdm': 13, 'l_max_dr': 13, 'l_max_dr_col': 13, 'omega_b': 0.017537032326131106, 'omega_cdm': 0.24053573993124502, 'Neff_ini_dncdm': 2.2405497199604514, 'log10lifetime_ncdm_decay_dr': 4.538427555971614, 'm_ncdm_decay_dr': 308.1640720062644, 'H0': 44.2181962598908, 'ln10^{10}A_s': 2.419220246071516, 'n_s': 0.9626458917421636, 'tau_reio': 0.3761561587417116, 'P_k_max_1/Mpc': 1.0}
error: CosmoComputationError(b'thermodynamics_init(L:446) :error in thermodynamics_reionization(preco, preio, pvecback);\n=>thermodynamics_reionization(L:2283) :condition (tau_sup < tau_reionization_) is true; parameters are such that reionization cannot start after z_start_max')
traceback: Traceback (most recent call last):
  File "/home/maanson/Speciale/connectv2/source/calc_models_mpi_memsafe_child.py", line 639, in main_child
    cosmo.compute()
  File "classy.pyx", line 251, in classy.PyCosmology.compute
  File "classy.pyx", line 272, in classy.PyCosmology.compute
  File "classy.pyx", line 99, in classy.raise_my_py_error
classy.CosmoComputationError: 

Error in Class: thermodynamics_init(L:446) :error in thermodynamics_reionization(preco, preio, pvecback);
=>thermodynamics_reionization(L:2283) :condition (tau_sup < tau_reionization_) is true; parameters are such that reionization cannot start after z_start_max


[PARENT][Rank 269] | ERROR: Child process failed during CLASS computation
Model: {'lensing': 'yes', 'output': 'tCl,lCl,pCl,mPk', 'l_max_scalars': 2508, 'k_pivot': 0.05, 'N_ur': 2.0328, 'N_ncdm': 1, 'm_ncdm': 0.06, 'T_ncdm': 0.71611, 'N_ncdm_decay_dr': 1, 'quadrature_strategy_ncdm_decay_dr': 3, 'ncdm_fluid_approximation': 3, 'maximum_q_ncdm_decay_dr': 15.0, 'background_method': 0, 'evolver': 1, 'N_momentum_bins_ncdm_decay_dr': 7, 'l_max_ncdm': 13, 'l_max_dr': 13, 'l_max_dr_col': 13, 'omega_b': 0.017537032326131106, 'omega_cdm': 0.24053573993124502, 'Neff_ini_dncdm': 2.2405497199604514, 'log10lifetime_ncdm_decay_dr': 4.538427555971614, 'm_ncdm_decay_dr': 308.1640720062644, 'H0': 44.2181962598908, 'ln10^{10}A_s': 2.419220246071516, 'n_s': 0.9626458917421636, 'tau_reio': 0.3761561587417116, 'P_k_max_1/Mpc': 1.0}
skipping to the next model...
[CHILD][Parent Rank 176] | The following model failed in CLASS: 
params: {'lensing': 'yes', 'output': 'tCl,lCl,pCl,mPk', 'l_max_scalars': 2508, 'k_pivot': 0.05, 'N_ur': 2.0328, 'N_ncdm': 1, 'm_ncdm': 0.06, 'T_ncdm': 0.71611, 'N_ncdm_decay_dr': 1, 'quadrature_strategy_ncdm_decay_dr': 3, 'ncdm_fluid_approximation': 3, 'maximum_q_ncdm_decay_dr': 15.0, 'background_method': 0, 'evolver': 1, 'N_momentum_bins_ncdm_decay_dr': 7, 'l_max_ncdm': 13, 'l_max_dr': 13, 'l_max_dr_col': 13, 'omega_b': 0.01608385493935953, 'omega_cdm': 0.20946729524270327, 'Neff_ini_dncdm': 1.3056515358103855, 'log10lifetime_ncdm_decay_dr': 3.722970107808603, 'm_ncdm_decay_dr': 467.6405139471181, 'H0': 98.49777255338634, 'ln10^{10}A_s': 1.8709297144654773, 'n_s': 0.739977209450404, 'tau_reio': 0.3914562601315902, 'P_k_max_1/Mpc': 1.0}
error: CosmoComputationError(b'thermodynamics_init(L:446) :error in thermodynamics_reionization(preco, preio, pvecback);\n=>thermodynamics_reionization(L:2283) :condition (tau_sup < tau_reionization_) is true; parameters are such that reionization cannot start after z_start_max')
traceback: Traceback (most recent call last):
  File "/home/maanson/Speciale/connectv2/source/calc_models_mpi_memsafe_child.py", line 639, in main_child
    cosmo.compute()
  File "classy.pyx", line 251, in classy.PyCosmology.compute
  File "classy.pyx", line 272, in classy.PyCosmology.compute
  File "classy.pyx", line 99, in classy.raise_my_py_error
classy.CosmoComputationError: 

Error in Class: thermodynamics_init(L:446) :error in thermodynamics_reionization(preco, preio, pvecback);
=>thermodynamics_reionization(L:2283) :condition (tau_sup < tau_reionization_) is true; parameters are such that reionization cannot start after z_start_max


[PARENT][Rank 176] | ERROR: Child process failed during CLASS computation
Model: {'lensing': 'yes', 'output': 'tCl,lCl,pCl,mPk', 'l_max_scalars': 2508, 'k_pivot': 0.05, 'N_ur': 2.0328, 'N_ncdm': 1, 'm_ncdm': 0.06, 'T_ncdm': 0.71611, 'N_ncdm_decay_dr': 1, 'quadrature_strategy_ncdm_decay_dr': 3, 'ncdm_fluid_approximation': 3, 'maximum_q_ncdm_decay_dr': 15.0, 'background_method': 0, 'evolver': 1, 'N_momentum_bins_ncdm_decay_dr': 7, 'l_max_ncdm': 13, 'l_max_dr': 13, 'l_max_dr_col': 13, 'omega_b': 0.01608385493935953, 'omega_cdm': 0.20946729524270327, 'Neff_ini_dncdm': 1.3056515358103855, 'log10lifetime_ncdm_decay_dr': 3.722970107808603, 'm_ncdm_decay_dr': 467.6405139471181, 'H0': 98.49777255338634, 'ln10^{10}A_s': 1.8709297144654773, 'n_s': 0.739977209450404, 'tau_reio': 0.3914562601315902, 'P_k_max_1/Mpc': 1.0}
skipping to the next model...
[CHILD][Parent Rank 361] | The following model failed in CLASS: 
params: {'lensing': 'yes', 'output': 'tCl,lCl,pCl,mPk', 'l_max_scalars': 2508, 'k_pivot': 0.05, 'N_ur': 2.0328, 'N_ncdm': 1, 'm_ncdm': 0.06, 'T_ncdm': 0.71611, 'N_ncdm_decay_dr': 1, 'quadrature_strategy_ncdm_decay_dr': 3, 'ncdm_fluid_approximation': 3, 'maximum_q_ncdm_decay_dr': 15.0, 'background_method': 0, 'evolver': 1, 'N_momentum_bins_ncdm_decay_dr': 7, 'l_max_ncdm': 13, 'l_max_dr': 13, 'l_max_dr_col': 13, 'omega_b': 0.019650687306994825, 'omega_cdm': 0.0467499936100016, 'Neff_ini_dncdm': 1.7169611302870331, 'log10lifetime_ncdm_decay_dr': 5.884010568693359, 'm_ncdm_decay_dr': 411.50360049238924, 'H0': 49.33909441498632, 'ln10^{10}A_s': 2.358429944420003, 'n_s': 0.7024391414314384, 'tau_reio': 0.3778063335432108, 'P_k_max_1/Mpc': 1.0}
error: CosmoComputationError(b'thermodynamics_init(L:446) :error in thermodynamics_reionization(preco, preio, pvecback);\n=>thermodynamics_reionization(L:2283) :condition (tau_sup < tau_reionization_) is true; parameters are such that reionization cannot start after z_start_max')
traceback: Traceback (most recent call last):
  File "/home/maanson/Speciale/connectv2/source/calc_models_mpi_memsafe_child.py", line 639, in main_child
    cosmo.compute()
  File "classy.pyx", line 251, in classy.PyCosmology.compute
  File "classy.pyx", line 272, in classy.PyCosmology.compute
  File "classy.pyx", line 99, in classy.raise_my_py_error
classy.CosmoComputationError: 

Error in Class: thermodynamics_init(L:446) :error in thermodynamics_reionization(preco, preio, pvecback);
=>thermodynamics_reionization(L:2283) :condition (tau_sup < tau_reionization_) is true; parameters are such that reionization cannot start after z_start_max


[PARENT][Rank 361] | ERROR: Child process failed during CLASS computation
Model: {'lensing': 'yes', 'output': 'tCl,lCl,pCl,mPk', 'l_max_scalars': 2508, 'k_pivot': 0.05, 'N_ur': 2.0328, 'N_ncdm': 1, 'm_ncdm': 0.06, 'T_ncdm': 0.71611, 'N_ncdm_decay_dr': 1, 'quadrature_strategy_ncdm_decay_dr': 3, 'ncdm_fluid_approximation': 3, 'maximum_q_ncdm_decay_dr': 15.0, 'background_method': 0, 'evolver': 1, 'N_momentum_bins_ncdm_decay_dr': 7, 'l_max_ncdm': 13, 'l_max_dr': 13, 'l_max_dr_col': 13, 'omega_b': 0.019650687306994825, 'omega_cdm': 0.0467499936100016, 'Neff_ini_dncdm': 1.7169611302870331, 'log10lifetime_ncdm_decay_dr': 5.884010568693359, 'm_ncdm_decay_dr': 411.50360049238924, 'H0': 49.33909441498632, 'ln10^{10}A_s': 2.358429944420003, 'n_s': 0.7024391414314384, 'tau_reio': 0.3778063335432108, 'P_k_max_1/Mpc': 1.0}
skipping to the next model...
[CHILD][Parent Rank 99] | The following model failed in CLASS: 
params: {'lensing': 'yes', 'output': 'tCl,lCl,pCl,mPk', 'l_max_scalars': 2508, 'k_pivot': 0.05, 'N_ur': 2.0328, 'N_ncdm': 1, 'm_ncdm': 0.06, 'T_ncdm': 0.71611, 'N_ncdm_decay_dr': 1, 'quadrature_strategy_ncdm_decay_dr': 3, 'ncdm_fluid_approximation': 3, 'maximum_q_ncdm_decay_dr': 15.0, 'background_method': 0, 'evolver': 1, 'N_momentum_bins_ncdm_decay_dr': 7, 'l_max_ncdm': 13, 'l_max_dr': 13, 'l_max_dr_col': 13, 'omega_b': 0.023088012484935947, 'omega_cdm': 0.1403742373207291, 'Neff_ini_dncdm': 2.112422434740673, 'log10lifetime_ncdm_decay_dr': 5.54312362852902, 'm_ncdm_decay_dr': 503.24220820960534, 'H0': 47.91396428279979, 'ln10^{10}A_s': 1.7722861899264837, 'n_s': 1.0644883177156093, 'tau_reio': 0.3072968150440381, 'P_k_max_1/Mpc': 1.0}
error: CosmoComputationError(b'thermodynamics_init(L:446) :error in thermodynamics_reionization(preco, preio, pvecback);\n=>thermodynamics_reionization(L:2283) :condition (tau_sup < tau_reionization_) is true; parameters are such that reionization cannot start after z_start_max')
traceback: Traceback (most recent call last):
  File "/home/maanson/Speciale/connectv2/source/calc_models_mpi_memsafe_child.py", line 639, in main_child
    cosmo.compute()
  File "classy.pyx", line 251, in classy.PyCosmology.compute
  File "classy.pyx", line 272, in classy.PyCosmology.compute
  File "classy.pyx", line 99, in classy.raise_my_py_error
classy.CosmoComputationError: 

Error in Class: thermodynamics_init(L:446) :error in thermodynamics_reionization(preco, preio, pvecback);
=>thermodynamics_reionization(L:2283) :condition (tau_sup < tau_reionization_) is true; parameters are such that reionization cannot start after z_start_max


[PARENT][Rank 99] | ERROR: Child process failed during CLASS computation
Model: {'lensing': 'yes', 'output': 'tCl,lCl,pCl,mPk', 'l_max_scalars': 2508, 'k_pivot': 0.05, 'N_ur': 2.0328, 'N_ncdm': 1, 'm_ncdm': 0.06, 'T_ncdm': 0.71611, 'N_ncdm_decay_dr': 1, 'quadrature_strategy_ncdm_decay_dr': 3, 'ncdm_fluid_approximation': 3, 'maximum_q_ncdm_decay_dr': 15.0, 'background_method': 0, 'evolver': 1, 'N_momentum_bins_ncdm_decay_dr': 7, 'l_max_ncdm': 13, 'l_max_dr': 13, 'l_max_dr_col': 13, 'omega_b': 0.023088012484935947, 'omega_cdm': 0.1403742373207291, 'Neff_ini_dncdm': 2.112422434740673, 'log10lifetime_ncdm_decay_dr': 5.54312362852902, 'm_ncdm_decay_dr': 503.24220820960534, 'H0': 47.91396428279979, 'ln10^{10}A_s': 1.7722861899264837, 'n_s': 1.0644883177156093, 'tau_reio': 0.3072968150440381, 'P_k_max_1/Mpc': 1.0}
skipping to the next model...
[CHILD][Parent Rank 365] | The following model failed in CLASS: 
params: {'lensing': 'yes', 'output': 'tCl,lCl,pCl,mPk', 'l_max_scalars': 2508, 'k_pivot': 0.05, 'N_ur': 2.0328, 'N_ncdm': 1, 'm_ncdm': 0.06, 'T_ncdm': 0.71611, 'N_ncdm_decay_dr': 1, 'quadrature_strategy_ncdm_decay_dr': 3, 'ncdm_fluid_approximation': 3, 'maximum_q_ncdm_decay_dr': 15.0, 'background_method': 0, 'evolver': 1, 'N_momentum_bins_ncdm_decay_dr': 7, 'l_max_ncdm': 13, 'l_max_dr': 13, 'l_max_dr_col': 13, 'omega_b': 0.017594457621336525, 'omega_cdm': 0.2240942063007019, 'Neff_ini_dncdm': 2.3524519963062454, 'log10lifetime_ncdm_decay_dr': 5.939472559864897, 'm_ncdm_decay_dr': 490.47147514258114, 'H0': 84.51515812620985, 'ln10^{10}A_s': 4.8537158363544215, 'n_s': 0.9577586572847077, 'tau_reio': 0.3235504265917375, 'P_k_max_1/Mpc': 1.0}
error: CosmoComputationError(b'thermodynamics_init(L:446) :error in thermodynamics_reionization(preco, preio, pvecback);\n=>thermodynamics_reionization(L:2283) :condition (tau_sup < tau_reionization_) is true; parameters are such that reionization cannot start after z_start_max')
traceback: Traceback (most recent call last):
  File "/home/maanson/Speciale/connectv2/source/calc_models_mpi_memsafe_child.py", line 639, in main_child
    cosmo.compute()
  File "classy.pyx", line 251, in classy.PyCosmology.compute
  File "classy.pyx", line 272, in classy.PyCosmology.compute
  File "classy.pyx", line 99, in classy.raise_my_py_error
classy.CosmoComputationError: 

Error in Class: thermodynamics_init(L:446) :error in thermodynamics_reionization(preco, preio, pvecback);
=>thermodynamics_reionization(L:2283) :condition (tau_sup < tau_reionization_) is true; parameters are such that reionization cannot start after z_start_max


[PARENT][Rank 365] | ERROR: Child process failed during CLASS computation
Model: {'lensing': 'yes', 'output': 'tCl,lCl,pCl,mPk', 'l_max_scalars': 2508, 'k_pivot': 0.05, 'N_ur': 2.0328, 'N_ncdm': 1, 'm_ncdm': 0.06, 'T_ncdm': 0.71611, 'N_ncdm_decay_dr': 1, 'quadrature_strategy_ncdm_decay_dr': 3, 'ncdm_fluid_approximation': 3, 'maximum_q_ncdm_decay_dr': 15.0, 'background_method': 0, 'evolver': 1, 'N_momentum_bins_ncdm_decay_dr': 7, 'l_max_ncdm': 13, 'l_max_dr': 13, 'l_max_dr_col': 13, 'omega_b': 0.017594457621336525, 'omega_cdm': 0.2240942063007019, 'Neff_ini_dncdm': 2.3524519963062454, 'log10lifetime_ncdm_decay_dr': 5.939472559864897, 'm_ncdm_decay_dr': 490.47147514258114, 'H0': 84.51515812620985, 'ln10^{10}A_s': 4.8537158363544215, 'n_s': 0.9577586572847077, 'tau_reio': 0.3235504265917375, 'P_k_max_1/Mpc': 1.0}
skipping to the next model...
[CHILD][Parent Rank 129] | The following model failed in CLASS: 
params: {'lensing': 'yes', 'output': 'tCl,lCl,pCl,mPk', 'l_max_scalars': 2508, 'k_pivot': 0.05, 'N_ur': 2.0328, 'N_ncdm': 1, 'm_ncdm': 0.06, 'T_ncdm': 0.71611, 'N_ncdm_decay_dr': 1, 'quadrature_strategy_ncdm_decay_dr': 3, 'ncdm_fluid_approximation': 3, 'maximum_q_ncdm_decay_dr': 15.0, 'background_method': 0, 'evolver': 1, 'N_momentum_bins_ncdm_decay_dr': 7, 'l_max_ncdm': 13, 'l_max_dr': 13, 'l_max_dr_col': 13, 'omega_b': 0.014182170898897773, 'omega_cdm': 0.22563324800447945, 'Neff_ini_dncdm': 2.957021361425271, 'log10lifetime_ncdm_decay_dr': 5.760468952122535, 'm_ncdm_decay_dr': 438.91451622278305, 'H0': 81.2036942701167, 'ln10^{10}A_s': 3.403123405534451, 'n_s': 1.0963318893046232, 'tau_reio': 0.33506282446223135, 'P_k_max_1/Mpc': 1.0}
error: CosmoComputationError(b'thermodynamics_init(L:446) :error in thermodynamics_reionization(preco, preio, pvecback);\n=>thermodynamics_reionization(L:2283) :condition (tau_sup < tau_reionization_) is true; parameters are such that reionization cannot start after z_start_max')
traceback: Traceback (most recent call last):
  File "/home/maanson/Speciale/connectv2/source/calc_models_mpi_memsafe_child.py", line 639, in main_child
    cosmo.compute()
  File "classy.pyx", line 251, in classy.PyCosmology.compute
  File "classy.pyx", line 272, in classy.PyCosmology.compute
  File "classy.pyx", line 99, in classy.raise_my_py_error
classy.CosmoComputationError: 

Error in Class: thermodynamics_init(L:446) :error in thermodynamics_reionization(preco, preio, pvecback);
=>thermodynamics_reionization(L:2283) :condition (tau_sup < tau_reionization_) is true; parameters are such that reionization cannot start after z_start_max


[PARENT][Rank 129] | ERROR: Child process failed during CLASS computation
Model: {'lensing': 'yes', 'output': 'tCl,lCl,pCl,mPk', 'l_max_scalars': 2508, 'k_pivot': 0.05, 'N_ur': 2.0328, 'N_ncdm': 1, 'm_ncdm': 0.06, 'T_ncdm': 0.71611, 'N_ncdm_decay_dr': 1, 'quadrature_strategy_ncdm_decay_dr': 3, 'ncdm_fluid_approximation': 3, 'maximum_q_ncdm_decay_dr': 15.0, 'background_method': 0, 'evolver': 1, 'N_momentum_bins_ncdm_decay_dr': 7, 'l_max_ncdm': 13, 'l_max_dr': 13, 'l_max_dr_col': 13, 'omega_b': 0.014182170898897773, 'omega_cdm': 0.22563324800447945, 'Neff_ini_dncdm': 2.957021361425271, 'log10lifetime_ncdm_decay_dr': 5.760468952122535, 'm_ncdm_decay_dr': 438.91451622278305, 'H0': 81.2036942701167, 'ln10^{10}A_s': 3.403123405534451, 'n_s': 1.0963318893046232, 'tau_reio': 0.33506282446223135, 'P_k_max_1/Mpc': 1.0}
skipping to the next model...
[CHILD][Parent Rank 309] | The following model failed in CLASS: 
params: {'lensing': 'yes', 'output': 'tCl,lCl,pCl,mPk', 'l_max_scalars': 2508, 'k_pivot': 0.05, 'N_ur': 2.0328, 'N_ncdm': 1, 'm_ncdm': 0.06, 'T_ncdm': 0.71611, 'N_ncdm_decay_dr': 1, 'quadrature_strategy_ncdm_decay_dr': 3, 'ncdm_fluid_approximation': 3, 'maximum_q_ncdm_decay_dr': 15.0, 'background_method': 0, 'evolver': 1, 'N_momentum_bins_ncdm_decay_dr': 7, 'l_max_ncdm': 13, 'l_max_dr': 13, 'l_max_dr_col': 13, 'omega_b': 0.020325007681135356, 'omega_cdm': 0.1403961031404053, 'Neff_ini_dncdm': 1.7011315181271498, 'log10lifetime_ncdm_decay_dr': 5.43635546974725, 'm_ncdm_decay_dr': 505.1609992076607, 'H0': 98.92249467738884, 'ln10^{10}A_s': 4.449402239643346, 'n_s': 1.0563350299271395, 'tau_reio': 0.3136498033087857, 'P_k_max_1/Mpc': 1.0}
error: CosmoComputationError(b'thermodynamics_init(L:446) :error in thermodynamics_reionization(preco, preio, pvecback);\n=>thermodynamics_reionization(L:2283) :condition (tau_sup < tau_reionization_) is true; parameters are such that reionization cannot start after z_start_max')
traceback: Traceback (most recent call last):
  File "/home/maanson/Speciale/connectv2/source/calc_models_mpi_memsafe_child.py", line 639, in main_child
    cosmo.compute()
  File "classy.pyx", line 251, in classy.PyCosmology.compute
  File "classy.pyx", line 272, in classy.PyCosmology.compute
  File "classy.pyx", line 99, in classy.raise_my_py_error
classy.CosmoComputationError: 

Error in Class: thermodynamics_init(L:446) :error in thermodynamics_reionization(preco, preio, pvecback);
=>thermodynamics_reionization(L:2283) :condition (tau_sup < tau_reionization_) is true; parameters are such that reionization cannot start after z_start_max


[PARENT][Rank 309] | ERROR: Child process failed during CLASS computation
Model: {'lensing': 'yes', 'output': 'tCl,lCl,pCl,mPk', 'l_max_scalars': 2508, 'k_pivot': 0.05, 'N_ur': 2.0328, 'N_ncdm': 1, 'm_ncdm': 0.06, 'T_ncdm': 0.71611, 'N_ncdm_decay_dr': 1, 'quadrature_strategy_ncdm_decay_dr': 3, 'ncdm_fluid_approximation': 3, 'maximum_q_ncdm_decay_dr': 15.0, 'background_method': 0, 'evolver': 1, 'N_momentum_bins_ncdm_decay_dr': 7, 'l_max_ncdm': 13, 'l_max_dr': 13, 'l_max_dr_col': 13, 'omega_b': 0.020325007681135356, 'omega_cdm': 0.1403961031404053, 'Neff_ini_dncdm': 1.7011315181271498, 'log10lifetime_ncdm_decay_dr': 5.43635546974725, 'm_ncdm_decay_dr': 505.1609992076607, 'H0': 98.92249467738884, 'ln10^{10}A_s': 4.449402239643346, 'n_s': 1.0563350299271395, 'tau_reio': 0.3136498033087857, 'P_k_max_1/Mpc': 1.0}
skipping to the next model...
[CHILD][Parent Rank 115] | The following model failed in CLASS: 
params: {'lensing': 'yes', 'output': 'tCl,lCl,pCl,mPk', 'l_max_scalars': 2508, 'k_pivot': 0.05, 'N_ur': 2.0328, 'N_ncdm': 1, 'm_ncdm': 0.06, 'T_ncdm': 0.71611, 'N_ncdm_decay_dr': 1, 'quadrature_strategy_ncdm_decay_dr': 3, 'ncdm_fluid_approximation': 3, 'maximum_q_ncdm_decay_dr': 15.0, 'background_method': 0, 'evolver': 1, 'N_momentum_bins_ncdm_decay_dr': 7, 'l_max_ncdm': 13, 'l_max_dr': 13, 'l_max_dr_col': 13, 'omega_b': 0.014136893857891785, 'omega_cdm': 0.08596566561546058, 'Neff_ini_dncdm': 2.6314926664256117, 'log10lifetime_ncdm_decay_dr': 5.623413956191875, 'm_ncdm_decay_dr': 222.13811834411976, 'H0': 46.136077498839924, 'ln10^{10}A_s': 2.458151256115863, 'n_s': 1.0536484916924456, 'tau_reio': 0.35050312483962737, 'P_k_max_1/Mpc': 1.0}
error: CosmoComputationError(b'thermodynamics_init(L:446) :error in thermodynamics_reionization(preco, preio, pvecback);\n=>thermodynamics_reionization(L:2283) :condition (tau_sup < tau_reionization_) is true; parameters are such that reionization cannot start after z_start_max')
traceback: Traceback (most recent call last):
  File "/home/maanson/Speciale/connectv2/source/calc_models_mpi_memsafe_child.py", line 639, in main_child
    cosmo.compute()
  File "classy.pyx", line 251, in classy.PyCosmology.compute
  File "classy.pyx", line 272, in classy.PyCosmology.compute
  File "classy.pyx", line 99, in classy.raise_my_py_error
classy.CosmoComputationError: 

Error in Class: thermodynamics_init(L:446) :error in thermodynamics_reionization(preco, preio, pvecback);
=>thermodynamics_reionization(L:2283) :condition (tau_sup < tau_reionization_) is true; parameters are such that reionization cannot start after z_start_max


[PARENT][Rank 115] | ERROR: Child process failed during CLASS computation
Model: {'lensing': 'yes', 'output': 'tCl,lCl,pCl,mPk', 'l_max_scalars': 2508, 'k_pivot': 0.05, 'N_ur': 2.0328, 'N_ncdm': 1, 'm_ncdm': 0.06, 'T_ncdm': 0.71611, 'N_ncdm_decay_dr': 1, 'quadrature_strategy_ncdm_decay_dr': 3, 'ncdm_fluid_approximation': 3, 'maximum_q_ncdm_decay_dr': 15.0, 'background_method': 0, 'evolver': 1, 'N_momentum_bins_ncdm_decay_dr': 7, 'l_max_ncdm': 13, 'l_max_dr': 13, 'l_max_dr_col': 13, 'omega_b': 0.014136893857891785, 'omega_cdm': 0.08596566561546058, 'Neff_ini_dncdm': 2.6314926664256117, 'log10lifetime_ncdm_decay_dr': 5.623413956191875, 'm_ncdm_decay_dr': 222.13811834411976, 'H0': 46.136077498839924, 'ln10^{10}A_s': 2.458151256115863, 'n_s': 1.0536484916924456, 'tau_reio': 0.35050312483962737, 'P_k_max_1/Mpc': 1.0}
skipping to the next model...
[CHILD][Parent Rank 18] | The following model failed in CLASS: 
params: {'lensing': 'yes', 'output': 'tCl,lCl,pCl,mPk', 'l_max_scalars': 2508, 'k_pivot': 0.05, 'N_ur': 2.0328, 'N_ncdm': 1, 'm_ncdm': 0.06, 'T_ncdm': 0.71611, 'N_ncdm_decay_dr': 1, 'quadrature_strategy_ncdm_decay_dr': 3, 'ncdm_fluid_approximation': 3, 'maximum_q_ncdm_decay_dr': 15.0, 'background_method': 0, 'evolver': 1, 'N_momentum_bins_ncdm_decay_dr': 7, 'l_max_ncdm': 13, 'l_max_dr': 13, 'l_max_dr_col': 13, 'omega_b': 0.03368297129010325, 'omega_cdm': 0.22432979886779653, 'Neff_ini_dncdm': 2.65137525123541, 'log10lifetime_ncdm_decay_dr': 5.986428933526877, 'm_ncdm_decay_dr': 330.54449009334047, 'H0': 83.27560226674336, 'ln10^{10}A_s': 1.573333000897584, 'n_s': 1.2357423808584014, 'tau_reio': 0.3566849637099799, 'P_k_max_1/Mpc': 1.0}
error: CosmoComputationError(b'thermodynamics_init(L:446) :error in thermodynamics_reionization(preco, preio, pvecback);\n=>thermodynamics_reionization(L:2283) :condition (tau_sup < tau_reionization_) is true; parameters are such that reionization cannot start after z_start_max')
traceback: Traceback (most recent call last):
  File "/home/maanson/Speciale/connectv2/source/calc_models_mpi_memsafe_child.py", line 639, in main_child
    cosmo.compute()
  File "classy.pyx", line 251, in classy.PyCosmology.compute
  File "classy.pyx", line 272, in classy.PyCosmology.compute
  File "classy.pyx", line 99, in classy.raise_my_py_error
classy.CosmoComputationError: 

Error in Class: thermodynamics_init(L:446) :error in thermodynamics_reionization(preco, preio, pvecback);
=>thermodynamics_reionization(L:2283) :condition (tau_sup < tau_reionization_) is true; parameters are such that reionization cannot start after z_start_max


[PARENT][Rank 18] | ERROR: Child process failed during CLASS computation
Model: {'lensing': 'yes', 'output': 'tCl,lCl,pCl,mPk', 'l_max_scalars': 2508, 'k_pivot': 0.05, 'N_ur': 2.0328, 'N_ncdm': 1, 'm_ncdm': 0.06, 'T_ncdm': 0.71611, 'N_ncdm_decay_dr': 1, 'quadrature_strategy_ncdm_decay_dr': 3, 'ncdm_fluid_approximation': 3, 'maximum_q_ncdm_decay_dr': 15.0, 'background_method': 0, 'evolver': 1, 'N_momentum_bins_ncdm_decay_dr': 7, 'l_max_ncdm': 13, 'l_max_dr': 13, 'l_max_dr_col': 13, 'omega_b': 0.03368297129010325, 'omega_cdm': 0.22432979886779653, 'Neff_ini_dncdm': 2.65137525123541, 'log10lifetime_ncdm_decay_dr': 5.986428933526877, 'm_ncdm_decay_dr': 330.54449009334047, 'H0': 83.27560226674336, 'ln10^{10}A_s': 1.573333000897584, 'n_s': 1.2357423808584014, 'tau_reio': 0.3566849637099799, 'P_k_max_1/Mpc': 1.0}
skipping to the next model...
[CHILD][Parent Rank 212] | The following model failed in CLASS: 
params: {'lensing': 'yes', 'output': 'tCl,lCl,pCl,mPk', 'l_max_scalars': 2508, 'k_pivot': 0.05, 'N_ur': 2.0328, 'N_ncdm': 1, 'm_ncdm': 0.06, 'T_ncdm': 0.71611, 'N_ncdm_decay_dr': 1, 'quadrature_strategy_ncdm_decay_dr': 3, 'ncdm_fluid_approximation': 3, 'maximum_q_ncdm_decay_dr': 15.0, 'background_method': 0, 'evolver': 1, 'N_momentum_bins_ncdm_decay_dr': 7, 'l_max_ncdm': 13, 'l_max_dr': 13, 'l_max_dr_col': 13, 'omega_b': 0.014783539966283062, 'omega_cdm': 0.2249930210186673, 'Neff_ini_dncdm': 1.946569354428587, 'log10lifetime_ncdm_decay_dr': 5.725429795896782, 'm_ncdm_decay_dr': 355.63922681283213, 'H0': 65.51669762816915, 'ln10^{10}A_s': 2.456286219381674, 'n_s': 1.1762016545904799, 'tau_reio': 0.30301724051460827, 'P_k_max_1/Mpc': 1.0}
error: CosmoComputationError(b'thermodynamics_init(L:446) :error in thermodynamics_reionization(preco, preio, pvecback);\n=>thermodynamics_reionization(L:2283) :condition (tau_sup < tau_reionization_) is true; parameters are such that reionization cannot start after z_start_max')
traceback: Traceback (most recent call last):
  File "/home/maanson/Speciale/connectv2/source/calc_models_mpi_memsafe_child.py", line 639, in main_child
    cosmo.compute()
  File "classy.pyx", line 251, in classy.PyCosmology.compute
  File "classy.pyx", line 272, in classy.PyCosmology.compute
  File "classy.pyx", line 99, in classy.raise_my_py_error
classy.CosmoComputationError: 

Error in Class: thermodynamics_init(L:446) :error in thermodynamics_reionization(preco, preio, pvecback);
=>thermodynamics_reionization(L:2283) :condition (tau_sup < tau_reionization_) is true; parameters are such that reionization cannot start after z_start_max


[PARENT][Rank 212] | ERROR: Child process failed during CLASS computation
Model: {'lensing': 'yes', 'output': 'tCl,lCl,pCl,mPk', 'l_max_scalars': 2508, 'k_pivot': 0.05, 'N_ur': 2.0328, 'N_ncdm': 1, 'm_ncdm': 0.06, 'T_ncdm': 0.71611, 'N_ncdm_decay_dr': 1, 'quadrature_strategy_ncdm_decay_dr': 3, 'ncdm_fluid_approximation': 3, 'maximum_q_ncdm_decay_dr': 15.0, 'background_method': 0, 'evolver': 1, 'N_momentum_bins_ncdm_decay_dr': 7, 'l_max_ncdm': 13, 'l_max_dr': 13, 'l_max_dr_col': 13, 'omega_b': 0.014783539966283062, 'omega_cdm': 0.2249930210186673, 'Neff_ini_dncdm': 1.946569354428587, 'log10lifetime_ncdm_decay_dr': 5.725429795896782, 'm_ncdm_decay_dr': 355.63922681283213, 'H0': 65.51669762816915, 'ln10^{10}A_s': 2.456286219381674, 'n_s': 1.1762016545904799, 'tau_reio': 0.30301724051460827, 'P_k_max_1/Mpc': 1.0}
skipping to the next model...
[CHILD][Parent Rank 248] | The following model failed in CLASS: 
params: {'lensing': 'yes', 'output': 'tCl,lCl,pCl,mPk', 'l_max_scalars': 2508, 'k_pivot': 0.05, 'N_ur': 2.0328, 'N_ncdm': 1, 'm_ncdm': 0.06, 'T_ncdm': 0.71611, 'N_ncdm_decay_dr': 1, 'quadrature_strategy_ncdm_decay_dr': 3, 'ncdm_fluid_approximation': 3, 'maximum_q_ncdm_decay_dr': 15.0, 'background_method': 0, 'evolver': 1, 'N_momentum_bins_ncdm_decay_dr': 7, 'l_max_ncdm': 13, 'l_max_dr': 13, 'l_max_dr_col': 13, 'omega_b': 0.01582569578440368, 'omega_cdm': 0.046396762109384586, 'Neff_ini_dncdm': 1.5207050007955727, 'log10lifetime_ncdm_decay_dr': 5.835205567332121, 'm_ncdm_decay_dr': 402.8513345041406, 'H0': 83.93711197275091, 'ln10^{10}A_s': 2.9974852503314953, 'n_s': 1.0051779284107003, 'tau_reio': 0.3361708242607301, 'P_k_max_1/Mpc': 1.0}
error: CosmoComputationError(b'thermodynamics_init(L:446) :error in thermodynamics_reionization(preco, preio, pvecback);\n=>thermodynamics_reionization(L:2283) :condition (tau_sup < tau_reionization_) is true; parameters are such that reionization cannot start after z_start_max')
traceback: Traceback (most recent call last):
  File "/home/maanson/Speciale/connectv2/source/calc_models_mpi_memsafe_child.py", line 639, in main_child
    cosmo.compute()
  File "classy.pyx", line 251, in classy.PyCosmology.compute
  File "classy.pyx", line 272, in classy.PyCosmology.compute
  File "classy.pyx", line 99, in classy.raise_my_py_error
classy.CosmoComputationError: 

Error in Class: thermodynamics_init(L:446) :error in thermodynamics_reionization(preco, preio, pvecback);
=>thermodynamics_reionization(L:2283) :condition (tau_sup < tau_reionization_) is true; parameters are such that reionization cannot start after z_start_max


[PARENT][Rank 248] | ERROR: Child process failed during CLASS computation
Model: {'lensing': 'yes', 'output': 'tCl,lCl,pCl,mPk', 'l_max_scalars': 2508, 'k_pivot': 0.05, 'N_ur': 2.0328, 'N_ncdm': 1, 'm_ncdm': 0.06, 'T_ncdm': 0.71611, 'N_ncdm_decay_dr': 1, 'quadrature_strategy_ncdm_decay_dr': 3, 'ncdm_fluid_approximation': 3, 'maximum_q_ncdm_decay_dr': 15.0, 'background_method': 0, 'evolver': 1, 'N_momentum_bins_ncdm_decay_dr': 7, 'l_max_ncdm': 13, 'l_max_dr': 13, 'l_max_dr_col': 13, 'omega_b': 0.01582569578440368, 'omega_cdm': 0.046396762109384586, 'Neff_ini_dncdm': 1.5207050007955727, 'log10lifetime_ncdm_decay_dr': 5.835205567332121, 'm_ncdm_decay_dr': 402.8513345041406, 'H0': 83.93711197275091, 'ln10^{10}A_s': 2.9974852503314953, 'n_s': 1.0051779284107003, 'tau_reio': 0.3361708242607301, 'P_k_max_1/Mpc': 1.0}
skipping to the next model...
[CHILD][Parent Rank 24] | The following model failed in CLASS: 
params: {'lensing': 'yes', 'output': 'tCl,lCl,pCl,mPk', 'l_max_scalars': 2508, 'k_pivot': 0.05, 'N_ur': 2.0328, 'N_ncdm': 1, 'm_ncdm': 0.06, 'T_ncdm': 0.71611, 'N_ncdm_decay_dr': 1, 'quadrature_strategy_ncdm_decay_dr': 3, 'ncdm_fluid_approximation': 3, 'maximum_q_ncdm_decay_dr': 15.0, 'background_method': 0, 'evolver': 1, 'N_momentum_bins_ncdm_decay_dr': 7, 'l_max_ncdm': 13, 'l_max_dr': 13, 'l_max_dr_col': 13, 'omega_b': 0.014338740118410891, 'omega_cdm': 0.1959019070737951, 'Neff_ini_dncdm': 1.9645882764128277, 'log10lifetime_ncdm_decay_dr': 3.8232031585037967, 'm_ncdm_decay_dr': 59.71278635422614, 'H0': 73.09874846207592, 'ln10^{10}A_s': 1.120251683070321, 'n_s': 0.7463673964582578, 'tau_reio': 0.3913200848621021, 'P_k_max_1/Mpc': 1.0}
error: CosmoComputationError(b'thermodynamics_init(L:446) :error in thermodynamics_reionization(preco, preio, pvecback);\n=>thermodynamics_reionization(L:2283) :condition (tau_sup < tau_reionization_) is true; parameters are such that reionization cannot start after z_start_max')
traceback: Traceback (most recent call last):
  File "/home/maanson/Speciale/connectv2/source/calc_models_mpi_memsafe_child.py", line 639, in main_child
    cosmo.compute()
  File "classy.pyx", line 251, in classy.PyCosmology.compute
  File "classy.pyx", line 272, in classy.PyCosmology.compute
  File "classy.pyx", line 99, in classy.raise_my_py_error
classy.CosmoComputationError: 

Error in Class: thermodynamics_init(L:446) :error in thermodynamics_reionization(preco, preio, pvecback);
=>thermodynamics_reionization(L:2283) :condition (tau_sup < tau_reionization_) is true; parameters are such that reionization cannot start after z_start_max


[PARENT][Rank 24] | ERROR: Child process failed during CLASS computation
Model: {'lensing': 'yes', 'output': 'tCl,lCl,pCl,mPk', 'l_max_scalars': 2508, 'k_pivot': 0.05, 'N_ur': 2.0328, 'N_ncdm': 1, 'm_ncdm': 0.06, 'T_ncdm': 0.71611, 'N_ncdm_decay_dr': 1, 'quadrature_strategy_ncdm_decay_dr': 3, 'ncdm_fluid_approximation': 3, 'maximum_q_ncdm_decay_dr': 15.0, 'background_method': 0, 'evolver': 1, 'N_momentum_bins_ncdm_decay_dr': 7, 'l_max_ncdm': 13, 'l_max_dr': 13, 'l_max_dr_col': 13, 'omega_b': 0.014338740118410891, 'omega_cdm': 0.1959019070737951, 'Neff_ini_dncdm': 1.9645882764128277, 'log10lifetime_ncdm_decay_dr': 3.8232031585037967, 'm_ncdm_decay_dr': 59.71278635422614, 'H0': 73.09874846207592, 'ln10^{10}A_s': 1.120251683070321, 'n_s': 0.7463673964582578, 'tau_reio': 0.3913200848621021, 'P_k_max_1/Mpc': 1.0}
skipping to the next model...
[CHILD][Parent Rank 181] | The following model failed in CLASS: 
params: {'lensing': 'yes', 'output': 'tCl,lCl,pCl,mPk', 'l_max_scalars': 2508, 'k_pivot': 0.05, 'N_ur': 2.0328, 'N_ncdm': 1, 'm_ncdm': 0.06, 'T_ncdm': 0.71611, 'N_ncdm_decay_dr': 1, 'quadrature_strategy_ncdm_decay_dr': 3, 'ncdm_fluid_approximation': 3, 'maximum_q_ncdm_decay_dr': 15.0, 'background_method': 0, 'evolver': 1, 'N_momentum_bins_ncdm_decay_dr': 7, 'l_max_ncdm': 13, 'l_max_dr': 13, 'l_max_dr_col': 13, 'omega_b': 0.018956650836932896, 'omega_cdm': 0.00028944006794679817, 'Neff_ini_dncdm': 2.668324224884036, 'log10lifetime_ncdm_decay_dr': 5.761242932377872, 'm_ncdm_decay_dr': 416.325252694849, 'H0': 41.814661707999754, 'ln10^{10}A_s': 1.0712800911284432, 'n_s': 1.098627447318952, 'tau_reio': 0.32650979897535737, 'P_k_max_1/Mpc': 1.0}
error: CosmoComputationError(b'thermodynamics_init(L:446) :error in thermodynamics_reionization(preco, preio, pvecback);\n=>thermodynamics_reionization(L:2283) :condition (tau_sup < tau_reionization_) is true; parameters are such that reionization cannot start after z_start_max')
traceback: Traceback (most recent call last):
  File "/home/maanson/Speciale/connectv2/source/calc_models_mpi_memsafe_child.py", line 639, in main_child
    cosmo.compute()
  File "classy.pyx", line 251, in classy.PyCosmology.compute
  File "classy.pyx", line 272, in classy.PyCosmology.compute
  File "classy.pyx", line 99, in classy.raise_my_py_error
classy.CosmoComputationError: 

Error in Class: thermodynamics_init(L:446) :error in thermodynamics_reionization(preco, preio, pvecback);
=>thermodynamics_reionization(L:2283) :condition (tau_sup < tau_reionization_) is true; parameters are such that reionization cannot start after z_start_max


[PARENT][Rank 181] | ERROR: Child process failed during CLASS computation
Model: {'lensing': 'yes', 'output': 'tCl,lCl,pCl,mPk', 'l_max_scalars': 2508, 'k_pivot': 0.05, 'N_ur': 2.0328, 'N_ncdm': 1, 'm_ncdm': 0.06, 'T_ncdm': 0.71611, 'N_ncdm_decay_dr': 1, 'quadrature_strategy_ncdm_decay_dr': 3, 'ncdm_fluid_approximation': 3, 'maximum_q_ncdm_decay_dr': 15.0, 'background_method': 0, 'evolver': 1, 'N_momentum_bins_ncdm_decay_dr': 7, 'l_max_ncdm': 13, 'l_max_dr': 13, 'l_max_dr_col': 13, 'omega_b': 0.018956650836932896, 'omega_cdm': 0.00028944006794679817, 'Neff_ini_dncdm': 2.668324224884036, 'log10lifetime_ncdm_decay_dr': 5.761242932377872, 'm_ncdm_decay_dr': 416.325252694849, 'H0': 41.814661707999754, 'ln10^{10}A_s': 1.0712800911284432, 'n_s': 1.098627447318952, 'tau_reio': 0.32650979897535737, 'P_k_max_1/Mpc': 1.0}
skipping to the next model...
[CHILD][Parent Rank 136] | The following model failed in CLASS: 
params: {'lensing': 'yes', 'output': 'tCl,lCl,pCl,mPk', 'l_max_scalars': 2508, 'k_pivot': 0.05, 'N_ur': 2.0328, 'N_ncdm': 1, 'm_ncdm': 0.06, 'T_ncdm': 0.71611, 'N_ncdm_decay_dr': 1, 'quadrature_strategy_ncdm_decay_dr': 3, 'ncdm_fluid_approximation': 3, 'maximum_q_ncdm_decay_dr': 15.0, 'background_method': 0, 'evolver': 1, 'N_momentum_bins_ncdm_decay_dr': 7, 'l_max_ncdm': 13, 'l_max_dr': 13, 'l_max_dr_col': 13, 'omega_b': 0.027865043919936147, 'omega_cdm': 0.18627360365837564, 'Neff_ini_dncdm': 2.9700424330392696, 'log10lifetime_ncdm_decay_dr': 5.448086188303871, 'm_ncdm_decay_dr': 502.93457476794623, 'H0': 85.43741084186563, 'ln10^{10}A_s': 2.271085873098431, 'n_s': 1.029966481470766, 'tau_reio': 0.336430539446862, 'P_k_max_1/Mpc': 1.0}
error: CosmoComputationError(b'thermodynamics_init(L:446) :error in thermodynamics_reionization(preco, preio, pvecback);\n=>thermodynamics_reionization(L:2283) :condition (tau_sup < tau_reionization_) is true; parameters are such that reionization cannot start after z_start_max')
traceback: Traceback (most recent call last):
  File "/home/maanson/Speciale/connectv2/source/calc_models_mpi_memsafe_child.py", line 639, in main_child
    cosmo.compute()
  File "classy.pyx", line 251, in classy.PyCosmology.compute
  File "classy.pyx", line 272, in classy.PyCosmology.compute
  File "classy.pyx", line 99, in classy.raise_my_py_error
classy.CosmoComputationError: 

Error in Class: thermodynamics_init(L:446) :error in thermodynamics_reionization(preco, preio, pvecback);
=>thermodynamics_reionization(L:2283) :condition (tau_sup < tau_reionization_) is true; parameters are such that reionization cannot start after z_start_max


[PARENT][Rank 136] | ERROR: Child process failed during CLASS computation
Model: {'lensing': 'yes', 'output': 'tCl,lCl,pCl,mPk', 'l_max_scalars': 2508, 'k_pivot': 0.05, 'N_ur': 2.0328, 'N_ncdm': 1, 'm_ncdm': 0.06, 'T_ncdm': 0.71611, 'N_ncdm_decay_dr': 1, 'quadrature_strategy_ncdm_decay_dr': 3, 'ncdm_fluid_approximation': 3, 'maximum_q_ncdm_decay_dr': 15.0, 'background_method': 0, 'evolver': 1, 'N_momentum_bins_ncdm_decay_dr': 7, 'l_max_ncdm': 13, 'l_max_dr': 13, 'l_max_dr_col': 13, 'omega_b': 0.027865043919936147, 'omega_cdm': 0.18627360365837564, 'Neff_ini_dncdm': 2.9700424330392696, 'log10lifetime_ncdm_decay_dr': 5.448086188303871, 'm_ncdm_decay_dr': 502.93457476794623, 'H0': 85.43741084186563, 'ln10^{10}A_s': 2.271085873098431, 'n_s': 1.029966481470766, 'tau_reio': 0.336430539446862, 'P_k_max_1/Mpc': 1.0}
skipping to the next model...
[CHILD][Parent Rank 227] | The following model failed in CLASS: 
params: {'lensing': 'yes', 'output': 'tCl,lCl,pCl,mPk', 'l_max_scalars': 2508, 'k_pivot': 0.05, 'N_ur': 2.0328, 'N_ncdm': 1, 'm_ncdm': 0.06, 'T_ncdm': 0.71611, 'N_ncdm_decay_dr': 1, 'quadrature_strategy_ncdm_decay_dr': 3, 'ncdm_fluid_approximation': 3, 'maximum_q_ncdm_decay_dr': 15.0, 'background_method': 0, 'evolver': 1, 'N_momentum_bins_ncdm_decay_dr': 7, 'l_max_ncdm': 13, 'l_max_dr': 13, 'l_max_dr_col': 13, 'omega_b': 0.02374500978806712, 'omega_cdm': 0.2251306372783133, 'Neff_ini_dncdm': 1.8043381977461173, 'log10lifetime_ncdm_decay_dr': 5.292819002870618, 'm_ncdm_decay_dr': 477.95343357595783, 'H0': 96.89339412823152, 'ln10^{10}A_s': 4.570770683186177, 'n_s': 1.050981020602431, 'tau_reio': 0.36639217136281954, 'P_k_max_1/Mpc': 1.0}
error: CosmoComputationError(b'thermodynamics_init(L:446) :error in thermodynamics_reionization(preco, preio, pvecback);\n=>thermodynamics_reionization(L:2283) :condition (tau_sup < tau_reionization_) is true; parameters are such that reionization cannot start after z_start_max')
traceback: Traceback (most recent call last):
  File "/home/maanson/Speciale/connectv2/source/calc_models_mpi_memsafe_child.py", line 639, in main_child
    cosmo.compute()
  File "classy.pyx", line 251, in classy.PyCosmology.compute
  File "classy.pyx", line 272, in classy.PyCosmology.compute
  File "classy.pyx", line 99, in classy.raise_my_py_error
classy.CosmoComputationError: 

Error in Class: thermodynamics_init(L:446) :error in thermodynamics_reionization(preco, preio, pvecback);
=>thermodynamics_reionization(L:2283) :condition (tau_sup < tau_reionization_) is true; parameters are such that reionization cannot start after z_start_max


[PARENT][Rank 227] | ERROR: Child process failed during CLASS computation
Model: {'lensing': 'yes', 'output': 'tCl,lCl,pCl,mPk', 'l_max_scalars': 2508, 'k_pivot': 0.05, 'N_ur': 2.0328, 'N_ncdm': 1, 'm_ncdm': 0.06, 'T_ncdm': 0.71611, 'N_ncdm_decay_dr': 1, 'quadrature_strategy_ncdm_decay_dr': 3, 'ncdm_fluid_approximation': 3, 'maximum_q_ncdm_decay_dr': 15.0, 'background_method': 0, 'evolver': 1, 'N_momentum_bins_ncdm_decay_dr': 7, 'l_max_ncdm': 13, 'l_max_dr': 13, 'l_max_dr_col': 13, 'omega_b': 0.02374500978806712, 'omega_cdm': 0.2251306372783133, 'Neff_ini_dncdm': 1.8043381977461173, 'log10lifetime_ncdm_decay_dr': 5.292819002870618, 'm_ncdm_decay_dr': 477.95343357595783, 'H0': 96.89339412823152, 'ln10^{10}A_s': 4.570770683186177, 'n_s': 1.050981020602431, 'tau_reio': 0.36639217136281954, 'P_k_max_1/Mpc': 1.0}
skipping to the next model...
[CHILD][Parent Rank 215] | The following model failed in CLASS: 
params: {'lensing': 'yes', 'output': 'tCl,lCl,pCl,mPk', 'l_max_scalars': 2508, 'k_pivot': 0.05, 'N_ur': 2.0328, 'N_ncdm': 1, 'm_ncdm': 0.06, 'T_ncdm': 0.71611, 'N_ncdm_decay_dr': 1, 'quadrature_strategy_ncdm_decay_dr': 3, 'ncdm_fluid_approximation': 3, 'maximum_q_ncdm_decay_dr': 15.0, 'background_method': 0, 'evolver': 1, 'N_momentum_bins_ncdm_decay_dr': 7, 'l_max_ncdm': 13, 'l_max_dr': 13, 'l_max_dr_col': 13, 'omega_b': 0.017272618886030485, 'omega_cdm': 0.18632247717069736, 'Neff_ini_dncdm': 2.361182296698419, 'log10lifetime_ncdm_decay_dr': 5.2478890469340875, 'm_ncdm_decay_dr': 335.73519995733614, 'H0': 83.14375052271481, 'ln10^{10}A_s': 2.2101290436273913, 'n_s': 0.7169266224054278, 'tau_reio': 0.3330089431700123, 'P_k_max_1/Mpc': 1.0}
error: CosmoComputationError(b'thermodynamics_init(L:446) :error in thermodynamics_reionization(preco, preio, pvecback);\n=>thermodynamics_reionization(L:2283) :condition (tau_sup < tau_reionization_) is true; parameters are such that reionization cannot start after z_start_max')
traceback: Traceback (most recent call last):
  File "/home/maanson/Speciale/connectv2/source/calc_models_mpi_memsafe_child.py", line 639, in main_child
    cosmo.compute()
  File "classy.pyx", line 251, in classy.PyCosmology.compute
  File "classy.pyx", line 272, in classy.PyCosmology.compute
  File "classy.pyx", line 99, in classy.raise_my_py_error
classy.CosmoComputationError: 

Error in Class: thermodynamics_init(L:446) :error in thermodynamics_reionization(preco, preio, pvecback);
=>thermodynamics_reionization(L:2283) :condition (tau_sup < tau_reionization_) is true; parameters are such that reionization cannot start after z_start_max


[PARENT][Rank 215] | ERROR: Child process failed during CLASS computation
Model: {'lensing': 'yes', 'output': 'tCl,lCl,pCl,mPk', 'l_max_scalars': 2508, 'k_pivot': 0.05, 'N_ur': 2.0328, 'N_ncdm': 1, 'm_ncdm': 0.06, 'T_ncdm': 0.71611, 'N_ncdm_decay_dr': 1, 'quadrature_strategy_ncdm_decay_dr': 3, 'ncdm_fluid_approximation': 3, 'maximum_q_ncdm_decay_dr': 15.0, 'background_method': 0, 'evolver': 1, 'N_momentum_bins_ncdm_decay_dr': 7, 'l_max_ncdm': 13, 'l_max_dr': 13, 'l_max_dr_col': 13, 'omega_b': 0.017272618886030485, 'omega_cdm': 0.18632247717069736, 'Neff_ini_dncdm': 2.361182296698419, 'log10lifetime_ncdm_decay_dr': 5.2478890469340875, 'm_ncdm_decay_dr': 335.73519995733614, 'H0': 83.14375052271481, 'ln10^{10}A_s': 2.2101290436273913, 'n_s': 0.7169266224054278, 'tau_reio': 0.3330089431700123, 'P_k_max_1/Mpc': 1.0}
skipping to the next model...
[CHILD][Parent Rank 398] | The following model failed in CLASS: 
params: {'lensing': 'yes', 'output': 'tCl,lCl,pCl,mPk', 'l_max_scalars': 2508, 'k_pivot': 0.05, 'N_ur': 2.0328, 'N_ncdm': 1, 'm_ncdm': 0.06, 'T_ncdm': 0.71611, 'N_ncdm_decay_dr': 1, 'quadrature_strategy_ncdm_decay_dr': 3, 'ncdm_fluid_approximation': 3, 'maximum_q_ncdm_decay_dr': 15.0, 'background_method': 0, 'evolver': 1, 'N_momentum_bins_ncdm_decay_dr': 7, 'l_max_ncdm': 13, 'l_max_dr': 13, 'l_max_dr_col': 13, 'omega_b': 0.017320898305197334, 'omega_cdm': 0.18906841676167563, 'Neff_ini_dncdm': 2.4658284984537424, 'log10lifetime_ncdm_decay_dr': 5.407064332849149, 'm_ncdm_decay_dr': 455.29705109766434, 'H0': 41.59546619654502, 'ln10^{10}A_s': 2.188902142253169, 'n_s': 1.166444510947776, 'tau_reio': 0.29761026943366337, 'P_k_max_1/Mpc': 1.0}
error: CosmoComputationError(b'thermodynamics_init(L:446) :error in thermodynamics_reionization(preco, preio, pvecback);\n=>thermodynamics_reionization(L:2283) :condition (tau_sup < tau_reionization_) is true; parameters are such that reionization cannot start after z_start_max')
traceback: Traceback (most recent call last):
  File "/home/maanson/Speciale/connectv2/source/calc_models_mpi_memsafe_child.py", line 639, in main_child
    cosmo.compute()
  File "classy.pyx", line 251, in classy.PyCosmology.compute
  File "classy.pyx", line 272, in classy.PyCosmology.compute
  File "classy.pyx", line 99, in classy.raise_my_py_error
classy.CosmoComputationError: 

Error in Class: thermodynamics_init(L:446) :error in thermodynamics_reionization(preco, preio, pvecback);
=>thermodynamics_reionization(L:2283) :condition (tau_sup < tau_reionization_) is true; parameters are such that reionization cannot start after z_start_max


[PARENT][Rank 398] | ERROR: Child process failed during CLASS computation
Model: {'lensing': 'yes', 'output': 'tCl,lCl,pCl,mPk', 'l_max_scalars': 2508, 'k_pivot': 0.05, 'N_ur': 2.0328, 'N_ncdm': 1, 'm_ncdm': 0.06, 'T_ncdm': 0.71611, 'N_ncdm_decay_dr': 1, 'quadrature_strategy_ncdm_decay_dr': 3, 'ncdm_fluid_approximation': 3, 'maximum_q_ncdm_decay_dr': 15.0, 'background_method': 0, 'evolver': 1, 'N_momentum_bins_ncdm_decay_dr': 7, 'l_max_ncdm': 13, 'l_max_dr': 13, 'l_max_dr_col': 13, 'omega_b': 0.017320898305197334, 'omega_cdm': 0.18906841676167563, 'Neff_ini_dncdm': 2.4658284984537424, 'log10lifetime_ncdm_decay_dr': 5.407064332849149, 'm_ncdm_decay_dr': 455.29705109766434, 'H0': 41.59546619654502, 'ln10^{10}A_s': 2.188902142253169, 'n_s': 1.166444510947776, 'tau_reio': 0.29761026943366337, 'P_k_max_1/Mpc': 1.0}
skipping to the next model...
[CHILD][Parent Rank 96] | The following model failed in CLASS: 
params: {'lensing': 'yes', 'output': 'tCl,lCl,pCl,mPk', 'l_max_scalars': 2508, 'k_pivot': 0.05, 'N_ur': 2.0328, 'N_ncdm': 1, 'm_ncdm': 0.06, 'T_ncdm': 0.71611, 'N_ncdm_decay_dr': 1, 'quadrature_strategy_ncdm_decay_dr': 3, 'ncdm_fluid_approximation': 3, 'maximum_q_ncdm_decay_dr': 15.0, 'background_method': 0, 'evolver': 1, 'N_momentum_bins_ncdm_decay_dr': 7, 'l_max_ncdm': 13, 'l_max_dr': 13, 'l_max_dr_col': 13, 'omega_b': 0.014494878948970797, 'omega_cdm': 0.2490065425539526, 'Neff_ini_dncdm': 1.5684502334125168, 'log10lifetime_ncdm_decay_dr': 5.300653678175614, 'm_ncdm_decay_dr': 271.258892960663, 'H0': 57.11085596111607, 'ln10^{10}A_s': 4.266028193449799, 'n_s': 0.7884398879056218, 'tau_reio': 0.29914489517560183, 'P_k_max_1/Mpc': 1.0}
error: CosmoComputationError(b'thermodynamics_init(L:446) :error in thermodynamics_reionization(preco, preio, pvecback);\n=>thermodynamics_reionization(L:2283) :condition (tau_sup < tau_reionization_) is true; parameters are such that reionization cannot start after z_start_max')
traceback: Traceback (most recent call last):
  File "/home/maanson/Speciale/connectv2/source/calc_models_mpi_memsafe_child.py", line 639, in main_child
    cosmo.compute()
  File "classy.pyx", line 251, in classy.PyCosmology.compute
  File "classy.pyx", line 272, in classy.PyCosmology.compute
  File "classy.pyx", line 99, in classy.raise_my_py_error
classy.CosmoComputationError: 

Error in Class: thermodynamics_init(L:446) :error in thermodynamics_reionization(preco, preio, pvecback);
=>thermodynamics_reionization(L:2283) :condition (tau_sup < tau_reionization_) is true; parameters are such that reionization cannot start after z_start_max


[PARENT][Rank 96] | ERROR: Child process failed during CLASS computation
Model: {'lensing': 'yes', 'output': 'tCl,lCl,pCl,mPk', 'l_max_scalars': 2508, 'k_pivot': 0.05, 'N_ur': 2.0328, 'N_ncdm': 1, 'm_ncdm': 0.06, 'T_ncdm': 0.71611, 'N_ncdm_decay_dr': 1, 'quadrature_strategy_ncdm_decay_dr': 3, 'ncdm_fluid_approximation': 3, 'maximum_q_ncdm_decay_dr': 15.0, 'background_method': 0, 'evolver': 1, 'N_momentum_bins_ncdm_decay_dr': 7, 'l_max_ncdm': 13, 'l_max_dr': 13, 'l_max_dr_col': 13, 'omega_b': 0.014494878948970797, 'omega_cdm': 0.2490065425539526, 'Neff_ini_dncdm': 1.5684502334125168, 'log10lifetime_ncdm_decay_dr': 5.300653678175614, 'm_ncdm_decay_dr': 271.258892960663, 'H0': 57.11085596111607, 'ln10^{10}A_s': 4.266028193449799, 'n_s': 0.7884398879056218, 'tau_reio': 0.29914489517560183, 'P_k_max_1/Mpc': 1.0}
skipping to the next model...
[CHILD][Parent Rank 128] | The following model failed in CLASS: 
params: {'lensing': 'yes', 'output': 'tCl,lCl,pCl,mPk', 'l_max_scalars': 2508, 'k_pivot': 0.05, 'N_ur': 2.0328, 'N_ncdm': 1, 'm_ncdm': 0.06, 'T_ncdm': 0.71611, 'N_ncdm_decay_dr': 1, 'quadrature_strategy_ncdm_decay_dr': 3, 'ncdm_fluid_approximation': 3, 'maximum_q_ncdm_decay_dr': 15.0, 'background_method': 0, 'evolver': 1, 'N_momentum_bins_ncdm_decay_dr': 7, 'l_max_ncdm': 13, 'l_max_dr': 13, 'l_max_dr_col': 13, 'omega_b': 0.018995273261393792, 'omega_cdm': 0.23385801863173136, 'Neff_ini_dncdm': 1.100760684743383, 'log10lifetime_ncdm_decay_dr': 5.727434045705257, 'm_ncdm_decay_dr': 393.1827993402589, 'H0': 67.13810025780057, 'ln10^{10}A_s': 2.81631295809108, 'n_s': 1.0781458776121668, 'tau_reio': 0.3481478919251372, 'P_k_max_1/Mpc': 1.0}
error: CosmoComputationError(b'thermodynamics_init(L:446) :error in thermodynamics_reionization(preco, preio, pvecback);\n=>thermodynamics_reionization(L:2283) :condition (tau_sup < tau_reionization_) is true; parameters are such that reionization cannot start after z_start_max')
traceback: Traceback (most recent call last):
  File "/home/maanson/Speciale/connectv2/source/calc_models_mpi_memsafe_child.py", line 639, in main_child
    cosmo.compute()
  File "classy.pyx", line 251, in classy.PyCosmology.compute
  File "classy.pyx", line 272, in classy.PyCosmology.compute
  File "classy.pyx", line 99, in classy.raise_my_py_error
classy.CosmoComputationError: 

Error in Class: thermodynamics_init(L:446) :error in thermodynamics_reionization(preco, preio, pvecback);
=>thermodynamics_reionization(L:2283) :condition (tau_sup < tau_reionization_) is true; parameters are such that reionization cannot start after z_start_max


[PARENT][Rank 128] | ERROR: Child process failed during CLASS computation
Model: {'lensing': 'yes', 'output': 'tCl,lCl,pCl,mPk', 'l_max_scalars': 2508, 'k_pivot': 0.05, 'N_ur': 2.0328, 'N_ncdm': 1, 'm_ncdm': 0.06, 'T_ncdm': 0.71611, 'N_ncdm_decay_dr': 1, 'quadrature_strategy_ncdm_decay_dr': 3, 'ncdm_fluid_approximation': 3, 'maximum_q_ncdm_decay_dr': 15.0, 'background_method': 0, 'evolver': 1, 'N_momentum_bins_ncdm_decay_dr': 7, 'l_max_ncdm': 13, 'l_max_dr': 13, 'l_max_dr_col': 13, 'omega_b': 0.018995273261393792, 'omega_cdm': 0.23385801863173136, 'Neff_ini_dncdm': 1.100760684743383, 'log10lifetime_ncdm_decay_dr': 5.727434045705257, 'm_ncdm_decay_dr': 393.1827993402589, 'H0': 67.13810025780057, 'ln10^{10}A_s': 2.81631295809108, 'n_s': 1.0781458776121668, 'tau_reio': 0.3481478919251372, 'P_k_max_1/Mpc': 1.0}
skipping to the next model...
[CHILD][Parent Rank 26] | The following model failed in CLASS: 
params: {'lensing': 'yes', 'output': 'tCl,lCl,pCl,mPk', 'l_max_scalars': 2508, 'k_pivot': 0.05, 'N_ur': 2.0328, 'N_ncdm': 1, 'm_ncdm': 0.06, 'T_ncdm': 0.71611, 'N_ncdm_decay_dr': 1, 'quadrature_strategy_ncdm_decay_dr': 3, 'ncdm_fluid_approximation': 3, 'maximum_q_ncdm_decay_dr': 15.0, 'background_method': 0, 'evolver': 1, 'N_momentum_bins_ncdm_decay_dr': 7, 'l_max_ncdm': 13, 'l_max_dr': 13, 'l_max_dr_col': 13, 'omega_b': 0.01554667422920595, 'omega_cdm': 0.14798377647923702, 'Neff_ini_dncdm': 2.969824536394455, 'log10lifetime_ncdm_decay_dr': 5.596138345257435, 'm_ncdm_decay_dr': 324.38262201239905, 'H0': 79.02007549224648, 'ln10^{10}A_s': 4.444224415186097, 'n_s': 0.8646872137938079, 'tau_reio': 0.25858210148611876, 'P_k_max_1/Mpc': 1.0}
error: CosmoComputationError(b'thermodynamics_init(L:446) :error in thermodynamics_reionization(preco, preio, pvecback);\n=>thermodynamics_reionization(L:2283) :condition (tau_sup < tau_reionization_) is true; parameters are such that reionization cannot start after z_start_max')
traceback: Traceback (most recent call last):
  File "/home/maanson/Speciale/connectv2/source/calc_models_mpi_memsafe_child.py", line 639, in main_child
    cosmo.compute()
  File "classy.pyx", line 251, in classy.PyCosmology.compute
  File "classy.pyx", line 272, in classy.PyCosmology.compute
  File "classy.pyx", line 99, in classy.raise_my_py_error
classy.CosmoComputationError: 

Error in Class: thermodynamics_init(L:446) :error in thermodynamics_reionization(preco, preio, pvecback);
=>thermodynamics_reionization(L:2283) :condition (tau_sup < tau_reionization_) is true; parameters are such that reionization cannot start after z_start_max


[PARENT][Rank 26] | ERROR: Child process failed during CLASS computation
Model: {'lensing': 'yes', 'output': 'tCl,lCl,pCl,mPk', 'l_max_scalars': 2508, 'k_pivot': 0.05, 'N_ur': 2.0328, 'N_ncdm': 1, 'm_ncdm': 0.06, 'T_ncdm': 0.71611, 'N_ncdm_decay_dr': 1, 'quadrature_strategy_ncdm_decay_dr': 3, 'ncdm_fluid_approximation': 3, 'maximum_q_ncdm_decay_dr': 15.0, 'background_method': 0, 'evolver': 1, 'N_momentum_bins_ncdm_decay_dr': 7, 'l_max_ncdm': 13, 'l_max_dr': 13, 'l_max_dr_col': 13, 'omega_b': 0.01554667422920595, 'omega_cdm': 0.14798377647923702, 'Neff_ini_dncdm': 2.969824536394455, 'log10lifetime_ncdm_decay_dr': 5.596138345257435, 'm_ncdm_decay_dr': 324.38262201239905, 'H0': 79.02007549224648, 'ln10^{10}A_s': 4.444224415186097, 'n_s': 0.8646872137938079, 'tau_reio': 0.25858210148611876, 'P_k_max_1/Mpc': 1.0}
skipping to the next model...
[CHILD][Parent Rank 356] | The following model failed in CLASS: 
params: {'lensing': 'yes', 'output': 'tCl,lCl,pCl,mPk', 'l_max_scalars': 2508, 'k_pivot': 0.05, 'N_ur': 2.0328, 'N_ncdm': 1, 'm_ncdm': 0.06, 'T_ncdm': 0.71611, 'N_ncdm_decay_dr': 1, 'quadrature_strategy_ncdm_decay_dr': 3, 'ncdm_fluid_approximation': 3, 'maximum_q_ncdm_decay_dr': 15.0, 'background_method': 0, 'evolver': 1, 'N_momentum_bins_ncdm_decay_dr': 7, 'l_max_ncdm': 13, 'l_max_dr': 13, 'l_max_dr_col': 13, 'omega_b': 0.014222597994023995, 'omega_cdm': 0.24989409111388006, 'Neff_ini_dncdm': 1.4474840751804074, 'log10lifetime_ncdm_decay_dr': 2.5273619681805544, 'm_ncdm_decay_dr': 511.3354733247657, 'H0': 79.32264398808297, 'ln10^{10}A_s': 3.277210767080288, 'n_s': 0.872249079383424, 'tau_reio': 0.361414040491594, 'P_k_max_1/Mpc': 1.0}
error: CosmoComputationError(b'thermodynamics_init(L:446) :error in thermodynamics_reionization(preco, preio, pvecback);\n=>thermodynamics_reionization(L:2283) :condition (tau_sup < tau_reionization_) is true; parameters are such that reionization cannot start after z_start_max')
traceback: Traceback (most recent call last):
  File "/home/maanson/Speciale/connectv2/source/calc_models_mpi_memsafe_child.py", line 639, in main_child
    cosmo.compute()
  File "classy.pyx", line 251, in classy.PyCosmology.compute
  File "classy.pyx", line 272, in classy.PyCosmology.compute
  File "classy.pyx", line 99, in classy.raise_my_py_error
classy.CosmoComputationError: 

Error in Class: thermodynamics_init(L:446) :error in thermodynamics_reionization(preco, preio, pvecback);
=>thermodynamics_reionization(L:2283) :condition (tau_sup < tau_reionization_) is true; parameters are such that reionization cannot start after z_start_max


[PARENT][Rank 356] | ERROR: Child process failed during CLASS computation
Model: {'lensing': 'yes', 'output': 'tCl,lCl,pCl,mPk', 'l_max_scalars': 2508, 'k_pivot': 0.05, 'N_ur': 2.0328, 'N_ncdm': 1, 'm_ncdm': 0.06, 'T_ncdm': 0.71611, 'N_ncdm_decay_dr': 1, 'quadrature_strategy_ncdm_decay_dr': 3, 'ncdm_fluid_approximation': 3, 'maximum_q_ncdm_decay_dr': 15.0, 'background_method': 0, 'evolver': 1, 'N_momentum_bins_ncdm_decay_dr': 7, 'l_max_ncdm': 13, 'l_max_dr': 13, 'l_max_dr_col': 13, 'omega_b': 0.014222597994023995, 'omega_cdm': 0.24989409111388006, 'Neff_ini_dncdm': 1.4474840751804074, 'log10lifetime_ncdm_decay_dr': 2.5273619681805544, 'm_ncdm_decay_dr': 511.3354733247657, 'H0': 79.32264398808297, 'ln10^{10}A_s': 3.277210767080288, 'n_s': 0.872249079383424, 'tau_reio': 0.361414040491594, 'P_k_max_1/Mpc': 1.0}
skipping to the next model...
[CHILD][Parent Rank 129] | The following model failed in CLASS: 
params: {'lensing': 'yes', 'output': 'tCl,lCl,pCl,mPk', 'l_max_scalars': 2508, 'k_pivot': 0.05, 'N_ur': 2.0328, 'N_ncdm': 1, 'm_ncdm': 0.06, 'T_ncdm': 0.71611, 'N_ncdm_decay_dr': 1, 'quadrature_strategy_ncdm_decay_dr': 3, 'ncdm_fluid_approximation': 3, 'maximum_q_ncdm_decay_dr': 15.0, 'background_method': 0, 'evolver': 1, 'N_momentum_bins_ncdm_decay_dr': 7, 'l_max_ncdm': 13, 'l_max_dr': 13, 'l_max_dr_col': 13, 'omega_b': 0.01470587864256678, 'omega_cdm': 0.00424349489713776, 'Neff_ini_dncdm': 2.3359246612182245, 'log10lifetime_ncdm_decay_dr': 5.641890712493947, 'm_ncdm_decay_dr': 328.38963195777285, 'H0': 44.92607983869762, 'ln10^{10}A_s': 3.3207107381984695, 'n_s': 0.7213033498286109, 'tau_reio': 0.31425280691273827, 'P_k_max_1/Mpc': 1.0}
error: CosmoComputationError(b'thermodynamics_init(L:446) :error in thermodynamics_reionization(preco, preio, pvecback);\n=>thermodynamics_reionization(L:2283) :condition (tau_sup < tau_reionization_) is true; parameters are such that reionization cannot start after z_start_max')
traceback: Traceback (most recent call last):
  File "/home/maanson/Speciale/connectv2/source/calc_models_mpi_memsafe_child.py", line 639, in main_child
    cosmo.compute()
  File "classy.pyx", line 251, in classy.PyCosmology.compute
  File "classy.pyx", line 272, in classy.PyCosmology.compute
  File "classy.pyx", line 99, in classy.raise_my_py_error
classy.CosmoComputationError: 

Error in Class: thermodynamics_init(L:446) :error in thermodynamics_reionization(preco, preio, pvecback);
=>thermodynamics_reionization(L:2283) :condition (tau_sup < tau_reionization_) is true; parameters are such that reionization cannot start after z_start_max


[PARENT][Rank 129] | ERROR: Child process failed during CLASS computation
Model: {'lensing': 'yes', 'output': 'tCl,lCl,pCl,mPk', 'l_max_scalars': 2508, 'k_pivot': 0.05, 'N_ur': 2.0328, 'N_ncdm': 1, 'm_ncdm': 0.06, 'T_ncdm': 0.71611, 'N_ncdm_decay_dr': 1, 'quadrature_strategy_ncdm_decay_dr': 3, 'ncdm_fluid_approximation': 3, 'maximum_q_ncdm_decay_dr': 15.0, 'background_method': 0, 'evolver': 1, 'N_momentum_bins_ncdm_decay_dr': 7, 'l_max_ncdm': 13, 'l_max_dr': 13, 'l_max_dr_col': 13, 'omega_b': 0.01470587864256678, 'omega_cdm': 0.00424349489713776, 'Neff_ini_dncdm': 2.3359246612182245, 'log10lifetime_ncdm_decay_dr': 5.641890712493947, 'm_ncdm_decay_dr': 328.38963195777285, 'H0': 44.92607983869762, 'ln10^{10}A_s': 3.3207107381984695, 'n_s': 0.7213033498286109, 'tau_reio': 0.31425280691273827, 'P_k_max_1/Mpc': 1.0}
skipping to the next model...
[CHILD][Parent Rank 221] | The following model failed in CLASS: 
params: {'lensing': 'yes', 'output': 'tCl,lCl,pCl,mPk', 'l_max_scalars': 2508, 'k_pivot': 0.05, 'N_ur': 2.0328, 'N_ncdm': 1, 'm_ncdm': 0.06, 'T_ncdm': 0.71611, 'N_ncdm_decay_dr': 1, 'quadrature_strategy_ncdm_decay_dr': 3, 'ncdm_fluid_approximation': 3, 'maximum_q_ncdm_decay_dr': 15.0, 'background_method': 0, 'evolver': 1, 'N_momentum_bins_ncdm_decay_dr': 7, 'l_max_ncdm': 13, 'l_max_dr': 13, 'l_max_dr_col': 13, 'omega_b': 0.014950677820272307, 'omega_cdm': 0.21938753385027399, 'Neff_ini_dncdm': 2.211249403278149, 'log10lifetime_ncdm_decay_dr': 5.458946987325418, 'm_ncdm_decay_dr': 369.7448743783554, 'H0': 50.087504808055, 'ln10^{10}A_s': 3.7678350427711806, 'n_s': 0.7504083550578101, 'tau_reio': 0.28517734210821316, 'P_k_max_1/Mpc': 1.0}
error: CosmoComputationError(b'thermodynamics_init(L:446) :error in thermodynamics_reionization(preco, preio, pvecback);\n=>thermodynamics_reionization(L:2283) :condition (tau_sup < tau_reionization_) is true; parameters are such that reionization cannot start after z_start_max')
traceback: Traceback (most recent call last):
  File "/home/maanson/Speciale/connectv2/source/calc_models_mpi_memsafe_child.py", line 639, in main_child
    cosmo.compute()
  File "classy.pyx", line 251, in classy.PyCosmology.compute
  File "classy.pyx", line 272, in classy.PyCosmology.compute
  File "classy.pyx", line 99, in classy.raise_my_py_error
classy.CosmoComputationError: 

Error in Class: thermodynamics_init(L:446) :error in thermodynamics_reionization(preco, preio, pvecback);
=>thermodynamics_reionization(L:2283) :condition (tau_sup < tau_reionization_) is true; parameters are such that reionization cannot start after z_start_max


[PARENT][Rank 221] | ERROR: Child process failed during CLASS computation
Model: {'lensing': 'yes', 'output': 'tCl,lCl,pCl,mPk', 'l_max_scalars': 2508, 'k_pivot': 0.05, 'N_ur': 2.0328, 'N_ncdm': 1, 'm_ncdm': 0.06, 'T_ncdm': 0.71611, 'N_ncdm_decay_dr': 1, 'quadrature_strategy_ncdm_decay_dr': 3, 'ncdm_fluid_approximation': 3, 'maximum_q_ncdm_decay_dr': 15.0, 'background_method': 0, 'evolver': 1, 'N_momentum_bins_ncdm_decay_dr': 7, 'l_max_ncdm': 13, 'l_max_dr': 13, 'l_max_dr_col': 13, 'omega_b': 0.014950677820272307, 'omega_cdm': 0.21938753385027399, 'Neff_ini_dncdm': 2.211249403278149, 'log10lifetime_ncdm_decay_dr': 5.458946987325418, 'm_ncdm_decay_dr': 369.7448743783554, 'H0': 50.087504808055, 'ln10^{10}A_s': 3.7678350427711806, 'n_s': 0.7504083550578101, 'tau_reio': 0.28517734210821316, 'P_k_max_1/Mpc': 1.0}
skipping to the next model...
[CHILD][Parent Rank 347] | The following model failed in CLASS: 
params: {'lensing': 'yes', 'output': 'tCl,lCl,pCl,mPk', 'l_max_scalars': 2508, 'k_pivot': 0.05, 'N_ur': 2.0328, 'N_ncdm': 1, 'm_ncdm': 0.06, 'T_ncdm': 0.71611, 'N_ncdm_decay_dr': 1, 'quadrature_strategy_ncdm_decay_dr': 3, 'ncdm_fluid_approximation': 3, 'maximum_q_ncdm_decay_dr': 15.0, 'background_method': 0, 'evolver': 1, 'N_momentum_bins_ncdm_decay_dr': 7, 'l_max_ncdm': 13, 'l_max_dr': 13, 'l_max_dr_col': 13, 'omega_b': 0.020182104817027584, 'omega_cdm': 0.03030536158309282, 'Neff_ini_dncdm': 2.2351831366586463, 'log10lifetime_ncdm_decay_dr': 5.7967904300361806, 'm_ncdm_decay_dr': 326.1846980360019, 'H0': 99.72985081268462, 'ln10^{10}A_s': 3.6254574622846376, 'n_s': 1.0520496145668154, 'tau_reio': 0.3535279919672226, 'P_k_max_1/Mpc': 1.0}
error: CosmoComputationError(b'thermodynamics_init(L:446) :error in thermodynamics_reionization(preco, preio, pvecback);\n=>thermodynamics_reionization(L:2283) :condition (tau_sup < tau_reionization_) is true; parameters are such that reionization cannot start after z_start_max')
traceback: Traceback (most recent call last):
  File "/home/maanson/Speciale/connectv2/source/calc_models_mpi_memsafe_child.py", line 639, in main_child
    cosmo.compute()
  File "classy.pyx", line 251, in classy.PyCosmology.compute
  File "classy.pyx", line 272, in classy.PyCosmology.compute
  File "classy.pyx", line 99, in classy.raise_my_py_error
classy.CosmoComputationError: 

Error in Class: thermodynamics_init(L:446) :error in thermodynamics_reionization(preco, preio, pvecback);
=>thermodynamics_reionization(L:2283) :condition (tau_sup < tau_reionization_) is true; parameters are such that reionization cannot start after z_start_max


[PARENT][Rank 347] | ERROR: Child process failed during CLASS computation
Model: {'lensing': 'yes', 'output': 'tCl,lCl,pCl,mPk', 'l_max_scalars': 2508, 'k_pivot': 0.05, 'N_ur': 2.0328, 'N_ncdm': 1, 'm_ncdm': 0.06, 'T_ncdm': 0.71611, 'N_ncdm_decay_dr': 1, 'quadrature_strategy_ncdm_decay_dr': 3, 'ncdm_fluid_approximation': 3, 'maximum_q_ncdm_decay_dr': 15.0, 'background_method': 0, 'evolver': 1, 'N_momentum_bins_ncdm_decay_dr': 7, 'l_max_ncdm': 13, 'l_max_dr': 13, 'l_max_dr_col': 13, 'omega_b': 0.020182104817027584, 'omega_cdm': 0.03030536158309282, 'Neff_ini_dncdm': 2.2351831366586463, 'log10lifetime_ncdm_decay_dr': 5.7967904300361806, 'm_ncdm_decay_dr': 326.1846980360019, 'H0': 99.72985081268462, 'ln10^{10}A_s': 3.6254574622846376, 'n_s': 1.0520496145668154, 'tau_reio': 0.3535279919672226, 'P_k_max_1/Mpc': 1.0}
skipping to the next model...
[CHILD][Parent Rank 105] | The following model failed in CLASS: 
params: {'lensing': 'yes', 'output': 'tCl,lCl,pCl,mPk', 'l_max_scalars': 2508, 'k_pivot': 0.05, 'N_ur': 2.0328, 'N_ncdm': 1, 'm_ncdm': 0.06, 'T_ncdm': 0.71611, 'N_ncdm_decay_dr': 1, 'quadrature_strategy_ncdm_decay_dr': 3, 'ncdm_fluid_approximation': 3, 'maximum_q_ncdm_decay_dr': 15.0, 'background_method': 0, 'evolver': 1, 'N_momentum_bins_ncdm_decay_dr': 7, 'l_max_ncdm': 13, 'l_max_dr': 13, 'l_max_dr_col': 13, 'omega_b': 0.02233652719006647, 'omega_cdm': 0.04941328581385045, 'Neff_ini_dncdm': 2.1089049916825884, 'log10lifetime_ncdm_decay_dr': 5.936751952672025, 'm_ncdm_decay_dr': 374.099145120561, 'H0': 84.95595752786338, 'ln10^{10}A_s': 4.457169695414356, 'n_s': 0.7481882455405526, 'tau_reio': 0.38375558712971297, 'P_k_max_1/Mpc': 1.0}
error: CosmoComputationError(b'thermodynamics_init(L:446) :error in thermodynamics_reionization(preco, preio, pvecback);\n=>thermodynamics_reionization(L:2283) :condition (tau_sup < tau_reionization_) is true; parameters are such that reionization cannot start after z_start_max')
traceback: Traceback (most recent call last):
  File "/home/maanson/Speciale/connectv2/source/calc_models_mpi_memsafe_child.py", line 639, in main_child
    cosmo.compute()
  File "classy.pyx", line 251, in classy.PyCosmology.compute
  File "classy.pyx", line 272, in classy.PyCosmology.compute
  File "classy.pyx", line 99, in classy.raise_my_py_error
classy.CosmoComputationError: 

Error in Class: thermodynamics_init(L:446) :error in thermodynamics_reionization(preco, preio, pvecback);
=>thermodynamics_reionization(L:2283) :condition (tau_sup < tau_reionization_) is true; parameters are such that reionization cannot start after z_start_max


[PARENT][Rank 105] | ERROR: Child process failed during CLASS computation
Model: {'lensing': 'yes', 'output': 'tCl,lCl,pCl,mPk', 'l_max_scalars': 2508, 'k_pivot': 0.05, 'N_ur': 2.0328, 'N_ncdm': 1, 'm_ncdm': 0.06, 'T_ncdm': 0.71611, 'N_ncdm_decay_dr': 1, 'quadrature_strategy_ncdm_decay_dr': 3, 'ncdm_fluid_approximation': 3, 'maximum_q_ncdm_decay_dr': 15.0, 'background_method': 0, 'evolver': 1, 'N_momentum_bins_ncdm_decay_dr': 7, 'l_max_ncdm': 13, 'l_max_dr': 13, 'l_max_dr_col': 13, 'omega_b': 0.02233652719006647, 'omega_cdm': 0.04941328581385045, 'Neff_ini_dncdm': 2.1089049916825884, 'log10lifetime_ncdm_decay_dr': 5.936751952672025, 'm_ncdm_decay_dr': 374.099145120561, 'H0': 84.95595752786338, 'ln10^{10}A_s': 4.457169695414356, 'n_s': 0.7481882455405526, 'tau_reio': 0.38375558712971297, 'P_k_max_1/Mpc': 1.0}
skipping to the next model...
[CHILD][Parent Rank 107] | The following model failed in CLASS: 
params: {'lensing': 'yes', 'output': 'tCl,lCl,pCl,mPk', 'l_max_scalars': 2508, 'k_pivot': 0.05, 'N_ur': 2.0328, 'N_ncdm': 1, 'm_ncdm': 0.06, 'T_ncdm': 0.71611, 'N_ncdm_decay_dr': 1, 'quadrature_strategy_ncdm_decay_dr': 3, 'ncdm_fluid_approximation': 3, 'maximum_q_ncdm_decay_dr': 15.0, 'background_method': 0, 'evolver': 1, 'N_momentum_bins_ncdm_decay_dr': 7, 'l_max_ncdm': 13, 'l_max_dr': 13, 'l_max_dr_col': 13, 'omega_b': 0.01613976554163571, 'omega_cdm': 0.1897432291919091, 'Neff_ini_dncdm': 0.8221279819858929, 'log10lifetime_ncdm_decay_dr': 5.923248351813857, 'm_ncdm_decay_dr': 263.5216146642558, 'H0': 43.1899120567237, 'ln10^{10}A_s': 1.1220961869006143, 'n_s': 1.0896694039076442, 'tau_reio': 0.3572685795272115, 'P_k_max_1/Mpc': 1.0}
error: CosmoComputationError(b'thermodynamics_init(L:446) :error in thermodynamics_reionization(preco, preio, pvecback);\n=>thermodynamics_reionization(L:2283) :condition (tau_sup < tau_reionization_) is true; parameters are such that reionization cannot start after z_start_max')
traceback: Traceback (most recent call last):
  File "/home/maanson/Speciale/connectv2/source/calc_models_mpi_memsafe_child.py", line 639, in main_child
    cosmo.compute()
  File "classy.pyx", line 251, in classy.PyCosmology.compute
  File "classy.pyx", line 272, in classy.PyCosmology.compute
  File "classy.pyx", line 99, in classy.raise_my_py_error
classy.CosmoComputationError: 

Error in Class: thermodynamics_init(L:446) :error in thermodynamics_reionization(preco, preio, pvecback);
=>thermodynamics_reionization(L:2283) :condition (tau_sup < tau_reionization_) is true; parameters are such that reionization cannot start after z_start_max


[PARENT][Rank 107] | ERROR: Child process failed during CLASS computation
Model: {'lensing': 'yes', 'output': 'tCl,lCl,pCl,mPk', 'l_max_scalars': 2508, 'k_pivot': 0.05, 'N_ur': 2.0328, 'N_ncdm': 1, 'm_ncdm': 0.06, 'T_ncdm': 0.71611, 'N_ncdm_decay_dr': 1, 'quadrature_strategy_ncdm_decay_dr': 3, 'ncdm_fluid_approximation': 3, 'maximum_q_ncdm_decay_dr': 15.0, 'background_method': 0, 'evolver': 1, 'N_momentum_bins_ncdm_decay_dr': 7, 'l_max_ncdm': 13, 'l_max_dr': 13, 'l_max_dr_col': 13, 'omega_b': 0.01613976554163571, 'omega_cdm': 0.1897432291919091, 'Neff_ini_dncdm': 0.8221279819858929, 'log10lifetime_ncdm_decay_dr': 5.923248351813857, 'm_ncdm_decay_dr': 263.5216146642558, 'H0': 43.1899120567237, 'ln10^{10}A_s': 1.1220961869006143, 'n_s': 1.0896694039076442, 'tau_reio': 0.3572685795272115, 'P_k_max_1/Mpc': 1.0}
skipping to the next model...
[CHILD][Parent Rank 203] | The following model failed in CLASS: 
params: {'lensing': 'yes', 'output': 'tCl,lCl,pCl,mPk', 'l_max_scalars': 2508, 'k_pivot': 0.05, 'N_ur': 2.0328, 'N_ncdm': 1, 'm_ncdm': 0.06, 'T_ncdm': 0.71611, 'N_ncdm_decay_dr': 1, 'quadrature_strategy_ncdm_decay_dr': 3, 'ncdm_fluid_approximation': 3, 'maximum_q_ncdm_decay_dr': 15.0, 'background_method': 0, 'evolver': 1, 'N_momentum_bins_ncdm_decay_dr': 7, 'l_max_ncdm': 13, 'l_max_dr': 13, 'l_max_dr_col': 13, 'omega_b': 0.014795462740845188, 'omega_cdm': 0.13520923985747363, 'Neff_ini_dncdm': 2.3381833435987023, 'log10lifetime_ncdm_decay_dr': 5.870117246824674, 'm_ncdm_decay_dr': 236.70802319086857, 'H0': 68.25460093391808, 'ln10^{10}A_s': 1.1074738661440622, 'n_s': 1.2525935076982626, 'tau_reio': 0.2574715155396299, 'P_k_max_1/Mpc': 1.0}
error: CosmoComputationError(b'thermodynamics_init(L:446) :error in thermodynamics_reionization(preco, preio, pvecback);\n=>thermodynamics_reionization(L:2283) :condition (tau_sup < tau_reionization_) is true; parameters are such that reionization cannot start after z_start_max')
traceback: Traceback (most recent call last):
  File "/home/maanson/Speciale/connectv2/source/calc_models_mpi_memsafe_child.py", line 639, in main_child
    cosmo.compute()
  File "classy.pyx", line 251, in classy.PyCosmology.compute
  File "classy.pyx", line 272, in classy.PyCosmology.compute
  File "classy.pyx", line 99, in classy.raise_my_py_error
classy.CosmoComputationError: 

Error in Class: thermodynamics_init(L:446) :error in thermodynamics_reionization(preco, preio, pvecback);
=>thermodynamics_reionization(L:2283) :condition (tau_sup < tau_reionization_) is true; parameters are such that reionization cannot start after z_start_max


[CHILD][Parent Rank 201] | The following model failed in CLASS: 
params: {'lensing': 'yes', 'output': 'tCl,lCl,pCl,mPk', 'l_max_scalars': 2508, 'k_pivot': 0.05, 'N_ur': 2.0328, 'N_ncdm': 1, 'm_ncdm': 0.06, 'T_ncdm': 0.71611, 'N_ncdm_decay_dr': 1, 'quadrature_strategy_ncdm_decay_dr': 3, 'ncdm_fluid_approximation': 3, 'maximum_q_ncdm_decay_dr': 15.0, 'background_method': 0, 'evolver': 1, 'N_momentum_bins_ncdm_decay_dr': 7, 'l_max_ncdm': 13, 'l_max_dr': 13, 'l_max_dr_col': 13, 'omega_b': 0.01706747110710402, 'omega_cdm': 0.0811349347748607, 'Neff_ini_dncdm': 2.058817950815777, 'log10lifetime_ncdm_decay_dr': 5.861965126341692, 'm_ncdm_decay_dr': 284.12549992067983, 'H0': 74.87728019986699, 'ln10^{10}A_s': 4.801520724443483, 'n_s': 1.2216782498448406, 'tau_reio': 0.2920088699037428, 'P_k_max_1/Mpc': 1.0}
error: CosmoComputationError(b'thermodynamics_init(L:446) :error in thermodynamics_reionization(preco, preio, pvecback);\n=>thermodynamics_reionization(L:2283) :condition (tau_sup < tau_reionization_) is true; parameters are such that reionization cannot start after z_start_max')
traceback: Traceback (most recent call last):
  File "/home/maanson/Speciale/connectv2/source/calc_models_mpi_memsafe_child.py", line 639, in main_child
    cosmo.compute()
  File "classy.pyx", line 251, in classy.PyCosmology.compute
  File "classy.pyx", line 272, in classy.PyCosmology.compute
  File "classy.pyx", line 99, in classy.raise_my_py_error
classy.CosmoComputationError: 

Error in Class: thermodynamics_init(L:446) :error in thermodynamics_reionization(preco, preio, pvecback);
=>thermodynamics_reionization(L:2283) :condition (tau_sup < tau_reionization_) is true; parameters are such that reionization cannot start after z_start_max


[PARENT][Rank 203] | ERROR: Child process failed during CLASS computation
Model: {'lensing': 'yes', 'output': 'tCl,lCl,pCl,mPk', 'l_max_scalars': 2508, 'k_pivot': 0.05, 'N_ur': 2.0328, 'N_ncdm': 1, 'm_ncdm': 0.06, 'T_ncdm': 0.71611, 'N_ncdm_decay_dr': 1, 'quadrature_strategy_ncdm_decay_dr': 3, 'ncdm_fluid_approximation': 3, 'maximum_q_ncdm_decay_dr': 15.0, 'background_method': 0, 'evolver': 1, 'N_momentum_bins_ncdm_decay_dr': 7, 'l_max_ncdm': 13, 'l_max_dr': 13, 'l_max_dr_col': 13, 'omega_b': 0.014795462740845188, 'omega_cdm': 0.13520923985747363, 'Neff_ini_dncdm': 2.3381833435987023, 'log10lifetime_ncdm_decay_dr': 5.870117246824674, 'm_ncdm_decay_dr': 236.70802319086857, 'H0': 68.25460093391808, 'ln10^{10}A_s': 1.1074738661440622, 'n_s': 1.2525935076982626, 'tau_reio': 0.2574715155396299, 'P_k_max_1/Mpc': 1.0}
skipping to the next model...
[PARENT][Rank 201] | ERROR: Child process failed during CLASS computation
Model: {'lensing': 'yes', 'output': 'tCl,lCl,pCl,mPk', 'l_max_scalars': 2508, 'k_pivot': 0.05, 'N_ur': 2.0328, 'N_ncdm': 1, 'm_ncdm': 0.06, 'T_ncdm': 0.71611, 'N_ncdm_decay_dr': 1, 'quadrature_strategy_ncdm_decay_dr': 3, 'ncdm_fluid_approximation': 3, 'maximum_q_ncdm_decay_dr': 15.0, 'background_method': 0, 'evolver': 1, 'N_momentum_bins_ncdm_decay_dr': 7, 'l_max_ncdm': 13, 'l_max_dr': 13, 'l_max_dr_col': 13, 'omega_b': 0.01706747110710402, 'omega_cdm': 0.0811349347748607, 'Neff_ini_dncdm': 2.058817950815777, 'log10lifetime_ncdm_decay_dr': 5.861965126341692, 'm_ncdm_decay_dr': 284.12549992067983, 'H0': 74.87728019986699, 'ln10^{10}A_s': 4.801520724443483, 'n_s': 1.2216782498448406, 'tau_reio': 0.2920088699037428, 'P_k_max_1/Mpc': 1.0}
skipping to the next model...
[CHILD][Parent Rank 369] | The following model failed in CLASS: 
params: {'lensing': 'yes', 'output': 'tCl,lCl,pCl,mPk', 'l_max_scalars': 2508, 'k_pivot': 0.05, 'N_ur': 2.0328, 'N_ncdm': 1, 'm_ncdm': 0.06, 'T_ncdm': 0.71611, 'N_ncdm_decay_dr': 1, 'quadrature_strategy_ncdm_decay_dr': 3, 'ncdm_fluid_approximation': 3, 'maximum_q_ncdm_decay_dr': 15.0, 'background_method': 0, 'evolver': 1, 'N_momentum_bins_ncdm_decay_dr': 7, 'l_max_ncdm': 13, 'l_max_dr': 13, 'l_max_dr_col': 13, 'omega_b': 0.021416747728864986, 'omega_cdm': 0.046803943279855424, 'Neff_ini_dncdm': 1.9619582964033098, 'log10lifetime_ncdm_decay_dr': 5.239224451511207, 'm_ncdm_decay_dr': 475.9158104791692, 'H0': 65.86681979606334, 'ln10^{10}A_s': 2.3644456572706947, 'n_s': 1.0277277331309058, 'tau_reio': 0.38982995158937717, 'P_k_max_1/Mpc': 1.0}
error: CosmoComputationError(b'thermodynamics_init(L:446) :error in thermodynamics_reionization(preco, preio, pvecback);\n=>thermodynamics_reionization(L:2283) :condition (tau_sup < tau_reionization_) is true; parameters are such that reionization cannot start after z_start_max')
traceback: Traceback (most recent call last):
  File "/home/maanson/Speciale/connectv2/source/calc_models_mpi_memsafe_child.py", line 639, in main_child
    cosmo.compute()
  File "classy.pyx", line 251, in classy.PyCosmology.compute
  File "classy.pyx", line 272, in classy.PyCosmology.compute
  File "classy.pyx", line 99, in classy.raise_my_py_error
classy.CosmoComputationError: 

Error in Class: thermodynamics_init(L:446) :error in thermodynamics_reionization(preco, preio, pvecback);
=>thermodynamics_reionization(L:2283) :condition (tau_sup < tau_reionization_) is true; parameters are such that reionization cannot start after z_start_max


[PARENT][Rank 369] | ERROR: Child process failed during CLASS computation
Model: {'lensing': 'yes', 'output': 'tCl,lCl,pCl,mPk', 'l_max_scalars': 2508, 'k_pivot': 0.05, 'N_ur': 2.0328, 'N_ncdm': 1, 'm_ncdm': 0.06, 'T_ncdm': 0.71611, 'N_ncdm_decay_dr': 1, 'quadrature_strategy_ncdm_decay_dr': 3, 'ncdm_fluid_approximation': 3, 'maximum_q_ncdm_decay_dr': 15.0, 'background_method': 0, 'evolver': 1, 'N_momentum_bins_ncdm_decay_dr': 7, 'l_max_ncdm': 13, 'l_max_dr': 13, 'l_max_dr_col': 13, 'omega_b': 0.021416747728864986, 'omega_cdm': 0.046803943279855424, 'Neff_ini_dncdm': 1.9619582964033098, 'log10lifetime_ncdm_decay_dr': 5.239224451511207, 'm_ncdm_decay_dr': 475.9158104791692, 'H0': 65.86681979606334, 'ln10^{10}A_s': 2.3644456572706947, 'n_s': 1.0277277331309058, 'tau_reio': 0.38982995158937717, 'P_k_max_1/Mpc': 1.0}
skipping to the next model...
[PARENT][Rank 222] | ERROR: Timeout while waiting for response from child process after CLASS computations. Child may be unresponsive.

[CHILD][Parent Rank 172] | The following model failed in CLASS: 
params: {'lensing': 'yes', 'output': 'tCl,lCl,pCl,mPk', 'l_max_scalars': 2508, 'k_pivot': 0.05, 'N_ur': 2.0328, 'N_ncdm': 1, 'm_ncdm': 0.06, 'T_ncdm': 0.71611, 'N_ncdm_decay_dr': 1, 'quadrature_strategy_ncdm_decay_dr': 3, 'ncdm_fluid_approximation': 3, 'maximum_q_ncdm_decay_dr': 15.0, 'background_method': 0, 'evolver': 1, 'N_momentum_bins_ncdm_decay_dr': 7, 'l_max_ncdm': 13, 'l_max_dr': 13, 'l_max_dr_col': 13, 'omega_b': 0.016405052891598187, 'omega_cdm': 0.22262871334964285, 'Neff_ini_dncdm': 2.0729355401772396, 'log10lifetime_ncdm_decay_dr': 4.548197868878218, 'm_ncdm_decay_dr': 343.89721452307555, 'H0': 55.746398382329886, 'ln10^{10}A_s': 3.1985599575935817, 'n_s': 0.9609244013707433, 'tau_reio': 0.353943964300457, 'P_k_max_1/Mpc': 1.0}
error: CosmoComputationError(b'thermodynamics_init(L:446) :error in thermodynamics_reionization(preco, preio, pvecback);\n=>thermodynamics_reionization(L:2283) :condition (tau_sup < tau_reionization_) is true; parameters are such that reionization cannot start after z_start_max')
traceback: Traceback (most recent call last):
  File "/home/maanson/Speciale/connectv2/source/calc_models_mpi_memsafe_child.py", line 639, in main_child
    cosmo.compute()
  File "classy.pyx", line 251, in classy.PyCosmology.compute
  File "classy.pyx", line 272, in classy.PyCosmology.compute
  File "classy.pyx", line 99, in classy.raise_my_py_error
classy.CosmoComputationError: 

Error in Class: thermodynamics_init(L:446) :error in thermodynamics_reionization(preco, preio, pvecback);
=>thermodynamics_reionization(L:2283) :condition (tau_sup < tau_reionization_) is true; parameters are such that reionization cannot start after z_start_max


[PARENT][Rank 172] | ERROR: Child process failed during CLASS computation
Model: {'lensing': 'yes', 'output': 'tCl,lCl,pCl,mPk', 'l_max_scalars': 2508, 'k_pivot': 0.05, 'N_ur': 2.0328, 'N_ncdm': 1, 'm_ncdm': 0.06, 'T_ncdm': 0.71611, 'N_ncdm_decay_dr': 1, 'quadrature_strategy_ncdm_decay_dr': 3, 'ncdm_fluid_approximation': 3, 'maximum_q_ncdm_decay_dr': 15.0, 'background_method': 0, 'evolver': 1, 'N_momentum_bins_ncdm_decay_dr': 7, 'l_max_ncdm': 13, 'l_max_dr': 13, 'l_max_dr_col': 13, 'omega_b': 0.016405052891598187, 'omega_cdm': 0.22262871334964285, 'Neff_ini_dncdm': 2.0729355401772396, 'log10lifetime_ncdm_decay_dr': 4.548197868878218, 'm_ncdm_decay_dr': 343.89721452307555, 'H0': 55.746398382329886, 'ln10^{10}A_s': 3.1985599575935817, 'n_s': 0.9609244013707433, 'tau_reio': 0.353943964300457, 'P_k_max_1/Mpc': 1.0}
skipping to the next model...
[CHILD][Parent Rank 107] | The following model failed in CLASS: 
params: {'lensing': 'yes', 'output': 'tCl,lCl,pCl,mPk', 'l_max_scalars': 2508, 'k_pivot': 0.05, 'N_ur': 2.0328, 'N_ncdm': 1, 'm_ncdm': 0.06, 'T_ncdm': 0.71611, 'N_ncdm_decay_dr': 1, 'quadrature_strategy_ncdm_decay_dr': 3, 'ncdm_fluid_approximation': 3, 'maximum_q_ncdm_decay_dr': 15.0, 'background_method': 0, 'evolver': 1, 'N_momentum_bins_ncdm_decay_dr': 7, 'l_max_ncdm': 13, 'l_max_dr': 13, 'l_max_dr_col': 13, 'omega_b': 0.02307377248755807, 'omega_cdm': 0.2319503919575209, 'Neff_ini_dncdm': 2.169472997493293, 'log10lifetime_ncdm_decay_dr': 5.452669356185579, 'm_ncdm_decay_dr': 513.9116338082486, 'H0': 65.84043020831506, 'ln10^{10}A_s': 3.486387453144525, 'n_s': 1.1938404910990936, 'tau_reio': 0.30572160648287, 'P_k_max_1/Mpc': 1.0}
error: CosmoComputationError(b'thermodynamics_init(L:446) :error in thermodynamics_reionization(preco, preio, pvecback);\n=>thermodynamics_reionization(L:2283) :condition (tau_sup < tau_reionization_) is true; parameters are such that reionization cannot start after z_start_max')
traceback: Traceback (most recent call last):
  File "/home/maanson/Speciale/connectv2/source/calc_models_mpi_memsafe_child.py", line 639, in main_child
    cosmo.compute()
  File "classy.pyx", line 251, in classy.PyCosmology.compute
  File "classy.pyx", line 272, in classy.PyCosmology.compute
  File "classy.pyx", line 99, in classy.raise_my_py_error
classy.CosmoComputationError: 

Error in Class: thermodynamics_init(L:446) :error in thermodynamics_reionization(preco, preio, pvecback);
=>thermodynamics_reionization(L:2283) :condition (tau_sup < tau_reionization_) is true; parameters are such that reionization cannot start after z_start_max


[PARENT][Rank 107] | ERROR: Child process failed during CLASS computation
Model: {'lensing': 'yes', 'output': 'tCl,lCl,pCl,mPk', 'l_max_scalars': 2508, 'k_pivot': 0.05, 'N_ur': 2.0328, 'N_ncdm': 1, 'm_ncdm': 0.06, 'T_ncdm': 0.71611, 'N_ncdm_decay_dr': 1, 'quadrature_strategy_ncdm_decay_dr': 3, 'ncdm_fluid_approximation': 3, 'maximum_q_ncdm_decay_dr': 15.0, 'background_method': 0, 'evolver': 1, 'N_momentum_bins_ncdm_decay_dr': 7, 'l_max_ncdm': 13, 'l_max_dr': 13, 'l_max_dr_col': 13, 'omega_b': 0.02307377248755807, 'omega_cdm': 0.2319503919575209, 'Neff_ini_dncdm': 2.169472997493293, 'log10lifetime_ncdm_decay_dr': 5.452669356185579, 'm_ncdm_decay_dr': 513.9116338082486, 'H0': 65.84043020831506, 'ln10^{10}A_s': 3.486387453144525, 'n_s': 1.1938404910990936, 'tau_reio': 0.30572160648287, 'P_k_max_1/Mpc': 1.0}
skipping to the next model...
[CHILD][Parent Rank 232] | The following model failed in CLASS: 
params: {'lensing': 'yes', 'output': 'tCl,lCl,pCl,mPk', 'l_max_scalars': 2508, 'k_pivot': 0.05, 'N_ur': 2.0328, 'N_ncdm': 1, 'm_ncdm': 0.06, 'T_ncdm': 0.71611, 'N_ncdm_decay_dr': 1, 'quadrature_strategy_ncdm_decay_dr': 3, 'ncdm_fluid_approximation': 3, 'maximum_q_ncdm_decay_dr': 15.0, 'background_method': 0, 'evolver': 1, 'N_momentum_bins_ncdm_decay_dr': 7, 'l_max_ncdm': 13, 'l_max_dr': 13, 'l_max_dr_col': 13, 'omega_b': 0.014378054708360344, 'omega_cdm': 0.20058501192969663, 'Neff_ini_dncdm': 1.3588397986794805, 'log10lifetime_ncdm_decay_dr': 3.8297366217120046, 'm_ncdm_decay_dr': 37.63628004010754, 'H0': 93.82426317548303, 'ln10^{10}A_s': 4.8670764665864334, 'n_s': 0.9449521877297622, 'tau_reio': 0.39024010091072114, 'P_k_max_1/Mpc': 1.0}
error: CosmoComputationError(b'thermodynamics_init(L:446) :error in thermodynamics_reionization(preco, preio, pvecback);\n=>thermodynamics_reionization(L:2283) :condition (tau_sup < tau_reionization_) is true; parameters are such that reionization cannot start after z_start_max')
traceback: Traceback (most recent call last):
  File "/home/maanson/Speciale/connectv2/source/calc_models_mpi_memsafe_child.py", line 639, in main_child
    cosmo.compute()
  File "classy.pyx", line 251, in classy.PyCosmology.compute
  File "classy.pyx", line 272, in classy.PyCosmology.compute
  File "classy.pyx", line 99, in classy.raise_my_py_error
classy.CosmoComputationError: 

Error in Class: thermodynamics_init(L:446) :error in thermodynamics_reionization(preco, preio, pvecback);
=>thermodynamics_reionization(L:2283) :condition (tau_sup < tau_reionization_) is true; parameters are such that reionization cannot start after z_start_max


[PARENT][Rank 232] | ERROR: Child process failed during CLASS computation
Model: {'lensing': 'yes', 'output': 'tCl,lCl,pCl,mPk', 'l_max_scalars': 2508, 'k_pivot': 0.05, 'N_ur': 2.0328, 'N_ncdm': 1, 'm_ncdm': 0.06, 'T_ncdm': 0.71611, 'N_ncdm_decay_dr': 1, 'quadrature_strategy_ncdm_decay_dr': 3, 'ncdm_fluid_approximation': 3, 'maximum_q_ncdm_decay_dr': 15.0, 'background_method': 0, 'evolver': 1, 'N_momentum_bins_ncdm_decay_dr': 7, 'l_max_ncdm': 13, 'l_max_dr': 13, 'l_max_dr_col': 13, 'omega_b': 0.014378054708360344, 'omega_cdm': 0.20058501192969663, 'Neff_ini_dncdm': 1.3588397986794805, 'log10lifetime_ncdm_decay_dr': 3.8297366217120046, 'm_ncdm_decay_dr': 37.63628004010754, 'H0': 93.82426317548303, 'ln10^{10}A_s': 4.8670764665864334, 'n_s': 0.9449521877297622, 'tau_reio': 0.39024010091072114, 'P_k_max_1/Mpc': 1.0}
skipping to the next model...
[CHILD][Parent Rank 106] | The following model failed in CLASS: 
params: {'lensing': 'yes', 'output': 'tCl,lCl,pCl,mPk', 'l_max_scalars': 2508, 'k_pivot': 0.05, 'N_ur': 2.0328, 'N_ncdm': 1, 'm_ncdm': 0.06, 'T_ncdm': 0.71611, 'N_ncdm_decay_dr': 1, 'quadrature_strategy_ncdm_decay_dr': 3, 'ncdm_fluid_approximation': 3, 'maximum_q_ncdm_decay_dr': 15.0, 'background_method': 0, 'evolver': 1, 'N_momentum_bins_ncdm_decay_dr': 7, 'l_max_ncdm': 13, 'l_max_dr': 13, 'l_max_dr_col': 13, 'omega_b': 0.015339422621469643, 'omega_cdm': 0.19360996151389542, 'Neff_ini_dncdm': 0.7827152660447592, 'log10lifetime_ncdm_decay_dr': 5.1318274850467525, 'm_ncdm_decay_dr': 106.89501799438355, 'H0': 59.90122581846683, 'ln10^{10}A_s': 2.1252614010033204, 'n_s': 0.848472801604574, 'tau_reio': 0.3929455515318588, 'P_k_max_1/Mpc': 1.0}
error: CosmoComputationError(b'thermodynamics_init(L:446) :error in thermodynamics_reionization(preco, preio, pvecback);\n=>thermodynamics_reionization(L:2283) :condition (tau_sup < tau_reionization_) is true; parameters are such that reionization cannot start after z_start_max')
traceback: Traceback (most recent call last):
  File "/home/maanson/Speciale/connectv2/source/calc_models_mpi_memsafe_child.py", line 639, in main_child
    cosmo.compute()
  File "classy.pyx", line 251, in classy.PyCosmology.compute
  File "classy.pyx", line 272, in classy.PyCosmology.compute
  File "classy.pyx", line 99, in classy.raise_my_py_error
classy.CosmoComputationError: 

Error in Class: thermodynamics_init(L:446) :error in thermodynamics_reionization(preco, preio, pvecback);
=>thermodynamics_reionization(L:2283) :condition (tau_sup < tau_reionization_) is true; parameters are such that reionization cannot start after z_start_max


[PARENT][Rank 106] | ERROR: Child process failed during CLASS computation
Model: {'lensing': 'yes', 'output': 'tCl,lCl,pCl,mPk', 'l_max_scalars': 2508, 'k_pivot': 0.05, 'N_ur': 2.0328, 'N_ncdm': 1, 'm_ncdm': 0.06, 'T_ncdm': 0.71611, 'N_ncdm_decay_dr': 1, 'quadrature_strategy_ncdm_decay_dr': 3, 'ncdm_fluid_approximation': 3, 'maximum_q_ncdm_decay_dr': 15.0, 'background_method': 0, 'evolver': 1, 'N_momentum_bins_ncdm_decay_dr': 7, 'l_max_ncdm': 13, 'l_max_dr': 13, 'l_max_dr_col': 13, 'omega_b': 0.015339422621469643, 'omega_cdm': 0.19360996151389542, 'Neff_ini_dncdm': 0.7827152660447592, 'log10lifetime_ncdm_decay_dr': 5.1318274850467525, 'm_ncdm_decay_dr': 106.89501799438355, 'H0': 59.90122581846683, 'ln10^{10}A_s': 2.1252614010033204, 'n_s': 0.848472801604574, 'tau_reio': 0.3929455515318588, 'P_k_max_1/Mpc': 1.0}
skipping to the next model...
[PARENT][Rank 222] | ERROR: Timeout while waiting for PONG response from child process. Child may be unresponsive.
Respawning child process...
[PARENT][Rank 222] | WARNING: Child process died or is unresponsive. Respawning...
[PARENT][Rank 222] | [INFO] Successfully respawned child process.
[CHILD][Parent Rank 169] | The following model failed in CLASS: 
params: {'lensing': 'yes', 'output': 'tCl,lCl,pCl,mPk', 'l_max_scalars': 2508, 'k_pivot': 0.05, 'N_ur': 2.0328, 'N_ncdm': 1, 'm_ncdm': 0.06, 'T_ncdm': 0.71611, 'N_ncdm_decay_dr': 1, 'quadrature_strategy_ncdm_decay_dr': 3, 'ncdm_fluid_approximation': 3, 'maximum_q_ncdm_decay_dr': 15.0, 'background_method': 0, 'evolver': 1, 'N_momentum_bins_ncdm_decay_dr': 7, 'l_max_ncdm': 13, 'l_max_dr': 13, 'l_max_dr_col': 13, 'omega_b': 0.02200599042978282, 'omega_cdm': 0.20074306271750103, 'Neff_ini_dncdm': 2.8128323305460246, 'log10lifetime_ncdm_decay_dr': 5.674511515997727, 'm_ncdm_decay_dr': 156.9216935465493, 'H0': 77.42463281435691, 'ln10^{10}A_s': 2.864023776756881, 'n_s': 1.101205390618842, 'tau_reio': 0.3917361716320813, 'P_k_max_1/Mpc': 1.0}
error: CosmoComputationError(b'thermodynamics_init(L:446) :error in thermodynamics_reionization(preco, preio, pvecback);\n=>thermodynamics_reionization(L:2283) :condition (tau_sup < tau_reionization_) is true; parameters are such that reionization cannot start after z_start_max')
traceback: Traceback (most recent call last):
  File "/home/maanson/Speciale/connectv2/source/calc_models_mpi_memsafe_child.py", line 639, in main_child
    cosmo.compute()
  File "classy.pyx", line 251, in classy.PyCosmology.compute
  File "classy.pyx", line 272, in classy.PyCosmology.compute
  File "classy.pyx", line 99, in classy.raise_my_py_error
classy.CosmoComputationError: 

Error in Class: thermodynamics_init(L:446) :error in thermodynamics_reionization(preco, preio, pvecback);
=>thermodynamics_reionization(L:2283) :condition (tau_sup < tau_reionization_) is true; parameters are such that reionization cannot start after z_start_max


[PARENT][Rank 169] | ERROR: Child process failed during CLASS computation
Model: {'lensing': 'yes', 'output': 'tCl,lCl,pCl,mPk', 'l_max_scalars': 2508, 'k_pivot': 0.05, 'N_ur': 2.0328, 'N_ncdm': 1, 'm_ncdm': 0.06, 'T_ncdm': 0.71611, 'N_ncdm_decay_dr': 1, 'quadrature_strategy_ncdm_decay_dr': 3, 'ncdm_fluid_approximation': 3, 'maximum_q_ncdm_decay_dr': 15.0, 'background_method': 0, 'evolver': 1, 'N_momentum_bins_ncdm_decay_dr': 7, 'l_max_ncdm': 13, 'l_max_dr': 13, 'l_max_dr_col': 13, 'omega_b': 0.02200599042978282, 'omega_cdm': 0.20074306271750103, 'Neff_ini_dncdm': 2.8128323305460246, 'log10lifetime_ncdm_decay_dr': 5.674511515997727, 'm_ncdm_decay_dr': 156.9216935465493, 'H0': 77.42463281435691, 'ln10^{10}A_s': 2.864023776756881, 'n_s': 1.101205390618842, 'tau_reio': 0.3917361716320813, 'P_k_max_1/Mpc': 1.0}
skipping to the next model...
[CHILD][Parent Rank 183] | The following model failed in CLASS: 
params: {'lensing': 'yes', 'output': 'tCl,lCl,pCl,mPk', 'l_max_scalars': 2508, 'k_pivot': 0.05, 'N_ur': 2.0328, 'N_ncdm': 1, 'm_ncdm': 0.06, 'T_ncdm': 0.71611, 'N_ncdm_decay_dr': 1, 'quadrature_strategy_ncdm_decay_dr': 3, 'ncdm_fluid_approximation': 3, 'maximum_q_ncdm_decay_dr': 15.0, 'background_method': 0, 'evolver': 1, 'N_momentum_bins_ncdm_decay_dr': 7, 'l_max_ncdm': 13, 'l_max_dr': 13, 'l_max_dr_col': 13, 'omega_b': 0.01486735289251329, 'omega_cdm': 0.1902474254685547, 'Neff_ini_dncdm': 2.9954569369688504, 'log10lifetime_ncdm_decay_dr': 4.227125425955833, 'm_ncdm_decay_dr': 265.07085866846495, 'H0': 81.73682673642296, 'ln10^{10}A_s': 2.4322092940141733, 'n_s': 0.9944687372919172, 'tau_reio': 0.3811872181912819, 'P_k_max_1/Mpc': 1.0}
error: CosmoComputationError(b'thermodynamics_init(L:446) :error in thermodynamics_reionization(preco, preio, pvecback);\n=>thermodynamics_reionization(L:2283) :condition (tau_sup < tau_reionization_) is true; parameters are such that reionization cannot start after z_start_max')
traceback: Traceback (most recent call last):
  File "/home/maanson/Speciale/connectv2/source/calc_models_mpi_memsafe_child.py", line 639, in main_child
    cosmo.compute()
  File "classy.pyx", line 251, in classy.PyCosmology.compute
  File "classy.pyx", line 272, in classy.PyCosmology.compute
  File "classy.pyx", line 99, in classy.raise_my_py_error
classy.CosmoComputationError: 

Error in Class: thermodynamics_init(L:446) :error in thermodynamics_reionization(preco, preio, pvecback);
=>thermodynamics_reionization(L:2283) :condition (tau_sup < tau_reionization_) is true; parameters are such that reionization cannot start after z_start_max


[PARENT][Rank 183] | ERROR: Child process failed during CLASS computation
Model: {'lensing': 'yes', 'output': 'tCl,lCl,pCl,mPk', 'l_max_scalars': 2508, 'k_pivot': 0.05, 'N_ur': 2.0328, 'N_ncdm': 1, 'm_ncdm': 0.06, 'T_ncdm': 0.71611, 'N_ncdm_decay_dr': 1, 'quadrature_strategy_ncdm_decay_dr': 3, 'ncdm_fluid_approximation': 3, 'maximum_q_ncdm_decay_dr': 15.0, 'background_method': 0, 'evolver': 1, 'N_momentum_bins_ncdm_decay_dr': 7, 'l_max_ncdm': 13, 'l_max_dr': 13, 'l_max_dr_col': 13, 'omega_b': 0.01486735289251329, 'omega_cdm': 0.1902474254685547, 'Neff_ini_dncdm': 2.9954569369688504, 'log10lifetime_ncdm_decay_dr': 4.227125425955833, 'm_ncdm_decay_dr': 265.07085866846495, 'H0': 81.73682673642296, 'ln10^{10}A_s': 2.4322092940141733, 'n_s': 0.9944687372919172, 'tau_reio': 0.3811872181912819, 'P_k_max_1/Mpc': 1.0}
skipping to the next model...
[PARENT][Rank 95] | ERROR: Timeout while waiting for response from child process after CLASS computations. Child may be unresponsive.

[CHILD][Parent Rank 33] | The following model failed in CLASS: 
params: {'lensing': 'yes', 'output': 'tCl,lCl,pCl,mPk', 'l_max_scalars': 2508, 'k_pivot': 0.05, 'N_ur': 2.0328, 'N_ncdm': 1, 'm_ncdm': 0.06, 'T_ncdm': 0.71611, 'N_ncdm_decay_dr': 1, 'quadrature_strategy_ncdm_decay_dr': 3, 'ncdm_fluid_approximation': 3, 'maximum_q_ncdm_decay_dr': 15.0, 'background_method': 0, 'evolver': 1, 'N_momentum_bins_ncdm_decay_dr': 7, 'l_max_ncdm': 13, 'l_max_dr': 13, 'l_max_dr_col': 13, 'omega_b': 0.020773314714959138, 'omega_cdm': 0.21646036000281724, 'Neff_ini_dncdm': 2.528282206540336, 'log10lifetime_ncdm_decay_dr': 5.73125384150903, 'm_ncdm_decay_dr': 365.8743850686798, 'H0': 89.17778368353137, 'ln10^{10}A_s': 3.7400763761739637, 'n_s': 1.1881112639278113, 'tau_reio': 0.3728233004058143, 'P_k_max_1/Mpc': 1.0}
error: CosmoComputationError(b'thermodynamics_init(L:446) :error in thermodynamics_reionization(preco, preio, pvecback);\n=>thermodynamics_reionization(L:2283) :condition (tau_sup < tau_reionization_) is true; parameters are such that reionization cannot start after z_start_max')
traceback: Traceback (most recent call last):
  File "/home/maanson/Speciale/connectv2/source/calc_models_mpi_memsafe_child.py", line 639, in main_child
    cosmo.compute()
  File "classy.pyx", line 251, in classy.PyCosmology.compute
  File "classy.pyx", line 272, in classy.PyCosmology.compute
  File "classy.pyx", line 99, in classy.raise_my_py_error
classy.CosmoComputationError: 

Error in Class: thermodynamics_init(L:446) :error in thermodynamics_reionization(preco, preio, pvecback);
=>thermodynamics_reionization(L:2283) :condition (tau_sup < tau_reionization_) is true; parameters are such that reionization cannot start after z_start_max


[PARENT][Rank 33] | ERROR: Child process failed during CLASS computation
Model: {'lensing': 'yes', 'output': 'tCl,lCl,pCl,mPk', 'l_max_scalars': 2508, 'k_pivot': 0.05, 'N_ur': 2.0328, 'N_ncdm': 1, 'm_ncdm': 0.06, 'T_ncdm': 0.71611, 'N_ncdm_decay_dr': 1, 'quadrature_strategy_ncdm_decay_dr': 3, 'ncdm_fluid_approximation': 3, 'maximum_q_ncdm_decay_dr': 15.0, 'background_method': 0, 'evolver': 1, 'N_momentum_bins_ncdm_decay_dr': 7, 'l_max_ncdm': 13, 'l_max_dr': 13, 'l_max_dr_col': 13, 'omega_b': 0.020773314714959138, 'omega_cdm': 0.21646036000281724, 'Neff_ini_dncdm': 2.528282206540336, 'log10lifetime_ncdm_decay_dr': 5.73125384150903, 'm_ncdm_decay_dr': 365.8743850686798, 'H0': 89.17778368353137, 'ln10^{10}A_s': 3.7400763761739637, 'n_s': 1.1881112639278113, 'tau_reio': 0.3728233004058143, 'P_k_max_1/Mpc': 1.0}
skipping to the next model...
[CHILD][Parent Rank 255] | The following model failed in CLASS: 
params: {'lensing': 'yes', 'output': 'tCl,lCl,pCl,mPk', 'l_max_scalars': 2508, 'k_pivot': 0.05, 'N_ur': 2.0328, 'N_ncdm': 1, 'm_ncdm': 0.06, 'T_ncdm': 0.71611, 'N_ncdm_decay_dr': 1, 'quadrature_strategy_ncdm_decay_dr': 3, 'ncdm_fluid_approximation': 3, 'maximum_q_ncdm_decay_dr': 15.0, 'background_method': 0, 'evolver': 1, 'N_momentum_bins_ncdm_decay_dr': 7, 'l_max_ncdm': 13, 'l_max_dr': 13, 'l_max_dr_col': 13, 'omega_b': 0.01993074822936296, 'omega_cdm': 0.1833819471396898, 'Neff_ini_dncdm': 2.7110103385492943, 'log10lifetime_ncdm_decay_dr': 5.97831066398024, 'm_ncdm_decay_dr': 438.5176360881811, 'H0': 51.64270350616013, 'ln10^{10}A_s': 1.4923328366031614, 'n_s': 1.0700186257800044, 'tau_reio': 0.19103165877484896, 'P_k_max_1/Mpc': 1.0}
error: CosmoComputationError(b'thermodynamics_init(L:446) :error in thermodynamics_reionization(preco, preio, pvecback);\n=>thermodynamics_reionization(L:2283) :condition (tau_sup < tau_reionization_) is true; parameters are such that reionization cannot start after z_start_max')
traceback: Traceback (most recent call last):
  File "/home/maanson/Speciale/connectv2/source/calc_models_mpi_memsafe_child.py", line 639, in main_child
    cosmo.compute()
  File "classy.pyx", line 251, in classy.PyCosmology.compute
  File "classy.pyx", line 272, in classy.PyCosmology.compute
  File "classy.pyx", line 99, in classy.raise_my_py_error
classy.CosmoComputationError: 

Error in Class: thermodynamics_init(L:446) :error in thermodynamics_reionization(preco, preio, pvecback);
=>thermodynamics_reionization(L:2283) :condition (tau_sup < tau_reionization_) is true; parameters are such that reionization cannot start after z_start_max


[PARENT][Rank 255] | ERROR: Child process failed during CLASS computation
Model: {'lensing': 'yes', 'output': 'tCl,lCl,pCl,mPk', 'l_max_scalars': 2508, 'k_pivot': 0.05, 'N_ur': 2.0328, 'N_ncdm': 1, 'm_ncdm': 0.06, 'T_ncdm': 0.71611, 'N_ncdm_decay_dr': 1, 'quadrature_strategy_ncdm_decay_dr': 3, 'ncdm_fluid_approximation': 3, 'maximum_q_ncdm_decay_dr': 15.0, 'background_method': 0, 'evolver': 1, 'N_momentum_bins_ncdm_decay_dr': 7, 'l_max_ncdm': 13, 'l_max_dr': 13, 'l_max_dr_col': 13, 'omega_b': 0.01993074822936296, 'omega_cdm': 0.1833819471396898, 'Neff_ini_dncdm': 2.7110103385492943, 'log10lifetime_ncdm_decay_dr': 5.97831066398024, 'm_ncdm_decay_dr': 438.5176360881811, 'H0': 51.64270350616013, 'ln10^{10}A_s': 1.4923328366031614, 'n_s': 1.0700186257800044, 'tau_reio': 0.19103165877484896, 'P_k_max_1/Mpc': 1.0}
skipping to the next model...
[CHILD][Parent Rank 319] | The following model failed in CLASS: 
params: {'lensing': 'yes', 'output': 'tCl,lCl,pCl,mPk', 'l_max_scalars': 2508, 'k_pivot': 0.05, 'N_ur': 2.0328, 'N_ncdm': 1, 'm_ncdm': 0.06, 'T_ncdm': 0.71611, 'N_ncdm_decay_dr': 1, 'quadrature_strategy_ncdm_decay_dr': 3, 'ncdm_fluid_approximation': 3, 'maximum_q_ncdm_decay_dr': 15.0, 'background_method': 0, 'evolver': 1, 'N_momentum_bins_ncdm_decay_dr': 7, 'l_max_ncdm': 13, 'l_max_dr': 13, 'l_max_dr_col': 13, 'omega_b': 0.014750149037081448, 'omega_cdm': 0.1953443764919974, 'Neff_ini_dncdm': 0.6591211327581106, 'log10lifetime_ncdm_decay_dr': 4.991126106596951, 'm_ncdm_decay_dr': 249.27373613409347, 'H0': 53.193550563578654, 'ln10^{10}A_s': 2.9785052666802057, 'n_s': 1.0289304557127217, 'tau_reio': 0.3615314981752002, 'P_k_max_1/Mpc': 1.0}
error: CosmoComputationError(b'thermodynamics_init(L:446) :error in thermodynamics_reionization(preco, preio, pvecback);\n=>thermodynamics_reionization(L:2283) :condition (tau_sup < tau_reionization_) is true; parameters are such that reionization cannot start after z_start_max')
traceback: Traceback (most recent call last):
  File "/home/maanson/Speciale/connectv2/source/calc_models_mpi_memsafe_child.py", line 639, in main_child
    cosmo.compute()
  File "classy.pyx", line 251, in classy.PyCosmology.compute
  File "classy.pyx", line 272, in classy.PyCosmology.compute
  File "classy.pyx", line 99, in classy.raise_my_py_error
classy.CosmoComputationError: 

Error in Class: thermodynamics_init(L:446) :error in thermodynamics_reionization(preco, preio, pvecback);
=>thermodynamics_reionization(L:2283) :condition (tau_sup < tau_reionization_) is true; parameters are such that reionization cannot start after z_start_max


[PARENT][Rank 319] | ERROR: Child process failed during CLASS computation
Model: {'lensing': 'yes', 'output': 'tCl,lCl,pCl,mPk', 'l_max_scalars': 2508, 'k_pivot': 0.05, 'N_ur': 2.0328, 'N_ncdm': 1, 'm_ncdm': 0.06, 'T_ncdm': 0.71611, 'N_ncdm_decay_dr': 1, 'quadrature_strategy_ncdm_decay_dr': 3, 'ncdm_fluid_approximation': 3, 'maximum_q_ncdm_decay_dr': 15.0, 'background_method': 0, 'evolver': 1, 'N_momentum_bins_ncdm_decay_dr': 7, 'l_max_ncdm': 13, 'l_max_dr': 13, 'l_max_dr_col': 13, 'omega_b': 0.014750149037081448, 'omega_cdm': 0.1953443764919974, 'Neff_ini_dncdm': 0.6591211327581106, 'log10lifetime_ncdm_decay_dr': 4.991126106596951, 'm_ncdm_decay_dr': 249.27373613409347, 'H0': 53.193550563578654, 'ln10^{10}A_s': 2.9785052666802057, 'n_s': 1.0289304557127217, 'tau_reio': 0.3615314981752002, 'P_k_max_1/Mpc': 1.0}
skipping to the next model...
[CHILD][Parent Rank 120] | The following model failed in CLASS: 
params: {'lensing': 'yes', 'output': 'tCl,lCl,pCl,mPk', 'l_max_scalars': 2508, 'k_pivot': 0.05, 'N_ur': 2.0328, 'N_ncdm': 1, 'm_ncdm': 0.06, 'T_ncdm': 0.71611, 'N_ncdm_decay_dr': 1, 'quadrature_strategy_ncdm_decay_dr': 3, 'ncdm_fluid_approximation': 3, 'maximum_q_ncdm_decay_dr': 15.0, 'background_method': 0, 'evolver': 1, 'N_momentum_bins_ncdm_decay_dr': 7, 'l_max_ncdm': 13, 'l_max_dr': 13, 'l_max_dr_col': 13, 'omega_b': 0.016726934009952846, 'omega_cdm': 0.14962562726651538, 'Neff_ini_dncdm': 2.867474273877009, 'log10lifetime_ncdm_decay_dr': 4.731419862932024, 'm_ncdm_decay_dr': 334.2144154656553, 'H0': 73.34334680086012, 'ln10^{10}A_s': 2.453426123474192, 'n_s': 0.9299944504963136, 'tau_reio': 0.34872962624847254, 'P_k_max_1/Mpc': 1.0}
error: CosmoComputationError(b'thermodynamics_init(L:446) :error in thermodynamics_reionization(preco, preio, pvecback);\n=>thermodynamics_reionization(L:2283) :condition (tau_sup < tau_reionization_) is true; parameters are such that reionization cannot start after z_start_max')
traceback: Traceback (most recent call last):
  File "/home/maanson/Speciale/connectv2/source/calc_models_mpi_memsafe_child.py", line 639, in main_child
    cosmo.compute()
  File "classy.pyx", line 251, in classy.PyCosmology.compute
  File "classy.pyx", line 272, in classy.PyCosmology.compute
  File "classy.pyx", line 99, in classy.raise_my_py_error
classy.CosmoComputationError: 

Error in Class: thermodynamics_init(L:446) :error in thermodynamics_reionization(preco, preio, pvecback);
=>thermodynamics_reionization(L:2283) :condition (tau_sup < tau_reionization_) is true; parameters are such that reionization cannot start after z_start_max


[PARENT][Rank 120] | ERROR: Child process failed during CLASS computation
Model: {'lensing': 'yes', 'output': 'tCl,lCl,pCl,mPk', 'l_max_scalars': 2508, 'k_pivot': 0.05, 'N_ur': 2.0328, 'N_ncdm': 1, 'm_ncdm': 0.06, 'T_ncdm': 0.71611, 'N_ncdm_decay_dr': 1, 'quadrature_strategy_ncdm_decay_dr': 3, 'ncdm_fluid_approximation': 3, 'maximum_q_ncdm_decay_dr': 15.0, 'background_method': 0, 'evolver': 1, 'N_momentum_bins_ncdm_decay_dr': 7, 'l_max_ncdm': 13, 'l_max_dr': 13, 'l_max_dr_col': 13, 'omega_b': 0.016726934009952846, 'omega_cdm': 0.14962562726651538, 'Neff_ini_dncdm': 2.867474273877009, 'log10lifetime_ncdm_decay_dr': 4.731419862932024, 'm_ncdm_decay_dr': 334.2144154656553, 'H0': 73.34334680086012, 'ln10^{10}A_s': 2.453426123474192, 'n_s': 0.9299944504963136, 'tau_reio': 0.34872962624847254, 'P_k_max_1/Mpc': 1.0}
skipping to the next model...
[CHILD][Parent Rank 241] | The following model failed in CLASS: 
params: {'lensing': 'yes', 'output': 'tCl,lCl,pCl,mPk', 'l_max_scalars': 2508, 'k_pivot': 0.05, 'N_ur': 2.0328, 'N_ncdm': 1, 'm_ncdm': 0.06, 'T_ncdm': 0.71611, 'N_ncdm_decay_dr': 1, 'quadrature_strategy_ncdm_decay_dr': 3, 'ncdm_fluid_approximation': 3, 'maximum_q_ncdm_decay_dr': 15.0, 'background_method': 0, 'evolver': 1, 'N_momentum_bins_ncdm_decay_dr': 7, 'l_max_ncdm': 13, 'l_max_dr': 13, 'l_max_dr_col': 13, 'omega_b': 0.01528163131237548, 'omega_cdm': 0.22343188784910165, 'Neff_ini_dncdm': 2.635899927624176, 'log10lifetime_ncdm_decay_dr': 5.825397481013299, 'm_ncdm_decay_dr': 281.5057941754499, 'H0': 86.29580891061153, 'ln10^{10}A_s': 1.3390058998518475, 'n_s': 0.7780470262773539, 'tau_reio': 0.33282691618506133, 'P_k_max_1/Mpc': 1.0}
error: CosmoComputationError(b'thermodynamics_init(L:446) :error in thermodynamics_reionization(preco, preio, pvecback);\n=>thermodynamics_reionization(L:2283) :condition (tau_sup < tau_reionization_) is true; parameters are such that reionization cannot start after z_start_max')
traceback: Traceback (most recent call last):
  File "/home/maanson/Speciale/connectv2/source/calc_models_mpi_memsafe_child.py", line 639, in main_child
    cosmo.compute()
  File "classy.pyx", line 251, in classy.PyCosmology.compute
  File "classy.pyx", line 272, in classy.PyCosmology.compute
  File "classy.pyx", line 99, in classy.raise_my_py_error
classy.CosmoComputationError: 

Error in Class: thermodynamics_init(L:446) :error in thermodynamics_reionization(preco, preio, pvecback);
=>thermodynamics_reionization(L:2283) :condition (tau_sup < tau_reionization_) is true; parameters are such that reionization cannot start after z_start_max


[PARENT][Rank 241] | ERROR: Child process failed during CLASS computation
Model: {'lensing': 'yes', 'output': 'tCl,lCl,pCl,mPk', 'l_max_scalars': 2508, 'k_pivot': 0.05, 'N_ur': 2.0328, 'N_ncdm': 1, 'm_ncdm': 0.06, 'T_ncdm': 0.71611, 'N_ncdm_decay_dr': 1, 'quadrature_strategy_ncdm_decay_dr': 3, 'ncdm_fluid_approximation': 3, 'maximum_q_ncdm_decay_dr': 15.0, 'background_method': 0, 'evolver': 1, 'N_momentum_bins_ncdm_decay_dr': 7, 'l_max_ncdm': 13, 'l_max_dr': 13, 'l_max_dr_col': 13, 'omega_b': 0.01528163131237548, 'omega_cdm': 0.22343188784910165, 'Neff_ini_dncdm': 2.635899927624176, 'log10lifetime_ncdm_decay_dr': 5.825397481013299, 'm_ncdm_decay_dr': 281.5057941754499, 'H0': 86.29580891061153, 'ln10^{10}A_s': 1.3390058998518475, 'n_s': 0.7780470262773539, 'tau_reio': 0.33282691618506133, 'P_k_max_1/Mpc': 1.0}
skipping to the next model...
[CHILD][Parent Rank 189] | The following model failed in CLASS: 
params: {'lensing': 'yes', 'output': 'tCl,lCl,pCl,mPk', 'l_max_scalars': 2508, 'k_pivot': 0.05, 'N_ur': 2.0328, 'N_ncdm': 1, 'm_ncdm': 0.06, 'T_ncdm': 0.71611, 'N_ncdm_decay_dr': 1, 'quadrature_strategy_ncdm_decay_dr': 3, 'ncdm_fluid_approximation': 3, 'maximum_q_ncdm_decay_dr': 15.0, 'background_method': 0, 'evolver': 1, 'N_momentum_bins_ncdm_decay_dr': 7, 'l_max_ncdm': 13, 'l_max_dr': 13, 'l_max_dr_col': 13, 'omega_b': 0.020281901341905703, 'omega_cdm': 0.033043908717080815, 'Neff_ini_dncdm': 2.8438439141570426, 'log10lifetime_ncdm_decay_dr': 5.627604575792504, 'm_ncdm_decay_dr': 430.99379442151366, 'H0': 48.959659532083904, 'ln10^{10}A_s': 1.4471256472295921, 'n_s': 0.8230624407126292, 'tau_reio': 0.3462414915248529, 'P_k_max_1/Mpc': 1.0}
error: CosmoComputationError(b'thermodynamics_init(L:446) :error in thermodynamics_reionization(preco, preio, pvecback);\n=>thermodynamics_reionization(L:2283) :condition (tau_sup < tau_reionization_) is true; parameters are such that reionization cannot start after z_start_max')
traceback: Traceback (most recent call last):
  File "/home/maanson/Speciale/connectv2/source/calc_models_mpi_memsafe_child.py", line 639, in main_child
    cosmo.compute()
  File "classy.pyx", line 251, in classy.PyCosmology.compute
  File "classy.pyx", line 272, in classy.PyCosmology.compute
  File "classy.pyx", line 99, in classy.raise_my_py_error
classy.CosmoComputationError: 

Error in Class: thermodynamics_init(L:446) :error in thermodynamics_reionization(preco, preio, pvecback);
=>thermodynamics_reionization(L:2283) :condition (tau_sup < tau_reionization_) is true; parameters are such that reionization cannot start after z_start_max


[PARENT][Rank 189] | ERROR: Child process failed during CLASS computation
Model: {'lensing': 'yes', 'output': 'tCl,lCl,pCl,mPk', 'l_max_scalars': 2508, 'k_pivot': 0.05, 'N_ur': 2.0328, 'N_ncdm': 1, 'm_ncdm': 0.06, 'T_ncdm': 0.71611, 'N_ncdm_decay_dr': 1, 'quadrature_strategy_ncdm_decay_dr': 3, 'ncdm_fluid_approximation': 3, 'maximum_q_ncdm_decay_dr': 15.0, 'background_method': 0, 'evolver': 1, 'N_momentum_bins_ncdm_decay_dr': 7, 'l_max_ncdm': 13, 'l_max_dr': 13, 'l_max_dr_col': 13, 'omega_b': 0.020281901341905703, 'omega_cdm': 0.033043908717080815, 'Neff_ini_dncdm': 2.8438439141570426, 'log10lifetime_ncdm_decay_dr': 5.627604575792504, 'm_ncdm_decay_dr': 430.99379442151366, 'H0': 48.959659532083904, 'ln10^{10}A_s': 1.4471256472295921, 'n_s': 0.8230624407126292, 'tau_reio': 0.3462414915248529, 'P_k_max_1/Mpc': 1.0}
skipping to the next model...
[PARENT][Rank 95] | ERROR: Timeout while waiting for PONG response from child process. Child may be unresponsive.
Respawning child process...
[PARENT][Rank 95] | WARNING: Child process died or is unresponsive. Respawning...
[PARENT][Rank 95] | [INFO] Successfully respawned child process.
[CHILD][Parent Rank 361] | The following model failed in CLASS: 
params: {'lensing': 'yes', 'output': 'tCl,lCl,pCl,mPk', 'l_max_scalars': 2508, 'k_pivot': 0.05, 'N_ur': 2.0328, 'N_ncdm': 1, 'm_ncdm': 0.06, 'T_ncdm': 0.71611, 'N_ncdm_decay_dr': 1, 'quadrature_strategy_ncdm_decay_dr': 3, 'ncdm_fluid_approximation': 3, 'maximum_q_ncdm_decay_dr': 15.0, 'background_method': 0, 'evolver': 1, 'N_momentum_bins_ncdm_decay_dr': 7, 'l_max_ncdm': 13, 'l_max_dr': 13, 'l_max_dr_col': 13, 'omega_b': 0.02054788774033954, 'omega_cdm': 0.18953968987771566, 'Neff_ini_dncdm': 2.599422043159805, 'log10lifetime_ncdm_decay_dr': 5.662211905823439, 'm_ncdm_decay_dr': 461.1644038892887, 'H0': 86.12052951488897, 'ln10^{10}A_s': 2.2522875382588055, 'n_s': 0.8346988451655825, 'tau_reio': 0.35179004717173257, 'P_k_max_1/Mpc': 1.0}
error: CosmoComputationError(b'thermodynamics_init(L:446) :error in thermodynamics_reionization(preco, preio, pvecback);\n=>thermodynamics_reionization(L:2283) :condition (tau_sup < tau_reionization_) is true; parameters are such that reionization cannot start after z_start_max')
traceback: Traceback (most recent call last):
  File "/home/maanson/Speciale/connectv2/source/calc_models_mpi_memsafe_child.py", line 639, in main_child
    cosmo.compute()
  File "classy.pyx", line 251, in classy.PyCosmology.compute
  File "classy.pyx", line 272, in classy.PyCosmology.compute
  File "classy.pyx", line 99, in classy.raise_my_py_error
classy.CosmoComputationError: 

Error in Class: thermodynamics_init(L:446) :error in thermodynamics_reionization(preco, preio, pvecback);
=>thermodynamics_reionization(L:2283) :condition (tau_sup < tau_reionization_) is true; parameters are such that reionization cannot start after z_start_max


[PARENT][Rank 361] | ERROR: Child process failed during CLASS computation
Model: {'lensing': 'yes', 'output': 'tCl,lCl,pCl,mPk', 'l_max_scalars': 2508, 'k_pivot': 0.05, 'N_ur': 2.0328, 'N_ncdm': 1, 'm_ncdm': 0.06, 'T_ncdm': 0.71611, 'N_ncdm_decay_dr': 1, 'quadrature_strategy_ncdm_decay_dr': 3, 'ncdm_fluid_approximation': 3, 'maximum_q_ncdm_decay_dr': 15.0, 'background_method': 0, 'evolver': 1, 'N_momentum_bins_ncdm_decay_dr': 7, 'l_max_ncdm': 13, 'l_max_dr': 13, 'l_max_dr_col': 13, 'omega_b': 0.02054788774033954, 'omega_cdm': 0.18953968987771566, 'Neff_ini_dncdm': 2.599422043159805, 'log10lifetime_ncdm_decay_dr': 5.662211905823439, 'm_ncdm_decay_dr': 461.1644038892887, 'H0': 86.12052951488897, 'ln10^{10}A_s': 2.2522875382588055, 'n_s': 0.8346988451655825, 'tau_reio': 0.35179004717173257, 'P_k_max_1/Mpc': 1.0}
skipping to the next model...
[CHILD][Parent Rank 367] | The following model failed in CLASS: 
params: {'lensing': 'yes', 'output': 'tCl,lCl,pCl,mPk', 'l_max_scalars': 2508, 'k_pivot': 0.05, 'N_ur': 2.0328, 'N_ncdm': 1, 'm_ncdm': 0.06, 'T_ncdm': 0.71611, 'N_ncdm_decay_dr': 1, 'quadrature_strategy_ncdm_decay_dr': 3, 'ncdm_fluid_approximation': 3, 'maximum_q_ncdm_decay_dr': 15.0, 'background_method': 0, 'evolver': 1, 'N_momentum_bins_ncdm_decay_dr': 7, 'l_max_ncdm': 13, 'l_max_dr': 13, 'l_max_dr_col': 13, 'omega_b': 0.016953489607390754, 'omega_cdm': 0.10552286804307996, 'Neff_ini_dncdm': 2.5624109455039012, 'log10lifetime_ncdm_decay_dr': 5.4478426840748355, 'm_ncdm_decay_dr': 496.7567445874278, 'H0': 81.59499868155464, 'ln10^{10}A_s': 2.3461048221592664, 'n_s': 1.1051139894550381, 'tau_reio': 0.3926176128045135, 'P_k_max_1/Mpc': 1.0}
error: CosmoComputationError(b'thermodynamics_init(L:446) :error in thermodynamics_reionization(preco, preio, pvecback);\n=>thermodynamics_reionization(L:2283) :condition (tau_sup < tau_reionization_) is true; parameters are such that reionization cannot start after z_start_max')
traceback: Traceback (most recent call last):
  File "/home/maanson/Speciale/connectv2/source/calc_models_mpi_memsafe_child.py", line 639, in main_child
    cosmo.compute()
  File "classy.pyx", line 251, in classy.PyCosmology.compute
  File "classy.pyx", line 272, in classy.PyCosmology.compute
  File "classy.pyx", line 99, in classy.raise_my_py_error
classy.CosmoComputationError: 

Error in Class: thermodynamics_init(L:446) :error in thermodynamics_reionization(preco, preio, pvecback);
=>thermodynamics_reionization(L:2283) :condition (tau_sup < tau_reionization_) is true; parameters are such that reionization cannot start after z_start_max


[PARENT][Rank 367] | ERROR: Child process failed during CLASS computation
Model: {'lensing': 'yes', 'output': 'tCl,lCl,pCl,mPk', 'l_max_scalars': 2508, 'k_pivot': 0.05, 'N_ur': 2.0328, 'N_ncdm': 1, 'm_ncdm': 0.06, 'T_ncdm': 0.71611, 'N_ncdm_decay_dr': 1, 'quadrature_strategy_ncdm_decay_dr': 3, 'ncdm_fluid_approximation': 3, 'maximum_q_ncdm_decay_dr': 15.0, 'background_method': 0, 'evolver': 1, 'N_momentum_bins_ncdm_decay_dr': 7, 'l_max_ncdm': 13, 'l_max_dr': 13, 'l_max_dr_col': 13, 'omega_b': 0.016953489607390754, 'omega_cdm': 0.10552286804307996, 'Neff_ini_dncdm': 2.5624109455039012, 'log10lifetime_ncdm_decay_dr': 5.4478426840748355, 'm_ncdm_decay_dr': 496.7567445874278, 'H0': 81.59499868155464, 'ln10^{10}A_s': 2.3461048221592664, 'n_s': 1.1051139894550381, 'tau_reio': 0.3926176128045135, 'P_k_max_1/Mpc': 1.0}
skipping to the next model...
[CHILD][Parent Rank 367] | The following model failed in CLASS: 
params: {'lensing': 'yes', 'output': 'tCl,lCl,pCl,mPk', 'l_max_scalars': 2508, 'k_pivot': 0.05, 'N_ur': 2.0328, 'N_ncdm': 1, 'm_ncdm': 0.06, 'T_ncdm': 0.71611, 'N_ncdm_decay_dr': 1, 'quadrature_strategy_ncdm_decay_dr': 3, 'ncdm_fluid_approximation': 3, 'maximum_q_ncdm_decay_dr': 15.0, 'background_method': 0, 'evolver': 1, 'N_momentum_bins_ncdm_decay_dr': 7, 'l_max_ncdm': 13, 'l_max_dr': 13, 'l_max_dr_col': 13, 'omega_b': 0.029661650907211574, 'omega_cdm': 0.08822654516208571, 'Neff_ini_dncdm': 2.671514653381335, 'log10lifetime_ncdm_decay_dr': 5.967047124374984, 'm_ncdm_decay_dr': 486.5652918105723, 'H0': 74.02162122934959, 'ln10^{10}A_s': 3.7938022493542363, 'n_s': 0.7717128309825327, 'tau_reio': 0.32853066414818416, 'P_k_max_1/Mpc': 1.0}
error: CosmoComputationError(b'thermodynamics_init(L:446) :error in thermodynamics_reionization(preco, preio, pvecback);\n=>thermodynamics_reionization(L:2283) :condition (tau_sup < tau_reionization_) is true; parameters are such that reionization cannot start after z_start_max')
traceback: Traceback (most recent call last):
  File "/home/maanson/Speciale/connectv2/source/calc_models_mpi_memsafe_child.py", line 639, in main_child
    cosmo.compute()
  File "classy.pyx", line 251, in classy.PyCosmology.compute
  File "classy.pyx", line 272, in classy.PyCosmology.compute
  File "classy.pyx", line 99, in classy.raise_my_py_error
classy.CosmoComputationError: 

Error in Class: thermodynamics_init(L:446) :error in thermodynamics_reionization(preco, preio, pvecback);
=>thermodynamics_reionization(L:2283) :condition (tau_sup < tau_reionization_) is true; parameters are such that reionization cannot start after z_start_max


[PARENT][Rank 367] | ERROR: Child process failed during CLASS computation
Model: {'lensing': 'yes', 'output': 'tCl,lCl,pCl,mPk', 'l_max_scalars': 2508, 'k_pivot': 0.05, 'N_ur': 2.0328, 'N_ncdm': 1, 'm_ncdm': 0.06, 'T_ncdm': 0.71611, 'N_ncdm_decay_dr': 1, 'quadrature_strategy_ncdm_decay_dr': 3, 'ncdm_fluid_approximation': 3, 'maximum_q_ncdm_decay_dr': 15.0, 'background_method': 0, 'evolver': 1, 'N_momentum_bins_ncdm_decay_dr': 7, 'l_max_ncdm': 13, 'l_max_dr': 13, 'l_max_dr_col': 13, 'omega_b': 0.029661650907211574, 'omega_cdm': 0.08822654516208571, 'Neff_ini_dncdm': 2.671514653381335, 'log10lifetime_ncdm_decay_dr': 5.967047124374984, 'm_ncdm_decay_dr': 486.5652918105723, 'H0': 74.02162122934959, 'ln10^{10}A_s': 3.7938022493542363, 'n_s': 0.7717128309825327, 'tau_reio': 0.32853066414818416, 'P_k_max_1/Mpc': 1.0}
skipping to the next model...
[CHILD][Parent Rank 159] | The following model failed in CLASS: 
params: {'lensing': 'yes', 'output': 'tCl,lCl,pCl,mPk', 'l_max_scalars': 2508, 'k_pivot': 0.05, 'N_ur': 2.0328, 'N_ncdm': 1, 'm_ncdm': 0.06, 'T_ncdm': 0.71611, 'N_ncdm_decay_dr': 1, 'quadrature_strategy_ncdm_decay_dr': 3, 'ncdm_fluid_approximation': 3, 'maximum_q_ncdm_decay_dr': 15.0, 'background_method': 0, 'evolver': 1, 'N_momentum_bins_ncdm_decay_dr': 7, 'l_max_ncdm': 13, 'l_max_dr': 13, 'l_max_dr_col': 13, 'omega_b': 0.014549504835540818, 'omega_cdm': 0.12850128387947157, 'Neff_ini_dncdm': 2.989998984751953, 'log10lifetime_ncdm_decay_dr': 5.973524459941395, 'm_ncdm_decay_dr': 404.46195189934133, 'H0': 65.62134138189984, 'ln10^{10}A_s': 2.560800980033084, 'n_s': 1.1744921760267477, 'tau_reio': 0.23858284783886322, 'P_k_max_1/Mpc': 1.0}
error: CosmoComputationError(b'thermodynamics_init(L:446) :error in thermodynamics_reionization(preco, preio, pvecback);\n=>thermodynamics_reionization(L:2283) :condition (tau_sup < tau_reionization_) is true; parameters are such that reionization cannot start after z_start_max')
traceback: Traceback (most recent call last):
  File "/home/maanson/Speciale/connectv2/source/calc_models_mpi_memsafe_child.py", line 639, in main_child
    cosmo.compute()
  File "classy.pyx", line 251, in classy.PyCosmology.compute
  File "classy.pyx", line 272, in classy.PyCosmology.compute
  File "classy.pyx", line 99, in classy.raise_my_py_error
classy.CosmoComputationError: 

Error in Class: thermodynamics_init(L:446) :error in thermodynamics_reionization(preco, preio, pvecback);
=>thermodynamics_reionization(L:2283) :condition (tau_sup < tau_reionization_) is true; parameters are such that reionization cannot start after z_start_max


[PARENT][Rank 159] | ERROR: Child process failed during CLASS computation
Model: {'lensing': 'yes', 'output': 'tCl,lCl,pCl,mPk', 'l_max_scalars': 2508, 'k_pivot': 0.05, 'N_ur': 2.0328, 'N_ncdm': 1, 'm_ncdm': 0.06, 'T_ncdm': 0.71611, 'N_ncdm_decay_dr': 1, 'quadrature_strategy_ncdm_decay_dr': 3, 'ncdm_fluid_approximation': 3, 'maximum_q_ncdm_decay_dr': 15.0, 'background_method': 0, 'evolver': 1, 'N_momentum_bins_ncdm_decay_dr': 7, 'l_max_ncdm': 13, 'l_max_dr': 13, 'l_max_dr_col': 13, 'omega_b': 0.014549504835540818, 'omega_cdm': 0.12850128387947157, 'Neff_ini_dncdm': 2.989998984751953, 'log10lifetime_ncdm_decay_dr': 5.973524459941395, 'm_ncdm_decay_dr': 404.46195189934133, 'H0': 65.62134138189984, 'ln10^{10}A_s': 2.560800980033084, 'n_s': 1.1744921760267477, 'tau_reio': 0.23858284783886322, 'P_k_max_1/Mpc': 1.0}
skipping to the next model...
[CHILD][Parent Rank 80] | The following model failed in CLASS: 
params: {'lensing': 'yes', 'output': 'tCl,lCl,pCl,mPk', 'l_max_scalars': 2508, 'k_pivot': 0.05, 'N_ur': 2.0328, 'N_ncdm': 1, 'm_ncdm': 0.06, 'T_ncdm': 0.71611, 'N_ncdm_decay_dr': 1, 'quadrature_strategy_ncdm_decay_dr': 3, 'ncdm_fluid_approximation': 3, 'maximum_q_ncdm_decay_dr': 15.0, 'background_method': 0, 'evolver': 1, 'N_momentum_bins_ncdm_decay_dr': 7, 'l_max_ncdm': 13, 'l_max_dr': 13, 'l_max_dr_col': 13, 'omega_b': 0.014108999572616708, 'omega_cdm': 0.12712813365708284, 'Neff_ini_dncdm': 1.6740399951064135, 'log10lifetime_ncdm_decay_dr': 4.576954388425667, 'm_ncdm_decay_dr': 439.44708582214855, 'H0': 85.4392992464675, 'ln10^{10}A_s': 4.555574165421163, 'n_s': 1.0215293321680168, 'tau_reio': 0.3687689387959176, 'P_k_max_1/Mpc': 1.0}
error: CosmoComputationError(b'thermodynamics_init(L:446) :error in thermodynamics_reionization(preco, preio, pvecback);\n=>thermodynamics_reionization(L:2283) :condition (tau_sup < tau_reionization_) is true; parameters are such that reionization cannot start after z_start_max')
traceback: Traceback (most recent call last):
  File "/home/maanson/Speciale/connectv2/source/calc_models_mpi_memsafe_child.py", line 639, in main_child
    cosmo.compute()
  File "classy.pyx", line 251, in classy.PyCosmology.compute
  File "classy.pyx", line 272, in classy.PyCosmology.compute
  File "classy.pyx", line 99, in classy.raise_my_py_error
classy.CosmoComputationError: 

Error in Class: thermodynamics_init(L:446) :error in thermodynamics_reionization(preco, preio, pvecback);
=>thermodynamics_reionization(L:2283) :condition (tau_sup < tau_reionization_) is true; parameters are such that reionization cannot start after z_start_max


[PARENT][Rank 80] | ERROR: Child process failed during CLASS computation
Model: {'lensing': 'yes', 'output': 'tCl,lCl,pCl,mPk', 'l_max_scalars': 2508, 'k_pivot': 0.05, 'N_ur': 2.0328, 'N_ncdm': 1, 'm_ncdm': 0.06, 'T_ncdm': 0.71611, 'N_ncdm_decay_dr': 1, 'quadrature_strategy_ncdm_decay_dr': 3, 'ncdm_fluid_approximation': 3, 'maximum_q_ncdm_decay_dr': 15.0, 'background_method': 0, 'evolver': 1, 'N_momentum_bins_ncdm_decay_dr': 7, 'l_max_ncdm': 13, 'l_max_dr': 13, 'l_max_dr_col': 13, 'omega_b': 0.014108999572616708, 'omega_cdm': 0.12712813365708284, 'Neff_ini_dncdm': 1.6740399951064135, 'log10lifetime_ncdm_decay_dr': 4.576954388425667, 'm_ncdm_decay_dr': 439.44708582214855, 'H0': 85.4392992464675, 'ln10^{10}A_s': 4.555574165421163, 'n_s': 1.0215293321680168, 'tau_reio': 0.3687689387959176, 'P_k_max_1/Mpc': 1.0}
skipping to the next model...
[CHILD][Parent Rank 390] | The following model failed in CLASS: 
params: {'lensing': 'yes', 'output': 'tCl,lCl,pCl,mPk', 'l_max_scalars': 2508, 'k_pivot': 0.05, 'N_ur': 2.0328, 'N_ncdm': 1, 'm_ncdm': 0.06, 'T_ncdm': 0.71611, 'N_ncdm_decay_dr': 1, 'quadrature_strategy_ncdm_decay_dr': 3, 'ncdm_fluid_approximation': 3, 'maximum_q_ncdm_decay_dr': 15.0, 'background_method': 0, 'evolver': 1, 'N_momentum_bins_ncdm_decay_dr': 7, 'l_max_ncdm': 13, 'l_max_dr': 13, 'l_max_dr_col': 13, 'omega_b': 0.018561016052877438, 'omega_cdm': 0.1423429093548876, 'Neff_ini_dncdm': 2.28861745624875, 'log10lifetime_ncdm_decay_dr': 5.432420757850712, 'm_ncdm_decay_dr': 226.95688802752758, 'H0': 78.23183310464066, 'ln10^{10}A_s': 4.065265016978913, 'n_s': 0.9138797743517989, 'tau_reio': 0.3943962374381555, 'P_k_max_1/Mpc': 1.0}
error: CosmoComputationError(b'thermodynamics_init(L:446) :error in thermodynamics_reionization(preco, preio, pvecback);\n=>thermodynamics_reionization(L:2283) :condition (tau_sup < tau_reionization_) is true; parameters are such that reionization cannot start after z_start_max')
traceback: Traceback (most recent call last):
  File "/home/maanson/Speciale/connectv2/source/calc_models_mpi_memsafe_child.py", line 639, in main_child
    cosmo.compute()
  File "classy.pyx", line 251, in classy.PyCosmology.compute
  File "classy.pyx", line 272, in classy.PyCosmology.compute
  File "classy.pyx", line 99, in classy.raise_my_py_error
classy.CosmoComputationError: 

Error in Class: thermodynamics_init(L:446) :error in thermodynamics_reionization(preco, preio, pvecback);
=>thermodynamics_reionization(L:2283) :condition (tau_sup < tau_reionization_) is true; parameters are such that reionization cannot start after z_start_max


[PARENT][Rank 390] | ERROR: Child process failed during CLASS computation
Model: {'lensing': 'yes', 'output': 'tCl,lCl,pCl,mPk', 'l_max_scalars': 2508, 'k_pivot': 0.05, 'N_ur': 2.0328, 'N_ncdm': 1, 'm_ncdm': 0.06, 'T_ncdm': 0.71611, 'N_ncdm_decay_dr': 1, 'quadrature_strategy_ncdm_decay_dr': 3, 'ncdm_fluid_approximation': 3, 'maximum_q_ncdm_decay_dr': 15.0, 'background_method': 0, 'evolver': 1, 'N_momentum_bins_ncdm_decay_dr': 7, 'l_max_ncdm': 13, 'l_max_dr': 13, 'l_max_dr_col': 13, 'omega_b': 0.018561016052877438, 'omega_cdm': 0.1423429093548876, 'Neff_ini_dncdm': 2.28861745624875, 'log10lifetime_ncdm_decay_dr': 5.432420757850712, 'm_ncdm_decay_dr': 226.95688802752758, 'H0': 78.23183310464066, 'ln10^{10}A_s': 4.065265016978913, 'n_s': 0.9138797743517989, 'tau_reio': 0.3943962374381555, 'P_k_max_1/Mpc': 1.0}
skipping to the next model...
[CHILD][Parent Rank 97] | The following model failed in CLASS: 
params: {'lensing': 'yes', 'output': 'tCl,lCl,pCl,mPk', 'l_max_scalars': 2508, 'k_pivot': 0.05, 'N_ur': 2.0328, 'N_ncdm': 1, 'm_ncdm': 0.06, 'T_ncdm': 0.71611, 'N_ncdm_decay_dr': 1, 'quadrature_strategy_ncdm_decay_dr': 3, 'ncdm_fluid_approximation': 3, 'maximum_q_ncdm_decay_dr': 15.0, 'background_method': 0, 'evolver': 1, 'N_momentum_bins_ncdm_decay_dr': 7, 'l_max_ncdm': 13, 'l_max_dr': 13, 'l_max_dr_col': 13, 'omega_b': 0.01610756480740071, 'omega_cdm': 0.03676648066517915, 'Neff_ini_dncdm': 2.538643542266323, 'log10lifetime_ncdm_decay_dr': 5.263515682045152, 'm_ncdm_decay_dr': 258.869210444007, 'H0': 82.22843571499125, 'ln10^{10}A_s': 4.472022417086922, 'n_s': 0.8742130912063537, 'tau_reio': 0.39002366185636717, 'P_k_max_1/Mpc': 1.0}
error: CosmoComputationError(b'thermodynamics_init(L:446) :error in thermodynamics_reionization(preco, preio, pvecback);\n=>thermodynamics_reionization(L:2283) :condition (tau_sup < tau_reionization_) is true; parameters are such that reionization cannot start after z_start_max')
traceback: Traceback (most recent call last):
  File "/home/maanson/Speciale/connectv2/source/calc_models_mpi_memsafe_child.py", line 639, in main_child
    cosmo.compute()
  File "classy.pyx", line 251, in classy.PyCosmology.compute
  File "classy.pyx", line 272, in classy.PyCosmology.compute
  File "classy.pyx", line 99, in classy.raise_my_py_error
classy.CosmoComputationError: 

Error in Class: thermodynamics_init(L:446) :error in thermodynamics_reionization(preco, preio, pvecback);
=>thermodynamics_reionization(L:2283) :condition (tau_sup < tau_reionization_) is true; parameters are such that reionization cannot start after z_start_max


[PARENT][Rank 97] | ERROR: Child process failed during CLASS computation
Model: {'lensing': 'yes', 'output': 'tCl,lCl,pCl,mPk', 'l_max_scalars': 2508, 'k_pivot': 0.05, 'N_ur': 2.0328, 'N_ncdm': 1, 'm_ncdm': 0.06, 'T_ncdm': 0.71611, 'N_ncdm_decay_dr': 1, 'quadrature_strategy_ncdm_decay_dr': 3, 'ncdm_fluid_approximation': 3, 'maximum_q_ncdm_decay_dr': 15.0, 'background_method': 0, 'evolver': 1, 'N_momentum_bins_ncdm_decay_dr': 7, 'l_max_ncdm': 13, 'l_max_dr': 13, 'l_max_dr_col': 13, 'omega_b': 0.01610756480740071, 'omega_cdm': 0.03676648066517915, 'Neff_ini_dncdm': 2.538643542266323, 'log10lifetime_ncdm_decay_dr': 5.263515682045152, 'm_ncdm_decay_dr': 258.869210444007, 'H0': 82.22843571499125, 'ln10^{10}A_s': 4.472022417086922, 'n_s': 0.8742130912063537, 'tau_reio': 0.39002366185636717, 'P_k_max_1/Mpc': 1.0}
skipping to the next model...
[PARENT][Rank 336] | ERROR: Timeout while waiting for response from child process after CLASS computations. Child may be unresponsive.

[CHILD][Parent Rank 311] | The following model failed in CLASS: 
params: {'lensing': 'yes', 'output': 'tCl,lCl,pCl,mPk', 'l_max_scalars': 2508, 'k_pivot': 0.05, 'N_ur': 2.0328, 'N_ncdm': 1, 'm_ncdm': 0.06, 'T_ncdm': 0.71611, 'N_ncdm_decay_dr': 1, 'quadrature_strategy_ncdm_decay_dr': 3, 'ncdm_fluid_approximation': 3, 'maximum_q_ncdm_decay_dr': 15.0, 'background_method': 0, 'evolver': 1, 'N_momentum_bins_ncdm_decay_dr': 7, 'l_max_ncdm': 13, 'l_max_dr': 13, 'l_max_dr_col': 13, 'omega_b': 0.014745740298678577, 'omega_cdm': 0.10313438096099074, 'Neff_ini_dncdm': 1.249545418510609, 'log10lifetime_ncdm_decay_dr': 5.856671019230958, 'm_ncdm_decay_dr': 441.9461938840952, 'H0': 66.52973930062662, 'ln10^{10}A_s': 2.0015753830199747, 'n_s': 1.240933501040352, 'tau_reio': 0.2988298102810539, 'P_k_max_1/Mpc': 1.0}
error: CosmoComputationError(b'thermodynamics_init(L:446) :error in thermodynamics_reionization(preco, preio, pvecback);\n=>thermodynamics_reionization(L:2283) :condition (tau_sup < tau_reionization_) is true; parameters are such that reionization cannot start after z_start_max')
traceback: Traceback (most recent call last):
  File "/home/maanson/Speciale/connectv2/source/calc_models_mpi_memsafe_child.py", line 639, in main_child
    cosmo.compute()
  File "classy.pyx", line 251, in classy.PyCosmology.compute
  File "classy.pyx", line 272, in classy.PyCosmology.compute
  File "classy.pyx", line 99, in classy.raise_my_py_error
classy.CosmoComputationError: 

Error in Class: thermodynamics_init(L:446) :error in thermodynamics_reionization(preco, preio, pvecback);
=>thermodynamics_reionization(L:2283) :condition (tau_sup < tau_reionization_) is true; parameters are such that reionization cannot start after z_start_max


[PARENT][Rank 311] | ERROR: Child process failed during CLASS computation
Model: {'lensing': 'yes', 'output': 'tCl,lCl,pCl,mPk', 'l_max_scalars': 2508, 'k_pivot': 0.05, 'N_ur': 2.0328, 'N_ncdm': 1, 'm_ncdm': 0.06, 'T_ncdm': 0.71611, 'N_ncdm_decay_dr': 1, 'quadrature_strategy_ncdm_decay_dr': 3, 'ncdm_fluid_approximation': 3, 'maximum_q_ncdm_decay_dr': 15.0, 'background_method': 0, 'evolver': 1, 'N_momentum_bins_ncdm_decay_dr': 7, 'l_max_ncdm': 13, 'l_max_dr': 13, 'l_max_dr_col': 13, 'omega_b': 0.014745740298678577, 'omega_cdm': 0.10313438096099074, 'Neff_ini_dncdm': 1.249545418510609, 'log10lifetime_ncdm_decay_dr': 5.856671019230958, 'm_ncdm_decay_dr': 441.9461938840952, 'H0': 66.52973930062662, 'ln10^{10}A_s': 2.0015753830199747, 'n_s': 1.240933501040352, 'tau_reio': 0.2988298102810539, 'P_k_max_1/Mpc': 1.0}
skipping to the next model...
[CHILD][Parent Rank 274] | The following model failed in CLASS: 
params: {'lensing': 'yes', 'output': 'tCl,lCl,pCl,mPk', 'l_max_scalars': 2508, 'k_pivot': 0.05, 'N_ur': 2.0328, 'N_ncdm': 1, 'm_ncdm': 0.06, 'T_ncdm': 0.71611, 'N_ncdm_decay_dr': 1, 'quadrature_strategy_ncdm_decay_dr': 3, 'ncdm_fluid_approximation': 3, 'maximum_q_ncdm_decay_dr': 15.0, 'background_method': 0, 'evolver': 1, 'N_momentum_bins_ncdm_decay_dr': 7, 'l_max_ncdm': 13, 'l_max_dr': 13, 'l_max_dr_col': 13, 'omega_b': 0.014387269463794688, 'omega_cdm': 0.11563618549192714, 'Neff_ini_dncdm': 1.3321028473215333, 'log10lifetime_ncdm_decay_dr': 5.49939519054608, 'm_ncdm_decay_dr': 425.57666922633706, 'H0': 70.94824344177137, 'ln10^{10}A_s': 2.988777971668896, 'n_s': 1.2052182277993226, 'tau_reio': 0.3385422130538661, 'P_k_max_1/Mpc': 1.0}
error: CosmoComputationError(b'thermodynamics_init(L:446) :error in thermodynamics_reionization(preco, preio, pvecback);\n=>thermodynamics_reionization(L:2283) :condition (tau_sup < tau_reionization_) is true; parameters are such that reionization cannot start after z_start_max')
traceback: Traceback (most recent call last):
  File "/home/maanson/Speciale/connectv2/source/calc_models_mpi_memsafe_child.py", line 639, in main_child
    cosmo.compute()
  File "classy.pyx", line 251, in classy.PyCosmology.compute
  File "classy.pyx", line 272, in classy.PyCosmology.compute
  File "classy.pyx", line 99, in classy.raise_my_py_error
classy.CosmoComputationError: 

Error in Class: thermodynamics_init(L:446) :error in thermodynamics_reionization(preco, preio, pvecback);
=>thermodynamics_reionization(L:2283) :condition (tau_sup < tau_reionization_) is true; parameters are such that reionization cannot start after z_start_max


[PARENT][Rank 274] | ERROR: Child process failed during CLASS computation
Model: {'lensing': 'yes', 'output': 'tCl,lCl,pCl,mPk', 'l_max_scalars': 2508, 'k_pivot': 0.05, 'N_ur': 2.0328, 'N_ncdm': 1, 'm_ncdm': 0.06, 'T_ncdm': 0.71611, 'N_ncdm_decay_dr': 1, 'quadrature_strategy_ncdm_decay_dr': 3, 'ncdm_fluid_approximation': 3, 'maximum_q_ncdm_decay_dr': 15.0, 'background_method': 0, 'evolver': 1, 'N_momentum_bins_ncdm_decay_dr': 7, 'l_max_ncdm': 13, 'l_max_dr': 13, 'l_max_dr_col': 13, 'omega_b': 0.014387269463794688, 'omega_cdm': 0.11563618549192714, 'Neff_ini_dncdm': 1.3321028473215333, 'log10lifetime_ncdm_decay_dr': 5.49939519054608, 'm_ncdm_decay_dr': 425.57666922633706, 'H0': 70.94824344177137, 'ln10^{10}A_s': 2.988777971668896, 'n_s': 1.2052182277993226, 'tau_reio': 0.3385422130538661, 'P_k_max_1/Mpc': 1.0}
skipping to the next model...
[CHILD][Parent Rank 365] | The following model failed in CLASS: 
params: {'lensing': 'yes', 'output': 'tCl,lCl,pCl,mPk', 'l_max_scalars': 2508, 'k_pivot': 0.05, 'N_ur': 2.0328, 'N_ncdm': 1, 'm_ncdm': 0.06, 'T_ncdm': 0.71611, 'N_ncdm_decay_dr': 1, 'quadrature_strategy_ncdm_decay_dr': 3, 'ncdm_fluid_approximation': 3, 'maximum_q_ncdm_decay_dr': 15.0, 'background_method': 0, 'evolver': 1, 'N_momentum_bins_ncdm_decay_dr': 7, 'l_max_ncdm': 13, 'l_max_dr': 13, 'l_max_dr_col': 13, 'omega_b': 0.028932236260717795, 'omega_cdm': 0.21635864143632608, 'Neff_ini_dncdm': 2.0264946145376896, 'log10lifetime_ncdm_decay_dr': 5.934803189572714, 'm_ncdm_decay_dr': 472.46020714765393, 'H0': 56.708296197934985, 'ln10^{10}A_s': 4.77709741571564, 'n_s': 1.1418037988785725, 'tau_reio': 0.3866857025924013, 'P_k_max_1/Mpc': 1.0}
error: CosmoComputationError(b'thermodynamics_init(L:446) :error in thermodynamics_reionization(preco, preio, pvecback);\n=>thermodynamics_reionization(L:2283) :condition (tau_sup < tau_reionization_) is true; parameters are such that reionization cannot start after z_start_max')
traceback: Traceback (most recent call last):
  File "/home/maanson/Speciale/connectv2/source/calc_models_mpi_memsafe_child.py", line 639, in main_child
    cosmo.compute()
  File "classy.pyx", line 251, in classy.PyCosmology.compute
  File "classy.pyx", line 272, in classy.PyCosmology.compute
  File "classy.pyx", line 99, in classy.raise_my_py_error
classy.CosmoComputationError: 

Error in Class: thermodynamics_init(L:446) :error in thermodynamics_reionization(preco, preio, pvecback);
=>thermodynamics_reionization(L:2283) :condition (tau_sup < tau_reionization_) is true; parameters are such that reionization cannot start after z_start_max


[PARENT][Rank 365] | ERROR: Child process failed during CLASS computation
Model: {'lensing': 'yes', 'output': 'tCl,lCl,pCl,mPk', 'l_max_scalars': 2508, 'k_pivot': 0.05, 'N_ur': 2.0328, 'N_ncdm': 1, 'm_ncdm': 0.06, 'T_ncdm': 0.71611, 'N_ncdm_decay_dr': 1, 'quadrature_strategy_ncdm_decay_dr': 3, 'ncdm_fluid_approximation': 3, 'maximum_q_ncdm_decay_dr': 15.0, 'background_method': 0, 'evolver': 1, 'N_momentum_bins_ncdm_decay_dr': 7, 'l_max_ncdm': 13, 'l_max_dr': 13, 'l_max_dr_col': 13, 'omega_b': 0.028932236260717795, 'omega_cdm': 0.21635864143632608, 'Neff_ini_dncdm': 2.0264946145376896, 'log10lifetime_ncdm_decay_dr': 5.934803189572714, 'm_ncdm_decay_dr': 472.46020714765393, 'H0': 56.708296197934985, 'ln10^{10}A_s': 4.77709741571564, 'n_s': 1.1418037988785725, 'tau_reio': 0.3866857025924013, 'P_k_max_1/Mpc': 1.0}
skipping to the next model...
[CHILD][Parent Rank 12] | The following model failed in CLASS: 
params: {'lensing': 'yes', 'output': 'tCl,lCl,pCl,mPk', 'l_max_scalars': 2508, 'k_pivot': 0.05, 'N_ur': 2.0328, 'N_ncdm': 1, 'm_ncdm': 0.06, 'T_ncdm': 0.71611, 'N_ncdm_decay_dr': 1, 'quadrature_strategy_ncdm_decay_dr': 3, 'ncdm_fluid_approximation': 3, 'maximum_q_ncdm_decay_dr': 15.0, 'background_method': 0, 'evolver': 1, 'N_momentum_bins_ncdm_decay_dr': 7, 'l_max_ncdm': 13, 'l_max_dr': 13, 'l_max_dr_col': 13, 'omega_b': 0.0150060161160774, 'omega_cdm': 0.13446492956494388, 'Neff_ini_dncdm': 2.560385133555859, 'log10lifetime_ncdm_decay_dr': 5.751630676057856, 'm_ncdm_decay_dr': 306.02521514490337, 'H0': 77.20716824617794, 'ln10^{10}A_s': 2.4915054205642346, 'n_s': 0.8084860974017346, 'tau_reio': 0.23211473917413303, 'P_k_max_1/Mpc': 1.0}
error: CosmoComputationError(b'thermodynamics_init(L:446) :error in thermodynamics_reionization(preco, preio, pvecback);\n=>thermodynamics_reionization(L:2283) :condition (tau_sup < tau_reionization_) is true; parameters are such that reionization cannot start after z_start_max')
traceback: Traceback (most recent call last):
  File "/home/maanson/Speciale/connectv2/source/calc_models_mpi_memsafe_child.py", line 639, in main_child
    cosmo.compute()
  File "classy.pyx", line 251, in classy.PyCosmology.compute
  File "classy.pyx", line 272, in classy.PyCosmology.compute
  File "classy.pyx", line 99, in classy.raise_my_py_error
classy.CosmoComputationError: 

Error in Class: thermodynamics_init(L:446) :error in thermodynamics_reionization(preco, preio, pvecback);
=>thermodynamics_reionization(L:2283) :condition (tau_sup < tau_reionization_) is true; parameters are such that reionization cannot start after z_start_max


[PARENT][Rank 12] | ERROR: Child process failed during CLASS computation
Model: {'lensing': 'yes', 'output': 'tCl,lCl,pCl,mPk', 'l_max_scalars': 2508, 'k_pivot': 0.05, 'N_ur': 2.0328, 'N_ncdm': 1, 'm_ncdm': 0.06, 'T_ncdm': 0.71611, 'N_ncdm_decay_dr': 1, 'quadrature_strategy_ncdm_decay_dr': 3, 'ncdm_fluid_approximation': 3, 'maximum_q_ncdm_decay_dr': 15.0, 'background_method': 0, 'evolver': 1, 'N_momentum_bins_ncdm_decay_dr': 7, 'l_max_ncdm': 13, 'l_max_dr': 13, 'l_max_dr_col': 13, 'omega_b': 0.0150060161160774, 'omega_cdm': 0.13446492956494388, 'Neff_ini_dncdm': 2.560385133555859, 'log10lifetime_ncdm_decay_dr': 5.751630676057856, 'm_ncdm_decay_dr': 306.02521514490337, 'H0': 77.20716824617794, 'ln10^{10}A_s': 2.4915054205642346, 'n_s': 0.8084860974017346, 'tau_reio': 0.23211473917413303, 'P_k_max_1/Mpc': 1.0}
skipping to the next model...
[CHILD][Parent Rank 270] | The following model failed in CLASS: 
params: {'lensing': 'yes', 'output': 'tCl,lCl,pCl,mPk', 'l_max_scalars': 2508, 'k_pivot': 0.05, 'N_ur': 2.0328, 'N_ncdm': 1, 'm_ncdm': 0.06, 'T_ncdm': 0.71611, 'N_ncdm_decay_dr': 1, 'quadrature_strategy_ncdm_decay_dr': 3, 'ncdm_fluid_approximation': 3, 'maximum_q_ncdm_decay_dr': 15.0, 'background_method': 0, 'evolver': 1, 'N_momentum_bins_ncdm_decay_dr': 7, 'l_max_ncdm': 13, 'l_max_dr': 13, 'l_max_dr_col': 13, 'omega_b': 0.016275677882150487, 'omega_cdm': 0.20410574957078684, 'Neff_ini_dncdm': 2.540314535949555, 'log10lifetime_ncdm_decay_dr': 4.736972211278633, 'm_ncdm_decay_dr': 345.4502115556732, 'H0': 90.20862649026593, 'ln10^{10}A_s': 4.509661477340292, 'n_s': 0.8675626715017846, 'tau_reio': 0.3400433648562762, 'P_k_max_1/Mpc': 1.0}
error: CosmoComputationError(b'thermodynamics_init(L:446) :error in thermodynamics_reionization(preco, preio, pvecback);\n=>thermodynamics_reionization(L:2283) :condition (tau_sup < tau_reionization_) is true; parameters are such that reionization cannot start after z_start_max')
traceback: Traceback (most recent call last):
  File "/home/maanson/Speciale/connectv2/source/calc_models_mpi_memsafe_child.py", line 639, in main_child
    cosmo.compute()
  File "classy.pyx", line 251, in classy.PyCosmology.compute
  File "classy.pyx", line 272, in classy.PyCosmology.compute
  File "classy.pyx", line 99, in classy.raise_my_py_error
classy.CosmoComputationError: 

Error in Class: thermodynamics_init(L:446) :error in thermodynamics_reionization(preco, preio, pvecback);
=>thermodynamics_reionization(L:2283) :condition (tau_sup < tau_reionization_) is true; parameters are such that reionization cannot start after z_start_max


[PARENT][Rank 270] | ERROR: Child process failed during CLASS computation
Model: {'lensing': 'yes', 'output': 'tCl,lCl,pCl,mPk', 'l_max_scalars': 2508, 'k_pivot': 0.05, 'N_ur': 2.0328, 'N_ncdm': 1, 'm_ncdm': 0.06, 'T_ncdm': 0.71611, 'N_ncdm_decay_dr': 1, 'quadrature_strategy_ncdm_decay_dr': 3, 'ncdm_fluid_approximation': 3, 'maximum_q_ncdm_decay_dr': 15.0, 'background_method': 0, 'evolver': 1, 'N_momentum_bins_ncdm_decay_dr': 7, 'l_max_ncdm': 13, 'l_max_dr': 13, 'l_max_dr_col': 13, 'omega_b': 0.016275677882150487, 'omega_cdm': 0.20410574957078684, 'Neff_ini_dncdm': 2.540314535949555, 'log10lifetime_ncdm_decay_dr': 4.736972211278633, 'm_ncdm_decay_dr': 345.4502115556732, 'H0': 90.20862649026593, 'ln10^{10}A_s': 4.509661477340292, 'n_s': 0.8675626715017846, 'tau_reio': 0.3400433648562762, 'P_k_max_1/Mpc': 1.0}
skipping to the next model...
[PARENT][Rank 336] | ERROR: Timeout while waiting for PONG response from child process. Child may be unresponsive.
Respawning child process...
[PARENT][Rank 336] | WARNING: Child process died or is unresponsive. Respawning...
[PARENT][Rank 336] | [INFO] Successfully respawned child process.
[CHILD][Parent Rank 382] | The following model failed in CLASS: 
params: {'lensing': 'yes', 'output': 'tCl,lCl,pCl,mPk', 'l_max_scalars': 2508, 'k_pivot': 0.05, 'N_ur': 2.0328, 'N_ncdm': 1, 'm_ncdm': 0.06, 'T_ncdm': 0.71611, 'N_ncdm_decay_dr': 1, 'quadrature_strategy_ncdm_decay_dr': 3, 'ncdm_fluid_approximation': 3, 'maximum_q_ncdm_decay_dr': 15.0, 'background_method': 0, 'evolver': 1, 'N_momentum_bins_ncdm_decay_dr': 7, 'l_max_ncdm': 13, 'l_max_dr': 13, 'l_max_dr_col': 13, 'omega_b': 0.01659300399396208, 'omega_cdm': 0.027977423613290676, 'Neff_ini_dncdm': 2.7272752731709553, 'log10lifetime_ncdm_decay_dr': 5.205224906407523, 'm_ncdm_decay_dr': 506.5878616086487, 'H0': 79.94309901751464, 'ln10^{10}A_s': 4.256269275735189, 'n_s': 1.2754657331536923, 'tau_reio': 0.28425953231977164, 'P_k_max_1/Mpc': 1.0}
error: CosmoComputationError(b'thermodynamics_init(L:446) :error in thermodynamics_reionization(preco, preio, pvecback);\n=>thermodynamics_reionization(L:2283) :condition (tau_sup < tau_reionization_) is true; parameters are such that reionization cannot start after z_start_max')
traceback: Traceback (most recent call last):
  File "/home/maanson/Speciale/connectv2/source/calc_models_mpi_memsafe_child.py", line 639, in main_child
    cosmo.compute()
  File "classy.pyx", line 251, in classy.PyCosmology.compute
  File "classy.pyx", line 272, in classy.PyCosmology.compute
  File "classy.pyx", line 99, in classy.raise_my_py_error
classy.CosmoComputationError: 

Error in Class: thermodynamics_init(L:446) :error in thermodynamics_reionization(preco, preio, pvecback);
=>thermodynamics_reionization(L:2283) :condition (tau_sup < tau_reionization_) is true; parameters are such that reionization cannot start after z_start_max


[PARENT][Rank 382] | ERROR: Child process failed during CLASS computation
Model: {'lensing': 'yes', 'output': 'tCl,lCl,pCl,mPk', 'l_max_scalars': 2508, 'k_pivot': 0.05, 'N_ur': 2.0328, 'N_ncdm': 1, 'm_ncdm': 0.06, 'T_ncdm': 0.71611, 'N_ncdm_decay_dr': 1, 'quadrature_strategy_ncdm_decay_dr': 3, 'ncdm_fluid_approximation': 3, 'maximum_q_ncdm_decay_dr': 15.0, 'background_method': 0, 'evolver': 1, 'N_momentum_bins_ncdm_decay_dr': 7, 'l_max_ncdm': 13, 'l_max_dr': 13, 'l_max_dr_col': 13, 'omega_b': 0.01659300399396208, 'omega_cdm': 0.027977423613290676, 'Neff_ini_dncdm': 2.7272752731709553, 'log10lifetime_ncdm_decay_dr': 5.205224906407523, 'm_ncdm_decay_dr': 506.5878616086487, 'H0': 79.94309901751464, 'ln10^{10}A_s': 4.256269275735189, 'n_s': 1.2754657331536923, 'tau_reio': 0.28425953231977164, 'P_k_max_1/Mpc': 1.0}
skipping to the next model...
[CHILD][Parent Rank 216] | The following model failed in CLASS: 
params: {'lensing': 'yes', 'output': 'tCl,lCl,pCl,mPk', 'l_max_scalars': 2508, 'k_pivot': 0.05, 'N_ur': 2.0328, 'N_ncdm': 1, 'm_ncdm': 0.06, 'T_ncdm': 0.71611, 'N_ncdm_decay_dr': 1, 'quadrature_strategy_ncdm_decay_dr': 3, 'ncdm_fluid_approximation': 3, 'maximum_q_ncdm_decay_dr': 15.0, 'background_method': 0, 'evolver': 1, 'N_momentum_bins_ncdm_decay_dr': 7, 'l_max_ncdm': 13, 'l_max_dr': 13, 'l_max_dr_col': 13, 'omega_b': 0.016895793965658892, 'omega_cdm': 0.2235306942702029, 'Neff_ini_dncdm': 1.4774300436955277, 'log10lifetime_ncdm_decay_dr': 5.247540309866235, 'm_ncdm_decay_dr': 208.3870765155002, 'H0': 92.71177982566735, 'ln10^{10}A_s': 3.069594046664902, 'n_s': 1.2461367645277004, 'tau_reio': 0.37639043489417384, 'P_k_max_1/Mpc': 1.0}
error: CosmoComputationError(b'thermodynamics_init(L:446) :error in thermodynamics_reionization(preco, preio, pvecback);\n=>thermodynamics_reionization(L:2283) :condition (tau_sup < tau_reionization_) is true; parameters are such that reionization cannot start after z_start_max')
traceback: Traceback (most recent call last):
  File "/home/maanson/Speciale/connectv2/source/calc_models_mpi_memsafe_child.py", line 639, in main_child
    cosmo.compute()
  File "classy.pyx", line 251, in classy.PyCosmology.compute
  File "classy.pyx", line 272, in classy.PyCosmology.compute
  File "classy.pyx", line 99, in classy.raise_my_py_error
classy.CosmoComputationError: 

Error in Class: thermodynamics_init(L:446) :error in thermodynamics_reionization(preco, preio, pvecback);
=>thermodynamics_reionization(L:2283) :condition (tau_sup < tau_reionization_) is true; parameters are such that reionization cannot start after z_start_max


[PARENT][Rank 216] | ERROR: Child process failed during CLASS computation
Model: {'lensing': 'yes', 'output': 'tCl,lCl,pCl,mPk', 'l_max_scalars': 2508, 'k_pivot': 0.05, 'N_ur': 2.0328, 'N_ncdm': 1, 'm_ncdm': 0.06, 'T_ncdm': 0.71611, 'N_ncdm_decay_dr': 1, 'quadrature_strategy_ncdm_decay_dr': 3, 'ncdm_fluid_approximation': 3, 'maximum_q_ncdm_decay_dr': 15.0, 'background_method': 0, 'evolver': 1, 'N_momentum_bins_ncdm_decay_dr': 7, 'l_max_ncdm': 13, 'l_max_dr': 13, 'l_max_dr_col': 13, 'omega_b': 0.016895793965658892, 'omega_cdm': 0.2235306942702029, 'Neff_ini_dncdm': 1.4774300436955277, 'log10lifetime_ncdm_decay_dr': 5.247540309866235, 'm_ncdm_decay_dr': 208.3870765155002, 'H0': 92.71177982566735, 'ln10^{10}A_s': 3.069594046664902, 'n_s': 1.2461367645277004, 'tau_reio': 0.37639043489417384, 'P_k_max_1/Mpc': 1.0}
skipping to the next model...
[CHILD][Parent Rank 297] | The following model failed in CLASS: 
params: {'lensing': 'yes', 'output': 'tCl,lCl,pCl,mPk', 'l_max_scalars': 2508, 'k_pivot': 0.05, 'N_ur': 2.0328, 'N_ncdm': 1, 'm_ncdm': 0.06, 'T_ncdm': 0.71611, 'N_ncdm_decay_dr': 1, 'quadrature_strategy_ncdm_decay_dr': 3, 'ncdm_fluid_approximation': 3, 'maximum_q_ncdm_decay_dr': 15.0, 'background_method': 0, 'evolver': 1, 'N_momentum_bins_ncdm_decay_dr': 7, 'l_max_ncdm': 13, 'l_max_dr': 13, 'l_max_dr_col': 13, 'omega_b': 0.02061025411532179, 'omega_cdm': 0.024775682488402888, 'Neff_ini_dncdm': 2.7500297287054263, 'log10lifetime_ncdm_decay_dr': 5.981271576096782, 'm_ncdm_decay_dr': 382.8853523212004, 'H0': 82.75810026127152, 'ln10^{10}A_s': 4.570088619329983, 'n_s': 0.8810681769965876, 'tau_reio': 0.28165339172519016, 'P_k_max_1/Mpc': 1.0}
error: CosmoComputationError(b'thermodynamics_init(L:446) :error in thermodynamics_reionization(preco, preio, pvecback);\n=>thermodynamics_reionization(L:2283) :condition (tau_sup < tau_reionization_) is true; parameters are such that reionization cannot start after z_start_max')
traceback: Traceback (most recent call last):
  File "/home/maanson/Speciale/connectv2/source/calc_models_mpi_memsafe_child.py", line 639, in main_child
    cosmo.compute()
  File "classy.pyx", line 251, in classy.PyCosmology.compute
  File "classy.pyx", line 272, in classy.PyCosmology.compute
  File "classy.pyx", line 99, in classy.raise_my_py_error
classy.CosmoComputationError: 

Error in Class: thermodynamics_init(L:446) :error in thermodynamics_reionization(preco, preio, pvecback);
=>thermodynamics_reionization(L:2283) :condition (tau_sup < tau_reionization_) is true; parameters are such that reionization cannot start after z_start_max


[PARENT][Rank 297] | ERROR: Child process failed during CLASS computation
Model: {'lensing': 'yes', 'output': 'tCl,lCl,pCl,mPk', 'l_max_scalars': 2508, 'k_pivot': 0.05, 'N_ur': 2.0328, 'N_ncdm': 1, 'm_ncdm': 0.06, 'T_ncdm': 0.71611, 'N_ncdm_decay_dr': 1, 'quadrature_strategy_ncdm_decay_dr': 3, 'ncdm_fluid_approximation': 3, 'maximum_q_ncdm_decay_dr': 15.0, 'background_method': 0, 'evolver': 1, 'N_momentum_bins_ncdm_decay_dr': 7, 'l_max_ncdm': 13, 'l_max_dr': 13, 'l_max_dr_col': 13, 'omega_b': 0.02061025411532179, 'omega_cdm': 0.024775682488402888, 'Neff_ini_dncdm': 2.7500297287054263, 'log10lifetime_ncdm_decay_dr': 5.981271576096782, 'm_ncdm_decay_dr': 382.8853523212004, 'H0': 82.75810026127152, 'ln10^{10}A_s': 4.570088619329983, 'n_s': 0.8810681769965876, 'tau_reio': 0.28165339172519016, 'P_k_max_1/Mpc': 1.0}
skipping to the next model...
[CHILD][Parent Rank 88] | The following model failed in CLASS: 
params: {'lensing': 'yes', 'output': 'tCl,lCl,pCl,mPk', 'l_max_scalars': 2508, 'k_pivot': 0.05, 'N_ur': 2.0328, 'N_ncdm': 1, 'm_ncdm': 0.06, 'T_ncdm': 0.71611, 'N_ncdm_decay_dr': 1, 'quadrature_strategy_ncdm_decay_dr': 3, 'ncdm_fluid_approximation': 3, 'maximum_q_ncdm_decay_dr': 15.0, 'background_method': 0, 'evolver': 1, 'N_momentum_bins_ncdm_decay_dr': 7, 'l_max_ncdm': 13, 'l_max_dr': 13, 'l_max_dr_col': 13, 'omega_b': 0.023161925101595336, 'omega_cdm': 0.15419240829255504, 'Neff_ini_dncdm': 2.9120751352237884, 'log10lifetime_ncdm_decay_dr': 5.795685921766408, 'm_ncdm_decay_dr': 369.0654115752266, 'H0': 81.12751648589102, 'ln10^{10}A_s': 2.562557186248176, 'n_s': 1.2796198534253787, 'tau_reio': 0.3739214153964789, 'P_k_max_1/Mpc': 1.0}
error: CosmoComputationError(b'thermodynamics_init(L:446) :error in thermodynamics_reionization(preco, preio, pvecback);\n=>thermodynamics_reionization(L:2283) :condition (tau_sup < tau_reionization_) is true; parameters are such that reionization cannot start after z_start_max')
traceback: Traceback (most recent call last):
  File "/home/maanson/Speciale/connectv2/source/calc_models_mpi_memsafe_child.py", line 639, in main_child
    cosmo.compute()
  File "classy.pyx", line 251, in classy.PyCosmology.compute
  File "classy.pyx", line 272, in classy.PyCosmology.compute
  File "classy.pyx", line 99, in classy.raise_my_py_error
classy.CosmoComputationError: 

Error in Class: thermodynamics_init(L:446) :error in thermodynamics_reionization(preco, preio, pvecback);
=>thermodynamics_reionization(L:2283) :condition (tau_sup < tau_reionization_) is true; parameters are such that reionization cannot start after z_start_max


[PARENT][Rank 88] | ERROR: Child process failed during CLASS computation
Model: {'lensing': 'yes', 'output': 'tCl,lCl,pCl,mPk', 'l_max_scalars': 2508, 'k_pivot': 0.05, 'N_ur': 2.0328, 'N_ncdm': 1, 'm_ncdm': 0.06, 'T_ncdm': 0.71611, 'N_ncdm_decay_dr': 1, 'quadrature_strategy_ncdm_decay_dr': 3, 'ncdm_fluid_approximation': 3, 'maximum_q_ncdm_decay_dr': 15.0, 'background_method': 0, 'evolver': 1, 'N_momentum_bins_ncdm_decay_dr': 7, 'l_max_ncdm': 13, 'l_max_dr': 13, 'l_max_dr_col': 13, 'omega_b': 0.023161925101595336, 'omega_cdm': 0.15419240829255504, 'Neff_ini_dncdm': 2.9120751352237884, 'log10lifetime_ncdm_decay_dr': 5.795685921766408, 'm_ncdm_decay_dr': 369.0654115752266, 'H0': 81.12751648589102, 'ln10^{10}A_s': 2.562557186248176, 'n_s': 1.2796198534253787, 'tau_reio': 0.3739214153964789, 'P_k_max_1/Mpc': 1.0}
skipping to the next model...
[CHILD][Parent Rank 139] | The following model failed in CLASS: 
params: {'lensing': 'yes', 'output': 'tCl,lCl,pCl,mPk', 'l_max_scalars': 2508, 'k_pivot': 0.05, 'N_ur': 2.0328, 'N_ncdm': 1, 'm_ncdm': 0.06, 'T_ncdm': 0.71611, 'N_ncdm_decay_dr': 1, 'quadrature_strategy_ncdm_decay_dr': 3, 'ncdm_fluid_approximation': 3, 'maximum_q_ncdm_decay_dr': 15.0, 'background_method': 0, 'evolver': 1, 'N_momentum_bins_ncdm_decay_dr': 7, 'l_max_ncdm': 13, 'l_max_dr': 13, 'l_max_dr_col': 13, 'omega_b': 0.033172234411961585, 'omega_cdm': 0.12141042513069611, 'Neff_ini_dncdm': 2.534944220364006, 'log10lifetime_ncdm_decay_dr': 5.96280602945473, 'm_ncdm_decay_dr': 443.7963231018874, 'H0': 80.60925408300889, 'ln10^{10}A_s': 1.1402542324968268, 'n_s': 0.81192826832276, 'tau_reio': 0.38271082447907045, 'P_k_max_1/Mpc': 1.0}
error: CosmoComputationError(b'thermodynamics_init(L:446) :error in thermodynamics_reionization(preco, preio, pvecback);\n=>thermodynamics_reionization(L:2283) :condition (tau_sup < tau_reionization_) is true; parameters are such that reionization cannot start after z_start_max')
traceback: Traceback (most recent call last):
  File "/home/maanson/Speciale/connectv2/source/calc_models_mpi_memsafe_child.py", line 639, in main_child
    cosmo.compute()
  File "classy.pyx", line 251, in classy.PyCosmology.compute
  File "classy.pyx", line 272, in classy.PyCosmology.compute
  File "classy.pyx", line 99, in classy.raise_my_py_error
classy.CosmoComputationError: 

Error in Class: thermodynamics_init(L:446) :error in thermodynamics_reionization(preco, preio, pvecback);
=>thermodynamics_reionization(L:2283) :condition (tau_sup < tau_reionization_) is true; parameters are such that reionization cannot start after z_start_max


[PARENT][Rank 139] | ERROR: Child process failed during CLASS computation
Model: {'lensing': 'yes', 'output': 'tCl,lCl,pCl,mPk', 'l_max_scalars': 2508, 'k_pivot': 0.05, 'N_ur': 2.0328, 'N_ncdm': 1, 'm_ncdm': 0.06, 'T_ncdm': 0.71611, 'N_ncdm_decay_dr': 1, 'quadrature_strategy_ncdm_decay_dr': 3, 'ncdm_fluid_approximation': 3, 'maximum_q_ncdm_decay_dr': 15.0, 'background_method': 0, 'evolver': 1, 'N_momentum_bins_ncdm_decay_dr': 7, 'l_max_ncdm': 13, 'l_max_dr': 13, 'l_max_dr_col': 13, 'omega_b': 0.033172234411961585, 'omega_cdm': 0.12141042513069611, 'Neff_ini_dncdm': 2.534944220364006, 'log10lifetime_ncdm_decay_dr': 5.96280602945473, 'm_ncdm_decay_dr': 443.7963231018874, 'H0': 80.60925408300889, 'ln10^{10}A_s': 1.1402542324968268, 'n_s': 0.81192826832276, 'tau_reio': 0.38271082447907045, 'P_k_max_1/Mpc': 1.0}
skipping to the next model...
[CHILD][Parent Rank 193] | The following model failed in CLASS: 
params: {'lensing': 'yes', 'output': 'tCl,lCl,pCl,mPk', 'l_max_scalars': 2508, 'k_pivot': 0.05, 'N_ur': 2.0328, 'N_ncdm': 1, 'm_ncdm': 0.06, 'T_ncdm': 0.71611, 'N_ncdm_decay_dr': 1, 'quadrature_strategy_ncdm_decay_dr': 3, 'ncdm_fluid_approximation': 3, 'maximum_q_ncdm_decay_dr': 15.0, 'background_method': 0, 'evolver': 1, 'N_momentum_bins_ncdm_decay_dr': 7, 'l_max_ncdm': 13, 'l_max_dr': 13, 'l_max_dr_col': 13, 'omega_b': 0.014955290085512845, 'omega_cdm': 0.0696813851296469, 'Neff_ini_dncdm': 2.423600522047508, 'log10lifetime_ncdm_decay_dr': 5.833661330558947, 'm_ncdm_decay_dr': 212.50292792251125, 'H0': 97.42838079464002, 'ln10^{10}A_s': 1.8858286131625301, 'n_s': 0.7247331133021635, 'tau_reio': 0.29177460966321456, 'P_k_max_1/Mpc': 1.0}
error: CosmoComputationError(b'thermodynamics_init(L:446) :error in thermodynamics_reionization(preco, preio, pvecback);\n=>thermodynamics_reionization(L:2283) :condition (tau_sup < tau_reionization_) is true; parameters are such that reionization cannot start after z_start_max')
traceback: Traceback (most recent call last):
  File "/home/maanson/Speciale/connectv2/source/calc_models_mpi_memsafe_child.py", line 639, in main_child
    cosmo.compute()
  File "classy.pyx", line 251, in classy.PyCosmology.compute
  File "classy.pyx", line 272, in classy.PyCosmology.compute
  File "classy.pyx", line 99, in classy.raise_my_py_error
classy.CosmoComputationError: 

Error in Class: thermodynamics_init(L:446) :error in thermodynamics_reionization(preco, preio, pvecback);
=>thermodynamics_reionization(L:2283) :condition (tau_sup < tau_reionization_) is true; parameters are such that reionization cannot start after z_start_max


[PARENT][Rank 193] | ERROR: Child process failed during CLASS computation
Model: {'lensing': 'yes', 'output': 'tCl,lCl,pCl,mPk', 'l_max_scalars': 2508, 'k_pivot': 0.05, 'N_ur': 2.0328, 'N_ncdm': 1, 'm_ncdm': 0.06, 'T_ncdm': 0.71611, 'N_ncdm_decay_dr': 1, 'quadrature_strategy_ncdm_decay_dr': 3, 'ncdm_fluid_approximation': 3, 'maximum_q_ncdm_decay_dr': 15.0, 'background_method': 0, 'evolver': 1, 'N_momentum_bins_ncdm_decay_dr': 7, 'l_max_ncdm': 13, 'l_max_dr': 13, 'l_max_dr_col': 13, 'omega_b': 0.014955290085512845, 'omega_cdm': 0.0696813851296469, 'Neff_ini_dncdm': 2.423600522047508, 'log10lifetime_ncdm_decay_dr': 5.833661330558947, 'm_ncdm_decay_dr': 212.50292792251125, 'H0': 97.42838079464002, 'ln10^{10}A_s': 1.8858286131625301, 'n_s': 0.7247331133021635, 'tau_reio': 0.29177460966321456, 'P_k_max_1/Mpc': 1.0}
skipping to the next model...
[PARENT][Rank 141] | ERROR: Timeout while waiting for response from child process after CLASS computations. Child may be unresponsive.

[CHILD][Parent Rank 273] | The following model failed in CLASS: 
params: {'lensing': 'yes', 'output': 'tCl,lCl,pCl,mPk', 'l_max_scalars': 2508, 'k_pivot': 0.05, 'N_ur': 2.0328, 'N_ncdm': 1, 'm_ncdm': 0.06, 'T_ncdm': 0.71611, 'N_ncdm_decay_dr': 1, 'quadrature_strategy_ncdm_decay_dr': 3, 'ncdm_fluid_approximation': 3, 'maximum_q_ncdm_decay_dr': 15.0, 'background_method': 0, 'evolver': 1, 'N_momentum_bins_ncdm_decay_dr': 7, 'l_max_ncdm': 13, 'l_max_dr': 13, 'l_max_dr_col': 13, 'omega_b': 0.01970190800054871, 'omega_cdm': 0.10653095213264588, 'Neff_ini_dncdm': 2.1406245908732076, 'log10lifetime_ncdm_decay_dr': 5.63356378124071, 'm_ncdm_decay_dr': 391.0446584393669, 'H0': 86.33720590014165, 'ln10^{10}A_s': 4.000189585681019, 'n_s': 0.7026698171832854, 'tau_reio': 0.2978824523834929, 'P_k_max_1/Mpc': 1.0}
error: CosmoComputationError(b'thermodynamics_init(L:446) :error in thermodynamics_reionization(preco, preio, pvecback);\n=>thermodynamics_reionization(L:2283) :condition (tau_sup < tau_reionization_) is true; parameters are such that reionization cannot start after z_start_max')
traceback: Traceback (most recent call last):
  File "/home/maanson/Speciale/connectv2/source/calc_models_mpi_memsafe_child.py", line 639, in main_child
    cosmo.compute()
  File "classy.pyx", line 251, in classy.PyCosmology.compute
  File "classy.pyx", line 272, in classy.PyCosmology.compute
  File "classy.pyx", line 99, in classy.raise_my_py_error
classy.CosmoComputationError: 

Error in Class: thermodynamics_init(L:446) :error in thermodynamics_reionization(preco, preio, pvecback);
=>thermodynamics_reionization(L:2283) :condition (tau_sup < tau_reionization_) is true; parameters are such that reionization cannot start after z_start_max


[PARENT][Rank 273] | ERROR: Child process failed during CLASS computation
Model: {'lensing': 'yes', 'output': 'tCl,lCl,pCl,mPk', 'l_max_scalars': 2508, 'k_pivot': 0.05, 'N_ur': 2.0328, 'N_ncdm': 1, 'm_ncdm': 0.06, 'T_ncdm': 0.71611, 'N_ncdm_decay_dr': 1, 'quadrature_strategy_ncdm_decay_dr': 3, 'ncdm_fluid_approximation': 3, 'maximum_q_ncdm_decay_dr': 15.0, 'background_method': 0, 'evolver': 1, 'N_momentum_bins_ncdm_decay_dr': 7, 'l_max_ncdm': 13, 'l_max_dr': 13, 'l_max_dr_col': 13, 'omega_b': 0.01970190800054871, 'omega_cdm': 0.10653095213264588, 'Neff_ini_dncdm': 2.1406245908732076, 'log10lifetime_ncdm_decay_dr': 5.63356378124071, 'm_ncdm_decay_dr': 391.0446584393669, 'H0': 86.33720590014165, 'ln10^{10}A_s': 4.000189585681019, 'n_s': 0.7026698171832854, 'tau_reio': 0.2978824523834929, 'P_k_max_1/Mpc': 1.0}
skipping to the next model...
[CHILD][Parent Rank 252] | The following model failed in CLASS: 
params: {'lensing': 'yes', 'output': 'tCl,lCl,pCl,mPk', 'l_max_scalars': 2508, 'k_pivot': 0.05, 'N_ur': 2.0328, 'N_ncdm': 1, 'm_ncdm': 0.06, 'T_ncdm': 0.71611, 'N_ncdm_decay_dr': 1, 'quadrature_strategy_ncdm_decay_dr': 3, 'ncdm_fluid_approximation': 3, 'maximum_q_ncdm_decay_dr': 15.0, 'background_method': 0, 'evolver': 1, 'N_momentum_bins_ncdm_decay_dr': 7, 'l_max_ncdm': 13, 'l_max_dr': 13, 'l_max_dr_col': 13, 'omega_b': 0.016000794157910295, 'omega_cdm': 0.20357320056023714, 'Neff_ini_dncdm': 2.250668172437549, 'log10lifetime_ncdm_decay_dr': 5.694355683871278, 'm_ncdm_decay_dr': 372.50004705287597, 'H0': 94.65140742798187, 'ln10^{10}A_s': 2.787292671078153, 'n_s': 0.9302906255728112, 'tau_reio': 0.3664226348992944, 'P_k_max_1/Mpc': 1.0}
error: CosmoComputationError(b'thermodynamics_init(L:446) :error in thermodynamics_reionization(preco, preio, pvecback);\n=>thermodynamics_reionization(L:2283) :condition (tau_sup < tau_reionization_) is true; parameters are such that reionization cannot start after z_start_max')
traceback: Traceback (most recent call last):
  File "/home/maanson/Speciale/connectv2/source/calc_models_mpi_memsafe_child.py", line 639, in main_child
    cosmo.compute()
  File "classy.pyx", line 251, in classy.PyCosmology.compute
  File "classy.pyx", line 272, in classy.PyCosmology.compute
  File "classy.pyx", line 99, in classy.raise_my_py_error
classy.CosmoComputationError: 

Error in Class: thermodynamics_init(L:446) :error in thermodynamics_reionization(preco, preio, pvecback);
=>thermodynamics_reionization(L:2283) :condition (tau_sup < tau_reionization_) is true; parameters are such that reionization cannot start after z_start_max


[PARENT][Rank 252] | ERROR: Child process failed during CLASS computation
Model: {'lensing': 'yes', 'output': 'tCl,lCl,pCl,mPk', 'l_max_scalars': 2508, 'k_pivot': 0.05, 'N_ur': 2.0328, 'N_ncdm': 1, 'm_ncdm': 0.06, 'T_ncdm': 0.71611, 'N_ncdm_decay_dr': 1, 'quadrature_strategy_ncdm_decay_dr': 3, 'ncdm_fluid_approximation': 3, 'maximum_q_ncdm_decay_dr': 15.0, 'background_method': 0, 'evolver': 1, 'N_momentum_bins_ncdm_decay_dr': 7, 'l_max_ncdm': 13, 'l_max_dr': 13, 'l_max_dr_col': 13, 'omega_b': 0.016000794157910295, 'omega_cdm': 0.20357320056023714, 'Neff_ini_dncdm': 2.250668172437549, 'log10lifetime_ncdm_decay_dr': 5.694355683871278, 'm_ncdm_decay_dr': 372.50004705287597, 'H0': 94.65140742798187, 'ln10^{10}A_s': 2.787292671078153, 'n_s': 0.9302906255728112, 'tau_reio': 0.3664226348992944, 'P_k_max_1/Mpc': 1.0}
skipping to the next model...
[CHILD][Parent Rank 298] | The following model failed in CLASS: 
params: {'lensing': 'yes', 'output': 'tCl,lCl,pCl,mPk', 'l_max_scalars': 2508, 'k_pivot': 0.05, 'N_ur': 2.0328, 'N_ncdm': 1, 'm_ncdm': 0.06, 'T_ncdm': 0.71611, 'N_ncdm_decay_dr': 1, 'quadrature_strategy_ncdm_decay_dr': 3, 'ncdm_fluid_approximation': 3, 'maximum_q_ncdm_decay_dr': 15.0, 'background_method': 0, 'evolver': 1, 'N_momentum_bins_ncdm_decay_dr': 7, 'l_max_ncdm': 13, 'l_max_dr': 13, 'l_max_dr_col': 13, 'omega_b': 0.014047722621439275, 'omega_cdm': 0.23263721975253782, 'Neff_ini_dncdm': 0.6275940015083759, 'log10lifetime_ncdm_decay_dr': 5.639531902351063, 'm_ncdm_decay_dr': 498.85393300927984, 'H0': 86.61784985120228, 'ln10^{10}A_s': 4.74259411086354, 'n_s': 0.7830573249689494, 'tau_reio': 0.34941267979562013, 'P_k_max_1/Mpc': 1.0}
error: CosmoComputationError(b'thermodynamics_init(L:446) :error in thermodynamics_reionization(preco, preio, pvecback);\n=>thermodynamics_reionization(L:2283) :condition (tau_sup < tau_reionization_) is true; parameters are such that reionization cannot start after z_start_max')
traceback: Traceback (most recent call last):
  File "/home/maanson/Speciale/connectv2/source/calc_models_mpi_memsafe_child.py", line 639, in main_child
    cosmo.compute()
  File "classy.pyx", line 251, in classy.PyCosmology.compute
  File "classy.pyx", line 272, in classy.PyCosmology.compute
  File "classy.pyx", line 99, in classy.raise_my_py_error
classy.CosmoComputationError: 

Error in Class: thermodynamics_init(L:446) :error in thermodynamics_reionization(preco, preio, pvecback);
=>thermodynamics_reionization(L:2283) :condition (tau_sup < tau_reionization_) is true; parameters are such that reionization cannot start after z_start_max


[PARENT][Rank 298] | ERROR: Child process failed during CLASS computation
Model: {'lensing': 'yes', 'output': 'tCl,lCl,pCl,mPk', 'l_max_scalars': 2508, 'k_pivot': 0.05, 'N_ur': 2.0328, 'N_ncdm': 1, 'm_ncdm': 0.06, 'T_ncdm': 0.71611, 'N_ncdm_decay_dr': 1, 'quadrature_strategy_ncdm_decay_dr': 3, 'ncdm_fluid_approximation': 3, 'maximum_q_ncdm_decay_dr': 15.0, 'background_method': 0, 'evolver': 1, 'N_momentum_bins_ncdm_decay_dr': 7, 'l_max_ncdm': 13, 'l_max_dr': 13, 'l_max_dr_col': 13, 'omega_b': 0.014047722621439275, 'omega_cdm': 0.23263721975253782, 'Neff_ini_dncdm': 0.6275940015083759, 'log10lifetime_ncdm_decay_dr': 5.639531902351063, 'm_ncdm_decay_dr': 498.85393300927984, 'H0': 86.61784985120228, 'ln10^{10}A_s': 4.74259411086354, 'n_s': 0.7830573249689494, 'tau_reio': 0.34941267979562013, 'P_k_max_1/Mpc': 1.0}
skipping to the next model...
[CHILD][Parent Rank 118] | The following model failed in CLASS: 
params: {'lensing': 'yes', 'output': 'tCl,lCl,pCl,mPk', 'l_max_scalars': 2508, 'k_pivot': 0.05, 'N_ur': 2.0328, 'N_ncdm': 1, 'm_ncdm': 0.06, 'T_ncdm': 0.71611, 'N_ncdm_decay_dr': 1, 'quadrature_strategy_ncdm_decay_dr': 3, 'ncdm_fluid_approximation': 3, 'maximum_q_ncdm_decay_dr': 15.0, 'background_method': 0, 'evolver': 1, 'N_momentum_bins_ncdm_decay_dr': 7, 'l_max_ncdm': 13, 'l_max_dr': 13, 'l_max_dr_col': 13, 'omega_b': 0.014626872444383529, 'omega_cdm': 0.18482191196053926, 'Neff_ini_dncdm': 2.385058521595476, 'log10lifetime_ncdm_decay_dr': 3.9575246957149224, 'm_ncdm_decay_dr': 357.69828502925765, 'H0': 51.0750469291696, 'ln10^{10}A_s': 1.250772880105317, 'n_s': 0.8232135875557824, 'tau_reio': 0.380493435605116, 'P_k_max_1/Mpc': 1.0}
error: CosmoComputationError(b'thermodynamics_init(L:446) :error in thermodynamics_reionization(preco, preio, pvecback);\n=>thermodynamics_reionization(L:2283) :condition (tau_sup < tau_reionization_) is true; parameters are such that reionization cannot start after z_start_max')
traceback: Traceback (most recent call last):
  File "/home/maanson/Speciale/connectv2/source/calc_models_mpi_memsafe_child.py", line 639, in main_child
    cosmo.compute()
  File "classy.pyx", line 251, in classy.PyCosmology.compute
  File "classy.pyx", line 272, in classy.PyCosmology.compute
  File "classy.pyx", line 99, in classy.raise_my_py_error
classy.CosmoComputationError: 

Error in Class: thermodynamics_init(L:446) :error in thermodynamics_reionization(preco, preio, pvecback);
=>thermodynamics_reionization(L:2283) :condition (tau_sup < tau_reionization_) is true; parameters are such that reionization cannot start after z_start_max


[PARENT][Rank 118] | ERROR: Child process failed during CLASS computation
Model: {'lensing': 'yes', 'output': 'tCl,lCl,pCl,mPk', 'l_max_scalars': 2508, 'k_pivot': 0.05, 'N_ur': 2.0328, 'N_ncdm': 1, 'm_ncdm': 0.06, 'T_ncdm': 0.71611, 'N_ncdm_decay_dr': 1, 'quadrature_strategy_ncdm_decay_dr': 3, 'ncdm_fluid_approximation': 3, 'maximum_q_ncdm_decay_dr': 15.0, 'background_method': 0, 'evolver': 1, 'N_momentum_bins_ncdm_decay_dr': 7, 'l_max_ncdm': 13, 'l_max_dr': 13, 'l_max_dr_col': 13, 'omega_b': 0.014626872444383529, 'omega_cdm': 0.18482191196053926, 'Neff_ini_dncdm': 2.385058521595476, 'log10lifetime_ncdm_decay_dr': 3.9575246957149224, 'm_ncdm_decay_dr': 357.69828502925765, 'H0': 51.0750469291696, 'ln10^{10}A_s': 1.250772880105317, 'n_s': 0.8232135875557824, 'tau_reio': 0.380493435605116, 'P_k_max_1/Mpc': 1.0}
skipping to the next model...
[CHILD][Parent Rank 313] | The following model failed in CLASS: 
params: {'lensing': 'yes', 'output': 'tCl,lCl,pCl,mPk', 'l_max_scalars': 2508, 'k_pivot': 0.05, 'N_ur': 2.0328, 'N_ncdm': 1, 'm_ncdm': 0.06, 'T_ncdm': 0.71611, 'N_ncdm_decay_dr': 1, 'quadrature_strategy_ncdm_decay_dr': 3, 'ncdm_fluid_approximation': 3, 'maximum_q_ncdm_decay_dr': 15.0, 'background_method': 0, 'evolver': 1, 'N_momentum_bins_ncdm_decay_dr': 7, 'l_max_ncdm': 13, 'l_max_dr': 13, 'l_max_dr_col': 13, 'omega_b': 0.023774333114985897, 'omega_cdm': 0.09872994880109043, 'Neff_ini_dncdm': 2.6666847366746937, 'log10lifetime_ncdm_decay_dr': 5.6431624320797, 'm_ncdm_decay_dr': 369.48539922285806, 'H0': 47.652243316983714, 'ln10^{10}A_s': 2.4857988419059813, 'n_s': 1.2780784150997984, 'tau_reio': 0.3351274874646797, 'P_k_max_1/Mpc': 1.0}
error: CosmoComputationError(b'thermodynamics_init(L:446) :error in thermodynamics_reionization(preco, preio, pvecback);\n=>thermodynamics_reionization(L:2283) :condition (tau_sup < tau_reionization_) is true; parameters are such that reionization cannot start after z_start_max')
traceback: Traceback (most recent call last):
  File "/home/maanson/Speciale/connectv2/source/calc_models_mpi_memsafe_child.py", line 639, in main_child
    cosmo.compute()
  File "classy.pyx", line 251, in classy.PyCosmology.compute
  File "classy.pyx", line 272, in classy.PyCosmology.compute
  File "classy.pyx", line 99, in classy.raise_my_py_error
classy.CosmoComputationError: 

Error in Class: thermodynamics_init(L:446) :error in thermodynamics_reionization(preco, preio, pvecback);
=>thermodynamics_reionization(L:2283) :condition (tau_sup < tau_reionization_) is true; parameters are such that reionization cannot start after z_start_max


[PARENT][Rank 313] | ERROR: Child process failed during CLASS computation
Model: {'lensing': 'yes', 'output': 'tCl,lCl,pCl,mPk', 'l_max_scalars': 2508, 'k_pivot': 0.05, 'N_ur': 2.0328, 'N_ncdm': 1, 'm_ncdm': 0.06, 'T_ncdm': 0.71611, 'N_ncdm_decay_dr': 1, 'quadrature_strategy_ncdm_decay_dr': 3, 'ncdm_fluid_approximation': 3, 'maximum_q_ncdm_decay_dr': 15.0, 'background_method': 0, 'evolver': 1, 'N_momentum_bins_ncdm_decay_dr': 7, 'l_max_ncdm': 13, 'l_max_dr': 13, 'l_max_dr_col': 13, 'omega_b': 0.023774333114985897, 'omega_cdm': 0.09872994880109043, 'Neff_ini_dncdm': 2.6666847366746937, 'log10lifetime_ncdm_decay_dr': 5.6431624320797, 'm_ncdm_decay_dr': 369.48539922285806, 'H0': 47.652243316983714, 'ln10^{10}A_s': 2.4857988419059813, 'n_s': 1.2780784150997984, 'tau_reio': 0.3351274874646797, 'P_k_max_1/Mpc': 1.0}
skipping to the next model...
[PARENT][Rank 141] | ERROR: Timeout while waiting for PONG response from child process. Child may be unresponsive.
Respawning child process...
[PARENT][Rank 141] | WARNING: Child process died or is unresponsive. Respawning...
[PARENT][Rank 141] | [INFO] Successfully respawned child process.
[CHILD][Parent Rank 260] | The following model failed in CLASS: 
params: {'lensing': 'yes', 'output': 'tCl,lCl,pCl,mPk', 'l_max_scalars': 2508, 'k_pivot': 0.05, 'N_ur': 2.0328, 'N_ncdm': 1, 'm_ncdm': 0.06, 'T_ncdm': 0.71611, 'N_ncdm_decay_dr': 1, 'quadrature_strategy_ncdm_decay_dr': 3, 'ncdm_fluid_approximation': 3, 'maximum_q_ncdm_decay_dr': 15.0, 'background_method': 0, 'evolver': 1, 'N_momentum_bins_ncdm_decay_dr': 7, 'l_max_ncdm': 13, 'l_max_dr': 13, 'l_max_dr_col': 13, 'omega_b': 0.01478822249316366, 'omega_cdm': 0.13733087466082727, 'Neff_ini_dncdm': 1.5511288728299761, 'log10lifetime_ncdm_decay_dr': 5.905383461553429, 'm_ncdm_decay_dr': 181.93269128861186, 'H0': 68.0512923996087, 'ln10^{10}A_s': 2.384006523959486, 'n_s': 1.0117576981741685, 'tau_reio': 0.3809810760788701, 'P_k_max_1/Mpc': 1.0}
error: CosmoComputationError(b'thermodynamics_init(L:446) :error in thermodynamics_reionization(preco, preio, pvecback);\n=>thermodynamics_reionization(L:2283) :condition (tau_sup < tau_reionization_) is true; parameters are such that reionization cannot start after z_start_max')
traceback: Traceback (most recent call last):
  File "/home/maanson/Speciale/connectv2/source/calc_models_mpi_memsafe_child.py", line 639, in main_child
    cosmo.compute()
  File "classy.pyx", line 251, in classy.PyCosmology.compute
  File "classy.pyx", line 272, in classy.PyCosmology.compute
  File "classy.pyx", line 99, in classy.raise_my_py_error
classy.CosmoComputationError: 

Error in Class: thermodynamics_init(L:446) :error in thermodynamics_reionization(preco, preio, pvecback);
=>thermodynamics_reionization(L:2283) :condition (tau_sup < tau_reionization_) is true; parameters are such that reionization cannot start after z_start_max


[PARENT][Rank 260] | ERROR: Child process failed during CLASS computation
Model: {'lensing': 'yes', 'output': 'tCl,lCl,pCl,mPk', 'l_max_scalars': 2508, 'k_pivot': 0.05, 'N_ur': 2.0328, 'N_ncdm': 1, 'm_ncdm': 0.06, 'T_ncdm': 0.71611, 'N_ncdm_decay_dr': 1, 'quadrature_strategy_ncdm_decay_dr': 3, 'ncdm_fluid_approximation': 3, 'maximum_q_ncdm_decay_dr': 15.0, 'background_method': 0, 'evolver': 1, 'N_momentum_bins_ncdm_decay_dr': 7, 'l_max_ncdm': 13, 'l_max_dr': 13, 'l_max_dr_col': 13, 'omega_b': 0.01478822249316366, 'omega_cdm': 0.13733087466082727, 'Neff_ini_dncdm': 1.5511288728299761, 'log10lifetime_ncdm_decay_dr': 5.905383461553429, 'm_ncdm_decay_dr': 181.93269128861186, 'H0': 68.0512923996087, 'ln10^{10}A_s': 2.384006523959486, 'n_s': 1.0117576981741685, 'tau_reio': 0.3809810760788701, 'P_k_max_1/Mpc': 1.0}
skipping to the next model...
[CHILD][Parent Rank 349] | The following model failed in CLASS: 
params: {'lensing': 'yes', 'output': 'tCl,lCl,pCl,mPk', 'l_max_scalars': 2508, 'k_pivot': 0.05, 'N_ur': 2.0328, 'N_ncdm': 1, 'm_ncdm': 0.06, 'T_ncdm': 0.71611, 'N_ncdm_decay_dr': 1, 'quadrature_strategy_ncdm_decay_dr': 3, 'ncdm_fluid_approximation': 3, 'maximum_q_ncdm_decay_dr': 15.0, 'background_method': 0, 'evolver': 1, 'N_momentum_bins_ncdm_decay_dr': 7, 'l_max_ncdm': 13, 'l_max_dr': 13, 'l_max_dr_col': 13, 'omega_b': 0.016119558211974225, 'omega_cdm': 0.034198183248909754, 'Neff_ini_dncdm': 2.685896671267116, 'log10lifetime_ncdm_decay_dr': 5.8321266113112245, 'm_ncdm_decay_dr': 347.1207043317382, 'H0': 47.44328224050858, 'ln10^{10}A_s': 1.2512068749344811, 'n_s': 1.0649810133476962, 'tau_reio': 0.25055836392209885, 'P_k_max_1/Mpc': 1.0}
error: CosmoComputationError(b'thermodynamics_init(L:446) :error in thermodynamics_reionization(preco, preio, pvecback);\n=>thermodynamics_reionization(L:2283) :condition (tau_sup < tau_reionization_) is true; parameters are such that reionization cannot start after z_start_max')
traceback: Traceback (most recent call last):
  File "/home/maanson/Speciale/connectv2/source/calc_models_mpi_memsafe_child.py", line 639, in main_child
    cosmo.compute()
  File "classy.pyx", line 251, in classy.PyCosmology.compute
  File "classy.pyx", line 272, in classy.PyCosmology.compute
  File "classy.pyx", line 99, in classy.raise_my_py_error
classy.CosmoComputationError: 

Error in Class: thermodynamics_init(L:446) :error in thermodynamics_reionization(preco, preio, pvecback);
=>thermodynamics_reionization(L:2283) :condition (tau_sup < tau_reionization_) is true; parameters are such that reionization cannot start after z_start_max


[PARENT][Rank 349] | ERROR: Child process failed during CLASS computation
Model: {'lensing': 'yes', 'output': 'tCl,lCl,pCl,mPk', 'l_max_scalars': 2508, 'k_pivot': 0.05, 'N_ur': 2.0328, 'N_ncdm': 1, 'm_ncdm': 0.06, 'T_ncdm': 0.71611, 'N_ncdm_decay_dr': 1, 'quadrature_strategy_ncdm_decay_dr': 3, 'ncdm_fluid_approximation': 3, 'maximum_q_ncdm_decay_dr': 15.0, 'background_method': 0, 'evolver': 1, 'N_momentum_bins_ncdm_decay_dr': 7, 'l_max_ncdm': 13, 'l_max_dr': 13, 'l_max_dr_col': 13, 'omega_b': 0.016119558211974225, 'omega_cdm': 0.034198183248909754, 'Neff_ini_dncdm': 2.685896671267116, 'log10lifetime_ncdm_decay_dr': 5.8321266113112245, 'm_ncdm_decay_dr': 347.1207043317382, 'H0': 47.44328224050858, 'ln10^{10}A_s': 1.2512068749344811, 'n_s': 1.0649810133476962, 'tau_reio': 0.25055836392209885, 'P_k_max_1/Mpc': 1.0}
skipping to the next model...
[CHILD][Parent Rank 299] | The following model failed in CLASS: 
params: {'lensing': 'yes', 'output': 'tCl,lCl,pCl,mPk', 'l_max_scalars': 2508, 'k_pivot': 0.05, 'N_ur': 2.0328, 'N_ncdm': 1, 'm_ncdm': 0.06, 'T_ncdm': 0.71611, 'N_ncdm_decay_dr': 1, 'quadrature_strategy_ncdm_decay_dr': 3, 'ncdm_fluid_approximation': 3, 'maximum_q_ncdm_decay_dr': 15.0, 'background_method': 0, 'evolver': 1, 'N_momentum_bins_ncdm_decay_dr': 7, 'l_max_ncdm': 13, 'l_max_dr': 13, 'l_max_dr_col': 13, 'omega_b': 0.02157807538539258, 'omega_cdm': 0.038611696064190924, 'Neff_ini_dncdm': 2.0941522381929327, 'log10lifetime_ncdm_decay_dr': 5.44873141480302, 'm_ncdm_decay_dr': 415.96163860684595, 'H0': 81.38883471634091, 'ln10^{10}A_s': 3.1156154612561013, 'n_s': 0.8337330804956631, 'tau_reio': 0.3687373993816891, 'P_k_max_1/Mpc': 1.0}
error: CosmoComputationError(b'thermodynamics_init(L:446) :error in thermodynamics_reionization(preco, preio, pvecback);\n=>thermodynamics_reionization(L:2283) :condition (tau_sup < tau_reionization_) is true; parameters are such that reionization cannot start after z_start_max')
traceback: Traceback (most recent call last):
  File "/home/maanson/Speciale/connectv2/source/calc_models_mpi_memsafe_child.py", line 639, in main_child
    cosmo.compute()
  File "classy.pyx", line 251, in classy.PyCosmology.compute
  File "classy.pyx", line 272, in classy.PyCosmology.compute
  File "classy.pyx", line 99, in classy.raise_my_py_error
classy.CosmoComputationError: 

Error in Class: thermodynamics_init(L:446) :error in thermodynamics_reionization(preco, preio, pvecback);
=>thermodynamics_reionization(L:2283) :condition (tau_sup < tau_reionization_) is true; parameters are such that reionization cannot start after z_start_max


[PARENT][Rank 299] | ERROR: Child process failed during CLASS computation
Model: {'lensing': 'yes', 'output': 'tCl,lCl,pCl,mPk', 'l_max_scalars': 2508, 'k_pivot': 0.05, 'N_ur': 2.0328, 'N_ncdm': 1, 'm_ncdm': 0.06, 'T_ncdm': 0.71611, 'N_ncdm_decay_dr': 1, 'quadrature_strategy_ncdm_decay_dr': 3, 'ncdm_fluid_approximation': 3, 'maximum_q_ncdm_decay_dr': 15.0, 'background_method': 0, 'evolver': 1, 'N_momentum_bins_ncdm_decay_dr': 7, 'l_max_ncdm': 13, 'l_max_dr': 13, 'l_max_dr_col': 13, 'omega_b': 0.02157807538539258, 'omega_cdm': 0.038611696064190924, 'Neff_ini_dncdm': 2.0941522381929327, 'log10lifetime_ncdm_decay_dr': 5.44873141480302, 'm_ncdm_decay_dr': 415.96163860684595, 'H0': 81.38883471634091, 'ln10^{10}A_s': 3.1156154612561013, 'n_s': 0.8337330804956631, 'tau_reio': 0.3687373993816891, 'P_k_max_1/Mpc': 1.0}
skipping to the next model...
[CHILD][Parent Rank 230] | The following model failed in CLASS: 
params: {'lensing': 'yes', 'output': 'tCl,lCl,pCl,mPk', 'l_max_scalars': 2508, 'k_pivot': 0.05, 'N_ur': 2.0328, 'N_ncdm': 1, 'm_ncdm': 0.06, 'T_ncdm': 0.71611, 'N_ncdm_decay_dr': 1, 'quadrature_strategy_ncdm_decay_dr': 3, 'ncdm_fluid_approximation': 3, 'maximum_q_ncdm_decay_dr': 15.0, 'background_method': 0, 'evolver': 1, 'N_momentum_bins_ncdm_decay_dr': 7, 'l_max_ncdm': 13, 'l_max_dr': 13, 'l_max_dr_col': 13, 'omega_b': 0.014500004759059045, 'omega_cdm': 0.20593422262737152, 'Neff_ini_dncdm': 2.4959642801422257, 'log10lifetime_ncdm_decay_dr': 4.573173535380851, 'm_ncdm_decay_dr': 387.72771377890547, 'H0': 85.3658703420293, 'ln10^{10}A_s': 1.0491785438322907, 'n_s': 0.742908300582901, 'tau_reio': 0.39035658202185536, 'P_k_max_1/Mpc': 1.0}
error: CosmoComputationError(b'thermodynamics_init(L:446) :error in thermodynamics_reionization(preco, preio, pvecback);\n=>thermodynamics_reionization(L:2283) :condition (tau_sup < tau_reionization_) is true; parameters are such that reionization cannot start after z_start_max')
traceback: Traceback (most recent call last):
  File "/home/maanson/Speciale/connectv2/source/calc_models_mpi_memsafe_child.py", line 639, in main_child
    cosmo.compute()
  File "classy.pyx", line 251, in classy.PyCosmology.compute
  File "classy.pyx", line 272, in classy.PyCosmology.compute
  File "classy.pyx", line 99, in classy.raise_my_py_error
classy.CosmoComputationError: 

Error in Class: thermodynamics_init(L:446) :error in thermodynamics_reionization(preco, preio, pvecback);
=>thermodynamics_reionization(L:2283) :condition (tau_sup < tau_reionization_) is true; parameters are such that reionization cannot start after z_start_max


[PARENT][Rank 230] | ERROR: Child process failed during CLASS computation
Model: {'lensing': 'yes', 'output': 'tCl,lCl,pCl,mPk', 'l_max_scalars': 2508, 'k_pivot': 0.05, 'N_ur': 2.0328, 'N_ncdm': 1, 'm_ncdm': 0.06, 'T_ncdm': 0.71611, 'N_ncdm_decay_dr': 1, 'quadrature_strategy_ncdm_decay_dr': 3, 'ncdm_fluid_approximation': 3, 'maximum_q_ncdm_decay_dr': 15.0, 'background_method': 0, 'evolver': 1, 'N_momentum_bins_ncdm_decay_dr': 7, 'l_max_ncdm': 13, 'l_max_dr': 13, 'l_max_dr_col': 13, 'omega_b': 0.014500004759059045, 'omega_cdm': 0.20593422262737152, 'Neff_ini_dncdm': 2.4959642801422257, 'log10lifetime_ncdm_decay_dr': 4.573173535380851, 'm_ncdm_decay_dr': 387.72771377890547, 'H0': 85.3658703420293, 'ln10^{10}A_s': 1.0491785438322907, 'n_s': 0.742908300582901, 'tau_reio': 0.39035658202185536, 'P_k_max_1/Mpc': 1.0}
skipping to the next model...
[CHILD][Parent Rank 13] | The following model failed in CLASS: 
params: {'lensing': 'yes', 'output': 'tCl,lCl,pCl,mPk', 'l_max_scalars': 2508, 'k_pivot': 0.05, 'N_ur': 2.0328, 'N_ncdm': 1, 'm_ncdm': 0.06, 'T_ncdm': 0.71611, 'N_ncdm_decay_dr': 1, 'quadrature_strategy_ncdm_decay_dr': 3, 'ncdm_fluid_approximation': 3, 'maximum_q_ncdm_decay_dr': 15.0, 'background_method': 0, 'evolver': 1, 'N_momentum_bins_ncdm_decay_dr': 7, 'l_max_ncdm': 13, 'l_max_dr': 13, 'l_max_dr_col': 13, 'omega_b': 0.020915767206821798, 'omega_cdm': 0.15651388792325946, 'Neff_ini_dncdm': 2.602451759395405, 'log10lifetime_ncdm_decay_dr': 5.945766563804709, 'm_ncdm_decay_dr': 434.23055223284814, 'H0': 40.21929210100167, 'ln10^{10}A_s': 3.4148275978609703, 'n_s': 1.146136573942535, 'tau_reio': 0.3069440677107937, 'P_k_max_1/Mpc': 1.0}
error: CosmoComputationError(b'thermodynamics_init(L:446) :error in thermodynamics_reionization(preco, preio, pvecback);\n=>thermodynamics_reionization(L:2283) :condition (tau_sup < tau_reionization_) is true; parameters are such that reionization cannot start after z_start_max')
traceback: Traceback (most recent call last):
  File "/home/maanson/Speciale/connectv2/source/calc_models_mpi_memsafe_child.py", line 639, in main_child
    cosmo.compute()
  File "classy.pyx", line 251, in classy.PyCosmology.compute
  File "classy.pyx", line 272, in classy.PyCosmology.compute
  File "classy.pyx", line 99, in classy.raise_my_py_error
classy.CosmoComputationError: 

Error in Class: thermodynamics_init(L:446) :error in thermodynamics_reionization(preco, preio, pvecback);
=>thermodynamics_reionization(L:2283) :condition (tau_sup < tau_reionization_) is true; parameters are such that reionization cannot start after z_start_max


[PARENT][Rank 13] | ERROR: Child process failed during CLASS computation
Model: {'lensing': 'yes', 'output': 'tCl,lCl,pCl,mPk', 'l_max_scalars': 2508, 'k_pivot': 0.05, 'N_ur': 2.0328, 'N_ncdm': 1, 'm_ncdm': 0.06, 'T_ncdm': 0.71611, 'N_ncdm_decay_dr': 1, 'quadrature_strategy_ncdm_decay_dr': 3, 'ncdm_fluid_approximation': 3, 'maximum_q_ncdm_decay_dr': 15.0, 'background_method': 0, 'evolver': 1, 'N_momentum_bins_ncdm_decay_dr': 7, 'l_max_ncdm': 13, 'l_max_dr': 13, 'l_max_dr_col': 13, 'omega_b': 0.020915767206821798, 'omega_cdm': 0.15651388792325946, 'Neff_ini_dncdm': 2.602451759395405, 'log10lifetime_ncdm_decay_dr': 5.945766563804709, 'm_ncdm_decay_dr': 434.23055223284814, 'H0': 40.21929210100167, 'ln10^{10}A_s': 3.4148275978609703, 'n_s': 1.146136573942535, 'tau_reio': 0.3069440677107937, 'P_k_max_1/Mpc': 1.0}
skipping to the next model...
[CHILD][Parent Rank 215] | The following model failed in CLASS: 
params: {'lensing': 'yes', 'output': 'tCl,lCl,pCl,mPk', 'l_max_scalars': 2508, 'k_pivot': 0.05, 'N_ur': 2.0328, 'N_ncdm': 1, 'm_ncdm': 0.06, 'T_ncdm': 0.71611, 'N_ncdm_decay_dr': 1, 'quadrature_strategy_ncdm_decay_dr': 3, 'ncdm_fluid_approximation': 3, 'maximum_q_ncdm_decay_dr': 15.0, 'background_method': 0, 'evolver': 1, 'N_momentum_bins_ncdm_decay_dr': 7, 'l_max_ncdm': 13, 'l_max_dr': 13, 'l_max_dr_col': 13, 'omega_b': 0.021573947525926757, 'omega_cdm': 0.17422765843938984, 'Neff_ini_dncdm': 2.7139539645434727, 'log10lifetime_ncdm_decay_dr': 5.954076685307573, 'm_ncdm_decay_dr': 518.398104887969, 'H0': 91.02141503187819, 'ln10^{10}A_s': 2.090630936886818, 'n_s': 0.8899218497762703, 'tau_reio': 0.25306860300170503, 'P_k_max_1/Mpc': 1.0}
error: CosmoComputationError(b'thermodynamics_init(L:446) :error in thermodynamics_reionization(preco, preio, pvecback);\n=>thermodynamics_reionization(L:2283) :condition (tau_sup < tau_reionization_) is true; parameters are such that reionization cannot start after z_start_max')
traceback: Traceback (most recent call last):
  File "/home/maanson/Speciale/connectv2/source/calc_models_mpi_memsafe_child.py", line 639, in main_child
    cosmo.compute()
  File "classy.pyx", line 251, in classy.PyCosmology.compute
  File "classy.pyx", line 272, in classy.PyCosmology.compute
  File "classy.pyx", line 99, in classy.raise_my_py_error
classy.CosmoComputationError: 

Error in Class: thermodynamics_init(L:446) :error in thermodynamics_reionization(preco, preio, pvecback);
=>thermodynamics_reionization(L:2283) :condition (tau_sup < tau_reionization_) is true; parameters are such that reionization cannot start after z_start_max


[PARENT][Rank 215] | ERROR: Child process failed during CLASS computation
Model: {'lensing': 'yes', 'output': 'tCl,lCl,pCl,mPk', 'l_max_scalars': 2508, 'k_pivot': 0.05, 'N_ur': 2.0328, 'N_ncdm': 1, 'm_ncdm': 0.06, 'T_ncdm': 0.71611, 'N_ncdm_decay_dr': 1, 'quadrature_strategy_ncdm_decay_dr': 3, 'ncdm_fluid_approximation': 3, 'maximum_q_ncdm_decay_dr': 15.0, 'background_method': 0, 'evolver': 1, 'N_momentum_bins_ncdm_decay_dr': 7, 'l_max_ncdm': 13, 'l_max_dr': 13, 'l_max_dr_col': 13, 'omega_b': 0.021573947525926757, 'omega_cdm': 0.17422765843938984, 'Neff_ini_dncdm': 2.7139539645434727, 'log10lifetime_ncdm_decay_dr': 5.954076685307573, 'm_ncdm_decay_dr': 518.398104887969, 'H0': 91.02141503187819, 'ln10^{10}A_s': 2.090630936886818, 'n_s': 0.8899218497762703, 'tau_reio': 0.25306860300170503, 'P_k_max_1/Mpc': 1.0}
skipping to the next model...
[CHILD][Parent Rank 385] | The following model failed in CLASS: 
params: {'lensing': 'yes', 'output': 'tCl,lCl,pCl,mPk', 'l_max_scalars': 2508, 'k_pivot': 0.05, 'N_ur': 2.0328, 'N_ncdm': 1, 'm_ncdm': 0.06, 'T_ncdm': 0.71611, 'N_ncdm_decay_dr': 1, 'quadrature_strategy_ncdm_decay_dr': 3, 'ncdm_fluid_approximation': 3, 'maximum_q_ncdm_decay_dr': 15.0, 'background_method': 0, 'evolver': 1, 'N_momentum_bins_ncdm_decay_dr': 7, 'l_max_ncdm': 13, 'l_max_dr': 13, 'l_max_dr_col': 13, 'omega_b': 0.016076300902783506, 'omega_cdm': 0.21644919031678267, 'Neff_ini_dncdm': 2.1148793842752296, 'log10lifetime_ncdm_decay_dr': 4.984519717087292, 'm_ncdm_decay_dr': 224.64554610045363, 'H0': 76.80962733168178, 'ln10^{10}A_s': 4.346876010283186, 'n_s': 0.9163907998625501, 'tau_reio': 0.3522203946810348, 'P_k_max_1/Mpc': 1.0}
error: CosmoComputationError(b'thermodynamics_init(L:446) :error in thermodynamics_reionization(preco, preio, pvecback);\n=>thermodynamics_reionization(L:2283) :condition (tau_sup < tau_reionization_) is true; parameters are such that reionization cannot start after z_start_max')
traceback: Traceback (most recent call last):
  File "/home/maanson/Speciale/connectv2/source/calc_models_mpi_memsafe_child.py", line 639, in main_child
    cosmo.compute()
  File "classy.pyx", line 251, in classy.PyCosmology.compute
  File "classy.pyx", line 272, in classy.PyCosmology.compute
  File "classy.pyx", line 99, in classy.raise_my_py_error
classy.CosmoComputationError: 

Error in Class: thermodynamics_init(L:446) :error in thermodynamics_reionization(preco, preio, pvecback);
=>thermodynamics_reionization(L:2283) :condition (tau_sup < tau_reionization_) is true; parameters are such that reionization cannot start after z_start_max


[PARENT][Rank 385] | ERROR: Child process failed during CLASS computation
Model: {'lensing': 'yes', 'output': 'tCl,lCl,pCl,mPk', 'l_max_scalars': 2508, 'k_pivot': 0.05, 'N_ur': 2.0328, 'N_ncdm': 1, 'm_ncdm': 0.06, 'T_ncdm': 0.71611, 'N_ncdm_decay_dr': 1, 'quadrature_strategy_ncdm_decay_dr': 3, 'ncdm_fluid_approximation': 3, 'maximum_q_ncdm_decay_dr': 15.0, 'background_method': 0, 'evolver': 1, 'N_momentum_bins_ncdm_decay_dr': 7, 'l_max_ncdm': 13, 'l_max_dr': 13, 'l_max_dr_col': 13, 'omega_b': 0.016076300902783506, 'omega_cdm': 0.21644919031678267, 'Neff_ini_dncdm': 2.1148793842752296, 'log10lifetime_ncdm_decay_dr': 4.984519717087292, 'm_ncdm_decay_dr': 224.64554610045363, 'H0': 76.80962733168178, 'ln10^{10}A_s': 4.346876010283186, 'n_s': 0.9163907998625501, 'tau_reio': 0.3522203946810348, 'P_k_max_1/Mpc': 1.0}
skipping to the next model...
[CHILD][Parent Rank 353] | The following model failed in CLASS: 
params: {'lensing': 'yes', 'output': 'tCl,lCl,pCl,mPk', 'l_max_scalars': 2508, 'k_pivot': 0.05, 'N_ur': 2.0328, 'N_ncdm': 1, 'm_ncdm': 0.06, 'T_ncdm': 0.71611, 'N_ncdm_decay_dr': 1, 'quadrature_strategy_ncdm_decay_dr': 3, 'ncdm_fluid_approximation': 3, 'maximum_q_ncdm_decay_dr': 15.0, 'background_method': 0, 'evolver': 1, 'N_momentum_bins_ncdm_decay_dr': 7, 'l_max_ncdm': 13, 'l_max_dr': 13, 'l_max_dr_col': 13, 'omega_b': 0.014566325521185478, 'omega_cdm': 0.19972255233857147, 'Neff_ini_dncdm': 1.0723471724078029, 'log10lifetime_ncdm_decay_dr': 4.886116890132272, 'm_ncdm_decay_dr': 364.99597158760554, 'H0': 49.275817897341724, 'ln10^{10}A_s': 3.594078631917094, 'n_s': 0.9625714702984529, 'tau_reio': 0.3989616806317698, 'P_k_max_1/Mpc': 1.0}
error: CosmoComputationError(b'thermodynamics_init(L:446) :error in thermodynamics_reionization(preco, preio, pvecback);\n=>thermodynamics_reionization(L:2283) :condition (tau_sup < tau_reionization_) is true; parameters are such that reionization cannot start after z_start_max')
traceback: Traceback (most recent call last):
  File "/home/maanson/Speciale/connectv2/source/calc_models_mpi_memsafe_child.py", line 639, in main_child
    cosmo.compute()
  File "classy.pyx", line 251, in classy.PyCosmology.compute
  File "classy.pyx", line 272, in classy.PyCosmology.compute
  File "classy.pyx", line 99, in classy.raise_my_py_error
classy.CosmoComputationError: 

Error in Class: thermodynamics_init(L:446) :error in thermodynamics_reionization(preco, preio, pvecback);
=>thermodynamics_reionization(L:2283) :condition (tau_sup < tau_reionization_) is true; parameters are such that reionization cannot start after z_start_max


[PARENT][Rank 353] | ERROR: Child process failed during CLASS computation
Model: {'lensing': 'yes', 'output': 'tCl,lCl,pCl,mPk', 'l_max_scalars': 2508, 'k_pivot': 0.05, 'N_ur': 2.0328, 'N_ncdm': 1, 'm_ncdm': 0.06, 'T_ncdm': 0.71611, 'N_ncdm_decay_dr': 1, 'quadrature_strategy_ncdm_decay_dr': 3, 'ncdm_fluid_approximation': 3, 'maximum_q_ncdm_decay_dr': 15.0, 'background_method': 0, 'evolver': 1, 'N_momentum_bins_ncdm_decay_dr': 7, 'l_max_ncdm': 13, 'l_max_dr': 13, 'l_max_dr_col': 13, 'omega_b': 0.014566325521185478, 'omega_cdm': 0.19972255233857147, 'Neff_ini_dncdm': 1.0723471724078029, 'log10lifetime_ncdm_decay_dr': 4.886116890132272, 'm_ncdm_decay_dr': 364.99597158760554, 'H0': 49.275817897341724, 'ln10^{10}A_s': 3.594078631917094, 'n_s': 0.9625714702984529, 'tau_reio': 0.3989616806317698, 'P_k_max_1/Mpc': 1.0}
skipping to the next model...
[CHILD][Parent Rank 138] | The following model failed in CLASS: 
params: {'lensing': 'yes', 'output': 'tCl,lCl,pCl,mPk', 'l_max_scalars': 2508, 'k_pivot': 0.05, 'N_ur': 2.0328, 'N_ncdm': 1, 'm_ncdm': 0.06, 'T_ncdm': 0.71611, 'N_ncdm_decay_dr': 1, 'quadrature_strategy_ncdm_decay_dr': 3, 'ncdm_fluid_approximation': 3, 'maximum_q_ncdm_decay_dr': 15.0, 'background_method': 0, 'evolver': 1, 'N_momentum_bins_ncdm_decay_dr': 7, 'l_max_ncdm': 13, 'l_max_dr': 13, 'l_max_dr_col': 13, 'omega_b': 0.014411849877926472, 'omega_cdm': 0.22981249908804738, 'Neff_ini_dncdm': 0.962605225504141, 'log10lifetime_ncdm_decay_dr': 4.649180951535725, 'm_ncdm_decay_dr': 439.9207480581842, 'H0': 44.19471217361149, 'ln10^{10}A_s': 4.841184016524988, 'n_s': 0.7712931362013887, 'tau_reio': 0.3625998603374502, 'P_k_max_1/Mpc': 1.0}
error: CosmoComputationError(b'thermodynamics_init(L:446) :error in thermodynamics_reionization(preco, preio, pvecback);\n=>thermodynamics_reionization(L:2283) :condition (tau_sup < tau_reionization_) is true; parameters are such that reionization cannot start after z_start_max')
traceback: Traceback (most recent call last):
  File "/home/maanson/Speciale/connectv2/source/calc_models_mpi_memsafe_child.py", line 639, in main_child
    cosmo.compute()
  File "classy.pyx", line 251, in classy.PyCosmology.compute
  File "classy.pyx", line 272, in classy.PyCosmology.compute
  File "classy.pyx", line 99, in classy.raise_my_py_error
classy.CosmoComputationError: 

Error in Class: thermodynamics_init(L:446) :error in thermodynamics_reionization(preco, preio, pvecback);
=>thermodynamics_reionization(L:2283) :condition (tau_sup < tau_reionization_) is true; parameters are such that reionization cannot start after z_start_max


[PARENT][Rank 138] | ERROR: Child process failed during CLASS computation
Model: {'lensing': 'yes', 'output': 'tCl,lCl,pCl,mPk', 'l_max_scalars': 2508, 'k_pivot': 0.05, 'N_ur': 2.0328, 'N_ncdm': 1, 'm_ncdm': 0.06, 'T_ncdm': 0.71611, 'N_ncdm_decay_dr': 1, 'quadrature_strategy_ncdm_decay_dr': 3, 'ncdm_fluid_approximation': 3, 'maximum_q_ncdm_decay_dr': 15.0, 'background_method': 0, 'evolver': 1, 'N_momentum_bins_ncdm_decay_dr': 7, 'l_max_ncdm': 13, 'l_max_dr': 13, 'l_max_dr_col': 13, 'omega_b': 0.014411849877926472, 'omega_cdm': 0.22981249908804738, 'Neff_ini_dncdm': 0.962605225504141, 'log10lifetime_ncdm_decay_dr': 4.649180951535725, 'm_ncdm_decay_dr': 439.9207480581842, 'H0': 44.19471217361149, 'ln10^{10}A_s': 4.841184016524988, 'n_s': 0.7712931362013887, 'tau_reio': 0.3625998603374502, 'P_k_max_1/Mpc': 1.0}
skipping to the next model...
[CHILD][Parent Rank 135] | The following model failed in CLASS: 
params: {'lensing': 'yes', 'output': 'tCl,lCl,pCl,mPk', 'l_max_scalars': 2508, 'k_pivot': 0.05, 'N_ur': 2.0328, 'N_ncdm': 1, 'm_ncdm': 0.06, 'T_ncdm': 0.71611, 'N_ncdm_decay_dr': 1, 'quadrature_strategy_ncdm_decay_dr': 3, 'ncdm_fluid_approximation': 3, 'maximum_q_ncdm_decay_dr': 15.0, 'background_method': 0, 'evolver': 1, 'N_momentum_bins_ncdm_decay_dr': 7, 'l_max_ncdm': 13, 'l_max_dr': 13, 'l_max_dr_col': 13, 'omega_b': 0.01883406002709032, 'omega_cdm': 0.11995538616477829, 'Neff_ini_dncdm': 2.5486670543648673, 'log10lifetime_ncdm_decay_dr': 5.708606123733523, 'm_ncdm_decay_dr': 508.82965367454386, 'H0': 67.77399062851545, 'ln10^{10}A_s': 1.2822152550981134, 'n_s': 1.0637098987415277, 'tau_reio': 0.20131805231937247, 'P_k_max_1/Mpc': 1.0}
error: CosmoComputationError(b'thermodynamics_init(L:446) :error in thermodynamics_reionization(preco, preio, pvecback);\n=>thermodynamics_reionization(L:2283) :condition (tau_sup < tau_reionization_) is true; parameters are such that reionization cannot start after z_start_max')
traceback: Traceback (most recent call last):
  File "/home/maanson/Speciale/connectv2/source/calc_models_mpi_memsafe_child.py", line 639, in main_child
    cosmo.compute()
  File "classy.pyx", line 251, in classy.PyCosmology.compute
  File "classy.pyx", line 272, in classy.PyCosmology.compute
  File "classy.pyx", line 99, in classy.raise_my_py_error
classy.CosmoComputationError: 

Error in Class: thermodynamics_init(L:446) :error in thermodynamics_reionization(preco, preio, pvecback);
=>thermodynamics_reionization(L:2283) :condition (tau_sup < tau_reionization_) is true; parameters are such that reionization cannot start after z_start_max


[PARENT][Rank 135] | ERROR: Child process failed during CLASS computation
Model: {'lensing': 'yes', 'output': 'tCl,lCl,pCl,mPk', 'l_max_scalars': 2508, 'k_pivot': 0.05, 'N_ur': 2.0328, 'N_ncdm': 1, 'm_ncdm': 0.06, 'T_ncdm': 0.71611, 'N_ncdm_decay_dr': 1, 'quadrature_strategy_ncdm_decay_dr': 3, 'ncdm_fluid_approximation': 3, 'maximum_q_ncdm_decay_dr': 15.0, 'background_method': 0, 'evolver': 1, 'N_momentum_bins_ncdm_decay_dr': 7, 'l_max_ncdm': 13, 'l_max_dr': 13, 'l_max_dr_col': 13, 'omega_b': 0.01883406002709032, 'omega_cdm': 0.11995538616477829, 'Neff_ini_dncdm': 2.5486670543648673, 'log10lifetime_ncdm_decay_dr': 5.708606123733523, 'm_ncdm_decay_dr': 508.82965367454386, 'H0': 67.77399062851545, 'ln10^{10}A_s': 1.2822152550981134, 'n_s': 1.0637098987415277, 'tau_reio': 0.20131805231937247, 'P_k_max_1/Mpc': 1.0}
skipping to the next model...
[CHILD][Parent Rank 8] | The following model failed in CLASS: 
params: {'lensing': 'yes', 'output': 'tCl,lCl,pCl,mPk', 'l_max_scalars': 2508, 'k_pivot': 0.05, 'N_ur': 2.0328, 'N_ncdm': 1, 'm_ncdm': 0.06, 'T_ncdm': 0.71611, 'N_ncdm_decay_dr': 1, 'quadrature_strategy_ncdm_decay_dr': 3, 'ncdm_fluid_approximation': 3, 'maximum_q_ncdm_decay_dr': 15.0, 'background_method': 0, 'evolver': 1, 'N_momentum_bins_ncdm_decay_dr': 7, 'l_max_ncdm': 13, 'l_max_dr': 13, 'l_max_dr_col': 13, 'omega_b': 0.016267649086102096, 'omega_cdm': 0.17217621270605712, 'Neff_ini_dncdm': 1.560587219205929, 'log10lifetime_ncdm_decay_dr': 5.853583342422658, 'm_ncdm_decay_dr': 253.3395668807468, 'H0': 66.43308052048502, 'ln10^{10}A_s': 3.0422877052339032, 'n_s': 0.8573474195211922, 'tau_reio': 0.36627866537159665, 'P_k_max_1/Mpc': 1.0}
error: CosmoComputationError(b'thermodynamics_init(L:446) :error in thermodynamics_reionization(preco, preio, pvecback);\n=>thermodynamics_reionization(L:2283) :condition (tau_sup < tau_reionization_) is true; parameters are such that reionization cannot start after z_start_max')
traceback: Traceback (most recent call last):
  File "/home/maanson/Speciale/connectv2/source/calc_models_mpi_memsafe_child.py", line 639, in main_child
    cosmo.compute()
  File "classy.pyx", line 251, in classy.PyCosmology.compute
  File "classy.pyx", line 272, in classy.PyCosmology.compute
  File "classy.pyx", line 99, in classy.raise_my_py_error
classy.CosmoComputationError: 

Error in Class: thermodynamics_init(L:446) :error in thermodynamics_reionization(preco, preio, pvecback);
=>thermodynamics_reionization(L:2283) :condition (tau_sup < tau_reionization_) is true; parameters are such that reionization cannot start after z_start_max


[PARENT][Rank 8] | ERROR: Child process failed during CLASS computation
Model: {'lensing': 'yes', 'output': 'tCl,lCl,pCl,mPk', 'l_max_scalars': 2508, 'k_pivot': 0.05, 'N_ur': 2.0328, 'N_ncdm': 1, 'm_ncdm': 0.06, 'T_ncdm': 0.71611, 'N_ncdm_decay_dr': 1, 'quadrature_strategy_ncdm_decay_dr': 3, 'ncdm_fluid_approximation': 3, 'maximum_q_ncdm_decay_dr': 15.0, 'background_method': 0, 'evolver': 1, 'N_momentum_bins_ncdm_decay_dr': 7, 'l_max_ncdm': 13, 'l_max_dr': 13, 'l_max_dr_col': 13, 'omega_b': 0.016267649086102096, 'omega_cdm': 0.17217621270605712, 'Neff_ini_dncdm': 1.560587219205929, 'log10lifetime_ncdm_decay_dr': 5.853583342422658, 'm_ncdm_decay_dr': 253.3395668807468, 'H0': 66.43308052048502, 'ln10^{10}A_s': 3.0422877052339032, 'n_s': 0.8573474195211922, 'tau_reio': 0.36627866537159665, 'P_k_max_1/Mpc': 1.0}
skipping to the next model...
[CHILD][Parent Rank 94] | The following model failed in CLASS: 
params: {'lensing': 'yes', 'output': 'tCl,lCl,pCl,mPk', 'l_max_scalars': 2508, 'k_pivot': 0.05, 'N_ur': 2.0328, 'N_ncdm': 1, 'm_ncdm': 0.06, 'T_ncdm': 0.71611, 'N_ncdm_decay_dr': 1, 'quadrature_strategy_ncdm_decay_dr': 3, 'ncdm_fluid_approximation': 3, 'maximum_q_ncdm_decay_dr': 15.0, 'background_method': 0, 'evolver': 1, 'N_momentum_bins_ncdm_decay_dr': 7, 'l_max_ncdm': 13, 'l_max_dr': 13, 'l_max_dr_col': 13, 'omega_b': 0.017040943255272598, 'omega_cdm': 0.032504900370642374, 'Neff_ini_dncdm': 2.48945901364511, 'log10lifetime_ncdm_decay_dr': 5.744656521987697, 'm_ncdm_decay_dr': 474.2460151625526, 'H0': 78.57186426262608, 'ln10^{10}A_s': 1.420928796874449, 'n_s': 0.7745869501509796, 'tau_reio': 0.3532274533946626, 'P_k_max_1/Mpc': 1.0}
error: CosmoComputationError(b'thermodynamics_init(L:446) :error in thermodynamics_reionization(preco, preio, pvecback);\n=>thermodynamics_reionization(L:2283) :condition (tau_sup < tau_reionization_) is true; parameters are such that reionization cannot start after z_start_max')
traceback: Traceback (most recent call last):
  File "/home/maanson/Speciale/connectv2/source/calc_models_mpi_memsafe_child.py", line 639, in main_child
    cosmo.compute()
  File "classy.pyx", line 251, in classy.PyCosmology.compute
  File "classy.pyx", line 272, in classy.PyCosmology.compute
  File "classy.pyx", line 99, in classy.raise_my_py_error
classy.CosmoComputationError: 

Error in Class: thermodynamics_init(L:446) :error in thermodynamics_reionization(preco, preio, pvecback);
=>thermodynamics_reionization(L:2283) :condition (tau_sup < tau_reionization_) is true; parameters are such that reionization cannot start after z_start_max


[PARENT][Rank 94] | ERROR: Child process failed during CLASS computation
Model: {'lensing': 'yes', 'output': 'tCl,lCl,pCl,mPk', 'l_max_scalars': 2508, 'k_pivot': 0.05, 'N_ur': 2.0328, 'N_ncdm': 1, 'm_ncdm': 0.06, 'T_ncdm': 0.71611, 'N_ncdm_decay_dr': 1, 'quadrature_strategy_ncdm_decay_dr': 3, 'ncdm_fluid_approximation': 3, 'maximum_q_ncdm_decay_dr': 15.0, 'background_method': 0, 'evolver': 1, 'N_momentum_bins_ncdm_decay_dr': 7, 'l_max_ncdm': 13, 'l_max_dr': 13, 'l_max_dr_col': 13, 'omega_b': 0.017040943255272598, 'omega_cdm': 0.032504900370642374, 'Neff_ini_dncdm': 2.48945901364511, 'log10lifetime_ncdm_decay_dr': 5.744656521987697, 'm_ncdm_decay_dr': 474.2460151625526, 'H0': 78.57186426262608, 'ln10^{10}A_s': 1.420928796874449, 'n_s': 0.7745869501509796, 'tau_reio': 0.3532274533946626, 'P_k_max_1/Mpc': 1.0}
skipping to the next model...
[CHILD][Parent Rank 21] | The following model failed in CLASS: 
params: {'lensing': 'yes', 'output': 'tCl,lCl,pCl,mPk', 'l_max_scalars': 2508, 'k_pivot': 0.05, 'N_ur': 2.0328, 'N_ncdm': 1, 'm_ncdm': 0.06, 'T_ncdm': 0.71611, 'N_ncdm_decay_dr': 1, 'quadrature_strategy_ncdm_decay_dr': 3, 'ncdm_fluid_approximation': 3, 'maximum_q_ncdm_decay_dr': 15.0, 'background_method': 0, 'evolver': 1, 'N_momentum_bins_ncdm_decay_dr': 7, 'l_max_ncdm': 13, 'l_max_dr': 13, 'l_max_dr_col': 13, 'omega_b': 0.01986074781377959, 'omega_cdm': 0.2353713607393648, 'Neff_ini_dncdm': 1.7548137406962092, 'log10lifetime_ncdm_decay_dr': 5.606197569284254, 'm_ncdm_decay_dr': 200.3184473948155, 'H0': 67.4393268011161, 'ln10^{10}A_s': 2.2105195738909367, 'n_s': 0.7820608088350869, 'tau_reio': 0.37233915605494544, 'P_k_max_1/Mpc': 1.0}
error: CosmoComputationError(b'thermodynamics_init(L:446) :error in thermodynamics_reionization(preco, preio, pvecback);\n=>thermodynamics_reionization(L:2283) :condition (tau_sup < tau_reionization_) is true; parameters are such that reionization cannot start after z_start_max')
traceback: Traceback (most recent call last):
  File "/home/maanson/Speciale/connectv2/source/calc_models_mpi_memsafe_child.py", line 639, in main_child
    cosmo.compute()
  File "classy.pyx", line 251, in classy.PyCosmology.compute
  File "classy.pyx", line 272, in classy.PyCosmology.compute
  File "classy.pyx", line 99, in classy.raise_my_py_error
classy.CosmoComputationError: 

Error in Class: thermodynamics_init(L:446) :error in thermodynamics_reionization(preco, preio, pvecback);
=>thermodynamics_reionization(L:2283) :condition (tau_sup < tau_reionization_) is true; parameters are such that reionization cannot start after z_start_max


[PARENT][Rank 21] | ERROR: Child process failed during CLASS computation
Model: {'lensing': 'yes', 'output': 'tCl,lCl,pCl,mPk', 'l_max_scalars': 2508, 'k_pivot': 0.05, 'N_ur': 2.0328, 'N_ncdm': 1, 'm_ncdm': 0.06, 'T_ncdm': 0.71611, 'N_ncdm_decay_dr': 1, 'quadrature_strategy_ncdm_decay_dr': 3, 'ncdm_fluid_approximation': 3, 'maximum_q_ncdm_decay_dr': 15.0, 'background_method': 0, 'evolver': 1, 'N_momentum_bins_ncdm_decay_dr': 7, 'l_max_ncdm': 13, 'l_max_dr': 13, 'l_max_dr_col': 13, 'omega_b': 0.01986074781377959, 'omega_cdm': 0.2353713607393648, 'Neff_ini_dncdm': 1.7548137406962092, 'log10lifetime_ncdm_decay_dr': 5.606197569284254, 'm_ncdm_decay_dr': 200.3184473948155, 'H0': 67.4393268011161, 'ln10^{10}A_s': 2.2105195738909367, 'n_s': 0.7820608088350869, 'tau_reio': 0.37233915605494544, 'P_k_max_1/Mpc': 1.0}
skipping to the next model...
[CHILD][Parent Rank 26] | The following model failed in CLASS: 
params: {'lensing': 'yes', 'output': 'tCl,lCl,pCl,mPk', 'l_max_scalars': 2508, 'k_pivot': 0.05, 'N_ur': 2.0328, 'N_ncdm': 1, 'm_ncdm': 0.06, 'T_ncdm': 0.71611, 'N_ncdm_decay_dr': 1, 'quadrature_strategy_ncdm_decay_dr': 3, 'ncdm_fluid_approximation': 3, 'maximum_q_ncdm_decay_dr': 15.0, 'background_method': 0, 'evolver': 1, 'N_momentum_bins_ncdm_decay_dr': 7, 'l_max_ncdm': 13, 'l_max_dr': 13, 'l_max_dr_col': 13, 'omega_b': 0.02139795920397294, 'omega_cdm': 0.032722282491160715, 'Neff_ini_dncdm': 2.4727835417309496, 'log10lifetime_ncdm_decay_dr': 5.712599009858485, 'm_ncdm_decay_dr': 410.5394198603076, 'H0': 45.49614364852716, 'ln10^{10}A_s': 1.614786798728971, 'n_s': 1.0346807291549358, 'tau_reio': 0.3886077856393626, 'P_k_max_1/Mpc': 1.0}
error: CosmoComputationError(b'thermodynamics_init(L:446) :error in thermodynamics_reionization(preco, preio, pvecback);\n=>thermodynamics_reionization(L:2283) :condition (tau_sup < tau_reionization_) is true; parameters are such that reionization cannot start after z_start_max')
traceback: Traceback (most recent call last):
  File "/home/maanson/Speciale/connectv2/source/calc_models_mpi_memsafe_child.py", line 639, in main_child
    cosmo.compute()
  File "classy.pyx", line 251, in classy.PyCosmology.compute
  File "classy.pyx", line 272, in classy.PyCosmology.compute
  File "classy.pyx", line 99, in classy.raise_my_py_error
classy.CosmoComputationError: 

Error in Class: thermodynamics_init(L:446) :error in thermodynamics_reionization(preco, preio, pvecback);
=>thermodynamics_reionization(L:2283) :condition (tau_sup < tau_reionization_) is true; parameters are such that reionization cannot start after z_start_max


[PARENT][Rank 26] | ERROR: Child process failed during CLASS computation
Model: {'lensing': 'yes', 'output': 'tCl,lCl,pCl,mPk', 'l_max_scalars': 2508, 'k_pivot': 0.05, 'N_ur': 2.0328, 'N_ncdm': 1, 'm_ncdm': 0.06, 'T_ncdm': 0.71611, 'N_ncdm_decay_dr': 1, 'quadrature_strategy_ncdm_decay_dr': 3, 'ncdm_fluid_approximation': 3, 'maximum_q_ncdm_decay_dr': 15.0, 'background_method': 0, 'evolver': 1, 'N_momentum_bins_ncdm_decay_dr': 7, 'l_max_ncdm': 13, 'l_max_dr': 13, 'l_max_dr_col': 13, 'omega_b': 0.02139795920397294, 'omega_cdm': 0.032722282491160715, 'Neff_ini_dncdm': 2.4727835417309496, 'log10lifetime_ncdm_decay_dr': 5.712599009858485, 'm_ncdm_decay_dr': 410.5394198603076, 'H0': 45.49614364852716, 'ln10^{10}A_s': 1.614786798728971, 'n_s': 1.0346807291549358, 'tau_reio': 0.3886077856393626, 'P_k_max_1/Mpc': 1.0}
skipping to the next model...
[CHILD][Parent Rank 97] | The following model failed in CLASS: 
params: {'lensing': 'yes', 'output': 'tCl,lCl,pCl,mPk', 'l_max_scalars': 2508, 'k_pivot': 0.05, 'N_ur': 2.0328, 'N_ncdm': 1, 'm_ncdm': 0.06, 'T_ncdm': 0.71611, 'N_ncdm_decay_dr': 1, 'quadrature_strategy_ncdm_decay_dr': 3, 'ncdm_fluid_approximation': 3, 'maximum_q_ncdm_decay_dr': 15.0, 'background_method': 0, 'evolver': 1, 'N_momentum_bins_ncdm_decay_dr': 7, 'l_max_ncdm': 13, 'l_max_dr': 13, 'l_max_dr_col': 13, 'omega_b': 0.027776743240768634, 'omega_cdm': 0.2147133712273773, 'Neff_ini_dncdm': 2.870832758855078, 'log10lifetime_ncdm_decay_dr': 5.403114645973543, 'm_ncdm_decay_dr': 463.1007314352441, 'H0': 43.728789790677126, 'ln10^{10}A_s': 2.948903148202339, 'n_s': 1.133664284550214, 'tau_reio': 0.3439459248331376, 'P_k_max_1/Mpc': 1.0}
error: CosmoComputationError(b'thermodynamics_init(L:446) :error in thermodynamics_reionization(preco, preio, pvecback);\n=>thermodynamics_reionization(L:2283) :condition (tau_sup < tau_reionization_) is true; parameters are such that reionization cannot start after z_start_max')
traceback: Traceback (most recent call last):
  File "/home/maanson/Speciale/connectv2/source/calc_models_mpi_memsafe_child.py", line 639, in main_child
    cosmo.compute()
  File "classy.pyx", line 251, in classy.PyCosmology.compute
  File "classy.pyx", line 272, in classy.PyCosmology.compute
  File "classy.pyx", line 99, in classy.raise_my_py_error
classy.CosmoComputationError: 

Error in Class: thermodynamics_init(L:446) :error in thermodynamics_reionization(preco, preio, pvecback);
=>thermodynamics_reionization(L:2283) :condition (tau_sup < tau_reionization_) is true; parameters are such that reionization cannot start after z_start_max


[PARENT][Rank 97] | ERROR: Child process failed during CLASS computation
Model: {'lensing': 'yes', 'output': 'tCl,lCl,pCl,mPk', 'l_max_scalars': 2508, 'k_pivot': 0.05, 'N_ur': 2.0328, 'N_ncdm': 1, 'm_ncdm': 0.06, 'T_ncdm': 0.71611, 'N_ncdm_decay_dr': 1, 'quadrature_strategy_ncdm_decay_dr': 3, 'ncdm_fluid_approximation': 3, 'maximum_q_ncdm_decay_dr': 15.0, 'background_method': 0, 'evolver': 1, 'N_momentum_bins_ncdm_decay_dr': 7, 'l_max_ncdm': 13, 'l_max_dr': 13, 'l_max_dr_col': 13, 'omega_b': 0.027776743240768634, 'omega_cdm': 0.2147133712273773, 'Neff_ini_dncdm': 2.870832758855078, 'log10lifetime_ncdm_decay_dr': 5.403114645973543, 'm_ncdm_decay_dr': 463.1007314352441, 'H0': 43.728789790677126, 'ln10^{10}A_s': 2.948903148202339, 'n_s': 1.133664284550214, 'tau_reio': 0.3439459248331376, 'P_k_max_1/Mpc': 1.0}
skipping to the next model...
[CHILD][Parent Rank 210] | The following model failed in CLASS: 
params: {'lensing': 'yes', 'output': 'tCl,lCl,pCl,mPk', 'l_max_scalars': 2508, 'k_pivot': 0.05, 'N_ur': 2.0328, 'N_ncdm': 1, 'm_ncdm': 0.06, 'T_ncdm': 0.71611, 'N_ncdm_decay_dr': 1, 'quadrature_strategy_ncdm_decay_dr': 3, 'ncdm_fluid_approximation': 3, 'maximum_q_ncdm_decay_dr': 15.0, 'background_method': 0, 'evolver': 1, 'N_momentum_bins_ncdm_decay_dr': 7, 'l_max_ncdm': 13, 'l_max_dr': 13, 'l_max_dr_col': 13, 'omega_b': 0.01934963635357664, 'omega_cdm': 0.12628645846774156, 'Neff_ini_dncdm': 1.7578466827660488, 'log10lifetime_ncdm_decay_dr': 5.864155687979337, 'm_ncdm_decay_dr': 228.79168554832705, 'H0': 99.30315641313122, 'ln10^{10}A_s': 3.7191831199647667, 'n_s': 0.8821465238045624, 'tau_reio': 0.3539996437627545, 'P_k_max_1/Mpc': 1.0}
error: CosmoComputationError(b'thermodynamics_init(L:446) :error in thermodynamics_reionization(preco, preio, pvecback);\n=>thermodynamics_reionization(L:2283) :condition (tau_sup < tau_reionization_) is true; parameters are such that reionization cannot start after z_start_max')
traceback: Traceback (most recent call last):
  File "/home/maanson/Speciale/connectv2/source/calc_models_mpi_memsafe_child.py", line 639, in main_child
    cosmo.compute()
  File "classy.pyx", line 251, in classy.PyCosmology.compute
  File "classy.pyx", line 272, in classy.PyCosmology.compute
  File "classy.pyx", line 99, in classy.raise_my_py_error
classy.CosmoComputationError: 

Error in Class: thermodynamics_init(L:446) :error in thermodynamics_reionization(preco, preio, pvecback);
=>thermodynamics_reionization(L:2283) :condition (tau_sup < tau_reionization_) is true; parameters are such that reionization cannot start after z_start_max


[PARENT][Rank 210] | ERROR: Child process failed during CLASS computation
Model: {'lensing': 'yes', 'output': 'tCl,lCl,pCl,mPk', 'l_max_scalars': 2508, 'k_pivot': 0.05, 'N_ur': 2.0328, 'N_ncdm': 1, 'm_ncdm': 0.06, 'T_ncdm': 0.71611, 'N_ncdm_decay_dr': 1, 'quadrature_strategy_ncdm_decay_dr': 3, 'ncdm_fluid_approximation': 3, 'maximum_q_ncdm_decay_dr': 15.0, 'background_method': 0, 'evolver': 1, 'N_momentum_bins_ncdm_decay_dr': 7, 'l_max_ncdm': 13, 'l_max_dr': 13, 'l_max_dr_col': 13, 'omega_b': 0.01934963635357664, 'omega_cdm': 0.12628645846774156, 'Neff_ini_dncdm': 1.7578466827660488, 'log10lifetime_ncdm_decay_dr': 5.864155687979337, 'm_ncdm_decay_dr': 228.79168554832705, 'H0': 99.30315641313122, 'ln10^{10}A_s': 3.7191831199647667, 'n_s': 0.8821465238045624, 'tau_reio': 0.3539996437627545, 'P_k_max_1/Mpc': 1.0}
skipping to the next model...
[CHILD][Parent Rank 232] | The following model failed in CLASS: 
params: {'lensing': 'yes', 'output': 'tCl,lCl,pCl,mPk', 'l_max_scalars': 2508, 'k_pivot': 0.05, 'N_ur': 2.0328, 'N_ncdm': 1, 'm_ncdm': 0.06, 'T_ncdm': 0.71611, 'N_ncdm_decay_dr': 1, 'quadrature_strategy_ncdm_decay_dr': 3, 'ncdm_fluid_approximation': 3, 'maximum_q_ncdm_decay_dr': 15.0, 'background_method': 0, 'evolver': 1, 'N_momentum_bins_ncdm_decay_dr': 7, 'l_max_ncdm': 13, 'l_max_dr': 13, 'l_max_dr_col': 13, 'omega_b': 0.019222752209536297, 'omega_cdm': 0.10663829016479873, 'Neff_ini_dncdm': 1.8294139242752068, 'log10lifetime_ncdm_decay_dr': 5.910389679362546, 'm_ncdm_decay_dr': 425.49406454200863, 'H0': 85.53393737012567, 'ln10^{10}A_s': 3.4449828520786303, 'n_s': 0.9651949374552529, 'tau_reio': 0.34109440590458534, 'P_k_max_1/Mpc': 1.0}
error: CosmoComputationError(b'thermodynamics_init(L:446) :error in thermodynamics_reionization(preco, preio, pvecback);\n=>thermodynamics_reionization(L:2283) :condition (tau_sup < tau_reionization_) is true; parameters are such that reionization cannot start after z_start_max')
traceback: Traceback (most recent call last):
  File "/home/maanson/Speciale/connectv2/source/calc_models_mpi_memsafe_child.py", line 639, in main_child
    cosmo.compute()
  File "classy.pyx", line 251, in classy.PyCosmology.compute
  File "classy.pyx", line 272, in classy.PyCosmology.compute
  File "classy.pyx", line 99, in classy.raise_my_py_error
classy.CosmoComputationError: 

Error in Class: thermodynamics_init(L:446) :error in thermodynamics_reionization(preco, preio, pvecback);
=>thermodynamics_reionization(L:2283) :condition (tau_sup < tau_reionization_) is true; parameters are such that reionization cannot start after z_start_max


[PARENT][Rank 232] | ERROR: Child process failed during CLASS computation
Model: {'lensing': 'yes', 'output': 'tCl,lCl,pCl,mPk', 'l_max_scalars': 2508, 'k_pivot': 0.05, 'N_ur': 2.0328, 'N_ncdm': 1, 'm_ncdm': 0.06, 'T_ncdm': 0.71611, 'N_ncdm_decay_dr': 1, 'quadrature_strategy_ncdm_decay_dr': 3, 'ncdm_fluid_approximation': 3, 'maximum_q_ncdm_decay_dr': 15.0, 'background_method': 0, 'evolver': 1, 'N_momentum_bins_ncdm_decay_dr': 7, 'l_max_ncdm': 13, 'l_max_dr': 13, 'l_max_dr_col': 13, 'omega_b': 0.019222752209536297, 'omega_cdm': 0.10663829016479873, 'Neff_ini_dncdm': 1.8294139242752068, 'log10lifetime_ncdm_decay_dr': 5.910389679362546, 'm_ncdm_decay_dr': 425.49406454200863, 'H0': 85.53393737012567, 'ln10^{10}A_s': 3.4449828520786303, 'n_s': 0.9651949374552529, 'tau_reio': 0.34109440590458534, 'P_k_max_1/Mpc': 1.0}
skipping to the next model...
[CHILD][Parent Rank 395] | The following model failed in CLASS: 
params: {'lensing': 'yes', 'output': 'tCl,lCl,pCl,mPk', 'l_max_scalars': 2508, 'k_pivot': 0.05, 'N_ur': 2.0328, 'N_ncdm': 1, 'm_ncdm': 0.06, 'T_ncdm': 0.71611, 'N_ncdm_decay_dr': 1, 'quadrature_strategy_ncdm_decay_dr': 3, 'ncdm_fluid_approximation': 3, 'maximum_q_ncdm_decay_dr': 15.0, 'background_method': 0, 'evolver': 1, 'N_momentum_bins_ncdm_decay_dr': 7, 'l_max_ncdm': 13, 'l_max_dr': 13, 'l_max_dr_col': 13, 'omega_b': 0.017033363034507365, 'omega_cdm': 0.23299395136474402, 'Neff_ini_dncdm': 2.6352683159567523, 'log10lifetime_ncdm_decay_dr': 3.669557505150853, 'm_ncdm_decay_dr': 479.05494021682955, 'H0': 48.58229576416834, 'ln10^{10}A_s': 4.622209831907854, 'n_s': 0.8083842878363066, 'tau_reio': 0.37348161826881465, 'P_k_max_1/Mpc': 1.0}
error: CosmoComputationError(b'thermodynamics_init(L:446) :error in thermodynamics_reionization(preco, preio, pvecback);\n=>thermodynamics_reionization(L:2283) :condition (tau_sup < tau_reionization_) is true; parameters are such that reionization cannot start after z_start_max')
traceback: Traceback (most recent call last):
  File "/home/maanson/Speciale/connectv2/source/calc_models_mpi_memsafe_child.py", line 639, in main_child
    cosmo.compute()
  File "classy.pyx", line 251, in classy.PyCosmology.compute
  File "classy.pyx", line 272, in classy.PyCosmology.compute
  File "classy.pyx", line 99, in classy.raise_my_py_error
classy.CosmoComputationError: 

Error in Class: thermodynamics_init(L:446) :error in thermodynamics_reionization(preco, preio, pvecback);
=>thermodynamics_reionization(L:2283) :condition (tau_sup < tau_reionization_) is true; parameters are such that reionization cannot start after z_start_max


[PARENT][Rank 395] | ERROR: Child process failed during CLASS computation
Model: {'lensing': 'yes', 'output': 'tCl,lCl,pCl,mPk', 'l_max_scalars': 2508, 'k_pivot': 0.05, 'N_ur': 2.0328, 'N_ncdm': 1, 'm_ncdm': 0.06, 'T_ncdm': 0.71611, 'N_ncdm_decay_dr': 1, 'quadrature_strategy_ncdm_decay_dr': 3, 'ncdm_fluid_approximation': 3, 'maximum_q_ncdm_decay_dr': 15.0, 'background_method': 0, 'evolver': 1, 'N_momentum_bins_ncdm_decay_dr': 7, 'l_max_ncdm': 13, 'l_max_dr': 13, 'l_max_dr_col': 13, 'omega_b': 0.017033363034507365, 'omega_cdm': 0.23299395136474402, 'Neff_ini_dncdm': 2.6352683159567523, 'log10lifetime_ncdm_decay_dr': 3.669557505150853, 'm_ncdm_decay_dr': 479.05494021682955, 'H0': 48.58229576416834, 'ln10^{10}A_s': 4.622209831907854, 'n_s': 0.8083842878363066, 'tau_reio': 0.37348161826881465, 'P_k_max_1/Mpc': 1.0}
skipping to the next model...
[CHILD][Parent Rank 329] | The following model failed in CLASS: 
params: {'lensing': 'yes', 'output': 'tCl,lCl,pCl,mPk', 'l_max_scalars': 2508, 'k_pivot': 0.05, 'N_ur': 2.0328, 'N_ncdm': 1, 'm_ncdm': 0.06, 'T_ncdm': 0.71611, 'N_ncdm_decay_dr': 1, 'quadrature_strategy_ncdm_decay_dr': 3, 'ncdm_fluid_approximation': 3, 'maximum_q_ncdm_decay_dr': 15.0, 'background_method': 0, 'evolver': 1, 'N_momentum_bins_ncdm_decay_dr': 7, 'l_max_ncdm': 13, 'l_max_dr': 13, 'l_max_dr_col': 13, 'omega_b': 0.0172599004611175, 'omega_cdm': 0.07085701624296573, 'Neff_ini_dncdm': 2.7651225026195574, 'log10lifetime_ncdm_decay_dr': 5.705224734425542, 'm_ncdm_decay_dr': 296.32519473505675, 'H0': 41.481938065109134, 'ln10^{10}A_s': 2.4025787000954937, 'n_s': 1.110233982895798, 'tau_reio': 0.27782838030852475, 'P_k_max_1/Mpc': 1.0}
error: CosmoComputationError(b'thermodynamics_init(L:446) :error in thermodynamics_reionization(preco, preio, pvecback);\n=>thermodynamics_reionization(L:2283) :condition (tau_sup < tau_reionization_) is true; parameters are such that reionization cannot start after z_start_max')
traceback: Traceback (most recent call last):
  File "/home/maanson/Speciale/connectv2/source/calc_models_mpi_memsafe_child.py", line 639, in main_child
    cosmo.compute()
  File "classy.pyx", line 251, in classy.PyCosmology.compute
  File "classy.pyx", line 272, in classy.PyCosmology.compute
  File "classy.pyx", line 99, in classy.raise_my_py_error
classy.CosmoComputationError: 

Error in Class: thermodynamics_init(L:446) :error in thermodynamics_reionization(preco, preio, pvecback);
=>thermodynamics_reionization(L:2283) :condition (tau_sup < tau_reionization_) is true; parameters are such that reionization cannot start after z_start_max


[PARENT][Rank 329] | ERROR: Child process failed during CLASS computation
Model: {'lensing': 'yes', 'output': 'tCl,lCl,pCl,mPk', 'l_max_scalars': 2508, 'k_pivot': 0.05, 'N_ur': 2.0328, 'N_ncdm': 1, 'm_ncdm': 0.06, 'T_ncdm': 0.71611, 'N_ncdm_decay_dr': 1, 'quadrature_strategy_ncdm_decay_dr': 3, 'ncdm_fluid_approximation': 3, 'maximum_q_ncdm_decay_dr': 15.0, 'background_method': 0, 'evolver': 1, 'N_momentum_bins_ncdm_decay_dr': 7, 'l_max_ncdm': 13, 'l_max_dr': 13, 'l_max_dr_col': 13, 'omega_b': 0.0172599004611175, 'omega_cdm': 0.07085701624296573, 'Neff_ini_dncdm': 2.7651225026195574, 'log10lifetime_ncdm_decay_dr': 5.705224734425542, 'm_ncdm_decay_dr': 296.32519473505675, 'H0': 41.481938065109134, 'ln10^{10}A_s': 2.4025787000954937, 'n_s': 1.110233982895798, 'tau_reio': 0.27782838030852475, 'P_k_max_1/Mpc': 1.0}
skipping to the next model...
[CHILD][Parent Rank 96] | The following model failed in CLASS: 
params: {'lensing': 'yes', 'output': 'tCl,lCl,pCl,mPk', 'l_max_scalars': 2508, 'k_pivot': 0.05, 'N_ur': 2.0328, 'N_ncdm': 1, 'm_ncdm': 0.06, 'T_ncdm': 0.71611, 'N_ncdm_decay_dr': 1, 'quadrature_strategy_ncdm_decay_dr': 3, 'ncdm_fluid_approximation': 3, 'maximum_q_ncdm_decay_dr': 15.0, 'background_method': 0, 'evolver': 1, 'N_momentum_bins_ncdm_decay_dr': 7, 'l_max_ncdm': 13, 'l_max_dr': 13, 'l_max_dr_col': 13, 'omega_b': 0.016880212299278365, 'omega_cdm': 0.10730578070957672, 'Neff_ini_dncdm': 1.1799107248920113, 'log10lifetime_ncdm_decay_dr': 5.8906991193007805, 'm_ncdm_decay_dr': 247.20805499024706, 'H0': 66.55546891896155, 'ln10^{10}A_s': 2.2271395477257707, 'n_s': 0.9041839526872384, 'tau_reio': 0.3512491373190592, 'P_k_max_1/Mpc': 1.0}
error: CosmoComputationError(b'thermodynamics_init(L:446) :error in thermodynamics_reionization(preco, preio, pvecback);\n=>thermodynamics_reionization(L:2283) :condition (tau_sup < tau_reionization_) is true; parameters are such that reionization cannot start after z_start_max')
traceback: Traceback (most recent call last):
  File "/home/maanson/Speciale/connectv2/source/calc_models_mpi_memsafe_child.py", line 639, in main_child
    cosmo.compute()
  File "classy.pyx", line 251, in classy.PyCosmology.compute
  File "classy.pyx", line 272, in classy.PyCosmology.compute
  File "classy.pyx", line 99, in classy.raise_my_py_error
classy.CosmoComputationError: 

Error in Class: thermodynamics_init(L:446) :error in thermodynamics_reionization(preco, preio, pvecback);
=>thermodynamics_reionization(L:2283) :condition (tau_sup < tau_reionization_) is true; parameters are such that reionization cannot start after z_start_max


[CHILD][Parent Rank 12] | The following model failed in CLASS: 
params: {'lensing': 'yes', 'output': 'tCl,lCl,pCl,mPk', 'l_max_scalars': 2508, 'k_pivot': 0.05, 'N_ur': 2.0328, 'N_ncdm': 1, 'm_ncdm': 0.06, 'T_ncdm': 0.71611, 'N_ncdm_decay_dr': 1, 'quadrature_strategy_ncdm_decay_dr': 3, 'ncdm_fluid_approximation': 3, 'maximum_q_ncdm_decay_dr': 15.0, 'background_method': 0, 'evolver': 1, 'N_momentum_bins_ncdm_decay_dr': 7, 'l_max_ncdm': 13, 'l_max_dr': 13, 'l_max_dr_col': 13, 'omega_b': 0.018851628915740923, 'omega_cdm': 0.16449094707594983, 'Neff_ini_dncdm': 0.8837026970220678, 'log10lifetime_ncdm_decay_dr': 5.813576066782368, 'm_ncdm_decay_dr': 253.17057090919053, 'H0': 54.672857797146776, 'ln10^{10}A_s': 4.858922588725593, 'n_s': 1.0669369373655646, 'tau_reio': 0.39789023484899216, 'P_k_max_1/Mpc': 1.0}
error: CosmoComputationError(b'thermodynamics_init(L:446) :error in thermodynamics_reionization(preco, preio, pvecback);\n=>thermodynamics_reionization(L:2283) :condition (tau_sup < tau_reionization_) is true; parameters are such that reionization cannot start after z_start_max')
traceback: Traceback (most recent call last):
  File "/home/maanson/Speciale/connectv2/source/calc_models_mpi_memsafe_child.py", line 639, in main_child
    cosmo.compute()
  File "classy.pyx", line 251, in classy.PyCosmology.compute
  File "classy.pyx", line 272, in classy.PyCosmology.compute
  File "classy.pyx", line 99, in classy.raise_my_py_error
classy.CosmoComputationError: 

Error in Class: thermodynamics_init(L:446) :error in thermodynamics_reionization(preco, preio, pvecback);
=>thermodynamics_reionization(L:2283) :condition (tau_sup < tau_reionization_) is true; parameters are such that reionization cannot start after z_start_max


[PARENT][Rank 96] | ERROR: Child process failed during CLASS computation
Model: {'lensing': 'yes', 'output': 'tCl,lCl,pCl,mPk', 'l_max_scalars': 2508, 'k_pivot': 0.05, 'N_ur': 2.0328, 'N_ncdm': 1, 'm_ncdm': 0.06, 'T_ncdm': 0.71611, 'N_ncdm_decay_dr': 1, 'quadrature_strategy_ncdm_decay_dr': 3, 'ncdm_fluid_approximation': 3, 'maximum_q_ncdm_decay_dr': 15.0, 'background_method': 0, 'evolver': 1, 'N_momentum_bins_ncdm_decay_dr': 7, 'l_max_ncdm': 13, 'l_max_dr': 13, 'l_max_dr_col': 13, 'omega_b': 0.016880212299278365, 'omega_cdm': 0.10730578070957672, 'Neff_ini_dncdm': 1.1799107248920113, 'log10lifetime_ncdm_decay_dr': 5.8906991193007805, 'm_ncdm_decay_dr': 247.20805499024706, 'H0': 66.55546891896155, 'ln10^{10}A_s': 2.2271395477257707, 'n_s': 0.9041839526872384, 'tau_reio': 0.3512491373190592, 'P_k_max_1/Mpc': 1.0}
skipping to the next model...
[PARENT][Rank 12] | ERROR: Child process failed during CLASS computation
Model: {'lensing': 'yes', 'output': 'tCl,lCl,pCl,mPk', 'l_max_scalars': 2508, 'k_pivot': 0.05, 'N_ur': 2.0328, 'N_ncdm': 1, 'm_ncdm': 0.06, 'T_ncdm': 0.71611, 'N_ncdm_decay_dr': 1, 'quadrature_strategy_ncdm_decay_dr': 3, 'ncdm_fluid_approximation': 3, 'maximum_q_ncdm_decay_dr': 15.0, 'background_method': 0, 'evolver': 1, 'N_momentum_bins_ncdm_decay_dr': 7, 'l_max_ncdm': 13, 'l_max_dr': 13, 'l_max_dr_col': 13, 'omega_b': 0.018851628915740923, 'omega_cdm': 0.16449094707594983, 'Neff_ini_dncdm': 0.8837026970220678, 'log10lifetime_ncdm_decay_dr': 5.813576066782368, 'm_ncdm_decay_dr': 253.17057090919053, 'H0': 54.672857797146776, 'ln10^{10}A_s': 4.858922588725593, 'n_s': 1.0669369373655646, 'tau_reio': 0.39789023484899216, 'P_k_max_1/Mpc': 1.0}
skipping to the next model...
[CHILD][Parent Rank 172] | The following model failed in CLASS: 
params: {'lensing': 'yes', 'output': 'tCl,lCl,pCl,mPk', 'l_max_scalars': 2508, 'k_pivot': 0.05, 'N_ur': 2.0328, 'N_ncdm': 1, 'm_ncdm': 0.06, 'T_ncdm': 0.71611, 'N_ncdm_decay_dr': 1, 'quadrature_strategy_ncdm_decay_dr': 3, 'ncdm_fluid_approximation': 3, 'maximum_q_ncdm_decay_dr': 15.0, 'background_method': 0, 'evolver': 1, 'N_momentum_bins_ncdm_decay_dr': 7, 'l_max_ncdm': 13, 'l_max_dr': 13, 'l_max_dr_col': 13, 'omega_b': 0.015014049347260514, 'omega_cdm': 0.13702528310645362, 'Neff_ini_dncdm': 1.8195928109673307, 'log10lifetime_ncdm_decay_dr': 5.216901918978642, 'm_ncdm_decay_dr': 200.2606591522056, 'H0': 75.94265221526192, 'ln10^{10}A_s': 2.252600906334624, 'n_s': 1.1702099048778654, 'tau_reio': 0.38811499821555695, 'P_k_max_1/Mpc': 1.0}
error: CosmoComputationError(b'thermodynamics_init(L:446) :error in thermodynamics_reionization(preco, preio, pvecback);\n=>thermodynamics_reionization(L:2283) :condition (tau_sup < tau_reionization_) is true; parameters are such that reionization cannot start after z_start_max')
traceback: Traceback (most recent call last):
  File "/home/maanson/Speciale/connectv2/source/calc_models_mpi_memsafe_child.py", line 639, in main_child
    cosmo.compute()
  File "classy.pyx", line 251, in classy.PyCosmology.compute
  File "classy.pyx", line 272, in classy.PyCosmology.compute
  File "classy.pyx", line 99, in classy.raise_my_py_error
classy.CosmoComputationError: 

Error in Class: thermodynamics_init(L:446) :error in thermodynamics_reionization(preco, preio, pvecback);
=>thermodynamics_reionization(L:2283) :condition (tau_sup < tau_reionization_) is true; parameters are such that reionization cannot start after z_start_max


[PARENT][Rank 172] | ERROR: Child process failed during CLASS computation
Model: {'lensing': 'yes', 'output': 'tCl,lCl,pCl,mPk', 'l_max_scalars': 2508, 'k_pivot': 0.05, 'N_ur': 2.0328, 'N_ncdm': 1, 'm_ncdm': 0.06, 'T_ncdm': 0.71611, 'N_ncdm_decay_dr': 1, 'quadrature_strategy_ncdm_decay_dr': 3, 'ncdm_fluid_approximation': 3, 'maximum_q_ncdm_decay_dr': 15.0, 'background_method': 0, 'evolver': 1, 'N_momentum_bins_ncdm_decay_dr': 7, 'l_max_ncdm': 13, 'l_max_dr': 13, 'l_max_dr_col': 13, 'omega_b': 0.015014049347260514, 'omega_cdm': 0.13702528310645362, 'Neff_ini_dncdm': 1.8195928109673307, 'log10lifetime_ncdm_decay_dr': 5.216901918978642, 'm_ncdm_decay_dr': 200.2606591522056, 'H0': 75.94265221526192, 'ln10^{10}A_s': 2.252600906334624, 'n_s': 1.1702099048778654, 'tau_reio': 0.38811499821555695, 'P_k_max_1/Mpc': 1.0}
skipping to the next model...
[CHILD][Parent Rank 17] | The following model failed in CLASS: 
params: {'lensing': 'yes', 'output': 'tCl,lCl,pCl,mPk', 'l_max_scalars': 2508, 'k_pivot': 0.05, 'N_ur': 2.0328, 'N_ncdm': 1, 'm_ncdm': 0.06, 'T_ncdm': 0.71611, 'N_ncdm_decay_dr': 1, 'quadrature_strategy_ncdm_decay_dr': 3, 'ncdm_fluid_approximation': 3, 'maximum_q_ncdm_decay_dr': 15.0, 'background_method': 0, 'evolver': 1, 'N_momentum_bins_ncdm_decay_dr': 7, 'l_max_ncdm': 13, 'l_max_dr': 13, 'l_max_dr_col': 13, 'omega_b': 0.020307527607057386, 'omega_cdm': 0.22255128027247995, 'Neff_ini_dncdm': 1.790745658391391, 'log10lifetime_ncdm_decay_dr': 5.905941120983127, 'm_ncdm_decay_dr': 165.5495677229059, 'H0': 79.8191549556502, 'ln10^{10}A_s': 1.0741709265627841, 'n_s': 0.8945766394989485, 'tau_reio': 0.37247831760741207, 'P_k_max_1/Mpc': 1.0}
error: CosmoComputationError(b'thermodynamics_init(L:446) :error in thermodynamics_reionization(preco, preio, pvecback);\n=>thermodynamics_reionization(L:2283) :condition (tau_sup < tau_reionization_) is true; parameters are such that reionization cannot start after z_start_max')
traceback: Traceback (most recent call last):
  File "/home/maanson/Speciale/connectv2/source/calc_models_mpi_memsafe_child.py", line 639, in main_child
    cosmo.compute()
  File "classy.pyx", line 251, in classy.PyCosmology.compute
  File "classy.pyx", line 272, in classy.PyCosmology.compute
  File "classy.pyx", line 99, in classy.raise_my_py_error
classy.CosmoComputationError: 

Error in Class: thermodynamics_init(L:446) :error in thermodynamics_reionization(preco, preio, pvecback);
=>thermodynamics_reionization(L:2283) :condition (tau_sup < tau_reionization_) is true; parameters are such that reionization cannot start after z_start_max


[PARENT][Rank 17] | ERROR: Child process failed during CLASS computation
Model: {'lensing': 'yes', 'output': 'tCl,lCl,pCl,mPk', 'l_max_scalars': 2508, 'k_pivot': 0.05, 'N_ur': 2.0328, 'N_ncdm': 1, 'm_ncdm': 0.06, 'T_ncdm': 0.71611, 'N_ncdm_decay_dr': 1, 'quadrature_strategy_ncdm_decay_dr': 3, 'ncdm_fluid_approximation': 3, 'maximum_q_ncdm_decay_dr': 15.0, 'background_method': 0, 'evolver': 1, 'N_momentum_bins_ncdm_decay_dr': 7, 'l_max_ncdm': 13, 'l_max_dr': 13, 'l_max_dr_col': 13, 'omega_b': 0.020307527607057386, 'omega_cdm': 0.22255128027247995, 'Neff_ini_dncdm': 1.790745658391391, 'log10lifetime_ncdm_decay_dr': 5.905941120983127, 'm_ncdm_decay_dr': 165.5495677229059, 'H0': 79.8191549556502, 'ln10^{10}A_s': 1.0741709265627841, 'n_s': 0.8945766394989485, 'tau_reio': 0.37247831760741207, 'P_k_max_1/Mpc': 1.0}
skipping to the next model...
[CHILD][Parent Rank 338] | The following model failed in CLASS: 
params: {'lensing': 'yes', 'output': 'tCl,lCl,pCl,mPk', 'l_max_scalars': 2508, 'k_pivot': 0.05, 'N_ur': 2.0328, 'N_ncdm': 1, 'm_ncdm': 0.06, 'T_ncdm': 0.71611, 'N_ncdm_decay_dr': 1, 'quadrature_strategy_ncdm_decay_dr': 3, 'ncdm_fluid_approximation': 3, 'maximum_q_ncdm_decay_dr': 15.0, 'background_method': 0, 'evolver': 1, 'N_momentum_bins_ncdm_decay_dr': 7, 'l_max_ncdm': 13, 'l_max_dr': 13, 'l_max_dr_col': 13, 'omega_b': 0.01782659973653611, 'omega_cdm': 0.04653826041293497, 'Neff_ini_dncdm': 2.780224750492059, 'log10lifetime_ncdm_decay_dr': 5.554883549039083, 'm_ncdm_decay_dr': 258.39207362486883, 'H0': 51.314974833210314, 'ln10^{10}A_s': 1.7877635813096528, 'n_s': 0.9414690752612502, 'tau_reio': 0.354369514915458, 'P_k_max_1/Mpc': 1.0}
error: CosmoComputationError(b'thermodynamics_init(L:446) :error in thermodynamics_reionization(preco, preio, pvecback);\n=>thermodynamics_reionization(L:2283) :condition (tau_sup < tau_reionization_) is true; parameters are such that reionization cannot start after z_start_max')
traceback: Traceback (most recent call last):
  File "/home/maanson/Speciale/connectv2/source/calc_models_mpi_memsafe_child.py", line 639, in main_child
    cosmo.compute()
  File "classy.pyx", line 251, in classy.PyCosmology.compute
  File "classy.pyx", line 272, in classy.PyCosmology.compute
  File "classy.pyx", line 99, in classy.raise_my_py_error
classy.CosmoComputationError: 

Error in Class: thermodynamics_init(L:446) :error in thermodynamics_reionization(preco, preio, pvecback);
=>thermodynamics_reionization(L:2283) :condition (tau_sup < tau_reionization_) is true; parameters are such that reionization cannot start after z_start_max


[PARENT][Rank 338] | ERROR: Child process failed during CLASS computation
Model: {'lensing': 'yes', 'output': 'tCl,lCl,pCl,mPk', 'l_max_scalars': 2508, 'k_pivot': 0.05, 'N_ur': 2.0328, 'N_ncdm': 1, 'm_ncdm': 0.06, 'T_ncdm': 0.71611, 'N_ncdm_decay_dr': 1, 'quadrature_strategy_ncdm_decay_dr': 3, 'ncdm_fluid_approximation': 3, 'maximum_q_ncdm_decay_dr': 15.0, 'background_method': 0, 'evolver': 1, 'N_momentum_bins_ncdm_decay_dr': 7, 'l_max_ncdm': 13, 'l_max_dr': 13, 'l_max_dr_col': 13, 'omega_b': 0.01782659973653611, 'omega_cdm': 0.04653826041293497, 'Neff_ini_dncdm': 2.780224750492059, 'log10lifetime_ncdm_decay_dr': 5.554883549039083, 'm_ncdm_decay_dr': 258.39207362486883, 'H0': 51.314974833210314, 'ln10^{10}A_s': 1.7877635813096528, 'n_s': 0.9414690752612502, 'tau_reio': 0.354369514915458, 'P_k_max_1/Mpc': 1.0}
skipping to the next model...
[CHILD][Parent Rank 185] | The following model failed in CLASS: 
params: {'lensing': 'yes', 'output': 'tCl,lCl,pCl,mPk', 'l_max_scalars': 2508, 'k_pivot': 0.05, 'N_ur': 2.0328, 'N_ncdm': 1, 'm_ncdm': 0.06, 'T_ncdm': 0.71611, 'N_ncdm_decay_dr': 1, 'quadrature_strategy_ncdm_decay_dr': 3, 'ncdm_fluid_approximation': 3, 'maximum_q_ncdm_decay_dr': 15.0, 'background_method': 0, 'evolver': 1, 'N_momentum_bins_ncdm_decay_dr': 7, 'l_max_ncdm': 13, 'l_max_dr': 13, 'l_max_dr_col': 13, 'omega_b': 0.02620834576999792, 'omega_cdm': 0.2405065768979162, 'Neff_ini_dncdm': 2.1999244539392873, 'log10lifetime_ncdm_decay_dr': 5.131517631733075, 'm_ncdm_decay_dr': 484.83213539061353, 'H0': 79.41226635417397, 'ln10^{10}A_s': 2.0816655939102438, 'n_s': 0.9191241879063264, 'tau_reio': 0.3869494223347053, 'P_k_max_1/Mpc': 1.0}
error: CosmoComputationError(b'thermodynamics_init(L:446) :error in thermodynamics_reionization(preco, preio, pvecback);\n=>thermodynamics_reionization(L:2283) :condition (tau_sup < tau_reionization_) is true; parameters are such that reionization cannot start after z_start_max')
traceback: Traceback (most recent call last):
  File "/home/maanson/Speciale/connectv2/source/calc_models_mpi_memsafe_child.py", line 639, in main_child
    cosmo.compute()
  File "classy.pyx", line 251, in classy.PyCosmology.compute
  File "classy.pyx", line 272, in classy.PyCosmology.compute
  File "classy.pyx", line 99, in classy.raise_my_py_error
classy.CosmoComputationError: 

Error in Class: thermodynamics_init(L:446) :error in thermodynamics_reionization(preco, preio, pvecback);
=>thermodynamics_reionization(L:2283) :condition (tau_sup < tau_reionization_) is true; parameters are such that reionization cannot start after z_start_max


[PARENT][Rank 185] | ERROR: Child process failed during CLASS computation
Model: {'lensing': 'yes', 'output': 'tCl,lCl,pCl,mPk', 'l_max_scalars': 2508, 'k_pivot': 0.05, 'N_ur': 2.0328, 'N_ncdm': 1, 'm_ncdm': 0.06, 'T_ncdm': 0.71611, 'N_ncdm_decay_dr': 1, 'quadrature_strategy_ncdm_decay_dr': 3, 'ncdm_fluid_approximation': 3, 'maximum_q_ncdm_decay_dr': 15.0, 'background_method': 0, 'evolver': 1, 'N_momentum_bins_ncdm_decay_dr': 7, 'l_max_ncdm': 13, 'l_max_dr': 13, 'l_max_dr_col': 13, 'omega_b': 0.02620834576999792, 'omega_cdm': 0.2405065768979162, 'Neff_ini_dncdm': 2.1999244539392873, 'log10lifetime_ncdm_decay_dr': 5.131517631733075, 'm_ncdm_decay_dr': 484.83213539061353, 'H0': 79.41226635417397, 'ln10^{10}A_s': 2.0816655939102438, 'n_s': 0.9191241879063264, 'tau_reio': 0.3869494223347053, 'P_k_max_1/Mpc': 1.0}
skipping to the next model...
[CHILD][Parent Rank 185] | The following model failed in CLASS: 
params: {'lensing': 'yes', 'output': 'tCl,lCl,pCl,mPk', 'l_max_scalars': 2508, 'k_pivot': 0.05, 'N_ur': 2.0328, 'N_ncdm': 1, 'm_ncdm': 0.06, 'T_ncdm': 0.71611, 'N_ncdm_decay_dr': 1, 'quadrature_strategy_ncdm_decay_dr': 3, 'ncdm_fluid_approximation': 3, 'maximum_q_ncdm_decay_dr': 15.0, 'background_method': 0, 'evolver': 1, 'N_momentum_bins_ncdm_decay_dr': 7, 'l_max_ncdm': 13, 'l_max_dr': 13, 'l_max_dr_col': 13, 'omega_b': 0.02834638612231937, 'omega_cdm': 0.24833419402563642, 'Neff_ini_dncdm': 2.7056548956949045, 'log10lifetime_ncdm_decay_dr': 5.638511203680901, 'm_ncdm_decay_dr': 299.45978228367886, 'H0': 66.63154195442351, 'ln10^{10}A_s': 2.3620851409862382, 'n_s': 0.9756986538891185, 'tau_reio': 0.3942103220541788, 'P_k_max_1/Mpc': 1.0}
error: CosmoComputationError(b'thermodynamics_init(L:446) :error in thermodynamics_reionization(preco, preio, pvecback);\n=>thermodynamics_reionization(L:2283) :condition (tau_sup < tau_reionization_) is true; parameters are such that reionization cannot start after z_start_max')
traceback: Traceback (most recent call last):
  File "/home/maanson/Speciale/connectv2/source/calc_models_mpi_memsafe_child.py", line 639, in main_child
    cosmo.compute()
  File "classy.pyx", line 251, in classy.PyCosmology.compute
  File "classy.pyx", line 272, in classy.PyCosmology.compute
  File "classy.pyx", line 99, in classy.raise_my_py_error
classy.CosmoComputationError: 

Error in Class: thermodynamics_init(L:446) :error in thermodynamics_reionization(preco, preio, pvecback);
=>thermodynamics_reionization(L:2283) :condition (tau_sup < tau_reionization_) is true; parameters are such that reionization cannot start after z_start_max


[PARENT][Rank 185] | ERROR: Child process failed during CLASS computation
Model: {'lensing': 'yes', 'output': 'tCl,lCl,pCl,mPk', 'l_max_scalars': 2508, 'k_pivot': 0.05, 'N_ur': 2.0328, 'N_ncdm': 1, 'm_ncdm': 0.06, 'T_ncdm': 0.71611, 'N_ncdm_decay_dr': 1, 'quadrature_strategy_ncdm_decay_dr': 3, 'ncdm_fluid_approximation': 3, 'maximum_q_ncdm_decay_dr': 15.0, 'background_method': 0, 'evolver': 1, 'N_momentum_bins_ncdm_decay_dr': 7, 'l_max_ncdm': 13, 'l_max_dr': 13, 'l_max_dr_col': 13, 'omega_b': 0.02834638612231937, 'omega_cdm': 0.24833419402563642, 'Neff_ini_dncdm': 2.7056548956949045, 'log10lifetime_ncdm_decay_dr': 5.638511203680901, 'm_ncdm_decay_dr': 299.45978228367886, 'H0': 66.63154195442351, 'ln10^{10}A_s': 2.3620851409862382, 'n_s': 0.9756986538891185, 'tau_reio': 0.3942103220541788, 'P_k_max_1/Mpc': 1.0}
skipping to the next model...
[CHILD][Parent Rank 218] | The following model failed in CLASS: 
params: {'lensing': 'yes', 'output': 'tCl,lCl,pCl,mPk', 'l_max_scalars': 2508, 'k_pivot': 0.05, 'N_ur': 2.0328, 'N_ncdm': 1, 'm_ncdm': 0.06, 'T_ncdm': 0.71611, 'N_ncdm_decay_dr': 1, 'quadrature_strategy_ncdm_decay_dr': 3, 'ncdm_fluid_approximation': 3, 'maximum_q_ncdm_decay_dr': 15.0, 'background_method': 0, 'evolver': 1, 'N_momentum_bins_ncdm_decay_dr': 7, 'l_max_ncdm': 13, 'l_max_dr': 13, 'l_max_dr_col': 13, 'omega_b': 0.021379833104684012, 'omega_cdm': 0.014185298554388612, 'Neff_ini_dncdm': 2.9388050850710807, 'log10lifetime_ncdm_decay_dr': 5.9410462308854335, 'm_ncdm_decay_dr': 314.55063242014205, 'H0': 83.51095352694355, 'ln10^{10}A_s': 2.4987114313384917, 'n_s': 0.9176390845927803, 'tau_reio': 0.3720344297297917, 'P_k_max_1/Mpc': 1.0}
error: CosmoComputationError(b'thermodynamics_init(L:446) :error in thermodynamics_reionization(preco, preio, pvecback);\n=>thermodynamics_reionization(L:2283) :condition (tau_sup < tau_reionization_) is true; parameters are such that reionization cannot start after z_start_max')
traceback: Traceback (most recent call last):
  File "/home/maanson/Speciale/connectv2/source/calc_models_mpi_memsafe_child.py", line 639, in main_child
    cosmo.compute()
  File "classy.pyx", line 251, in classy.PyCosmology.compute
  File "classy.pyx", line 272, in classy.PyCosmology.compute
  File "classy.pyx", line 99, in classy.raise_my_py_error
classy.CosmoComputationError: 

Error in Class: thermodynamics_init(L:446) :error in thermodynamics_reionization(preco, preio, pvecback);
=>thermodynamics_reionization(L:2283) :condition (tau_sup < tau_reionization_) is true; parameters are such that reionization cannot start after z_start_max


[PARENT][Rank 218] | ERROR: Child process failed during CLASS computation
Model: {'lensing': 'yes', 'output': 'tCl,lCl,pCl,mPk', 'l_max_scalars': 2508, 'k_pivot': 0.05, 'N_ur': 2.0328, 'N_ncdm': 1, 'm_ncdm': 0.06, 'T_ncdm': 0.71611, 'N_ncdm_decay_dr': 1, 'quadrature_strategy_ncdm_decay_dr': 3, 'ncdm_fluid_approximation': 3, 'maximum_q_ncdm_decay_dr': 15.0, 'background_method': 0, 'evolver': 1, 'N_momentum_bins_ncdm_decay_dr': 7, 'l_max_ncdm': 13, 'l_max_dr': 13, 'l_max_dr_col': 13, 'omega_b': 0.021379833104684012, 'omega_cdm': 0.014185298554388612, 'Neff_ini_dncdm': 2.9388050850710807, 'log10lifetime_ncdm_decay_dr': 5.9410462308854335, 'm_ncdm_decay_dr': 314.55063242014205, 'H0': 83.51095352694355, 'ln10^{10}A_s': 2.4987114313384917, 'n_s': 0.9176390845927803, 'tau_reio': 0.3720344297297917, 'P_k_max_1/Mpc': 1.0}
skipping to the next model...
[CHILD][Parent Rank 302] | The following model failed in CLASS: 
params: {'lensing': 'yes', 'output': 'tCl,lCl,pCl,mPk', 'l_max_scalars': 2508, 'k_pivot': 0.05, 'N_ur': 2.0328, 'N_ncdm': 1, 'm_ncdm': 0.06, 'T_ncdm': 0.71611, 'N_ncdm_decay_dr': 1, 'quadrature_strategy_ncdm_decay_dr': 3, 'ncdm_fluid_approximation': 3, 'maximum_q_ncdm_decay_dr': 15.0, 'background_method': 0, 'evolver': 1, 'N_momentum_bins_ncdm_decay_dr': 7, 'l_max_ncdm': 13, 'l_max_dr': 13, 'l_max_dr_col': 13, 'omega_b': 0.02199875242091173, 'omega_cdm': 0.018561515576722802, 'Neff_ini_dncdm': 2.83172562997278, 'log10lifetime_ncdm_decay_dr': 5.563458287592736, 'm_ncdm_decay_dr': 470.90640520576443, 'H0': 93.34908143594083, 'ln10^{10}A_s': 4.565076069685187, 'n_s': 0.9471777222269715, 'tau_reio': 0.31611105688170865, 'P_k_max_1/Mpc': 1.0}
error: CosmoComputationError(b'thermodynamics_init(L:446) :error in thermodynamics_reionization(preco, preio, pvecback);\n=>thermodynamics_reionization(L:2283) :condition (tau_sup < tau_reionization_) is true; parameters are such that reionization cannot start after z_start_max')
traceback: Traceback (most recent call last):
  File "/home/maanson/Speciale/connectv2/source/calc_models_mpi_memsafe_child.py", line 639, in main_child
    cosmo.compute()
  File "classy.pyx", line 251, in classy.PyCosmology.compute
  File "classy.pyx", line 272, in classy.PyCosmology.compute
  File "classy.pyx", line 99, in classy.raise_my_py_error
classy.CosmoComputationError: 

Error in Class: thermodynamics_init(L:446) :error in thermodynamics_reionization(preco, preio, pvecback);
=>thermodynamics_reionization(L:2283) :condition (tau_sup < tau_reionization_) is true; parameters are such that reionization cannot start after z_start_max


[PARENT][Rank 302] | ERROR: Child process failed during CLASS computation
Model: {'lensing': 'yes', 'output': 'tCl,lCl,pCl,mPk', 'l_max_scalars': 2508, 'k_pivot': 0.05, 'N_ur': 2.0328, 'N_ncdm': 1, 'm_ncdm': 0.06, 'T_ncdm': 0.71611, 'N_ncdm_decay_dr': 1, 'quadrature_strategy_ncdm_decay_dr': 3, 'ncdm_fluid_approximation': 3, 'maximum_q_ncdm_decay_dr': 15.0, 'background_method': 0, 'evolver': 1, 'N_momentum_bins_ncdm_decay_dr': 7, 'l_max_ncdm': 13, 'l_max_dr': 13, 'l_max_dr_col': 13, 'omega_b': 0.02199875242091173, 'omega_cdm': 0.018561515576722802, 'Neff_ini_dncdm': 2.83172562997278, 'log10lifetime_ncdm_decay_dr': 5.563458287592736, 'm_ncdm_decay_dr': 470.90640520576443, 'H0': 93.34908143594083, 'ln10^{10}A_s': 4.565076069685187, 'n_s': 0.9471777222269715, 'tau_reio': 0.31611105688170865, 'P_k_max_1/Mpc': 1.0}
skipping to the next model...
[CHILD][Parent Rank 333] | The following model failed in CLASS: 
params: {'lensing': 'yes', 'output': 'tCl,lCl,pCl,mPk', 'l_max_scalars': 2508, 'k_pivot': 0.05, 'N_ur': 2.0328, 'N_ncdm': 1, 'm_ncdm': 0.06, 'T_ncdm': 0.71611, 'N_ncdm_decay_dr': 1, 'quadrature_strategy_ncdm_decay_dr': 3, 'ncdm_fluid_approximation': 3, 'maximum_q_ncdm_decay_dr': 15.0, 'background_method': 0, 'evolver': 1, 'N_momentum_bins_ncdm_decay_dr': 7, 'l_max_ncdm': 13, 'l_max_dr': 13, 'l_max_dr_col': 13, 'omega_b': 0.02184014964292416, 'omega_cdm': 0.10336563930211619, 'Neff_ini_dncdm': 2.994477101472451, 'log10lifetime_ncdm_decay_dr': 5.819442086083189, 'm_ncdm_decay_dr': 425.9175459759049, 'H0': 53.46908440299846, 'ln10^{10}A_s': 2.01268211520088, 'n_s': 1.1751433561301206, 'tau_reio': 0.3050496518353319, 'P_k_max_1/Mpc': 1.0}
error: CosmoComputationError(b'thermodynamics_init(L:446) :error in thermodynamics_reionization(preco, preio, pvecback);\n=>thermodynamics_reionization(L:2283) :condition (tau_sup < tau_reionization_) is true; parameters are such that reionization cannot start after z_start_max')
traceback: Traceback (most recent call last):
  File "/home/maanson/Speciale/connectv2/source/calc_models_mpi_memsafe_child.py", line 639, in main_child
    cosmo.compute()
  File "classy.pyx", line 251, in classy.PyCosmology.compute
  File "classy.pyx", line 272, in classy.PyCosmology.compute
  File "classy.pyx", line 99, in classy.raise_my_py_error
classy.CosmoComputationError: 

Error in Class: thermodynamics_init(L:446) :error in thermodynamics_reionization(preco, preio, pvecback);
=>thermodynamics_reionization(L:2283) :condition (tau_sup < tau_reionization_) is true; parameters are such that reionization cannot start after z_start_max


[PARENT][Rank 333] | ERROR: Child process failed during CLASS computation
Model: {'lensing': 'yes', 'output': 'tCl,lCl,pCl,mPk', 'l_max_scalars': 2508, 'k_pivot': 0.05, 'N_ur': 2.0328, 'N_ncdm': 1, 'm_ncdm': 0.06, 'T_ncdm': 0.71611, 'N_ncdm_decay_dr': 1, 'quadrature_strategy_ncdm_decay_dr': 3, 'ncdm_fluid_approximation': 3, 'maximum_q_ncdm_decay_dr': 15.0, 'background_method': 0, 'evolver': 1, 'N_momentum_bins_ncdm_decay_dr': 7, 'l_max_ncdm': 13, 'l_max_dr': 13, 'l_max_dr_col': 13, 'omega_b': 0.02184014964292416, 'omega_cdm': 0.10336563930211619, 'Neff_ini_dncdm': 2.994477101472451, 'log10lifetime_ncdm_decay_dr': 5.819442086083189, 'm_ncdm_decay_dr': 425.9175459759049, 'H0': 53.46908440299846, 'ln10^{10}A_s': 2.01268211520088, 'n_s': 1.1751433561301206, 'tau_reio': 0.3050496518353319, 'P_k_max_1/Mpc': 1.0}
skipping to the next model...
[CHILD][Parent Rank 371] | The following model failed in CLASS: 
params: {'lensing': 'yes', 'output': 'tCl,lCl,pCl,mPk', 'l_max_scalars': 2508, 'k_pivot': 0.05, 'N_ur': 2.0328, 'N_ncdm': 1, 'm_ncdm': 0.06, 'T_ncdm': 0.71611, 'N_ncdm_decay_dr': 1, 'quadrature_strategy_ncdm_decay_dr': 3, 'ncdm_fluid_approximation': 3, 'maximum_q_ncdm_decay_dr': 15.0, 'background_method': 0, 'evolver': 1, 'N_momentum_bins_ncdm_decay_dr': 7, 'l_max_ncdm': 13, 'l_max_dr': 13, 'l_max_dr_col': 13, 'omega_b': 0.023324198636999402, 'omega_cdm': 0.10553472294480953, 'Neff_ini_dncdm': 2.172323001103084, 'log10lifetime_ncdm_decay_dr': 5.89414924447456, 'm_ncdm_decay_dr': 366.25595513487036, 'H0': 50.94469997672655, 'ln10^{10}A_s': 1.3271156974125211, 'n_s': 1.1480607606421869, 'tau_reio': 0.3886928149684184, 'P_k_max_1/Mpc': 1.0}
error: CosmoComputationError(b'thermodynamics_init(L:446) :error in thermodynamics_reionization(preco, preio, pvecback);\n=>thermodynamics_reionization(L:2283) :condition (tau_sup < tau_reionization_) is true; parameters are such that reionization cannot start after z_start_max')
traceback: Traceback (most recent call last):
  File "/home/maanson/Speciale/connectv2/source/calc_models_mpi_memsafe_child.py", line 639, in main_child
    cosmo.compute()
  File "classy.pyx", line 251, in classy.PyCosmology.compute
  File "classy.pyx", line 272, in classy.PyCosmology.compute
  File "classy.pyx", line 99, in classy.raise_my_py_error
classy.CosmoComputationError: 

Error in Class: thermodynamics_init(L:446) :error in thermodynamics_reionization(preco, preio, pvecback);
=>thermodynamics_reionization(L:2283) :condition (tau_sup < tau_reionization_) is true; parameters are such that reionization cannot start after z_start_max


[PARENT][Rank 371] | ERROR: Child process failed during CLASS computation
Model: {'lensing': 'yes', 'output': 'tCl,lCl,pCl,mPk', 'l_max_scalars': 2508, 'k_pivot': 0.05, 'N_ur': 2.0328, 'N_ncdm': 1, 'm_ncdm': 0.06, 'T_ncdm': 0.71611, 'N_ncdm_decay_dr': 1, 'quadrature_strategy_ncdm_decay_dr': 3, 'ncdm_fluid_approximation': 3, 'maximum_q_ncdm_decay_dr': 15.0, 'background_method': 0, 'evolver': 1, 'N_momentum_bins_ncdm_decay_dr': 7, 'l_max_ncdm': 13, 'l_max_dr': 13, 'l_max_dr_col': 13, 'omega_b': 0.023324198636999402, 'omega_cdm': 0.10553472294480953, 'Neff_ini_dncdm': 2.172323001103084, 'log10lifetime_ncdm_decay_dr': 5.89414924447456, 'm_ncdm_decay_dr': 366.25595513487036, 'H0': 50.94469997672655, 'ln10^{10}A_s': 1.3271156974125211, 'n_s': 1.1480607606421869, 'tau_reio': 0.3886928149684184, 'P_k_max_1/Mpc': 1.0}
skipping to the next model...
[CHILD][Parent Rank 167] | The following model failed in CLASS: 
params: {'lensing': 'yes', 'output': 'tCl,lCl,pCl,mPk', 'l_max_scalars': 2508, 'k_pivot': 0.05, 'N_ur': 2.0328, 'N_ncdm': 1, 'm_ncdm': 0.06, 'T_ncdm': 0.71611, 'N_ncdm_decay_dr': 1, 'quadrature_strategy_ncdm_decay_dr': 3, 'ncdm_fluid_approximation': 3, 'maximum_q_ncdm_decay_dr': 15.0, 'background_method': 0, 'evolver': 1, 'N_momentum_bins_ncdm_decay_dr': 7, 'l_max_ncdm': 13, 'l_max_dr': 13, 'l_max_dr_col': 13, 'omega_b': 0.016166268768664654, 'omega_cdm': 0.24525909620059777, 'Neff_ini_dncdm': 0.1809113787290068, 'log10lifetime_ncdm_decay_dr': 2.9971342478591954, 'm_ncdm_decay_dr': 336.18112126340714, 'H0': 89.70715364529474, 'ln10^{10}A_s': 1.1330711623400729, 'n_s': 1.0159928066916966, 'tau_reio': 0.3885229990935218, 'P_k_max_1/Mpc': 1.0}
error: CosmoComputationError(b'thermodynamics_init(L:446) :error in thermodynamics_reionization(preco, preio, pvecback);\n=>thermodynamics_reionization(L:2283) :condition (tau_sup < tau_reionization_) is true; parameters are such that reionization cannot start after z_start_max')
traceback: Traceback (most recent call last):
  File "/home/maanson/Speciale/connectv2/source/calc_models_mpi_memsafe_child.py", line 639, in main_child
    cosmo.compute()
  File "classy.pyx", line 251, in classy.PyCosmology.compute
  File "classy.pyx", line 272, in classy.PyCosmology.compute
  File "classy.pyx", line 99, in classy.raise_my_py_error
classy.CosmoComputationError: 

Error in Class: thermodynamics_init(L:446) :error in thermodynamics_reionization(preco, preio, pvecback);
=>thermodynamics_reionization(L:2283) :condition (tau_sup < tau_reionization_) is true; parameters are such that reionization cannot start after z_start_max


[PARENT][Rank 167] | ERROR: Child process failed during CLASS computation
Model: {'lensing': 'yes', 'output': 'tCl,lCl,pCl,mPk', 'l_max_scalars': 2508, 'k_pivot': 0.05, 'N_ur': 2.0328, 'N_ncdm': 1, 'm_ncdm': 0.06, 'T_ncdm': 0.71611, 'N_ncdm_decay_dr': 1, 'quadrature_strategy_ncdm_decay_dr': 3, 'ncdm_fluid_approximation': 3, 'maximum_q_ncdm_decay_dr': 15.0, 'background_method': 0, 'evolver': 1, 'N_momentum_bins_ncdm_decay_dr': 7, 'l_max_ncdm': 13, 'l_max_dr': 13, 'l_max_dr_col': 13, 'omega_b': 0.016166268768664654, 'omega_cdm': 0.24525909620059777, 'Neff_ini_dncdm': 0.1809113787290068, 'log10lifetime_ncdm_decay_dr': 2.9971342478591954, 'm_ncdm_decay_dr': 336.18112126340714, 'H0': 89.70715364529474, 'ln10^{10}A_s': 1.1330711623400729, 'n_s': 1.0159928066916966, 'tau_reio': 0.3885229990935218, 'P_k_max_1/Mpc': 1.0}
skipping to the next model...
[Master] [WARNING] Received ABORT command from ranks: {141}.
This is due to the parent failing closing down the child process properly.
Or the child process crashed or was unresponsive at some point.
Exiting through MPI.Abort() to prevent hanging/deadlock.
--------------------------------------------------------------------------
MPI_ABORT was invoked on rank 0 in communicator MPI_COMM_WORLD
with errorcode 1.

NOTE: invoking MPI_ABORT causes Open MPI to kill all MPI processes.
You may or may not see output from other processes, depending on
exactly when Open MPI kills them.
--------------------------------------------------------------------------
--------------------------------------------------------------------------
An MPI communication peer process has unexpectedly disconnected.  This
usually indicates a failure in the peer process (e.g., a crash or
otherwise exiting without calling MPI_FINALIZE first).

Although this local MPI process will likely now behave unpredictably
(it may even hang or crash), the root cause of this problem is the
failure of the peer -- that is what you need to investigate.  For
example, there may be a core file that you can examine.  More
generally: such peer hangups are frequently caused by application bugs
or other external events.

  Local host: s91n32
  Local PID:  3595854
  Peer host:  s91n31
--------------------------------------------------------------------------
[CHILD][Parent Rank 4] | CRITICAL ERROR: Process killed by SIGTERM (Job Cancelled or Terminated)
[CHILD][Parent Rank 19] | CRITICAL ERROR: Process killed by SIGTERM (Job Cancelled or Terminated)
[CHILD][Parent Rank 27] | CRITICAL ERROR: Process killed by SIGTERM (Job Cancelled or Terminated)
[CHILD][Parent Rank 179] | CRITICAL ERROR: Process killed by SIGTERM (Job Cancelled or Terminated)
[CHILD][Parent Rank 166] | CRITICAL ERROR: Process killed by SIGTERM (Job Cancelled or Terminated)
[CHILD][Parent Rank 270] | CRITICAL ERROR: Process killed by SIGTERM (Job Cancelled or Terminated)
[CHILD][Parent Rank 278] | CRITICAL ERROR: Process killed by SIGTERM (Job Cancelled or Terminated)
[CHILD][Parent Rank 283] | CRITICAL ERROR: Process killed by SIGTERM (Job Cancelled or Terminated)
[CHILD][Parent Rank 271] | CRITICAL ERROR: Process killed by SIGTERM (Job Cancelled or Terminated)
[CHILD][Parent Rank 384] | CRITICAL ERROR: Process killed by SIGTERM (Job Cancelled or Terminated)
[CHILD][Parent Rank 351] | CRITICAL ERROR: Process killed by SIGTERM (Job Cancelled or Terminated)
[CHILD][Parent Rank 341] | CRITICAL ERROR: Process killed by SIGTERM (Job Cancelled or Terminated)
[CHILD][Parent Rank 330] | CRITICAL ERROR: Process killed by SIGTERM (Job Cancelled or Terminated)
[CHILD][Parent Rank 75] | CRITICAL ERROR: Process killed by SIGTERM (Job Cancelled or Terminated)
[CHILD][Parent Rank 93] | CRITICAL ERROR: Process killed by SIGTERM (Job Cancelled or Terminated)
[CHILD][Parent Rank 104] | CRITICAL ERROR: Process killed by SIGTERM (Job Cancelled or Terminated)
[CHILD][Parent Rank 217] | CRITICAL ERROR: Process killed by SIGTERM (Job Cancelled or Terminated)
[CHILD][Parent Rank 319] | CRITICAL ERROR: Process killed by SIGTERM (Job Cancelled or Terminated)
[CHILD][Parent Rank 310] | CRITICAL ERROR: Process killed by SIGTERM (Job Cancelled or Terminated)
[CHILD][Parent Rank 231] | CRITICAL ERROR: Process killed by SIGTERM (Job Cancelled or Terminated)
[CHILD][Parent Rank 240] | CRITICAL ERROR: Process killed by SIGTERM (Job Cancelled or Terminated)
[CHILD][Parent Rank 237] | CRITICAL ERROR: Process killed by SIGTERM (Job Cancelled or Terminated)
[CHILD][Parent Rank 243] | CRITICAL ERROR: Process killed by SIGTERM (Job Cancelled or Terminated)
[CHILD][Parent Rank 114] | CRITICAL ERROR: Process killed by SIGTERM (Job Cancelled or Terminated)
[CHILD][Parent Rank 143] | CRITICAL ERROR: Process killed by SIGTERM (Job Cancelled or Terminated)
[CHILD][Parent Rank 138] | CRITICAL ERROR: Process killed by SIGTERM (Job Cancelled or Terminated)
[CHILD][Parent Rank 116] | CRITICAL ERROR: Process killed by SIGTERM (Job Cancelled or Terminated)
[CHILD][Parent Rank 125] | CRITICAL ERROR: Process killed by SIGTERM (Job Cancelled or Terminated)
[CHILD][Parent Rank 115] | CRITICAL ERROR: Process killed by SIGTERM (Job Cancelled or Terminated)
[s91n31.grendel.cscaa.dk:4158220] 12 more processes have sent help message help-mpi-btl-tcp.txt / client connect fail
[s91n31.grendel.cscaa.dk:4158220] 33 more processes have sent help message help-mpi-btl-tcp.txt / peer hung up
WARNING: mpirun failed with exit code 1, but calculations completed successfully. Checking for lingering MPI processes...
No lingering MPI processes found.
Check complete, continuing...
(standard_in) 1: syntax error
(standard_in) 1: syntax error
(standard_in) 1: syntax error
(standard_in) 1: syntax error
(standard_in) 1: syntax error
(standard_in) 1: syntax error
slurmstepd: error: *** JOB 20215414 ON s91n31 CANCELLED AT 2025-04-01T18:59:05 ***
