/usr/bin/ps: /comm/swstack/core/anaconda3/2021.05/lib/libuuid.so.1: no version information available (required by /lib64/libblkid.so.1)
[CHILD][Parent Rank 329] | The following model took too long to complete: 
params: {'lensing': 'yes', 'output': 'tCl,lCl,pCl,mPk', 'l_max_scalars': 2508, 'k_pivot': 0.05, 'N_ur': 2.0328, 'N_ncdm': 1, 'm_ncdm': 0.06, 'T_ncdm': 0.71611, 'N_ncdm_decay_dr': 1, 'quadrature_strategy_ncdm_decay_dr': 3, 'ncdm_fluid_approximation': 3, 'maximum_q_ncdm_decay_dr': 15.0, 'background_method': 0, 'evolver': 1, 'N_momentum_bins_ncdm_decay_dr': 7, 'l_max_ncdm': 13, 'l_max_dr': 13, 'l_max_dr_col': 13, 'omega_b': 0.021435361, 'omega_cdm': 0.1208869, 'Neff_ini_dncdm': 0.2284194, 'log10lifetime_ncdm_decay_dr': 4.69747, 'm_ncdm_decay_dr': 0.045483, 'H0': 70.5238, 'ln10^{10}A_s': 3.281324, 'n_s': 0.9699071, 'tau_reio': 0.1568906, 'P_k_max_1/Mpc': 1.0}

[PARENT][Rank 329] | ERROR: Child process failed during CLASS computation
Model: {'lensing': 'yes', 'output': 'tCl,lCl,pCl,mPk', 'l_max_scalars': 2508, 'k_pivot': 0.05, 'N_ur': 2.0328, 'N_ncdm': 1, 'm_ncdm': 0.06, 'T_ncdm': 0.71611, 'N_ncdm_decay_dr': 1, 'quadrature_strategy_ncdm_decay_dr': 3, 'ncdm_fluid_approximation': 3, 'maximum_q_ncdm_decay_dr': 15.0, 'background_method': 0, 'evolver': 1, 'N_momentum_bins_ncdm_decay_dr': 7, 'l_max_ncdm': 13, 'l_max_dr': 13, 'l_max_dr_col': 13, 'omega_b': 0.021435361, 'omega_cdm': 0.1208869, 'Neff_ini_dncdm': 0.2284194, 'log10lifetime_ncdm_decay_dr': 4.69747, 'm_ncdm_decay_dr': 0.045483, 'H0': 70.5238, 'ln10^{10}A_s': 3.281324, 'n_s': 0.9699071, 'tau_reio': 0.1568906, 'P_k_max_1/Mpc': 1.0}
skipping to the next model...
[CHILD][Parent Rank 331] | The following model took too long to complete: 
params: {'lensing': 'yes', 'output': 'tCl,lCl,pCl,mPk', 'l_max_scalars': 2508, 'k_pivot': 0.05, 'N_ur': 2.0328, 'N_ncdm': 1, 'm_ncdm': 0.06, 'T_ncdm': 0.71611, 'N_ncdm_decay_dr': 1, 'quadrature_strategy_ncdm_decay_dr': 3, 'ncdm_fluid_approximation': 3, 'maximum_q_ncdm_decay_dr': 15.0, 'background_method': 0, 'evolver': 1, 'N_momentum_bins_ncdm_decay_dr': 7, 'l_max_ncdm': 13, 'l_max_dr': 13, 'l_max_dr_col': 13, 'omega_b': 0.021435361, 'omega_cdm': 0.1208869, 'Neff_ini_dncdm': 0.2284194, 'log10lifetime_ncdm_decay_dr': 4.69747, 'm_ncdm_decay_dr': 0.045483, 'H0': 70.5238, 'ln10^{10}A_s': 3.281324, 'n_s': 0.9699071, 'tau_reio': 0.1568906, 'P_k_max_1/Mpc': 1.0}

[PARENT][Rank 331] | ERROR: Child process failed during CLASS computation
Model: {'lensing': 'yes', 'output': 'tCl,lCl,pCl,mPk', 'l_max_scalars': 2508, 'k_pivot': 0.05, 'N_ur': 2.0328, 'N_ncdm': 1, 'm_ncdm': 0.06, 'T_ncdm': 0.71611, 'N_ncdm_decay_dr': 1, 'quadrature_strategy_ncdm_decay_dr': 3, 'ncdm_fluid_approximation': 3, 'maximum_q_ncdm_decay_dr': 15.0, 'background_method': 0, 'evolver': 1, 'N_momentum_bins_ncdm_decay_dr': 7, 'l_max_ncdm': 13, 'l_max_dr': 13, 'l_max_dr_col': 13, 'omega_b': 0.021435361, 'omega_cdm': 0.1208869, 'Neff_ini_dncdm': 0.2284194, 'log10lifetime_ncdm_decay_dr': 4.69747, 'm_ncdm_decay_dr': 0.045483, 'H0': 70.5238, 'ln10^{10}A_s': 3.281324, 'n_s': 0.9699071, 'tau_reio': 0.1568906, 'P_k_max_1/Mpc': 1.0}
skipping to the next model...
[CHILD][Parent Rank 217] | The following model took too long to complete: 
params: {'lensing': 'yes', 'output': 'tCl,lCl,pCl,mPk', 'l_max_scalars': 2508, 'k_pivot': 0.05, 'N_ur': 2.0328, 'N_ncdm': 1, 'm_ncdm': 0.06, 'T_ncdm': 0.71611, 'N_ncdm_decay_dr': 1, 'quadrature_strategy_ncdm_decay_dr': 3, 'ncdm_fluid_approximation': 3, 'maximum_q_ncdm_decay_dr': 15.0, 'background_method': 0, 'evolver': 1, 'N_momentum_bins_ncdm_decay_dr': 7, 'l_max_ncdm': 13, 'l_max_dr': 13, 'l_max_dr_col': 13, 'omega_b': 0.02253005, 'omega_cdm': 0.123609, 'Neff_ini_dncdm': 0.06893296, 'log10lifetime_ncdm_decay_dr': 4.013498, 'm_ncdm_decay_dr': 0.01471493, 'H0': 65.29923, 'ln10^{10}A_s': 3.019749, 'n_s': 0.9454207, 'tau_reio': 0.03382902, 'P_k_max_1/Mpc': 1.0}

[PARENT][Rank 217] | ERROR: Child process failed during CLASS computation
Model: {'lensing': 'yes', 'output': 'tCl,lCl,pCl,mPk', 'l_max_scalars': 2508, 'k_pivot': 0.05, 'N_ur': 2.0328, 'N_ncdm': 1, 'm_ncdm': 0.06, 'T_ncdm': 0.71611, 'N_ncdm_decay_dr': 1, 'quadrature_strategy_ncdm_decay_dr': 3, 'ncdm_fluid_approximation': 3, 'maximum_q_ncdm_decay_dr': 15.0, 'background_method': 0, 'evolver': 1, 'N_momentum_bins_ncdm_decay_dr': 7, 'l_max_ncdm': 13, 'l_max_dr': 13, 'l_max_dr_col': 13, 'omega_b': 0.02253005, 'omega_cdm': 0.123609, 'Neff_ini_dncdm': 0.06893296, 'log10lifetime_ncdm_decay_dr': 4.013498, 'm_ncdm_decay_dr': 0.01471493, 'H0': 65.29923, 'ln10^{10}A_s': 3.019749, 'n_s': 0.9454207, 'tau_reio': 0.03382902, 'P_k_max_1/Mpc': 1.0}
skipping to the next model...
[CHILD][Parent Rank 228] | The following model took too long to complete: 
params: {'lensing': 'yes', 'output': 'tCl,lCl,pCl,mPk', 'l_max_scalars': 2508, 'k_pivot': 0.05, 'N_ur': 2.0328, 'N_ncdm': 1, 'm_ncdm': 0.06, 'T_ncdm': 0.71611, 'N_ncdm_decay_dr': 1, 'quadrature_strategy_ncdm_decay_dr': 3, 'ncdm_fluid_approximation': 3, 'maximum_q_ncdm_decay_dr': 15.0, 'background_method': 0, 'evolver': 1, 'N_momentum_bins_ncdm_decay_dr': 7, 'l_max_ncdm': 13, 'l_max_dr': 13, 'l_max_dr_col': 13, 'omega_b': 0.02253005, 'omega_cdm': 0.123609, 'Neff_ini_dncdm': 0.06893296, 'log10lifetime_ncdm_decay_dr': 4.013498, 'm_ncdm_decay_dr': 0.01471493, 'H0': 65.29923, 'ln10^{10}A_s': 3.019749, 'n_s': 0.9454207, 'tau_reio': 0.03382902, 'P_k_max_1/Mpc': 1.0}

[PARENT][Rank 228] | ERROR: Child process failed during CLASS computation
Model: {'lensing': 'yes', 'output': 'tCl,lCl,pCl,mPk', 'l_max_scalars': 2508, 'k_pivot': 0.05, 'N_ur': 2.0328, 'N_ncdm': 1, 'm_ncdm': 0.06, 'T_ncdm': 0.71611, 'N_ncdm_decay_dr': 1, 'quadrature_strategy_ncdm_decay_dr': 3, 'ncdm_fluid_approximation': 3, 'maximum_q_ncdm_decay_dr': 15.0, 'background_method': 0, 'evolver': 1, 'N_momentum_bins_ncdm_decay_dr': 7, 'l_max_ncdm': 13, 'l_max_dr': 13, 'l_max_dr_col': 13, 'omega_b': 0.02253005, 'omega_cdm': 0.123609, 'Neff_ini_dncdm': 0.06893296, 'log10lifetime_ncdm_decay_dr': 4.013498, 'm_ncdm_decay_dr': 0.01471493, 'H0': 65.29923, 'ln10^{10}A_s': 3.019749, 'n_s': 0.9454207, 'tau_reio': 0.03382902, 'P_k_max_1/Mpc': 1.0}
skipping to the next model...
[CHILD][Parent Rank 221] | The following model took too long to complete: 
params: {'lensing': 'yes', 'output': 'tCl,lCl,pCl,mPk', 'l_max_scalars': 2508, 'k_pivot': 0.05, 'N_ur': 2.0328, 'N_ncdm': 1, 'm_ncdm': 0.06, 'T_ncdm': 0.71611, 'N_ncdm_decay_dr': 1, 'quadrature_strategy_ncdm_decay_dr': 3, 'ncdm_fluid_approximation': 3, 'maximum_q_ncdm_decay_dr': 15.0, 'background_method': 0, 'evolver': 1, 'N_momentum_bins_ncdm_decay_dr': 7, 'l_max_ncdm': 13, 'l_max_dr': 13, 'l_max_dr_col': 13, 'omega_b': 0.02253005, 'omega_cdm': 0.123609, 'Neff_ini_dncdm': 0.06893296, 'log10lifetime_ncdm_decay_dr': 4.013498, 'm_ncdm_decay_dr': 0.01471493, 'H0': 65.29923, 'ln10^{10}A_s': 3.019749, 'n_s': 0.9454207, 'tau_reio': 0.03382902, 'P_k_max_1/Mpc': 1.0}

[PARENT][Rank 221] | ERROR: Child process failed during CLASS computation
Model: {'lensing': 'yes', 'output': 'tCl,lCl,pCl,mPk', 'l_max_scalars': 2508, 'k_pivot': 0.05, 'N_ur': 2.0328, 'N_ncdm': 1, 'm_ncdm': 0.06, 'T_ncdm': 0.71611, 'N_ncdm_decay_dr': 1, 'quadrature_strategy_ncdm_decay_dr': 3, 'ncdm_fluid_approximation': 3, 'maximum_q_ncdm_decay_dr': 15.0, 'background_method': 0, 'evolver': 1, 'N_momentum_bins_ncdm_decay_dr': 7, 'l_max_ncdm': 13, 'l_max_dr': 13, 'l_max_dr_col': 13, 'omega_b': 0.02253005, 'omega_cdm': 0.123609, 'Neff_ini_dncdm': 0.06893296, 'log10lifetime_ncdm_decay_dr': 4.013498, 'm_ncdm_decay_dr': 0.01471493, 'H0': 65.29923, 'ln10^{10}A_s': 3.019749, 'n_s': 0.9454207, 'tau_reio': 0.03382902, 'P_k_max_1/Mpc': 1.0}
skipping to the next model...
[CHILD][Parent Rank 253] | The following model took too long to complete: 
params: {'lensing': 'yes', 'output': 'tCl,lCl,pCl,mPk', 'l_max_scalars': 2508, 'k_pivot': 0.05, 'N_ur': 2.0328, 'N_ncdm': 1, 'm_ncdm': 0.06, 'T_ncdm': 0.71611, 'N_ncdm_decay_dr': 1, 'quadrature_strategy_ncdm_decay_dr': 3, 'ncdm_fluid_approximation': 3, 'maximum_q_ncdm_decay_dr': 15.0, 'background_method': 0, 'evolver': 1, 'N_momentum_bins_ncdm_decay_dr': 7, 'l_max_ncdm': 13, 'l_max_dr': 13, 'l_max_dr_col': 13, 'omega_b': 0.02253005, 'omega_cdm': 0.123609, 'Neff_ini_dncdm': 0.06893296, 'log10lifetime_ncdm_decay_dr': 4.013498, 'm_ncdm_decay_dr': 0.01471493, 'H0': 65.29923, 'ln10^{10}A_s': 3.019749, 'n_s': 0.9454207, 'tau_reio': 0.03382902, 'P_k_max_1/Mpc': 1.0}

[PARENT][Rank 253] | ERROR: Child process failed during CLASS computation
Model: {'lensing': 'yes', 'output': 'tCl,lCl,pCl,mPk', 'l_max_scalars': 2508, 'k_pivot': 0.05, 'N_ur': 2.0328, 'N_ncdm': 1, 'm_ncdm': 0.06, 'T_ncdm': 0.71611, 'N_ncdm_decay_dr': 1, 'quadrature_strategy_ncdm_decay_dr': 3, 'ncdm_fluid_approximation': 3, 'maximum_q_ncdm_decay_dr': 15.0, 'background_method': 0, 'evolver': 1, 'N_momentum_bins_ncdm_decay_dr': 7, 'l_max_ncdm': 13, 'l_max_dr': 13, 'l_max_dr_col': 13, 'omega_b': 0.02253005, 'omega_cdm': 0.123609, 'Neff_ini_dncdm': 0.06893296, 'log10lifetime_ncdm_decay_dr': 4.013498, 'm_ncdm_decay_dr': 0.01471493, 'H0': 65.29923, 'ln10^{10}A_s': 3.019749, 'n_s': 0.9454207, 'tau_reio': 0.03382902, 'P_k_max_1/Mpc': 1.0}
skipping to the next model...
[CHILD][Parent Rank 1] | The following model took too long to complete: 
params: {'lensing': 'yes', 'output': 'tCl,lCl,pCl,mPk', 'l_max_scalars': 2508, 'k_pivot': 0.05, 'N_ur': 2.0328, 'N_ncdm': 1, 'm_ncdm': 0.06, 'T_ncdm': 0.71611, 'N_ncdm_decay_dr': 1, 'quadrature_strategy_ncdm_decay_dr': 3, 'ncdm_fluid_approximation': 3, 'maximum_q_ncdm_decay_dr': 15.0, 'background_method': 0, 'evolver': 1, 'N_momentum_bins_ncdm_decay_dr': 7, 'l_max_ncdm': 13, 'l_max_dr': 13, 'l_max_dr_col': 13, 'omega_b': 0.022398219, 'omega_cdm': 0.1200782, 'Neff_ini_dncdm': 0.05584157, 'log10lifetime_ncdm_decay_dr': 3.464343, 'm_ncdm_decay_dr': 0.0105403, 'H0': 66.63845, 'ln10^{10}A_s': 3.064809, 'n_s': 0.9560133, 'tau_reio': 0.05733395, 'P_k_max_1/Mpc': 1.0}

[PARENT][Rank 1] | ERROR: Child process failed during CLASS computation
Model: {'lensing': 'yes', 'output': 'tCl,lCl,pCl,mPk', 'l_max_scalars': 2508, 'k_pivot': 0.05, 'N_ur': 2.0328, 'N_ncdm': 1, 'm_ncdm': 0.06, 'T_ncdm': 0.71611, 'N_ncdm_decay_dr': 1, 'quadrature_strategy_ncdm_decay_dr': 3, 'ncdm_fluid_approximation': 3, 'maximum_q_ncdm_decay_dr': 15.0, 'background_method': 0, 'evolver': 1, 'N_momentum_bins_ncdm_decay_dr': 7, 'l_max_ncdm': 13, 'l_max_dr': 13, 'l_max_dr_col': 13, 'omega_b': 0.022398219, 'omega_cdm': 0.1200782, 'Neff_ini_dncdm': 0.05584157, 'log10lifetime_ncdm_decay_dr': 3.464343, 'm_ncdm_decay_dr': 0.0105403, 'H0': 66.63845, 'ln10^{10}A_s': 3.064809, 'n_s': 0.9560133, 'tau_reio': 0.05733395, 'P_k_max_1/Mpc': 1.0}
skipping to the next model...
[CHILD][Parent Rank 4] | The following model took too long to complete: 
params: {'lensing': 'yes', 'output': 'tCl,lCl,pCl,mPk', 'l_max_scalars': 2508, 'k_pivot': 0.05, 'N_ur': 2.0328, 'N_ncdm': 1, 'm_ncdm': 0.06, 'T_ncdm': 0.71611, 'N_ncdm_decay_dr': 1, 'quadrature_strategy_ncdm_decay_dr': 3, 'ncdm_fluid_approximation': 3, 'maximum_q_ncdm_decay_dr': 15.0, 'background_method': 0, 'evolver': 1, 'N_momentum_bins_ncdm_decay_dr': 7, 'l_max_ncdm': 13, 'l_max_dr': 13, 'l_max_dr_col': 13, 'omega_b': 0.022398219, 'omega_cdm': 0.1200782, 'Neff_ini_dncdm': 0.05584157, 'log10lifetime_ncdm_decay_dr': 3.464343, 'm_ncdm_decay_dr': 0.0105403, 'H0': 66.63845, 'ln10^{10}A_s': 3.064809, 'n_s': 0.9560133, 'tau_reio': 0.05733395, 'P_k_max_1/Mpc': 1.0}

[PARENT][Rank 4] | ERROR: Child process failed during CLASS computation
Model: {'lensing': 'yes', 'output': 'tCl,lCl,pCl,mPk', 'l_max_scalars': 2508, 'k_pivot': 0.05, 'N_ur': 2.0328, 'N_ncdm': 1, 'm_ncdm': 0.06, 'T_ncdm': 0.71611, 'N_ncdm_decay_dr': 1, 'quadrature_strategy_ncdm_decay_dr': 3, 'ncdm_fluid_approximation': 3, 'maximum_q_ncdm_decay_dr': 15.0, 'background_method': 0, 'evolver': 1, 'N_momentum_bins_ncdm_decay_dr': 7, 'l_max_ncdm': 13, 'l_max_dr': 13, 'l_max_dr_col': 13, 'omega_b': 0.022398219, 'omega_cdm': 0.1200782, 'Neff_ini_dncdm': 0.05584157, 'log10lifetime_ncdm_decay_dr': 3.464343, 'm_ncdm_decay_dr': 0.0105403, 'H0': 66.63845, 'ln10^{10}A_s': 3.064809, 'n_s': 0.9560133, 'tau_reio': 0.05733395, 'P_k_max_1/Mpc': 1.0}
skipping to the next model...
[CHILD][Parent Rank 54] | The following model took too long to complete: 
params: {'lensing': 'yes', 'output': 'tCl,lCl,pCl,mPk', 'l_max_scalars': 2508, 'k_pivot': 0.05, 'N_ur': 2.0328, 'N_ncdm': 1, 'm_ncdm': 0.06, 'T_ncdm': 0.71611, 'N_ncdm_decay_dr': 1, 'quadrature_strategy_ncdm_decay_dr': 3, 'ncdm_fluid_approximation': 3, 'maximum_q_ncdm_decay_dr': 15.0, 'background_method': 0, 'evolver': 1, 'N_momentum_bins_ncdm_decay_dr': 7, 'l_max_ncdm': 13, 'l_max_dr': 13, 'l_max_dr_col': 13, 'omega_b': 0.022303779, 'omega_cdm': 0.123096, 'Neff_ini_dncdm': 0.02991817, 'log10lifetime_ncdm_decay_dr': 4.569862, 'm_ncdm_decay_dr': 0.1069885, 'H0': 65.55781, 'ln10^{10}A_s': 3.053722, 'n_s': 0.9630707, 'tau_reio': 0.0553986, 'P_k_max_1/Mpc': 1.0}

[PARENT][Rank 54] | ERROR: Child process failed during CLASS computation
Model: {'lensing': 'yes', 'output': 'tCl,lCl,pCl,mPk', 'l_max_scalars': 2508, 'k_pivot': 0.05, 'N_ur': 2.0328, 'N_ncdm': 1, 'm_ncdm': 0.06, 'T_ncdm': 0.71611, 'N_ncdm_decay_dr': 1, 'quadrature_strategy_ncdm_decay_dr': 3, 'ncdm_fluid_approximation': 3, 'maximum_q_ncdm_decay_dr': 15.0, 'background_method': 0, 'evolver': 1, 'N_momentum_bins_ncdm_decay_dr': 7, 'l_max_ncdm': 13, 'l_max_dr': 13, 'l_max_dr_col': 13, 'omega_b': 0.022303779, 'omega_cdm': 0.123096, 'Neff_ini_dncdm': 0.02991817, 'log10lifetime_ncdm_decay_dr': 4.569862, 'm_ncdm_decay_dr': 0.1069885, 'H0': 65.55781, 'ln10^{10}A_s': 3.053722, 'n_s': 0.9630707, 'tau_reio': 0.0553986, 'P_k_max_1/Mpc': 1.0}
skipping to the next model...
[CHILD][Parent Rank 50] | The following model took too long to complete: 
params: {'lensing': 'yes', 'output': 'tCl,lCl,pCl,mPk', 'l_max_scalars': 2508, 'k_pivot': 0.05, 'N_ur': 2.0328, 'N_ncdm': 1, 'm_ncdm': 0.06, 'T_ncdm': 0.71611, 'N_ncdm_decay_dr': 1, 'quadrature_strategy_ncdm_decay_dr': 3, 'ncdm_fluid_approximation': 3, 'maximum_q_ncdm_decay_dr': 15.0, 'background_method': 0, 'evolver': 1, 'N_momentum_bins_ncdm_decay_dr': 7, 'l_max_ncdm': 13, 'l_max_dr': 13, 'l_max_dr_col': 13, 'omega_b': 0.022303779, 'omega_cdm': 0.123096, 'Neff_ini_dncdm': 0.02991817, 'log10lifetime_ncdm_decay_dr': 4.569862, 'm_ncdm_decay_dr': 0.1069885, 'H0': 65.55781, 'ln10^{10}A_s': 3.053722, 'n_s': 0.9630707, 'tau_reio': 0.0553986, 'P_k_max_1/Mpc': 1.0}

[PARENT][Rank 50] | ERROR: Child process failed during CLASS computation
Model: {'lensing': 'yes', 'output': 'tCl,lCl,pCl,mPk', 'l_max_scalars': 2508, 'k_pivot': 0.05, 'N_ur': 2.0328, 'N_ncdm': 1, 'm_ncdm': 0.06, 'T_ncdm': 0.71611, 'N_ncdm_decay_dr': 1, 'quadrature_strategy_ncdm_decay_dr': 3, 'ncdm_fluid_approximation': 3, 'maximum_q_ncdm_decay_dr': 15.0, 'background_method': 0, 'evolver': 1, 'N_momentum_bins_ncdm_decay_dr': 7, 'l_max_ncdm': 13, 'l_max_dr': 13, 'l_max_dr_col': 13, 'omega_b': 0.022303779, 'omega_cdm': 0.123096, 'Neff_ini_dncdm': 0.02991817, 'log10lifetime_ncdm_decay_dr': 4.569862, 'm_ncdm_decay_dr': 0.1069885, 'H0': 65.55781, 'ln10^{10}A_s': 3.053722, 'n_s': 0.9630707, 'tau_reio': 0.0553986, 'P_k_max_1/Mpc': 1.0}
skipping to the next model...
[CHILD][Parent Rank 292] | The following model took too long to complete: 
params: {'lensing': 'yes', 'output': 'tCl,lCl,pCl,mPk', 'l_max_scalars': 2508, 'k_pivot': 0.05, 'N_ur': 2.0328, 'N_ncdm': 1, 'm_ncdm': 0.06, 'T_ncdm': 0.71611, 'N_ncdm_decay_dr': 1, 'quadrature_strategy_ncdm_decay_dr': 3, 'ncdm_fluid_approximation': 3, 'maximum_q_ncdm_decay_dr': 15.0, 'background_method': 0, 'evolver': 1, 'N_momentum_bins_ncdm_decay_dr': 7, 'l_max_ncdm': 13, 'l_max_dr': 13, 'l_max_dr_col': 13, 'omega_b': 0.022260461, 'omega_cdm': 0.1223271, 'Neff_ini_dncdm': 0.04764887, 'log10lifetime_ncdm_decay_dr': 3.406695, 'm_ncdm_decay_dr': 0.05452855, 'H0': 65.81841, 'ln10^{10}A_s': 3.025363, 'n_s': 0.9549571, 'tau_reio': 0.03317042, 'P_k_max_1/Mpc': 1.0}

[PARENT][Rank 292] | ERROR: Child process failed during CLASS computation
Model: {'lensing': 'yes', 'output': 'tCl,lCl,pCl,mPk', 'l_max_scalars': 2508, 'k_pivot': 0.05, 'N_ur': 2.0328, 'N_ncdm': 1, 'm_ncdm': 0.06, 'T_ncdm': 0.71611, 'N_ncdm_decay_dr': 1, 'quadrature_strategy_ncdm_decay_dr': 3, 'ncdm_fluid_approximation': 3, 'maximum_q_ncdm_decay_dr': 15.0, 'background_method': 0, 'evolver': 1, 'N_momentum_bins_ncdm_decay_dr': 7, 'l_max_ncdm': 13, 'l_max_dr': 13, 'l_max_dr_col': 13, 'omega_b': 0.022260461, 'omega_cdm': 0.1223271, 'Neff_ini_dncdm': 0.04764887, 'log10lifetime_ncdm_decay_dr': 3.406695, 'm_ncdm_decay_dr': 0.05452855, 'H0': 65.81841, 'ln10^{10}A_s': 3.025363, 'n_s': 0.9549571, 'tau_reio': 0.03317042, 'P_k_max_1/Mpc': 1.0}
skipping to the next model...
[PARENT][Rank 303] | ERROR: Timeout while waiting for response from child process after CLASS computations. Child may be unresponsive.

[PARENT][Rank 354] | ERROR: Timeout while waiting for response from child process after CLASS computations. Child may be unresponsive.

[CHILD][Parent Rank 303] | The following model took too long to complete: 
params: {'lensing': 'yes', 'output': 'tCl,lCl,pCl,mPk', 'l_max_scalars': 2508, 'k_pivot': 0.05, 'N_ur': 2.0328, 'N_ncdm': 1, 'm_ncdm': 0.06, 'T_ncdm': 0.71611, 'N_ncdm_decay_dr': 1, 'quadrature_strategy_ncdm_decay_dr': 3, 'ncdm_fluid_approximation': 3, 'maximum_q_ncdm_decay_dr': 15.0, 'background_method': 0, 'evolver': 1, 'N_momentum_bins_ncdm_decay_dr': 7, 'l_max_ncdm': 13, 'l_max_dr': 13, 'l_max_dr_col': 13, 'omega_b': 0.02255536, 'omega_cdm': 0.1189214, 'Neff_ini_dncdm': 0.07971409, 'log10lifetime_ncdm_decay_dr': 2.954523, 'm_ncdm_decay_dr': 0.005144632, 'H0': 67.90267, 'ln10^{10}A_s': 3.002584, 'n_s': 0.9650228, 'tau_reio': 0.0531552, 'P_k_max_1/Mpc': 1.0}

[PARENT][Rank 303] | ERROR: Child process failed during CLASS computation
Model: {'lensing': 'yes', 'output': 'tCl,lCl,pCl,mPk', 'l_max_scalars': 2508, 'k_pivot': 0.05, 'N_ur': 2.0328, 'N_ncdm': 1, 'm_ncdm': 0.06, 'T_ncdm': 0.71611, 'N_ncdm_decay_dr': 1, 'quadrature_strategy_ncdm_decay_dr': 3, 'ncdm_fluid_approximation': 3, 'maximum_q_ncdm_decay_dr': 15.0, 'background_method': 0, 'evolver': 1, 'N_momentum_bins_ncdm_decay_dr': 7, 'l_max_ncdm': 13, 'l_max_dr': 13, 'l_max_dr_col': 13, 'omega_b': 0.021541, 'omega_cdm': 0.1223644, 'Neff_ini_dncdm': 0.06523996, 'log10lifetime_ncdm_decay_dr': 2.484531, 'm_ncdm_decay_dr': 12.27498, 'H0': 65.69425, 'ln10^{10}A_s': 3.008351, 'n_s': 0.9619898, 'tau_reio': 0.04110908, 'P_k_max_1/Mpc': 1.0}
skipping to the next model...
[CHILD][Parent Rank 354] | The following model took too long to complete: 
params: {'lensing': 'yes', 'output': 'tCl,lCl,pCl,mPk', 'l_max_scalars': 2508, 'k_pivot': 0.05, 'N_ur': 2.0328, 'N_ncdm': 1, 'm_ncdm': 0.06, 'T_ncdm': 0.71611, 'N_ncdm_decay_dr': 1, 'quadrature_strategy_ncdm_decay_dr': 3, 'ncdm_fluid_approximation': 3, 'maximum_q_ncdm_decay_dr': 15.0, 'background_method': 0, 'evolver': 1, 'N_momentum_bins_ncdm_decay_dr': 7, 'l_max_ncdm': 13, 'l_max_dr': 13, 'l_max_dr_col': 13, 'omega_b': 0.02255536, 'omega_cdm': 0.1189214, 'Neff_ini_dncdm': 0.07971409, 'log10lifetime_ncdm_decay_dr': 2.954523, 'm_ncdm_decay_dr': 0.005144632, 'H0': 67.90267, 'ln10^{10}A_s': 3.002584, 'n_s': 0.9650228, 'tau_reio': 0.0531552, 'P_k_max_1/Mpc': 1.0}

[PARENT][Rank 354] | ERROR: Child process failed during CLASS computation
Model: {'lensing': 'yes', 'output': 'tCl,lCl,pCl,mPk', 'l_max_scalars': 2508, 'k_pivot': 0.05, 'N_ur': 2.0328, 'N_ncdm': 1, 'm_ncdm': 0.06, 'T_ncdm': 0.71611, 'N_ncdm_decay_dr': 1, 'quadrature_strategy_ncdm_decay_dr': 3, 'ncdm_fluid_approximation': 3, 'maximum_q_ncdm_decay_dr': 15.0, 'background_method': 0, 'evolver': 1, 'N_momentum_bins_ncdm_decay_dr': 7, 'l_max_ncdm': 13, 'l_max_dr': 13, 'l_max_dr_col': 13, 'omega_b': 0.021607889, 'omega_cdm': 0.1210221, 'Neff_ini_dncdm': 0.09229073, 'log10lifetime_ncdm_decay_dr': 2.082971, 'm_ncdm_decay_dr': 14.45988, 'H0': 66.27681, 'ln10^{10}A_s': 3.004655, 'n_s': 0.9658881, 'tau_reio': 0.04068825, 'P_k_max_1/Mpc': 1.0}
skipping to the next model...
[PARENT][Rank 303] | ERROR: Timeout while waiting for PONG response from child process. Child may be unresponsive.
Respawning child process...
[PARENT][Rank 303] | WARNING: Child process died or is unresponsive. Respawning...
[PARENT][Rank 354] | ERROR: Timeout while waiting for PONG response from child process. Child may be unresponsive.
Respawning child process...
[PARENT][Rank 354] | WARNING: Child process died or is unresponsive. Respawning...
[PARENT][Rank 354] | [INFO] Successfully respawned child process.
[PARENT][Rank 303] | [INFO] Successfully respawned child process.
[CHILD][Parent Rank 303] | ERROR: Timeout while waiting for message.
Exiting safely.
[CHILD][Parent Rank 354] | ERROR: Timeout while waiting for message.
Exiting safely.
[CHILD][Parent Rank 364] | The following model took too long to complete: 
params: {'lensing': 'yes', 'output': 'tCl,lCl,pCl,mPk', 'l_max_scalars': 2508, 'k_pivot': 0.05, 'N_ur': 2.0328, 'N_ncdm': 1, 'm_ncdm': 0.06, 'T_ncdm': 0.71611, 'N_ncdm_decay_dr': 1, 'quadrature_strategy_ncdm_decay_dr': 3, 'ncdm_fluid_approximation': 3, 'maximum_q_ncdm_decay_dr': 15.0, 'background_method': 0, 'evolver': 1, 'N_momentum_bins_ncdm_decay_dr': 7, 'l_max_ncdm': 13, 'l_max_dr': 13, 'l_max_dr_col': 13, 'omega_b': 0.022835009, 'omega_cdm': 0.1233679, 'Neff_ini_dncdm': 0.2808289, 'log10lifetime_ncdm_decay_dr': 2.895782, 'm_ncdm_decay_dr': 0.02360473, 'H0': 69.87117, 'ln10^{10}A_s': 3.061546, 'n_s': 0.9863741, 'tau_reio': 0.07065499, 'P_k_max_1/Mpc': 1.0}

[PARENT][Rank 364] | ERROR: Child process failed during CLASS computation
Model: {'lensing': 'yes', 'output': 'tCl,lCl,pCl,mPk', 'l_max_scalars': 2508, 'k_pivot': 0.05, 'N_ur': 2.0328, 'N_ncdm': 1, 'm_ncdm': 0.06, 'T_ncdm': 0.71611, 'N_ncdm_decay_dr': 1, 'quadrature_strategy_ncdm_decay_dr': 3, 'ncdm_fluid_approximation': 3, 'maximum_q_ncdm_decay_dr': 15.0, 'background_method': 0, 'evolver': 1, 'N_momentum_bins_ncdm_decay_dr': 7, 'l_max_ncdm': 13, 'l_max_dr': 13, 'l_max_dr_col': 13, 'omega_b': 0.022835009, 'omega_cdm': 0.1233679, 'Neff_ini_dncdm': 0.2808289, 'log10lifetime_ncdm_decay_dr': 2.895782, 'm_ncdm_decay_dr': 0.02360473, 'H0': 69.87117, 'ln10^{10}A_s': 3.061546, 'n_s': 0.9863741, 'tau_reio': 0.07065499, 'P_k_max_1/Mpc': 1.0}
skipping to the next model...
[CHILD][Parent Rank 65] | The following model took too long to complete: 
params: {'lensing': 'yes', 'output': 'tCl,lCl,pCl,mPk', 'l_max_scalars': 2508, 'k_pivot': 0.05, 'N_ur': 2.0328, 'N_ncdm': 1, 'm_ncdm': 0.06, 'T_ncdm': 0.71611, 'N_ncdm_decay_dr': 1, 'quadrature_strategy_ncdm_decay_dr': 3, 'ncdm_fluid_approximation': 3, 'maximum_q_ncdm_decay_dr': 15.0, 'background_method': 0, 'evolver': 1, 'N_momentum_bins_ncdm_decay_dr': 7, 'l_max_ncdm': 13, 'l_max_dr': 13, 'l_max_dr_col': 13, 'omega_b': 0.022179648, 'omega_cdm': 0.1219524, 'Neff_ini_dncdm': 0.124714, 'log10lifetime_ncdm_decay_dr': 3.526161, 'm_ncdm_decay_dr': 0.01052493, 'H0': 67.76222, 'ln10^{10}A_s': 3.02824, 'n_s': 0.962612, 'tau_reio': 0.04155886, 'P_k_max_1/Mpc': 1.0}

[PARENT][Rank 65] | ERROR: Child process failed during CLASS computation
Model: {'lensing': 'yes', 'output': 'tCl,lCl,pCl,mPk', 'l_max_scalars': 2508, 'k_pivot': 0.05, 'N_ur': 2.0328, 'N_ncdm': 1, 'm_ncdm': 0.06, 'T_ncdm': 0.71611, 'N_ncdm_decay_dr': 1, 'quadrature_strategy_ncdm_decay_dr': 3, 'ncdm_fluid_approximation': 3, 'maximum_q_ncdm_decay_dr': 15.0, 'background_method': 0, 'evolver': 1, 'N_momentum_bins_ncdm_decay_dr': 7, 'l_max_ncdm': 13, 'l_max_dr': 13, 'l_max_dr_col': 13, 'omega_b': 0.022179648, 'omega_cdm': 0.1219524, 'Neff_ini_dncdm': 0.124714, 'log10lifetime_ncdm_decay_dr': 3.526161, 'm_ncdm_decay_dr': 0.01052493, 'H0': 67.76222, 'ln10^{10}A_s': 3.02824, 'n_s': 0.962612, 'tau_reio': 0.04155886, 'P_k_max_1/Mpc': 1.0}
skipping to the next model...
[CHILD][Parent Rank 56] | The following model took too long to complete: 
params: {'lensing': 'yes', 'output': 'tCl,lCl,pCl,mPk', 'l_max_scalars': 2508, 'k_pivot': 0.05, 'N_ur': 2.0328, 'N_ncdm': 1, 'm_ncdm': 0.06, 'T_ncdm': 0.71611, 'N_ncdm_decay_dr': 1, 'quadrature_strategy_ncdm_decay_dr': 3, 'ncdm_fluid_approximation': 3, 'maximum_q_ncdm_decay_dr': 15.0, 'background_method': 0, 'evolver': 1, 'N_momentum_bins_ncdm_decay_dr': 7, 'l_max_ncdm': 13, 'l_max_dr': 13, 'l_max_dr_col': 13, 'omega_b': 0.022179648, 'omega_cdm': 0.1219524, 'Neff_ini_dncdm': 0.124714, 'log10lifetime_ncdm_decay_dr': 3.526161, 'm_ncdm_decay_dr': 0.01052493, 'H0': 67.76222, 'ln10^{10}A_s': 3.02824, 'n_s': 0.962612, 'tau_reio': 0.04155886, 'P_k_max_1/Mpc': 1.0}

[PARENT][Rank 56] | ERROR: Child process failed during CLASS computation
Model: {'lensing': 'yes', 'output': 'tCl,lCl,pCl,mPk', 'l_max_scalars': 2508, 'k_pivot': 0.05, 'N_ur': 2.0328, 'N_ncdm': 1, 'm_ncdm': 0.06, 'T_ncdm': 0.71611, 'N_ncdm_decay_dr': 1, 'quadrature_strategy_ncdm_decay_dr': 3, 'ncdm_fluid_approximation': 3, 'maximum_q_ncdm_decay_dr': 15.0, 'background_method': 0, 'evolver': 1, 'N_momentum_bins_ncdm_decay_dr': 7, 'l_max_ncdm': 13, 'l_max_dr': 13, 'l_max_dr_col': 13, 'omega_b': 0.022179648, 'omega_cdm': 0.1219524, 'Neff_ini_dncdm': 0.124714, 'log10lifetime_ncdm_decay_dr': 3.526161, 'm_ncdm_decay_dr': 0.01052493, 'H0': 67.76222, 'ln10^{10}A_s': 3.02824, 'n_s': 0.962612, 'tau_reio': 0.04155886, 'P_k_max_1/Mpc': 1.0}
skipping to the next model...
[CHILD][Parent Rank 61] | The following model took too long to complete: 
params: {'lensing': 'yes', 'output': 'tCl,lCl,pCl,mPk', 'l_max_scalars': 2508, 'k_pivot': 0.05, 'N_ur': 2.0328, 'N_ncdm': 1, 'm_ncdm': 0.06, 'T_ncdm': 0.71611, 'N_ncdm_decay_dr': 1, 'quadrature_strategy_ncdm_decay_dr': 3, 'ncdm_fluid_approximation': 3, 'maximum_q_ncdm_decay_dr': 15.0, 'background_method': 0, 'evolver': 1, 'N_momentum_bins_ncdm_decay_dr': 7, 'l_max_ncdm': 13, 'l_max_dr': 13, 'l_max_dr_col': 13, 'omega_b': 0.022179648, 'omega_cdm': 0.1219524, 'Neff_ini_dncdm': 0.124714, 'log10lifetime_ncdm_decay_dr': 3.526161, 'm_ncdm_decay_dr': 0.01052493, 'H0': 67.76222, 'ln10^{10}A_s': 3.02824, 'n_s': 0.962612, 'tau_reio': 0.04155886, 'P_k_max_1/Mpc': 1.0}

[PARENT][Rank 61] | ERROR: Child process failed during CLASS computation
Model: {'lensing': 'yes', 'output': 'tCl,lCl,pCl,mPk', 'l_max_scalars': 2508, 'k_pivot': 0.05, 'N_ur': 2.0328, 'N_ncdm': 1, 'm_ncdm': 0.06, 'T_ncdm': 0.71611, 'N_ncdm_decay_dr': 1, 'quadrature_strategy_ncdm_decay_dr': 3, 'ncdm_fluid_approximation': 3, 'maximum_q_ncdm_decay_dr': 15.0, 'background_method': 0, 'evolver': 1, 'N_momentum_bins_ncdm_decay_dr': 7, 'l_max_ncdm': 13, 'l_max_dr': 13, 'l_max_dr_col': 13, 'omega_b': 0.022179648, 'omega_cdm': 0.1219524, 'Neff_ini_dncdm': 0.124714, 'log10lifetime_ncdm_decay_dr': 3.526161, 'm_ncdm_decay_dr': 0.01052493, 'H0': 67.76222, 'ln10^{10}A_s': 3.02824, 'n_s': 0.962612, 'tau_reio': 0.04155886, 'P_k_max_1/Mpc': 1.0}
skipping to the next model...
[CHILD][Parent Rank 303] | ERROR: Timeout while waiting for message.
Exiting safely.
[CHILD][Parent Rank 354] | ERROR: Timeout while waiting for message.
Exiting safely.
[PARENT][Rank 303] | ERROR: Unexpected error during PING-PONG check: TimeoutError('Timeout while waiting for child to respond.')Attemping to respawn child process...
[PARENT][Rank 303] | WARNING: Child process died or is unresponsive. Respawning...
[PARENT][Rank 303] | [INFO] Successfully respawned child process.
[PARENT][Rank 354] | ERROR: Unexpected error during PING-PONG check: TimeoutError('Timeout while waiting for child to respond.')Attemping to respawn child process...
[PARENT][Rank 354] | WARNING: Child process died or is unresponsive. Respawning...
[PARENT][Rank 354] | [INFO] Successfully respawned child process.
[CHILD][Parent Rank 46] | ERROR: Timeout while waiting for parent command. returning to PING PONG loop.
[CHILD][Parent Rank 348] | The following model took too long to complete: 
params: {'lensing': 'yes', 'output': 'tCl,lCl,pCl,mPk', 'l_max_scalars': 2508, 'k_pivot': 0.05, 'N_ur': 2.0328, 'N_ncdm': 1, 'm_ncdm': 0.06, 'T_ncdm': 0.71611, 'N_ncdm_decay_dr': 1, 'quadrature_strategy_ncdm_decay_dr': 3, 'ncdm_fluid_approximation': 3, 'maximum_q_ncdm_decay_dr': 15.0, 'background_method': 0, 'evolver': 1, 'N_momentum_bins_ncdm_decay_dr': 7, 'l_max_ncdm': 13, 'l_max_dr': 13, 'l_max_dr_col': 13, 'omega_b': 0.02219718, 'omega_cdm': 0.1320295, 'Neff_ini_dncdm': 0.4844597, 'log10lifetime_ncdm_decay_dr': 4.351004, 'm_ncdm_decay_dr': 0.2471747, 'H0': 67.82963, 'ln10^{10}A_s': 3.129311, 'n_s': 0.9722198, 'tau_reio': 0.09236803, 'P_k_max_1/Mpc': 1.0}

[PARENT][Rank 348] | ERROR: Child process failed during CLASS computation
Model: {'lensing': 'yes', 'output': 'tCl,lCl,pCl,mPk', 'l_max_scalars': 2508, 'k_pivot': 0.05, 'N_ur': 2.0328, 'N_ncdm': 1, 'm_ncdm': 0.06, 'T_ncdm': 0.71611, 'N_ncdm_decay_dr': 1, 'quadrature_strategy_ncdm_decay_dr': 3, 'ncdm_fluid_approximation': 3, 'maximum_q_ncdm_decay_dr': 15.0, 'background_method': 0, 'evolver': 1, 'N_momentum_bins_ncdm_decay_dr': 7, 'l_max_ncdm': 13, 'l_max_dr': 13, 'l_max_dr_col': 13, 'omega_b': 0.02219718, 'omega_cdm': 0.1320295, 'Neff_ini_dncdm': 0.4844597, 'log10lifetime_ncdm_decay_dr': 4.351004, 'm_ncdm_decay_dr': 0.2471747, 'H0': 67.82963, 'ln10^{10}A_s': 3.129311, 'n_s': 0.9722198, 'tau_reio': 0.09236803, 'P_k_max_1/Mpc': 1.0}
skipping to the next model...
[PARENT][Rank 46] | ERROR: Timeout while waiting for response from child process. Child may be unresponsive.
this happened during the likelihood calculation step for the model: {'lensing': 'yes', 'output': 'tCl,lCl,pCl,mPk', 'l_max_scalars': 2508, 'k_pivot': 0.05, 'N_ur': 2.0328, 'N_ncdm': 1, 'm_ncdm': 0.06, 'T_ncdm': 0.71611, 'N_ncdm_decay_dr': 1, 'quadrature_strategy_ncdm_decay_dr': 3, 'ncdm_fluid_approximation': 3, 'maximum_q_ncdm_decay_dr': 15.0, 'background_method': 0, 'evolver': 1, 'N_momentum_bins_ncdm_decay_dr': 7, 'l_max_ncdm': 13, 'l_max_dr': 13, 'l_max_dr_col': 13, 'omega_b': 0.02299273, 'omega_cdm': 0.1378098, 'Neff_ini_dncdm': 0.7133327, 'log10lifetime_ncdm_decay_dr': 4.063362, 'm_ncdm_decay_dr': 0.1608386, 'H0': 69.20089, 'ln10^{10}A_s': 3.114751, 'n_s': 0.9830041, 'tau_reio': 0.07751394, 'P_k_max_1/Mpc': 1.0}
skipping to the next model...
[CHILD][Parent Rank 196] | The following model took too long to complete: 
params: {'lensing': 'yes', 'output': 'tCl,lCl,pCl,mPk', 'l_max_scalars': 2508, 'k_pivot': 0.05, 'N_ur': 2.0328, 'N_ncdm': 1, 'm_ncdm': 0.06, 'T_ncdm': 0.71611, 'N_ncdm_decay_dr': 1, 'quadrature_strategy_ncdm_decay_dr': 3, 'ncdm_fluid_approximation': 3, 'maximum_q_ncdm_decay_dr': 15.0, 'background_method': 0, 'evolver': 1, 'N_momentum_bins_ncdm_decay_dr': 7, 'l_max_ncdm': 13, 'l_max_dr': 13, 'l_max_dr_col': 13, 'omega_b': 0.02314053, 'omega_cdm': 0.1239077, 'Neff_ini_dncdm': 0.6847225, 'log10lifetime_ncdm_decay_dr': 3.953492, 'm_ncdm_decay_dr': 0.0597622, 'H0': 73.8685, 'ln10^{10}A_s': 3.100477, 'n_s': 0.9881678, 'tau_reio': 0.08032297, 'P_k_max_1/Mpc': 1.0}

[PARENT][Rank 196] | ERROR: Child process failed during CLASS computation
Model: {'lensing': 'yes', 'output': 'tCl,lCl,pCl,mPk', 'l_max_scalars': 2508, 'k_pivot': 0.05, 'N_ur': 2.0328, 'N_ncdm': 1, 'm_ncdm': 0.06, 'T_ncdm': 0.71611, 'N_ncdm_decay_dr': 1, 'quadrature_strategy_ncdm_decay_dr': 3, 'ncdm_fluid_approximation': 3, 'maximum_q_ncdm_decay_dr': 15.0, 'background_method': 0, 'evolver': 1, 'N_momentum_bins_ncdm_decay_dr': 7, 'l_max_ncdm': 13, 'l_max_dr': 13, 'l_max_dr_col': 13, 'omega_b': 0.02314053, 'omega_cdm': 0.1239077, 'Neff_ini_dncdm': 0.6847225, 'log10lifetime_ncdm_decay_dr': 3.953492, 'm_ncdm_decay_dr': 0.0597622, 'H0': 73.8685, 'ln10^{10}A_s': 3.100477, 'n_s': 0.9881678, 'tau_reio': 0.08032297, 'P_k_max_1/Mpc': 1.0}
skipping to the next model...
[PARENT][Rank 46] | ERROR: Child process failed during CLASS computation
Model: {'lensing': 'yes', 'output': 'tCl,lCl,pCl,mPk', 'l_max_scalars': 2508, 'k_pivot': 0.05, 'N_ur': 2.0328, 'N_ncdm': 1, 'm_ncdm': 0.06, 'T_ncdm': 0.71611, 'N_ncdm_decay_dr': 1, 'quadrature_strategy_ncdm_decay_dr': 3, 'ncdm_fluid_approximation': 3, 'maximum_q_ncdm_decay_dr': 15.0, 'background_method': 0, 'evolver': 1, 'N_momentum_bins_ncdm_decay_dr': 7, 'l_max_ncdm': 13, 'l_max_dr': 13, 'l_max_dr_col': 13, 'omega_b': 0.022413248, 'omega_cdm': 0.1267794, 'Neff_ini_dncdm': 0.3582528, 'log10lifetime_ncdm_decay_dr': 2.227401, 'm_ncdm_decay_dr': 20.61127, 'H0': 69.2328, 'ln10^{10}A_s': 3.172736, 'n_s': 0.9926122, 'tau_reio': 0.1118987, 'P_k_max_1/Mpc': 1.0}
skipping to the next model...
[CHILD][Parent Rank 50] | The following model took too long to complete: 
params: {'lensing': 'yes', 'output': 'tCl,lCl,pCl,mPk', 'l_max_scalars': 2508, 'k_pivot': 0.05, 'N_ur': 2.0328, 'N_ncdm': 1, 'm_ncdm': 0.06, 'T_ncdm': 0.71611, 'N_ncdm_decay_dr': 1, 'quadrature_strategy_ncdm_decay_dr': 3, 'ncdm_fluid_approximation': 3, 'maximum_q_ncdm_decay_dr': 15.0, 'background_method': 0, 'evolver': 1, 'N_momentum_bins_ncdm_decay_dr': 7, 'l_max_ncdm': 13, 'l_max_dr': 13, 'l_max_dr_col': 13, 'omega_b': 0.02313969, 'omega_cdm': 0.1355554, 'Neff_ini_dncdm': 0.7098178, 'log10lifetime_ncdm_decay_dr': 4.139574, 'm_ncdm_decay_dr': 0.1532319, 'H0': 70.01863, 'ln10^{10}A_s': 3.10904, 'n_s': 0.9931939, 'tau_reio': 0.07500536, 'P_k_max_1/Mpc': 1.0}

[PARENT][Rank 50] | ERROR: Child process failed during CLASS computation
Model: {'lensing': 'yes', 'output': 'tCl,lCl,pCl,mPk', 'l_max_scalars': 2508, 'k_pivot': 0.05, 'N_ur': 2.0328, 'N_ncdm': 1, 'm_ncdm': 0.06, 'T_ncdm': 0.71611, 'N_ncdm_decay_dr': 1, 'quadrature_strategy_ncdm_decay_dr': 3, 'ncdm_fluid_approximation': 3, 'maximum_q_ncdm_decay_dr': 15.0, 'background_method': 0, 'evolver': 1, 'N_momentum_bins_ncdm_decay_dr': 7, 'l_max_ncdm': 13, 'l_max_dr': 13, 'l_max_dr_col': 13, 'omega_b': 0.02313969, 'omega_cdm': 0.1355554, 'Neff_ini_dncdm': 0.7098178, 'log10lifetime_ncdm_decay_dr': 4.139574, 'm_ncdm_decay_dr': 0.1532319, 'H0': 70.01863, 'ln10^{10}A_s': 3.10904, 'n_s': 0.9931939, 'tau_reio': 0.07500536, 'P_k_max_1/Mpc': 1.0}
skipping to the next model...
[CHILD][Parent Rank 178] | The following model took too long to complete: 
params: {'lensing': 'yes', 'output': 'tCl,lCl,pCl,mPk', 'l_max_scalars': 2508, 'k_pivot': 0.05, 'N_ur': 2.0328, 'N_ncdm': 1, 'm_ncdm': 0.06, 'T_ncdm': 0.71611, 'N_ncdm_decay_dr': 1, 'quadrature_strategy_ncdm_decay_dr': 3, 'ncdm_fluid_approximation': 3, 'maximum_q_ncdm_decay_dr': 15.0, 'background_method': 0, 'evolver': 1, 'N_momentum_bins_ncdm_decay_dr': 7, 'l_max_ncdm': 13, 'l_max_dr': 13, 'l_max_dr_col': 13, 'omega_b': 0.02319425, 'omega_cdm': 0.1319324, 'Neff_ini_dncdm': 0.5625807, 'log10lifetime_ncdm_decay_dr': 3.842949, 'm_ncdm_decay_dr': 0.1485969, 'H0': 69.72099, 'ln10^{10}A_s': 3.074624, 'n_s': 0.9967231, 'tau_reio': 0.0612058, 'P_k_max_1/Mpc': 1.0}

[PARENT][Rank 178] | ERROR: Child process failed during CLASS computation
Model: {'lensing': 'yes', 'output': 'tCl,lCl,pCl,mPk', 'l_max_scalars': 2508, 'k_pivot': 0.05, 'N_ur': 2.0328, 'N_ncdm': 1, 'm_ncdm': 0.06, 'T_ncdm': 0.71611, 'N_ncdm_decay_dr': 1, 'quadrature_strategy_ncdm_decay_dr': 3, 'ncdm_fluid_approximation': 3, 'maximum_q_ncdm_decay_dr': 15.0, 'background_method': 0, 'evolver': 1, 'N_momentum_bins_ncdm_decay_dr': 7, 'l_max_ncdm': 13, 'l_max_dr': 13, 'l_max_dr_col': 13, 'omega_b': 0.02319425, 'omega_cdm': 0.1319324, 'Neff_ini_dncdm': 0.5625807, 'log10lifetime_ncdm_decay_dr': 3.842949, 'm_ncdm_decay_dr': 0.1485969, 'H0': 69.72099, 'ln10^{10}A_s': 3.074624, 'n_s': 0.9967231, 'tau_reio': 0.0612058, 'P_k_max_1/Mpc': 1.0}
skipping to the next model...
[CHILD][Parent Rank 351] | The following model took too long to complete: 
params: {'lensing': 'yes', 'output': 'tCl,lCl,pCl,mPk', 'l_max_scalars': 2508, 'k_pivot': 0.05, 'N_ur': 2.0328, 'N_ncdm': 1, 'm_ncdm': 0.06, 'T_ncdm': 0.71611, 'N_ncdm_decay_dr': 1, 'quadrature_strategy_ncdm_decay_dr': 3, 'ncdm_fluid_approximation': 3, 'maximum_q_ncdm_decay_dr': 15.0, 'background_method': 0, 'evolver': 1, 'N_momentum_bins_ncdm_decay_dr': 7, 'l_max_ncdm': 13, 'l_max_dr': 13, 'l_max_dr_col': 13, 'omega_b': 0.02313969, 'omega_cdm': 0.1355554, 'Neff_ini_dncdm': 0.7098178, 'log10lifetime_ncdm_decay_dr': 4.139574, 'm_ncdm_decay_dr': 0.1532319, 'H0': 70.01863, 'ln10^{10}A_s': 3.10904, 'n_s': 0.9931939, 'tau_reio': 0.07500536, 'P_k_max_1/Mpc': 1.0}

[PARENT][Rank 351] | ERROR: Child process failed during CLASS computation
Model: {'lensing': 'yes', 'output': 'tCl,lCl,pCl,mPk', 'l_max_scalars': 2508, 'k_pivot': 0.05, 'N_ur': 2.0328, 'N_ncdm': 1, 'm_ncdm': 0.06, 'T_ncdm': 0.71611, 'N_ncdm_decay_dr': 1, 'quadrature_strategy_ncdm_decay_dr': 3, 'ncdm_fluid_approximation': 3, 'maximum_q_ncdm_decay_dr': 15.0, 'background_method': 0, 'evolver': 1, 'N_momentum_bins_ncdm_decay_dr': 7, 'l_max_ncdm': 13, 'l_max_dr': 13, 'l_max_dr_col': 13, 'omega_b': 0.02313969, 'omega_cdm': 0.1355554, 'Neff_ini_dncdm': 0.7098178, 'log10lifetime_ncdm_decay_dr': 4.139574, 'm_ncdm_decay_dr': 0.1532319, 'H0': 70.01863, 'ln10^{10}A_s': 3.10904, 'n_s': 0.9931939, 'tau_reio': 0.07500536, 'P_k_max_1/Mpc': 1.0}
skipping to the next model...
[CHILD][Parent Rank 358] | The following model took too long to complete: 
params: {'lensing': 'yes', 'output': 'tCl,lCl,pCl,mPk', 'l_max_scalars': 2508, 'k_pivot': 0.05, 'N_ur': 2.0328, 'N_ncdm': 1, 'm_ncdm': 0.06, 'T_ncdm': 0.71611, 'N_ncdm_decay_dr': 1, 'quadrature_strategy_ncdm_decay_dr': 3, 'ncdm_fluid_approximation': 3, 'maximum_q_ncdm_decay_dr': 15.0, 'background_method': 0, 'evolver': 1, 'N_momentum_bins_ncdm_decay_dr': 7, 'l_max_ncdm': 13, 'l_max_dr': 13, 'l_max_dr_col': 13, 'omega_b': 0.0233074, 'omega_cdm': 0.131853, 'Neff_ini_dncdm': 0.6720396, 'log10lifetime_ncdm_decay_dr': 3.906596, 'm_ncdm_decay_dr': 0.03532729, 'H0': 71.05589, 'ln10^{10}A_s': 3.108809, 'n_s': 1.00633, 'tau_reio': 0.07525131, 'P_k_max_1/Mpc': 1.0}

[PARENT][Rank 358] | ERROR: Child process failed during CLASS computation
Model: {'lensing': 'yes', 'output': 'tCl,lCl,pCl,mPk', 'l_max_scalars': 2508, 'k_pivot': 0.05, 'N_ur': 2.0328, 'N_ncdm': 1, 'm_ncdm': 0.06, 'T_ncdm': 0.71611, 'N_ncdm_decay_dr': 1, 'quadrature_strategy_ncdm_decay_dr': 3, 'ncdm_fluid_approximation': 3, 'maximum_q_ncdm_decay_dr': 15.0, 'background_method': 0, 'evolver': 1, 'N_momentum_bins_ncdm_decay_dr': 7, 'l_max_ncdm': 13, 'l_max_dr': 13, 'l_max_dr_col': 13, 'omega_b': 0.0233074, 'omega_cdm': 0.131853, 'Neff_ini_dncdm': 0.6720396, 'log10lifetime_ncdm_decay_dr': 3.906596, 'm_ncdm_decay_dr': 0.03532729, 'H0': 71.05589, 'ln10^{10}A_s': 3.108809, 'n_s': 1.00633, 'tau_reio': 0.07525131, 'P_k_max_1/Mpc': 1.0}
skipping to the next model...
[PARENT][Rank 46] | ERROR: Child process failed during likelihood calculation
Model: {'lensing': 'yes', 'output': 'tCl,lCl,pCl,mPk', 'l_max_scalars': 2508, 'k_pivot': 0.05, 'N_ur': 2.0328, 'N_ncdm': 1, 'm_ncdm': 0.06, 'T_ncdm': 0.71611, 'N_ncdm_decay_dr': 1, 'quadrature_strategy_ncdm_decay_dr': 3, 'ncdm_fluid_approximation': 3, 'maximum_q_ncdm_decay_dr': 15.0, 'background_method': 0, 'evolver': 1, 'N_momentum_bins_ncdm_decay_dr': 7, 'l_max_ncdm': 13, 'l_max_dr': 13, 'l_max_dr_col': 13, 'omega_b': 0.022479082, 'omega_cdm': 0.1210957, 'Neff_ini_dncdm': 0.2478506, 'log10lifetime_ncdm_decay_dr': 3.091877, 'm_ncdm_decay_dr': 9.637607, 'H0': 70.56278, 'ln10^{10}A_s': 3.198108, 'n_s': 0.9974326, 'tau_reio': 0.1263831, 'P_k_max_1/Mpc': 1.0}
skipping to the next model...
[PARENT][Rank 46] | ERROR: Child process failed during CLASS computation
Model: {'lensing': 'yes', 'output': 'tCl,lCl,pCl,mPk', 'l_max_scalars': 2508, 'k_pivot': 0.05, 'N_ur': 2.0328, 'N_ncdm': 1, 'm_ncdm': 0.06, 'T_ncdm': 0.71611, 'N_ncdm_decay_dr': 1, 'quadrature_strategy_ncdm_decay_dr': 3, 'ncdm_fluid_approximation': 3, 'maximum_q_ncdm_decay_dr': 15.0, 'background_method': 0, 'evolver': 1, 'N_momentum_bins_ncdm_decay_dr': 7, 'l_max_ncdm': 13, 'l_max_dr': 13, 'l_max_dr_col': 13, 'omega_b': 0.02237686, 'omega_cdm': 0.133215, 'Neff_ini_dncdm': 0.2146753, 'log10lifetime_ncdm_decay_dr': 4.019317, 'm_ncdm_decay_dr': 6.167368, 'H0': 67.40548, 'ln10^{10}A_s': 3.1553, 'n_s': 0.9937764, 'tau_reio': 0.09046641, 'P_k_max_1/Mpc': 1.0}
skipping to the next model...
[PARENT][Rank 46] | ERROR: Child process failed during likelihood calculation
Model: {'lensing': 'yes', 'output': 'tCl,lCl,pCl,mPk', 'l_max_scalars': 2508, 'k_pivot': 0.05, 'N_ur': 2.0328, 'N_ncdm': 1, 'm_ncdm': 0.06, 'T_ncdm': 0.71611, 'N_ncdm_decay_dr': 1, 'quadrature_strategy_ncdm_decay_dr': 3, 'ncdm_fluid_approximation': 3, 'maximum_q_ncdm_decay_dr': 15.0, 'background_method': 0, 'evolver': 1, 'N_momentum_bins_ncdm_decay_dr': 7, 'l_max_ncdm': 13, 'l_max_dr': 13, 'l_max_dr_col': 13, 'omega_b': 0.02257165, 'omega_cdm': 0.1299155, 'Neff_ini_dncdm': 0.2886965, 'log10lifetime_ncdm_decay_dr': 4.507224, 'm_ncdm_decay_dr': 4.220249, 'H0': 70.40736, 'ln10^{10}A_s': 3.105534, 'n_s': 1.003229, 'tau_reio': 0.07342224, 'P_k_max_1/Mpc': 1.0}
skipping to the next model...
[PARENT][Rank 46] | ERROR: Child process failed during CLASS computation
Model: {'lensing': 'yes', 'output': 'tCl,lCl,pCl,mPk', 'l_max_scalars': 2508, 'k_pivot': 0.05, 'N_ur': 2.0328, 'N_ncdm': 1, 'm_ncdm': 0.06, 'T_ncdm': 0.71611, 'N_ncdm_decay_dr': 1, 'quadrature_strategy_ncdm_decay_dr': 3, 'ncdm_fluid_approximation': 3, 'maximum_q_ncdm_decay_dr': 15.0, 'background_method': 0, 'evolver': 1, 'N_momentum_bins_ncdm_decay_dr': 7, 'l_max_ncdm': 13, 'l_max_dr': 13, 'l_max_dr_col': 13, 'omega_b': 0.022291329, 'omega_cdm': 0.1245789, 'Neff_ini_dncdm': 0.1062289, 'log10lifetime_ncdm_decay_dr': 2.073372, 'm_ncdm_decay_dr': 32.38472, 'H0': 65.70057, 'ln10^{10}A_s': 3.163582, 'n_s': 0.9389211, 'tau_reio': 0.1094804, 'P_k_max_1/Mpc': 1.0}
skipping to the next model...
[PARENT][Rank 46] | ERROR: Child process failed during likelihood calculation
Model: {'lensing': 'yes', 'output': 'tCl,lCl,pCl,mPk', 'l_max_scalars': 2508, 'k_pivot': 0.05, 'N_ur': 2.0328, 'N_ncdm': 1, 'm_ncdm': 0.06, 'T_ncdm': 0.71611, 'N_ncdm_decay_dr': 1, 'quadrature_strategy_ncdm_decay_dr': 3, 'ncdm_fluid_approximation': 3, 'maximum_q_ncdm_decay_dr': 15.0, 'background_method': 0, 'evolver': 1, 'N_momentum_bins_ncdm_decay_dr': 7, 'l_max_ncdm': 13, 'l_max_dr': 13, 'l_max_dr_col': 13, 'omega_b': 0.02266424, 'omega_cdm': 0.1254835, 'Neff_ini_dncdm': 0.2193557, 'log10lifetime_ncdm_decay_dr': 2.171105, 'm_ncdm_decay_dr': 42.7624, 'H0': 68.79902, 'ln10^{10}A_s': 3.212214, 'n_s': 0.9566778, 'tau_reio': 0.1260816, 'P_k_max_1/Mpc': 1.0}
skipping to the next model...
[PARENT][Rank 46] | ERROR: Child process failed during CLASS computation
Model: {'lensing': 'yes', 'output': 'tCl,lCl,pCl,mPk', 'l_max_scalars': 2508, 'k_pivot': 0.05, 'N_ur': 2.0328, 'N_ncdm': 1, 'm_ncdm': 0.06, 'T_ncdm': 0.71611, 'N_ncdm_decay_dr': 1, 'quadrature_strategy_ncdm_decay_dr': 3, 'ncdm_fluid_approximation': 3, 'maximum_q_ncdm_decay_dr': 15.0, 'background_method': 0, 'evolver': 1, 'N_momentum_bins_ncdm_decay_dr': 7, 'l_max_ncdm': 13, 'l_max_dr': 13, 'l_max_dr_col': 13, 'omega_b': 0.023000529, 'omega_cdm': 0.1291601, 'Neff_ini_dncdm': 0.2943218, 'log10lifetime_ncdm_decay_dr': 2.633326, 'm_ncdm_decay_dr': 12.99133, 'H0': 69.20247, 'ln10^{10}A_s': 2.992744, 'n_s': 0.9688354, 'tau_reio': 0.02817118, 'P_k_max_1/Mpc': 1.0}
skipping to the next model...
[CHILD][Parent Rank 359] | The following model took too long to complete: 
params: {'lensing': 'yes', 'output': 'tCl,lCl,pCl,mPk', 'l_max_scalars': 2508, 'k_pivot': 0.05, 'N_ur': 2.0328, 'N_ncdm': 1, 'm_ncdm': 0.06, 'T_ncdm': 0.71611, 'N_ncdm_decay_dr': 1, 'quadrature_strategy_ncdm_decay_dr': 3, 'ncdm_fluid_approximation': 3, 'maximum_q_ncdm_decay_dr': 15.0, 'background_method': 0, 'evolver': 1, 'N_momentum_bins_ncdm_decay_dr': 7, 'l_max_ncdm': 13, 'l_max_dr': 13, 'l_max_dr_col': 13, 'omega_b': 0.022715429, 'omega_cdm': 0.1165584, 'Neff_ini_dncdm': 0.1243116, 'log10lifetime_ncdm_decay_dr': 3.893611, 'm_ncdm_decay_dr': 0.08592699, 'H0': 70.28148, 'ln10^{10}A_s': 3.072983, 'n_s': 1.000394, 'tau_reio': 0.07877158, 'P_k_max_1/Mpc': 1.0}

[PARENT][Rank 359] | ERROR: Child process failed during CLASS computation
Model: {'lensing': 'yes', 'output': 'tCl,lCl,pCl,mPk', 'l_max_scalars': 2508, 'k_pivot': 0.05, 'N_ur': 2.0328, 'N_ncdm': 1, 'm_ncdm': 0.06, 'T_ncdm': 0.71611, 'N_ncdm_decay_dr': 1, 'quadrature_strategy_ncdm_decay_dr': 3, 'ncdm_fluid_approximation': 3, 'maximum_q_ncdm_decay_dr': 15.0, 'background_method': 0, 'evolver': 1, 'N_momentum_bins_ncdm_decay_dr': 7, 'l_max_ncdm': 13, 'l_max_dr': 13, 'l_max_dr_col': 13, 'omega_b': 0.022715429, 'omega_cdm': 0.1165584, 'Neff_ini_dncdm': 0.1243116, 'log10lifetime_ncdm_decay_dr': 3.893611, 'm_ncdm_decay_dr': 0.08592699, 'H0': 70.28148, 'ln10^{10}A_s': 3.072983, 'n_s': 1.000394, 'tau_reio': 0.07877158, 'P_k_max_1/Mpc': 1.0}
skipping to the next model...
[PARENT][Rank 46] | ERROR: Child process failed during likelihood calculation
Model: {'lensing': 'yes', 'output': 'tCl,lCl,pCl,mPk', 'l_max_scalars': 2508, 'k_pivot': 0.05, 'N_ur': 2.0328, 'N_ncdm': 1, 'm_ncdm': 0.06, 'T_ncdm': 0.71611, 'N_ncdm_decay_dr': 1, 'quadrature_strategy_ncdm_decay_dr': 3, 'ncdm_fluid_approximation': 3, 'maximum_q_ncdm_decay_dr': 15.0, 'background_method': 0, 'evolver': 1, 'N_momentum_bins_ncdm_decay_dr': 7, 'l_max_ncdm': 13, 'l_max_dr': 13, 'l_max_dr_col': 13, 'omega_b': 0.02268747, 'omega_cdm': 0.1218274, 'Neff_ini_dncdm': 0.1658653, 'log10lifetime_ncdm_decay_dr': 3.538104, 'm_ncdm_decay_dr': 21.14665, 'H0': 71.91782, 'ln10^{10}A_s': 3.111601, 'n_s': 1.004656, 'tau_reio': 0.1020912, 'P_k_max_1/Mpc': 1.0}
skipping to the next model...
[PARENT][Rank 46] | ERROR: Child process failed during CLASS computation
Model: {'lensing': 'yes', 'output': 'tCl,lCl,pCl,mPk', 'l_max_scalars': 2508, 'k_pivot': 0.05, 'N_ur': 2.0328, 'N_ncdm': 1, 'm_ncdm': 0.06, 'T_ncdm': 0.71611, 'N_ncdm_decay_dr': 1, 'quadrature_strategy_ncdm_decay_dr': 3, 'ncdm_fluid_approximation': 3, 'maximum_q_ncdm_decay_dr': 15.0, 'background_method': 0, 'evolver': 1, 'N_momentum_bins_ncdm_decay_dr': 7, 'l_max_ncdm': 13, 'l_max_dr': 13, 'l_max_dr_col': 13, 'omega_b': 0.02231146, 'omega_cdm': 0.1265061, 'Neff_ini_dncdm': 0.1529517, 'log10lifetime_ncdm_decay_dr': 2.695422, 'm_ncdm_decay_dr': 2.192389, 'H0': 65.66506, 'ln10^{10}A_s': 3.030589, 'n_s': 0.9357751, 'tau_reio': 0.02502353, 'P_k_max_1/Mpc': 1.0}
skipping to the next model...
[CHILD][Parent Rank 175] | The following model took too long to complete: 
params: {'lensing': 'yes', 'output': 'tCl,lCl,pCl,mPk', 'l_max_scalars': 2508, 'k_pivot': 0.05, 'N_ur': 2.0328, 'N_ncdm': 1, 'm_ncdm': 0.06, 'T_ncdm': 0.71611, 'N_ncdm_decay_dr': 1, 'quadrature_strategy_ncdm_decay_dr': 3, 'ncdm_fluid_approximation': 3, 'maximum_q_ncdm_decay_dr': 15.0, 'background_method': 0, 'evolver': 1, 'N_momentum_bins_ncdm_decay_dr': 7, 'l_max_ncdm': 13, 'l_max_dr': 13, 'l_max_dr_col': 13, 'omega_b': 0.02304546, 'omega_cdm': 0.120045, 'Neff_ini_dncdm': 0.0624976, 'log10lifetime_ncdm_decay_dr': 2.65149, 'm_ncdm_decay_dr': 0.05751578, 'H0': 68.00623, 'ln10^{10}A_s': 3.038999, 'n_s': 0.9585281, 'tau_reio': 0.05110727, 'P_k_max_1/Mpc': 1.0}

[PARENT][Rank 175] | ERROR: Child process failed during CLASS computation
Model: {'lensing': 'yes', 'output': 'tCl,lCl,pCl,mPk', 'l_max_scalars': 2508, 'k_pivot': 0.05, 'N_ur': 2.0328, 'N_ncdm': 1, 'm_ncdm': 0.06, 'T_ncdm': 0.71611, 'N_ncdm_decay_dr': 1, 'quadrature_strategy_ncdm_decay_dr': 3, 'ncdm_fluid_approximation': 3, 'maximum_q_ncdm_decay_dr': 15.0, 'background_method': 0, 'evolver': 1, 'N_momentum_bins_ncdm_decay_dr': 7, 'l_max_ncdm': 13, 'l_max_dr': 13, 'l_max_dr_col': 13, 'omega_b': 0.02304546, 'omega_cdm': 0.120045, 'Neff_ini_dncdm': 0.0624976, 'log10lifetime_ncdm_decay_dr': 2.65149, 'm_ncdm_decay_dr': 0.05751578, 'H0': 68.00623, 'ln10^{10}A_s': 3.038999, 'n_s': 0.9585281, 'tau_reio': 0.05110727, 'P_k_max_1/Mpc': 1.0}
skipping to the next model...
[PARENT][Rank 46] | ERROR: Child process failed during likelihood calculation
Model: {'lensing': 'yes', 'output': 'tCl,lCl,pCl,mPk', 'l_max_scalars': 2508, 'k_pivot': 0.05, 'N_ur': 2.0328, 'N_ncdm': 1, 'm_ncdm': 0.06, 'T_ncdm': 0.71611, 'N_ncdm_decay_dr': 1, 'quadrature_strategy_ncdm_decay_dr': 3, 'ncdm_fluid_approximation': 3, 'maximum_q_ncdm_decay_dr': 15.0, 'background_method': 0, 'evolver': 1, 'N_momentum_bins_ncdm_decay_dr': 7, 'l_max_ncdm': 13, 'l_max_dr': 13, 'l_max_dr_col': 13, 'omega_b': 0.022535529, 'omega_cdm': 0.1217444, 'Neff_ini_dncdm': 0.07173384, 'log10lifetime_ncdm_decay_dr': 2.5775, 'm_ncdm_decay_dr': 9.632402, 'H0': 67.04372, 'ln10^{10}A_s': 3.074754, 'n_s': 0.9526002, 'tau_reio': 0.06339036, 'P_k_max_1/Mpc': 1.0}
skipping to the next model...
[PARENT][Rank 46] | ERROR: Child process failed during CLASS computation
Model: {'lensing': 'yes', 'output': 'tCl,lCl,pCl,mPk', 'l_max_scalars': 2508, 'k_pivot': 0.05, 'N_ur': 2.0328, 'N_ncdm': 1, 'm_ncdm': 0.06, 'T_ncdm': 0.71611, 'N_ncdm_decay_dr': 1, 'quadrature_strategy_ncdm_decay_dr': 3, 'ncdm_fluid_approximation': 3, 'maximum_q_ncdm_decay_dr': 15.0, 'background_method': 0, 'evolver': 1, 'N_momentum_bins_ncdm_decay_dr': 7, 'l_max_ncdm': 13, 'l_max_dr': 13, 'l_max_dr_col': 13, 'omega_b': 0.023287661, 'omega_cdm': 0.1216022, 'Neff_ini_dncdm': 0.1867171, 'log10lifetime_ncdm_decay_dr': 2.169369, 'm_ncdm_decay_dr': 13.39403, 'H0': 69.10909, 'ln10^{10}A_s': 3.067043, 'n_s': 0.9692967, 'tau_reio': 0.06122511, 'P_k_max_1/Mpc': 1.0}
skipping to the next model...
[PARENT][Rank 359] | ERROR: Timeout while waiting for response from child process after CLASS computations. Child may be unresponsive.

[CHILD][Parent Rank 359] | The following model took too long to complete: 
params: {'lensing': 'yes', 'output': 'tCl,lCl,pCl,mPk', 'l_max_scalars': 2508, 'k_pivot': 0.05, 'N_ur': 2.0328, 'N_ncdm': 1, 'm_ncdm': 0.06, 'T_ncdm': 0.71611, 'N_ncdm_decay_dr': 1, 'quadrature_strategy_ncdm_decay_dr': 3, 'ncdm_fluid_approximation': 3, 'maximum_q_ncdm_decay_dr': 15.0, 'background_method': 0, 'evolver': 1, 'N_momentum_bins_ncdm_decay_dr': 7, 'l_max_ncdm': 13, 'l_max_dr': 13, 'l_max_dr_col': 13, 'omega_b': 0.022742318, 'omega_cdm': 0.1214999, 'Neff_ini_dncdm': 0.04647882, 'log10lifetime_ncdm_decay_dr': 3.494004, 'm_ncdm_decay_dr': 0.00196747, 'H0': 66.59329, 'ln10^{10}A_s': 3.026583, 'n_s': 0.9419493, 'tau_reio': 0.0436172, 'P_k_max_1/Mpc': 1.0}

[PARENT][Rank 359] | ERROR: Child process failed during CLASS computation
Model: {'lensing': 'yes', 'output': 'tCl,lCl,pCl,mPk', 'l_max_scalars': 2508, 'k_pivot': 0.05, 'N_ur': 2.0328, 'N_ncdm': 1, 'm_ncdm': 0.06, 'T_ncdm': 0.71611, 'N_ncdm_decay_dr': 1, 'quadrature_strategy_ncdm_decay_dr': 3, 'ncdm_fluid_approximation': 3, 'maximum_q_ncdm_decay_dr': 15.0, 'background_method': 0, 'evolver': 1, 'N_momentum_bins_ncdm_decay_dr': 7, 'l_max_ncdm': 13, 'l_max_dr': 13, 'l_max_dr_col': 13, 'omega_b': 0.02461654, 'omega_cdm': 0.1349653, 'Neff_ini_dncdm': 0.7746566, 'log10lifetime_ncdm_decay_dr': 3.188694, 'm_ncdm_decay_dr': 6.593002, 'H0': 76.17967, 'ln10^{10}A_s': 3.144994, 'n_s': 1.000145, 'tau_reio': 0.08604469, 'P_k_max_1/Mpc': 1.0}
skipping to the next model...
[CHILD][Parent Rank 246] | The following model took too long to complete: 
params: {'lensing': 'yes', 'output': 'tCl,lCl,pCl,mPk', 'l_max_scalars': 2508, 'k_pivot': 0.05, 'N_ur': 2.0328, 'N_ncdm': 1, 'm_ncdm': 0.06, 'T_ncdm': 0.71611, 'N_ncdm_decay_dr': 1, 'quadrature_strategy_ncdm_decay_dr': 3, 'ncdm_fluid_approximation': 3, 'maximum_q_ncdm_decay_dr': 15.0, 'background_method': 0, 'evolver': 1, 'N_momentum_bins_ncdm_decay_dr': 7, 'l_max_ncdm': 13, 'l_max_dr': 13, 'l_max_dr_col': 13, 'omega_b': 0.023141861, 'omega_cdm': 0.1312922, 'Neff_ini_dncdm': 0.560098, 'log10lifetime_ncdm_decay_dr': 2.373877, 'm_ncdm_decay_dr': 0.01104062, 'H0': 69.99459, 'ln10^{10}A_s': 3.064105, 'n_s': 0.9870491, 'tau_reio': 0.05491751, 'P_k_max_1/Mpc': 1.0}

[PARENT][Rank 246] | ERROR: Child process failed during CLASS computation
Model: {'lensing': 'yes', 'output': 'tCl,lCl,pCl,mPk', 'l_max_scalars': 2508, 'k_pivot': 0.05, 'N_ur': 2.0328, 'N_ncdm': 1, 'm_ncdm': 0.06, 'T_ncdm': 0.71611, 'N_ncdm_decay_dr': 1, 'quadrature_strategy_ncdm_decay_dr': 3, 'ncdm_fluid_approximation': 3, 'maximum_q_ncdm_decay_dr': 15.0, 'background_method': 0, 'evolver': 1, 'N_momentum_bins_ncdm_decay_dr': 7, 'l_max_ncdm': 13, 'l_max_dr': 13, 'l_max_dr_col': 13, 'omega_b': 0.023141861, 'omega_cdm': 0.1312922, 'Neff_ini_dncdm': 0.560098, 'log10lifetime_ncdm_decay_dr': 2.373877, 'm_ncdm_decay_dr': 0.01104062, 'H0': 69.99459, 'ln10^{10}A_s': 3.064105, 'n_s': 0.9870491, 'tau_reio': 0.05491751, 'P_k_max_1/Mpc': 1.0}
skipping to the next model...
[PARENT][Rank 359] | ERROR: Timeout while waiting for PONG response from child process. Child may be unresponsive.
Respawning child process...
[PARENT][Rank 359] | WARNING: Child process died or is unresponsive. Respawning...
[PARENT][Rank 359] | [INFO] Successfully respawned child process.
[PARENT][Rank 46] | ERROR: Child process failed during likelihood calculation
Model: {'lensing': 'yes', 'output': 'tCl,lCl,pCl,mPk', 'l_max_scalars': 2508, 'k_pivot': 0.05, 'N_ur': 2.0328, 'N_ncdm': 1, 'm_ncdm': 0.06, 'T_ncdm': 0.71611, 'N_ncdm_decay_dr': 1, 'quadrature_strategy_ncdm_decay_dr': 3, 'ncdm_fluid_approximation': 3, 'maximum_q_ncdm_decay_dr': 15.0, 'background_method': 0, 'evolver': 1, 'N_momentum_bins_ncdm_decay_dr': 7, 'l_max_ncdm': 13, 'l_max_dr': 13, 'l_max_dr_col': 13, 'omega_b': 0.02214154, 'omega_cdm': 0.1255142, 'Neff_ini_dncdm': 0.4121611, 'log10lifetime_ncdm_decay_dr': 3.017096, 'm_ncdm_decay_dr': 1.271841, 'H0': 69.61905, 'ln10^{10}A_s': 3.12749, 'n_s': 0.9890879, 'tau_reio': 0.08938546, 'P_k_max_1/Mpc': 1.0}
skipping to the next model...
[PARENT][Rank 46] | ERROR: Child process failed during CLASS computation
Model: {'lensing': 'yes', 'output': 'tCl,lCl,pCl,mPk', 'l_max_scalars': 2508, 'k_pivot': 0.05, 'N_ur': 2.0328, 'N_ncdm': 1, 'm_ncdm': 0.06, 'T_ncdm': 0.71611, 'N_ncdm_decay_dr': 1, 'quadrature_strategy_ncdm_decay_dr': 3, 'ncdm_fluid_approximation': 3, 'maximum_q_ncdm_decay_dr': 15.0, 'background_method': 0, 'evolver': 1, 'N_momentum_bins_ncdm_decay_dr': 7, 'l_max_ncdm': 13, 'l_max_dr': 13, 'l_max_dr_col': 13, 'omega_b': 0.02287335, 'omega_cdm': 0.1306593, 'Neff_ini_dncdm': 0.5685342, 'log10lifetime_ncdm_decay_dr': 3.814224, 'm_ncdm_decay_dr': 1.685035, 'H0': 71.12599, 'ln10^{10}A_s': 3.097861, 'n_s': 0.9887895, 'tau_reio': 0.05540724, 'P_k_max_1/Mpc': 1.0}
skipping to the next model...
[CHILD][Parent Rank 359] | ERROR: Timeout while waiting for message.
Exiting safely.
[PARENT][Rank 46] | ERROR: Child process failed during likelihood calculation
Model: {'lensing': 'yes', 'output': 'tCl,lCl,pCl,mPk', 'l_max_scalars': 2508, 'k_pivot': 0.05, 'N_ur': 2.0328, 'N_ncdm': 1, 'm_ncdm': 0.06, 'T_ncdm': 0.71611, 'N_ncdm_decay_dr': 1, 'quadrature_strategy_ncdm_decay_dr': 3, 'ncdm_fluid_approximation': 3, 'maximum_q_ncdm_decay_dr': 15.0, 'background_method': 0, 'evolver': 1, 'N_momentum_bins_ncdm_decay_dr': 7, 'l_max_ncdm': 13, 'l_max_dr': 13, 'l_max_dr_col': 13, 'omega_b': 0.02382662, 'omega_cdm': 0.1298871, 'Neff_ini_dncdm': 0.8290266, 'log10lifetime_ncdm_decay_dr': 2.659831, 'm_ncdm_decay_dr': 6.406415, 'H0': 75.34585, 'ln10^{10}A_s': 3.121545, 'n_s': 1.006174, 'tau_reio': 0.08546298, 'P_k_max_1/Mpc': 1.0}
skipping to the next model...
[PARENT][Rank 46] | ERROR: Child process failed during CLASS computation
Model: {'lensing': 'yes', 'output': 'tCl,lCl,pCl,mPk', 'l_max_scalars': 2508, 'k_pivot': 0.05, 'N_ur': 2.0328, 'N_ncdm': 1, 'm_ncdm': 0.06, 'T_ncdm': 0.71611, 'N_ncdm_decay_dr': 1, 'quadrature_strategy_ncdm_decay_dr': 3, 'ncdm_fluid_approximation': 3, 'maximum_q_ncdm_decay_dr': 15.0, 'background_method': 0, 'evolver': 1, 'N_momentum_bins_ncdm_decay_dr': 7, 'l_max_ncdm': 13, 'l_max_dr': 13, 'l_max_dr_col': 13, 'omega_b': 0.02432761, 'omega_cdm': 0.1202998, 'Neff_ini_dncdm': 0.4183535, 'log10lifetime_ncdm_decay_dr': 2.373266, 'm_ncdm_decay_dr': 1.89603, 'H0': 74.44889, 'ln10^{10}A_s': 3.117523, 'n_s': 1.006866, 'tau_reio': 0.07963324, 'P_k_max_1/Mpc': 1.0}
skipping to the next model...
[CHILD][Parent Rank 75] | The following model took too long to complete: 
params: {'lensing': 'yes', 'output': 'tCl,lCl,pCl,mPk', 'l_max_scalars': 2508, 'k_pivot': 0.05, 'N_ur': 2.0328, 'N_ncdm': 1, 'm_ncdm': 0.06, 'T_ncdm': 0.71611, 'N_ncdm_decay_dr': 1, 'quadrature_strategy_ncdm_decay_dr': 3, 'ncdm_fluid_approximation': 3, 'maximum_q_ncdm_decay_dr': 15.0, 'background_method': 0, 'evolver': 1, 'N_momentum_bins_ncdm_decay_dr': 7, 'l_max_ncdm': 13, 'l_max_dr': 13, 'l_max_dr_col': 13, 'omega_b': 0.02229886, 'omega_cdm': 0.1221705, 'Neff_ini_dncdm': 0.1366564, 'log10lifetime_ncdm_decay_dr': 3.234292, 'm_ncdm_decay_dr': 0.01544282, 'H0': 67.46671, 'ln10^{10}A_s': 3.039051, 'n_s': 0.9738322, 'tau_reio': 0.04292409, 'P_k_max_1/Mpc': 1.0}

[PARENT][Rank 75] | ERROR: Child process failed during CLASS computation
Model: {'lensing': 'yes', 'output': 'tCl,lCl,pCl,mPk', 'l_max_scalars': 2508, 'k_pivot': 0.05, 'N_ur': 2.0328, 'N_ncdm': 1, 'm_ncdm': 0.06, 'T_ncdm': 0.71611, 'N_ncdm_decay_dr': 1, 'quadrature_strategy_ncdm_decay_dr': 3, 'ncdm_fluid_approximation': 3, 'maximum_q_ncdm_decay_dr': 15.0, 'background_method': 0, 'evolver': 1, 'N_momentum_bins_ncdm_decay_dr': 7, 'l_max_ncdm': 13, 'l_max_dr': 13, 'l_max_dr_col': 13, 'omega_b': 0.02229886, 'omega_cdm': 0.1221705, 'Neff_ini_dncdm': 0.1366564, 'log10lifetime_ncdm_decay_dr': 3.234292, 'm_ncdm_decay_dr': 0.01544282, 'H0': 67.46671, 'ln10^{10}A_s': 3.039051, 'n_s': 0.9738322, 'tau_reio': 0.04292409, 'P_k_max_1/Mpc': 1.0}
skipping to the next model...
[CHILD][Parent Rank 70] | The following model took too long to complete: 
params: {'lensing': 'yes', 'output': 'tCl,lCl,pCl,mPk', 'l_max_scalars': 2508, 'k_pivot': 0.05, 'N_ur': 2.0328, 'N_ncdm': 1, 'm_ncdm': 0.06, 'T_ncdm': 0.71611, 'N_ncdm_decay_dr': 1, 'quadrature_strategy_ncdm_decay_dr': 3, 'ncdm_fluid_approximation': 3, 'maximum_q_ncdm_decay_dr': 15.0, 'background_method': 0, 'evolver': 1, 'N_momentum_bins_ncdm_decay_dr': 7, 'l_max_ncdm': 13, 'l_max_dr': 13, 'l_max_dr_col': 13, 'omega_b': 0.02229886, 'omega_cdm': 0.1221705, 'Neff_ini_dncdm': 0.1366564, 'log10lifetime_ncdm_decay_dr': 3.234292, 'm_ncdm_decay_dr': 0.01544282, 'H0': 67.46671, 'ln10^{10}A_s': 3.039051, 'n_s': 0.9738322, 'tau_reio': 0.04292409, 'P_k_max_1/Mpc': 1.0}

[PARENT][Rank 70] | ERROR: Child process failed during CLASS computation
Model: {'lensing': 'yes', 'output': 'tCl,lCl,pCl,mPk', 'l_max_scalars': 2508, 'k_pivot': 0.05, 'N_ur': 2.0328, 'N_ncdm': 1, 'm_ncdm': 0.06, 'T_ncdm': 0.71611, 'N_ncdm_decay_dr': 1, 'quadrature_strategy_ncdm_decay_dr': 3, 'ncdm_fluid_approximation': 3, 'maximum_q_ncdm_decay_dr': 15.0, 'background_method': 0, 'evolver': 1, 'N_momentum_bins_ncdm_decay_dr': 7, 'l_max_ncdm': 13, 'l_max_dr': 13, 'l_max_dr_col': 13, 'omega_b': 0.02229886, 'omega_cdm': 0.1221705, 'Neff_ini_dncdm': 0.1366564, 'log10lifetime_ncdm_decay_dr': 3.234292, 'm_ncdm_decay_dr': 0.01544282, 'H0': 67.46671, 'ln10^{10}A_s': 3.039051, 'n_s': 0.9738322, 'tau_reio': 0.04292409, 'P_k_max_1/Mpc': 1.0}
skipping to the next model...
[PARENT][Rank 46] | ERROR: Child process failed during likelihood calculation
Model: {'lensing': 'yes', 'output': 'tCl,lCl,pCl,mPk', 'l_max_scalars': 2508, 'k_pivot': 0.05, 'N_ur': 2.0328, 'N_ncdm': 1, 'm_ncdm': 0.06, 'T_ncdm': 0.71611, 'N_ncdm_decay_dr': 1, 'quadrature_strategy_ncdm_decay_dr': 3, 'ncdm_fluid_approximation': 3, 'maximum_q_ncdm_decay_dr': 15.0, 'background_method': 0, 'evolver': 1, 'N_momentum_bins_ncdm_decay_dr': 7, 'l_max_ncdm': 13, 'l_max_dr': 13, 'l_max_dr_col': 13, 'omega_b': 0.02224152, 'omega_cdm': 0.1285529, 'Neff_ini_dncdm': 0.2635135, 'log10lifetime_ncdm_decay_dr': 4.075447, 'm_ncdm_decay_dr': 4.04571, 'H0': 69.14864, 'ln10^{10}A_s': 3.094669, 'n_s': 0.9865928, 'tau_reio': 0.07117822, 'P_k_max_1/Mpc': 1.0}
skipping to the next model...
[PARENT][Rank 46] | ERROR: Child process failed during CLASS computation
Model: {'lensing': 'yes', 'output': 'tCl,lCl,pCl,mPk', 'l_max_scalars': 2508, 'k_pivot': 0.05, 'N_ur': 2.0328, 'N_ncdm': 1, 'm_ncdm': 0.06, 'T_ncdm': 0.71611, 'N_ncdm_decay_dr': 1, 'quadrature_strategy_ncdm_decay_dr': 3, 'ncdm_fluid_approximation': 3, 'maximum_q_ncdm_decay_dr': 15.0, 'background_method': 0, 'evolver': 1, 'N_momentum_bins_ncdm_decay_dr': 7, 'l_max_ncdm': 13, 'l_max_dr': 13, 'l_max_dr_col': 13, 'omega_b': 0.02427772, 'omega_cdm': 0.1202059, 'Neff_ini_dncdm': 0.3048467, 'log10lifetime_ncdm_decay_dr': 3.437189, 'm_ncdm_decay_dr': 15.9716, 'H0': 77.32163, 'ln10^{10}A_s': 3.186882, 'n_s': 1.035787, 'tau_reio': 0.1301525, 'P_k_max_1/Mpc': 1.0}
skipping to the next model...
[PARENT][Rank 46] | ERROR: Child process failed during likelihood calculation
Model: {'lensing': 'yes', 'output': 'tCl,lCl,pCl,mPk', 'l_max_scalars': 2508, 'k_pivot': 0.05, 'N_ur': 2.0328, 'N_ncdm': 1, 'm_ncdm': 0.06, 'T_ncdm': 0.71611, 'N_ncdm_decay_dr': 1, 'quadrature_strategy_ncdm_decay_dr': 3, 'ncdm_fluid_approximation': 3, 'maximum_q_ncdm_decay_dr': 15.0, 'background_method': 0, 'evolver': 1, 'N_momentum_bins_ncdm_decay_dr': 7, 'l_max_ncdm': 13, 'l_max_dr': 13, 'l_max_dr_col': 13, 'omega_b': 0.02449568, 'omega_cdm': 0.1158967, 'Neff_ini_dncdm': 0.3656605, 'log10lifetime_ncdm_decay_dr': 3.022924, 'm_ncdm_decay_dr': 20.96765, 'H0': 78.98429, 'ln10^{10}A_s': 3.068661, 'n_s': 1.040194, 'tau_reio': 0.09118599, 'P_k_max_1/Mpc': 1.0}
skipping to the next model...
[PARENT][Rank 46] | ERROR: Child process failed during CLASS computation
Model: {'lensing': 'yes', 'output': 'tCl,lCl,pCl,mPk', 'l_max_scalars': 2508, 'k_pivot': 0.05, 'N_ur': 2.0328, 'N_ncdm': 1, 'm_ncdm': 0.06, 'T_ncdm': 0.71611, 'N_ncdm_decay_dr': 1, 'quadrature_strategy_ncdm_decay_dr': 3, 'ncdm_fluid_approximation': 3, 'maximum_q_ncdm_decay_dr': 15.0, 'background_method': 0, 'evolver': 1, 'N_momentum_bins_ncdm_decay_dr': 7, 'l_max_ncdm': 13, 'l_max_dr': 13, 'l_max_dr_col': 13, 'omega_b': 0.02344753, 'omega_cdm': 0.1251152, 'Neff_ini_dncdm': 0.5320617, 'log10lifetime_ncdm_decay_dr': 2.761185, 'm_ncdm_decay_dr': 1.439659, 'H0': 73.05428, 'ln10^{10}A_s': 3.091295, 'n_s': 1.006404, 'tau_reio': 0.07474528, 'P_k_max_1/Mpc': 1.0}
skipping to the next model...
[PARENT][Rank 46] | ERROR: Child process failed during likelihood calculation
Model: {'lensing': 'yes', 'output': 'tCl,lCl,pCl,mPk', 'l_max_scalars': 2508, 'k_pivot': 0.05, 'N_ur': 2.0328, 'N_ncdm': 1, 'm_ncdm': 0.06, 'T_ncdm': 0.71611, 'N_ncdm_decay_dr': 1, 'quadrature_strategy_ncdm_decay_dr': 3, 'ncdm_fluid_approximation': 3, 'maximum_q_ncdm_decay_dr': 15.0, 'background_method': 0, 'evolver': 1, 'N_momentum_bins_ncdm_decay_dr': 7, 'l_max_ncdm': 13, 'l_max_dr': 13, 'l_max_dr_col': 13, 'omega_b': 0.02286915, 'omega_cdm': 0.1312574, 'Neff_ini_dncdm': 0.5905541, 'log10lifetime_ncdm_decay_dr': 4.003084, 'm_ncdm_decay_dr': 4.106624, 'H0': 73.84216, 'ln10^{10}A_s': 3.132024, 'n_s': 1.008662, 'tau_reio': 0.07180741, 'P_k_max_1/Mpc': 1.0}
skipping to the next model...
[PARENT][Rank 46] | ERROR: Child process failed during CLASS computation
Model: {'lensing': 'yes', 'output': 'tCl,lCl,pCl,mPk', 'l_max_scalars': 2508, 'k_pivot': 0.05, 'N_ur': 2.0328, 'N_ncdm': 1, 'm_ncdm': 0.06, 'T_ncdm': 0.71611, 'N_ncdm_decay_dr': 1, 'quadrature_strategy_ncdm_decay_dr': 3, 'ncdm_fluid_approximation': 3, 'maximum_q_ncdm_decay_dr': 15.0, 'background_method': 0, 'evolver': 1, 'N_momentum_bins_ncdm_decay_dr': 7, 'l_max_ncdm': 13, 'l_max_dr': 13, 'l_max_dr_col': 13, 'omega_b': 0.02250832, 'omega_cdm': 0.1258082, 'Neff_ini_dncdm': 0.08146337, 'log10lifetime_ncdm_decay_dr': 2.887512, 'm_ncdm_decay_dr': 15.02036, 'H0': 66.30629, 'ln10^{10}A_s': 3.058849, 'n_s': 0.9559123, 'tau_reio': 0.04120584, 'P_k_max_1/Mpc': 1.0}
skipping to the next model...
[CHILD][Parent Rank 123] | The following model took too long to complete: 
params: {'lensing': 'yes', 'output': 'tCl,lCl,pCl,mPk', 'l_max_scalars': 2508, 'k_pivot': 0.05, 'N_ur': 2.0328, 'N_ncdm': 1, 'm_ncdm': 0.06, 'T_ncdm': 0.71611, 'N_ncdm_decay_dr': 1, 'quadrature_strategy_ncdm_decay_dr': 3, 'ncdm_fluid_approximation': 3, 'maximum_q_ncdm_decay_dr': 15.0, 'background_method': 0, 'evolver': 1, 'N_momentum_bins_ncdm_decay_dr': 7, 'l_max_ncdm': 13, 'l_max_dr': 13, 'l_max_dr_col': 13, 'omega_b': 0.02362552, 'omega_cdm': 0.1160989, 'Neff_ini_dncdm': 0.07946321, 'log10lifetime_ncdm_decay_dr': 4.161581, 'm_ncdm_decay_dr': 0.07472431, 'H0': 70.46445, 'ln10^{10}A_s': 3.092119, 'n_s': 0.9778973, 'tau_reio': 0.06979873, 'P_k_max_1/Mpc': 1.0}

[PARENT][Rank 123] | ERROR: Child process failed during CLASS computation
Model: {'lensing': 'yes', 'output': 'tCl,lCl,pCl,mPk', 'l_max_scalars': 2508, 'k_pivot': 0.05, 'N_ur': 2.0328, 'N_ncdm': 1, 'm_ncdm': 0.06, 'T_ncdm': 0.71611, 'N_ncdm_decay_dr': 1, 'quadrature_strategy_ncdm_decay_dr': 3, 'ncdm_fluid_approximation': 3, 'maximum_q_ncdm_decay_dr': 15.0, 'background_method': 0, 'evolver': 1, 'N_momentum_bins_ncdm_decay_dr': 7, 'l_max_ncdm': 13, 'l_max_dr': 13, 'l_max_dr_col': 13, 'omega_b': 0.02362552, 'omega_cdm': 0.1160989, 'Neff_ini_dncdm': 0.07946321, 'log10lifetime_ncdm_decay_dr': 4.161581, 'm_ncdm_decay_dr': 0.07472431, 'H0': 70.46445, 'ln10^{10}A_s': 3.092119, 'n_s': 0.9778973, 'tau_reio': 0.06979873, 'P_k_max_1/Mpc': 1.0}
skipping to the next model...
[PARENT][Rank 46] | ERROR: Child process failed during likelihood calculation
Model: {'lensing': 'yes', 'output': 'tCl,lCl,pCl,mPk', 'l_max_scalars': 2508, 'k_pivot': 0.05, 'N_ur': 2.0328, 'N_ncdm': 1, 'm_ncdm': 0.06, 'T_ncdm': 0.71611, 'N_ncdm_decay_dr': 1, 'quadrature_strategy_ncdm_decay_dr': 3, 'ncdm_fluid_approximation': 3, 'maximum_q_ncdm_decay_dr': 15.0, 'background_method': 0, 'evolver': 1, 'N_momentum_bins_ncdm_decay_dr': 7, 'l_max_ncdm': 13, 'l_max_dr': 13, 'l_max_dr_col': 13, 'omega_b': 0.02252979, 'omega_cdm': 0.1243705, 'Neff_ini_dncdm': 0.2346039, 'log10lifetime_ncdm_decay_dr': 2.551983, 'm_ncdm_decay_dr': 17.68734, 'H0': 69.17795, 'ln10^{10}A_s': 3.048926, 'n_s': 0.9769224, 'tau_reio': 0.05621724, 'P_k_max_1/Mpc': 1.0}
skipping to the next model...
[CHILD][Parent Rank 129] | The following model took too long to complete: 
params: {'lensing': 'yes', 'output': 'tCl,lCl,pCl,mPk', 'l_max_scalars': 2508, 'k_pivot': 0.05, 'N_ur': 2.0328, 'N_ncdm': 1, 'm_ncdm': 0.06, 'T_ncdm': 0.71611, 'N_ncdm_decay_dr': 1, 'quadrature_strategy_ncdm_decay_dr': 3, 'ncdm_fluid_approximation': 3, 'maximum_q_ncdm_decay_dr': 15.0, 'background_method': 0, 'evolver': 1, 'N_momentum_bins_ncdm_decay_dr': 7, 'l_max_ncdm': 13, 'l_max_dr': 13, 'l_max_dr_col': 13, 'omega_b': 0.02362552, 'omega_cdm': 0.1160989, 'Neff_ini_dncdm': 0.07946321, 'log10lifetime_ncdm_decay_dr': 4.161581, 'm_ncdm_decay_dr': 0.07472431, 'H0': 70.46445, 'ln10^{10}A_s': 3.092119, 'n_s': 0.9778973, 'tau_reio': 0.06979873, 'P_k_max_1/Mpc': 1.0}

[PARENT][Rank 129] | ERROR: Child process failed during CLASS computation
Model: {'lensing': 'yes', 'output': 'tCl,lCl,pCl,mPk', 'l_max_scalars': 2508, 'k_pivot': 0.05, 'N_ur': 2.0328, 'N_ncdm': 1, 'm_ncdm': 0.06, 'T_ncdm': 0.71611, 'N_ncdm_decay_dr': 1, 'quadrature_strategy_ncdm_decay_dr': 3, 'ncdm_fluid_approximation': 3, 'maximum_q_ncdm_decay_dr': 15.0, 'background_method': 0, 'evolver': 1, 'N_momentum_bins_ncdm_decay_dr': 7, 'l_max_ncdm': 13, 'l_max_dr': 13, 'l_max_dr_col': 13, 'omega_b': 0.02362552, 'omega_cdm': 0.1160989, 'Neff_ini_dncdm': 0.07946321, 'log10lifetime_ncdm_decay_dr': 4.161581, 'm_ncdm_decay_dr': 0.07472431, 'H0': 70.46445, 'ln10^{10}A_s': 3.092119, 'n_s': 0.9778973, 'tau_reio': 0.06979873, 'P_k_max_1/Mpc': 1.0}
skipping to the next model...
[PARENT][Rank 46] | ERROR: Child process failed during CLASS computation
Model: {'lensing': 'yes', 'output': 'tCl,lCl,pCl,mPk', 'l_max_scalars': 2508, 'k_pivot': 0.05, 'N_ur': 2.0328, 'N_ncdm': 1, 'm_ncdm': 0.06, 'T_ncdm': 0.71611, 'N_ncdm_decay_dr': 1, 'quadrature_strategy_ncdm_decay_dr': 3, 'ncdm_fluid_approximation': 3, 'maximum_q_ncdm_decay_dr': 15.0, 'background_method': 0, 'evolver': 1, 'N_momentum_bins_ncdm_decay_dr': 7, 'l_max_ncdm': 13, 'l_max_dr': 13, 'l_max_dr_col': 13, 'omega_b': 0.022425711, 'omega_cdm': 0.1271404, 'Neff_ini_dncdm': 0.1945292, 'log10lifetime_ncdm_decay_dr': 2.701126, 'm_ncdm_decay_dr': 4.07895, 'H0': 66.76102, 'ln10^{10}A_s': 3.05649, 'n_s': 0.9408007, 'tau_reio': 0.04995812, 'P_k_max_1/Mpc': 1.0}
skipping to the next model...
[CHILD][Parent Rank 157] | The following model took too long to complete: 
params: {'lensing': 'yes', 'output': 'tCl,lCl,pCl,mPk', 'l_max_scalars': 2508, 'k_pivot': 0.05, 'N_ur': 2.0328, 'N_ncdm': 1, 'm_ncdm': 0.06, 'T_ncdm': 0.71611, 'N_ncdm_decay_dr': 1, 'quadrature_strategy_ncdm_decay_dr': 3, 'ncdm_fluid_approximation': 3, 'maximum_q_ncdm_decay_dr': 15.0, 'background_method': 0, 'evolver': 1, 'N_momentum_bins_ncdm_decay_dr': 7, 'l_max_ncdm': 13, 'l_max_dr': 13, 'l_max_dr_col': 13, 'omega_b': 0.02335402, 'omega_cdm': 0.1323118, 'Neff_ini_dncdm': 0.7973439, 'log10lifetime_ncdm_decay_dr': 4.214824, 'm_ncdm_decay_dr': 0.05250744, 'H0': 72.9462, 'ln10^{10}A_s': 3.158565, 'n_s': 1.009778, 'tau_reio': 0.08378489, 'P_k_max_1/Mpc': 1.0}

[PARENT][Rank 157] | ERROR: Child process failed during CLASS computation
Model: {'lensing': 'yes', 'output': 'tCl,lCl,pCl,mPk', 'l_max_scalars': 2508, 'k_pivot': 0.05, 'N_ur': 2.0328, 'N_ncdm': 1, 'm_ncdm': 0.06, 'T_ncdm': 0.71611, 'N_ncdm_decay_dr': 1, 'quadrature_strategy_ncdm_decay_dr': 3, 'ncdm_fluid_approximation': 3, 'maximum_q_ncdm_decay_dr': 15.0, 'background_method': 0, 'evolver': 1, 'N_momentum_bins_ncdm_decay_dr': 7, 'l_max_ncdm': 13, 'l_max_dr': 13, 'l_max_dr_col': 13, 'omega_b': 0.02335402, 'omega_cdm': 0.1323118, 'Neff_ini_dncdm': 0.7973439, 'log10lifetime_ncdm_decay_dr': 4.214824, 'm_ncdm_decay_dr': 0.05250744, 'H0': 72.9462, 'ln10^{10}A_s': 3.158565, 'n_s': 1.009778, 'tau_reio': 0.08378489, 'P_k_max_1/Mpc': 1.0}
skipping to the next model...
[CHILD][Parent Rank 171] | The following model took too long to complete: 
params: {'lensing': 'yes', 'output': 'tCl,lCl,pCl,mPk', 'l_max_scalars': 2508, 'k_pivot': 0.05, 'N_ur': 2.0328, 'N_ncdm': 1, 'm_ncdm': 0.06, 'T_ncdm': 0.71611, 'N_ncdm_decay_dr': 1, 'quadrature_strategy_ncdm_decay_dr': 3, 'ncdm_fluid_approximation': 3, 'maximum_q_ncdm_decay_dr': 15.0, 'background_method': 0, 'evolver': 1, 'N_momentum_bins_ncdm_decay_dr': 7, 'l_max_ncdm': 13, 'l_max_dr': 13, 'l_max_dr_col': 13, 'omega_b': 0.02335402, 'omega_cdm': 0.1323118, 'Neff_ini_dncdm': 0.7973439, 'log10lifetime_ncdm_decay_dr': 4.214824, 'm_ncdm_decay_dr': 0.05250744, 'H0': 72.9462, 'ln10^{10}A_s': 3.158565, 'n_s': 1.009778, 'tau_reio': 0.08378489, 'P_k_max_1/Mpc': 1.0}

[PARENT][Rank 171] | ERROR: Child process failed during CLASS computation
Model: {'lensing': 'yes', 'output': 'tCl,lCl,pCl,mPk', 'l_max_scalars': 2508, 'k_pivot': 0.05, 'N_ur': 2.0328, 'N_ncdm': 1, 'm_ncdm': 0.06, 'T_ncdm': 0.71611, 'N_ncdm_decay_dr': 1, 'quadrature_strategy_ncdm_decay_dr': 3, 'ncdm_fluid_approximation': 3, 'maximum_q_ncdm_decay_dr': 15.0, 'background_method': 0, 'evolver': 1, 'N_momentum_bins_ncdm_decay_dr': 7, 'l_max_ncdm': 13, 'l_max_dr': 13, 'l_max_dr_col': 13, 'omega_b': 0.02335402, 'omega_cdm': 0.1323118, 'Neff_ini_dncdm': 0.7973439, 'log10lifetime_ncdm_decay_dr': 4.214824, 'm_ncdm_decay_dr': 0.05250744, 'H0': 72.9462, 'ln10^{10}A_s': 3.158565, 'n_s': 1.009778, 'tau_reio': 0.08378489, 'P_k_max_1/Mpc': 1.0}
skipping to the next model...
[CHILD][Parent Rank 185] | The following model took too long to complete: 
params: {'lensing': 'yes', 'output': 'tCl,lCl,pCl,mPk', 'l_max_scalars': 2508, 'k_pivot': 0.05, 'N_ur': 2.0328, 'N_ncdm': 1, 'm_ncdm': 0.06, 'T_ncdm': 0.71611, 'N_ncdm_decay_dr': 1, 'quadrature_strategy_ncdm_decay_dr': 3, 'ncdm_fluid_approximation': 3, 'maximum_q_ncdm_decay_dr': 15.0, 'background_method': 0, 'evolver': 1, 'N_momentum_bins_ncdm_decay_dr': 7, 'l_max_ncdm': 13, 'l_max_dr': 13, 'l_max_dr_col': 13, 'omega_b': 0.02335402, 'omega_cdm': 0.1323118, 'Neff_ini_dncdm': 0.7973439, 'log10lifetime_ncdm_decay_dr': 4.214824, 'm_ncdm_decay_dr': 0.05250744, 'H0': 72.9462, 'ln10^{10}A_s': 3.158565, 'n_s': 1.009778, 'tau_reio': 0.08378489, 'P_k_max_1/Mpc': 1.0}

[PARENT][Rank 185] | ERROR: Child process failed during CLASS computation
Model: {'lensing': 'yes', 'output': 'tCl,lCl,pCl,mPk', 'l_max_scalars': 2508, 'k_pivot': 0.05, 'N_ur': 2.0328, 'N_ncdm': 1, 'm_ncdm': 0.06, 'T_ncdm': 0.71611, 'N_ncdm_decay_dr': 1, 'quadrature_strategy_ncdm_decay_dr': 3, 'ncdm_fluid_approximation': 3, 'maximum_q_ncdm_decay_dr': 15.0, 'background_method': 0, 'evolver': 1, 'N_momentum_bins_ncdm_decay_dr': 7, 'l_max_ncdm': 13, 'l_max_dr': 13, 'l_max_dr_col': 13, 'omega_b': 0.02335402, 'omega_cdm': 0.1323118, 'Neff_ini_dncdm': 0.7973439, 'log10lifetime_ncdm_decay_dr': 4.214824, 'm_ncdm_decay_dr': 0.05250744, 'H0': 72.9462, 'ln10^{10}A_s': 3.158565, 'n_s': 1.009778, 'tau_reio': 0.08378489, 'P_k_max_1/Mpc': 1.0}
skipping to the next model...
[PARENT][Rank 46] | ERROR: Child process failed during likelihood calculation
Model: {'lensing': 'yes', 'output': 'tCl,lCl,pCl,mPk', 'l_max_scalars': 2508, 'k_pivot': 0.05, 'N_ur': 2.0328, 'N_ncdm': 1, 'm_ncdm': 0.06, 'T_ncdm': 0.71611, 'N_ncdm_decay_dr': 1, 'quadrature_strategy_ncdm_decay_dr': 3, 'ncdm_fluid_approximation': 3, 'maximum_q_ncdm_decay_dr': 15.0, 'background_method': 0, 'evolver': 1, 'N_momentum_bins_ncdm_decay_dr': 7, 'l_max_ncdm': 13, 'l_max_dr': 13, 'l_max_dr_col': 13, 'omega_b': 0.023182038, 'omega_cdm': 0.1300627, 'Neff_ini_dncdm': 0.6532906, 'log10lifetime_ncdm_decay_dr': 2.756028, 'm_ncdm_decay_dr': 6.533962, 'H0': 72.97241, 'ln10^{10}A_s': 3.119605, 'n_s': 1.003176, 'tau_reio': 0.07990449, 'P_k_max_1/Mpc': 1.0}
skipping to the next model...
[PARENT][Rank 46] | ERROR: Child process failed during CLASS computation
Model: {'lensing': 'yes', 'output': 'tCl,lCl,pCl,mPk', 'l_max_scalars': 2508, 'k_pivot': 0.05, 'N_ur': 2.0328, 'N_ncdm': 1, 'm_ncdm': 0.06, 'T_ncdm': 0.71611, 'N_ncdm_decay_dr': 1, 'quadrature_strategy_ncdm_decay_dr': 3, 'ncdm_fluid_approximation': 3, 'maximum_q_ncdm_decay_dr': 15.0, 'background_method': 0, 'evolver': 1, 'N_momentum_bins_ncdm_decay_dr': 7, 'l_max_ncdm': 13, 'l_max_dr': 13, 'l_max_dr_col': 13, 'omega_b': 0.02343234, 'omega_cdm': 0.1232634, 'Neff_ini_dncdm': 0.08873411, 'log10lifetime_ncdm_decay_dr': 2.027435, 'm_ncdm_decay_dr': 24.53487, 'H0': 67.83362, 'ln10^{10}A_s': 3.096846, 'n_s': 0.9590264, 'tau_reio': 0.07316407, 'P_k_max_1/Mpc': 1.0}
skipping to the next model...
[PARENT][Rank 259] | ERROR: Timeout while waiting for response from child process after CLASS computations. Child may be unresponsive.

[PARENT][Rank 281] | ERROR: Timeout while waiting for response from child process after CLASS computations. Child may be unresponsive.

[PARENT][Rank 278] | ERROR: Timeout while waiting for response from child process after CLASS computations. Child may be unresponsive.

[CHILD][Parent Rank 281] | The following model took too long to complete: 
params: {'lensing': 'yes', 'output': 'tCl,lCl,pCl,mPk', 'l_max_scalars': 2508, 'k_pivot': 0.05, 'N_ur': 2.0328, 'N_ncdm': 1, 'm_ncdm': 0.06, 'T_ncdm': 0.71611, 'N_ncdm_decay_dr': 1, 'quadrature_strategy_ncdm_decay_dr': 3, 'ncdm_fluid_approximation': 3, 'maximum_q_ncdm_decay_dr': 15.0, 'background_method': 0, 'evolver': 1, 'N_momentum_bins_ncdm_decay_dr': 7, 'l_max_ncdm': 13, 'l_max_dr': 13, 'l_max_dr_col': 13, 'omega_b': 0.022606019, 'omega_cdm': 0.1267541, 'Neff_ini_dncdm': 0.1160224, 'log10lifetime_ncdm_decay_dr': 4.541136, 'm_ncdm_decay_dr': 0.00367766, 'H0': 64.76215, 'ln10^{10}A_s': 2.994119, 'n_s': 0.9475118, 'tau_reio': 0.02635643, 'P_k_max_1/Mpc': 1.0}

[PARENT][Rank 281] | ERROR: Child process failed during CLASS computation
Model: {'lensing': 'yes', 'output': 'tCl,lCl,pCl,mPk', 'l_max_scalars': 2508, 'k_pivot': 0.05, 'N_ur': 2.0328, 'N_ncdm': 1, 'm_ncdm': 0.06, 'T_ncdm': 0.71611, 'N_ncdm_decay_dr': 1, 'quadrature_strategy_ncdm_decay_dr': 3, 'ncdm_fluid_approximation': 3, 'maximum_q_ncdm_decay_dr': 15.0, 'background_method': 0, 'evolver': 1, 'N_momentum_bins_ncdm_decay_dr': 7, 'l_max_ncdm': 13, 'l_max_dr': 13, 'l_max_dr_col': 13, 'omega_b': 0.02352168, 'omega_cdm': 0.1296069, 'Neff_ini_dncdm': 0.6068206, 'log10lifetime_ncdm_decay_dr': 4.162808, 'm_ncdm_decay_dr': 0.4066096, 'H0': 72.91064, 'ln10^{10}A_s': 3.237032, 'n_s': 1.031619, 'tau_reio': 0.1362757, 'P_k_max_1/Mpc': 1.0}
skipping to the next model...
[CHILD][Parent Rank 259] | The following model took too long to complete: 
params: {'lensing': 'yes', 'output': 'tCl,lCl,pCl,mPk', 'l_max_scalars': 2508, 'k_pivot': 0.05, 'N_ur': 2.0328, 'N_ncdm': 1, 'm_ncdm': 0.06, 'T_ncdm': 0.71611, 'N_ncdm_decay_dr': 1, 'quadrature_strategy_ncdm_decay_dr': 3, 'ncdm_fluid_approximation': 3, 'maximum_q_ncdm_decay_dr': 15.0, 'background_method': 0, 'evolver': 1, 'N_momentum_bins_ncdm_decay_dr': 7, 'l_max_ncdm': 13, 'l_max_dr': 13, 'l_max_dr_col': 13, 'omega_b': 0.022606019, 'omega_cdm': 0.1267541, 'Neff_ini_dncdm': 0.1160224, 'log10lifetime_ncdm_decay_dr': 4.541136, 'm_ncdm_decay_dr': 0.00367766, 'H0': 64.76215, 'ln10^{10}A_s': 2.994119, 'n_s': 0.9475118, 'tau_reio': 0.02635643, 'P_k_max_1/Mpc': 1.0}

[PARENT][Rank 259] | ERROR: Child process failed during CLASS computation
Model: {'lensing': 'yes', 'output': 'tCl,lCl,pCl,mPk', 'l_max_scalars': 2508, 'k_pivot': 0.05, 'N_ur': 2.0328, 'N_ncdm': 1, 'm_ncdm': 0.06, 'T_ncdm': 0.71611, 'N_ncdm_decay_dr': 1, 'quadrature_strategy_ncdm_decay_dr': 3, 'ncdm_fluid_approximation': 3, 'maximum_q_ncdm_decay_dr': 15.0, 'background_method': 0, 'evolver': 1, 'N_momentum_bins_ncdm_decay_dr': 7, 'l_max_ncdm': 13, 'l_max_dr': 13, 'l_max_dr_col': 13, 'omega_b': 0.0231491, 'omega_cdm': 0.1275644, 'Neff_ini_dncdm': 0.5749754, 'log10lifetime_ncdm_decay_dr': 4.458329, 'm_ncdm_decay_dr': 0.33022, 'H0': 72.04834, 'ln10^{10}A_s': 3.223979, 'n_s': 1.02103, 'tau_reio': 0.1283637, 'P_k_max_1/Mpc': 1.0}
skipping to the next model...
[CHILD][Parent Rank 278] | The following model took too long to complete: 
params: {'lensing': 'yes', 'output': 'tCl,lCl,pCl,mPk', 'l_max_scalars': 2508, 'k_pivot': 0.05, 'N_ur': 2.0328, 'N_ncdm': 1, 'm_ncdm': 0.06, 'T_ncdm': 0.71611, 'N_ncdm_decay_dr': 1, 'quadrature_strategy_ncdm_decay_dr': 3, 'ncdm_fluid_approximation': 3, 'maximum_q_ncdm_decay_dr': 15.0, 'background_method': 0, 'evolver': 1, 'N_momentum_bins_ncdm_decay_dr': 7, 'l_max_ncdm': 13, 'l_max_dr': 13, 'l_max_dr_col': 13, 'omega_b': 0.022606019, 'omega_cdm': 0.1267541, 'Neff_ini_dncdm': 0.1160224, 'log10lifetime_ncdm_decay_dr': 4.541136, 'm_ncdm_decay_dr': 0.00367766, 'H0': 64.76215, 'ln10^{10}A_s': 2.994119, 'n_s': 0.9475118, 'tau_reio': 0.02635643, 'P_k_max_1/Mpc': 1.0}

[PARENT][Rank 278] | ERROR: Child process failed during CLASS computation
Model: {'lensing': 'yes', 'output': 'tCl,lCl,pCl,mPk', 'l_max_scalars': 2508, 'k_pivot': 0.05, 'N_ur': 2.0328, 'N_ncdm': 1, 'm_ncdm': 0.06, 'T_ncdm': 0.71611, 'N_ncdm_decay_dr': 1, 'quadrature_strategy_ncdm_decay_dr': 3, 'ncdm_fluid_approximation': 3, 'maximum_q_ncdm_decay_dr': 15.0, 'background_method': 0, 'evolver': 1, 'N_momentum_bins_ncdm_decay_dr': 7, 'l_max_ncdm': 13, 'l_max_dr': 13, 'l_max_dr_col': 13, 'omega_b': 0.02352168, 'omega_cdm': 0.1296069, 'Neff_ini_dncdm': 0.6068206, 'log10lifetime_ncdm_decay_dr': 4.162808, 'm_ncdm_decay_dr': 0.4066096, 'H0': 72.91064, 'ln10^{10}A_s': 3.237032, 'n_s': 1.031619, 'tau_reio': 0.1362757, 'P_k_max_1/Mpc': 1.0}
skipping to the next model...
[CHILD][Parent Rank 311] | The following model took too long to complete: 
params: {'lensing': 'yes', 'output': 'tCl,lCl,pCl,mPk', 'l_max_scalars': 2508, 'k_pivot': 0.05, 'N_ur': 2.0328, 'N_ncdm': 1, 'm_ncdm': 0.06, 'T_ncdm': 0.71611, 'N_ncdm_decay_dr': 1, 'quadrature_strategy_ncdm_decay_dr': 3, 'ncdm_fluid_approximation': 3, 'maximum_q_ncdm_decay_dr': 15.0, 'background_method': 0, 'evolver': 1, 'N_momentum_bins_ncdm_decay_dr': 7, 'l_max_ncdm': 13, 'l_max_dr': 13, 'l_max_dr_col': 13, 'omega_b': 0.02222464, 'omega_cdm': 0.1198191, 'Neff_ini_dncdm': 0.1366361, 'log10lifetime_ncdm_decay_dr': 5.064426, 'm_ncdm_decay_dr': 0.06514083, 'H0': 66.44011, 'ln10^{10}A_s': 3.056402, 'n_s': 0.9285501, 'tau_reio': 0.0590778, 'P_k_max_1/Mpc': 1.0}

[PARENT][Rank 311] | ERROR: Child process failed during CLASS computation
Model: {'lensing': 'yes', 'output': 'tCl,lCl,pCl,mPk', 'l_max_scalars': 2508, 'k_pivot': 0.05, 'N_ur': 2.0328, 'N_ncdm': 1, 'm_ncdm': 0.06, 'T_ncdm': 0.71611, 'N_ncdm_decay_dr': 1, 'quadrature_strategy_ncdm_decay_dr': 3, 'ncdm_fluid_approximation': 3, 'maximum_q_ncdm_decay_dr': 15.0, 'background_method': 0, 'evolver': 1, 'N_momentum_bins_ncdm_decay_dr': 7, 'l_max_ncdm': 13, 'l_max_dr': 13, 'l_max_dr_col': 13, 'omega_b': 0.02222464, 'omega_cdm': 0.1198191, 'Neff_ini_dncdm': 0.1366361, 'log10lifetime_ncdm_decay_dr': 5.064426, 'm_ncdm_decay_dr': 0.06514083, 'H0': 66.44011, 'ln10^{10}A_s': 3.056402, 'n_s': 0.9285501, 'tau_reio': 0.0590778, 'P_k_max_1/Mpc': 1.0}
skipping to the next model...
[CHILD][Parent Rank 83] | The following model took too long to complete: 
params: {'lensing': 'yes', 'output': 'tCl,lCl,pCl,mPk', 'l_max_scalars': 2508, 'k_pivot': 0.05, 'N_ur': 2.0328, 'N_ncdm': 1, 'm_ncdm': 0.06, 'T_ncdm': 0.71611, 'N_ncdm_decay_dr': 1, 'quadrature_strategy_ncdm_decay_dr': 3, 'ncdm_fluid_approximation': 3, 'maximum_q_ncdm_decay_dr': 15.0, 'background_method': 0, 'evolver': 1, 'N_momentum_bins_ncdm_decay_dr': 7, 'l_max_ncdm': 13, 'l_max_dr': 13, 'l_max_dr_col': 13, 'omega_b': 0.02222464, 'omega_cdm': 0.1198191, 'Neff_ini_dncdm': 0.1366361, 'log10lifetime_ncdm_decay_dr': 5.064426, 'm_ncdm_decay_dr': 0.06514083, 'H0': 66.44011, 'ln10^{10}A_s': 3.056402, 'n_s': 0.9285501, 'tau_reio': 0.0590778, 'P_k_max_1/Mpc': 1.0}

[PARENT][Rank 83] | ERROR: Child process failed during CLASS computation
Model: {'lensing': 'yes', 'output': 'tCl,lCl,pCl,mPk', 'l_max_scalars': 2508, 'k_pivot': 0.05, 'N_ur': 2.0328, 'N_ncdm': 1, 'm_ncdm': 0.06, 'T_ncdm': 0.71611, 'N_ncdm_decay_dr': 1, 'quadrature_strategy_ncdm_decay_dr': 3, 'ncdm_fluid_approximation': 3, 'maximum_q_ncdm_decay_dr': 15.0, 'background_method': 0, 'evolver': 1, 'N_momentum_bins_ncdm_decay_dr': 7, 'l_max_ncdm': 13, 'l_max_dr': 13, 'l_max_dr_col': 13, 'omega_b': 0.02222464, 'omega_cdm': 0.1198191, 'Neff_ini_dncdm': 0.1366361, 'log10lifetime_ncdm_decay_dr': 5.064426, 'm_ncdm_decay_dr': 0.06514083, 'H0': 66.44011, 'ln10^{10}A_s': 3.056402, 'n_s': 0.9285501, 'tau_reio': 0.0590778, 'P_k_max_1/Mpc': 1.0}
skipping to the next model...
[CHILD][Parent Rank 380] | The following model took too long to complete: 
params: {'lensing': 'yes', 'output': 'tCl,lCl,pCl,mPk', 'l_max_scalars': 2508, 'k_pivot': 0.05, 'N_ur': 2.0328, 'N_ncdm': 1, 'm_ncdm': 0.06, 'T_ncdm': 0.71611, 'N_ncdm_decay_dr': 1, 'quadrature_strategy_ncdm_decay_dr': 3, 'ncdm_fluid_approximation': 3, 'maximum_q_ncdm_decay_dr': 15.0, 'background_method': 0, 'evolver': 1, 'N_momentum_bins_ncdm_decay_dr': 7, 'l_max_ncdm': 13, 'l_max_dr': 13, 'l_max_dr_col': 13, 'omega_b': 0.02222464, 'omega_cdm': 0.1198191, 'Neff_ini_dncdm': 0.1366361, 'log10lifetime_ncdm_decay_dr': 5.064426, 'm_ncdm_decay_dr': 0.06514083, 'H0': 66.44011, 'ln10^{10}A_s': 3.056402, 'n_s': 0.9285501, 'tau_reio': 0.0590778, 'P_k_max_1/Mpc': 1.0}

[PARENT][Rank 380] | ERROR: Child process failed during CLASS computation
Model: {'lensing': 'yes', 'output': 'tCl,lCl,pCl,mPk', 'l_max_scalars': 2508, 'k_pivot': 0.05, 'N_ur': 2.0328, 'N_ncdm': 1, 'm_ncdm': 0.06, 'T_ncdm': 0.71611, 'N_ncdm_decay_dr': 1, 'quadrature_strategy_ncdm_decay_dr': 3, 'ncdm_fluid_approximation': 3, 'maximum_q_ncdm_decay_dr': 15.0, 'background_method': 0, 'evolver': 1, 'N_momentum_bins_ncdm_decay_dr': 7, 'l_max_ncdm': 13, 'l_max_dr': 13, 'l_max_dr_col': 13, 'omega_b': 0.02222464, 'omega_cdm': 0.1198191, 'Neff_ini_dncdm': 0.1366361, 'log10lifetime_ncdm_decay_dr': 5.064426, 'm_ncdm_decay_dr': 0.06514083, 'H0': 66.44011, 'ln10^{10}A_s': 3.056402, 'n_s': 0.9285501, 'tau_reio': 0.0590778, 'P_k_max_1/Mpc': 1.0}
skipping to the next model...
[CHILD][Parent Rank 330] | The following model took too long to complete: 
params: {'lensing': 'yes', 'output': 'tCl,lCl,pCl,mPk', 'l_max_scalars': 2508, 'k_pivot': 0.05, 'N_ur': 2.0328, 'N_ncdm': 1, 'm_ncdm': 0.06, 'T_ncdm': 0.71611, 'N_ncdm_decay_dr': 1, 'quadrature_strategy_ncdm_decay_dr': 3, 'ncdm_fluid_approximation': 3, 'maximum_q_ncdm_decay_dr': 15.0, 'background_method': 0, 'evolver': 1, 'N_momentum_bins_ncdm_decay_dr': 7, 'l_max_ncdm': 13, 'l_max_dr': 13, 'l_max_dr_col': 13, 'omega_b': 0.02222464, 'omega_cdm': 0.1198191, 'Neff_ini_dncdm': 0.1366361, 'log10lifetime_ncdm_decay_dr': 5.064426, 'm_ncdm_decay_dr': 0.06514083, 'H0': 66.44011, 'ln10^{10}A_s': 3.056402, 'n_s': 0.9285501, 'tau_reio': 0.0590778, 'P_k_max_1/Mpc': 1.0}

[PARENT][Rank 330] | ERROR: Child process failed during CLASS computation
Model: {'lensing': 'yes', 'output': 'tCl,lCl,pCl,mPk', 'l_max_scalars': 2508, 'k_pivot': 0.05, 'N_ur': 2.0328, 'N_ncdm': 1, 'm_ncdm': 0.06, 'T_ncdm': 0.71611, 'N_ncdm_decay_dr': 1, 'quadrature_strategy_ncdm_decay_dr': 3, 'ncdm_fluid_approximation': 3, 'maximum_q_ncdm_decay_dr': 15.0, 'background_method': 0, 'evolver': 1, 'N_momentum_bins_ncdm_decay_dr': 7, 'l_max_ncdm': 13, 'l_max_dr': 13, 'l_max_dr_col': 13, 'omega_b': 0.02222464, 'omega_cdm': 0.1198191, 'Neff_ini_dncdm': 0.1366361, 'log10lifetime_ncdm_decay_dr': 5.064426, 'm_ncdm_decay_dr': 0.06514083, 'H0': 66.44011, 'ln10^{10}A_s': 3.056402, 'n_s': 0.9285501, 'tau_reio': 0.0590778, 'P_k_max_1/Mpc': 1.0}
skipping to the next model...
[CHILD][Parent Rank 306] | The following model took too long to complete: 
params: {'lensing': 'yes', 'output': 'tCl,lCl,pCl,mPk', 'l_max_scalars': 2508, 'k_pivot': 0.05, 'N_ur': 2.0328, 'N_ncdm': 1, 'm_ncdm': 0.06, 'T_ncdm': 0.71611, 'N_ncdm_decay_dr': 1, 'quadrature_strategy_ncdm_decay_dr': 3, 'ncdm_fluid_approximation': 3, 'maximum_q_ncdm_decay_dr': 15.0, 'background_method': 0, 'evolver': 1, 'N_momentum_bins_ncdm_decay_dr': 7, 'l_max_ncdm': 13, 'l_max_dr': 13, 'l_max_dr_col': 13, 'omega_b': 0.02222464, 'omega_cdm': 0.1198191, 'Neff_ini_dncdm': 0.1366361, 'log10lifetime_ncdm_decay_dr': 5.064426, 'm_ncdm_decay_dr': 0.06514083, 'H0': 66.44011, 'ln10^{10}A_s': 3.056402, 'n_s': 0.9285501, 'tau_reio': 0.0590778, 'P_k_max_1/Mpc': 1.0}

[PARENT][Rank 306] | ERROR: Child process failed during CLASS computation
Model: {'lensing': 'yes', 'output': 'tCl,lCl,pCl,mPk', 'l_max_scalars': 2508, 'k_pivot': 0.05, 'N_ur': 2.0328, 'N_ncdm': 1, 'm_ncdm': 0.06, 'T_ncdm': 0.71611, 'N_ncdm_decay_dr': 1, 'quadrature_strategy_ncdm_decay_dr': 3, 'ncdm_fluid_approximation': 3, 'maximum_q_ncdm_decay_dr': 15.0, 'background_method': 0, 'evolver': 1, 'N_momentum_bins_ncdm_decay_dr': 7, 'l_max_ncdm': 13, 'l_max_dr': 13, 'l_max_dr_col': 13, 'omega_b': 0.02222464, 'omega_cdm': 0.1198191, 'Neff_ini_dncdm': 0.1366361, 'log10lifetime_ncdm_decay_dr': 5.064426, 'm_ncdm_decay_dr': 0.06514083, 'H0': 66.44011, 'ln10^{10}A_s': 3.056402, 'n_s': 0.9285501, 'tau_reio': 0.0590778, 'P_k_max_1/Mpc': 1.0}
skipping to the next model...
[CHILD][Parent Rank 92] | The following model took too long to complete: 
params: {'lensing': 'yes', 'output': 'tCl,lCl,pCl,mPk', 'l_max_scalars': 2508, 'k_pivot': 0.05, 'N_ur': 2.0328, 'N_ncdm': 1, 'm_ncdm': 0.06, 'T_ncdm': 0.71611, 'N_ncdm_decay_dr': 1, 'quadrature_strategy_ncdm_decay_dr': 3, 'ncdm_fluid_approximation': 3, 'maximum_q_ncdm_decay_dr': 15.0, 'background_method': 0, 'evolver': 1, 'N_momentum_bins_ncdm_decay_dr': 7, 'l_max_ncdm': 13, 'l_max_dr': 13, 'l_max_dr_col': 13, 'omega_b': 0.02222464, 'omega_cdm': 0.1198191, 'Neff_ini_dncdm': 0.1366361, 'log10lifetime_ncdm_decay_dr': 5.064426, 'm_ncdm_decay_dr': 0.06514083, 'H0': 66.44011, 'ln10^{10}A_s': 3.056402, 'n_s': 0.9285501, 'tau_reio': 0.0590778, 'P_k_max_1/Mpc': 1.0}

[PARENT][Rank 92] | ERROR: Child process failed during CLASS computation
Model: {'lensing': 'yes', 'output': 'tCl,lCl,pCl,mPk', 'l_max_scalars': 2508, 'k_pivot': 0.05, 'N_ur': 2.0328, 'N_ncdm': 1, 'm_ncdm': 0.06, 'T_ncdm': 0.71611, 'N_ncdm_decay_dr': 1, 'quadrature_strategy_ncdm_decay_dr': 3, 'ncdm_fluid_approximation': 3, 'maximum_q_ncdm_decay_dr': 15.0, 'background_method': 0, 'evolver': 1, 'N_momentum_bins_ncdm_decay_dr': 7, 'l_max_ncdm': 13, 'l_max_dr': 13, 'l_max_dr_col': 13, 'omega_b': 0.02222464, 'omega_cdm': 0.1198191, 'Neff_ini_dncdm': 0.1366361, 'log10lifetime_ncdm_decay_dr': 5.064426, 'm_ncdm_decay_dr': 0.06514083, 'H0': 66.44011, 'ln10^{10}A_s': 3.056402, 'n_s': 0.9285501, 'tau_reio': 0.0590778, 'P_k_max_1/Mpc': 1.0}
skipping to the next model...
[PARENT][Rank 259] | ERROR: Timeout while waiting for PONG response from child process. Child may be unresponsive.
Respawning child process...
[PARENT][Rank 281] | ERROR: Timeout while waiting for PONG response from child process. Child may be unresponsive.
Respawning child process...
[PARENT][Rank 259] | WARNING: Child process died or is unresponsive. Respawning...
[PARENT][Rank 281] | WARNING: Child process died or is unresponsive. Respawning...
[PARENT][Rank 278] | ERROR: Timeout while waiting for PONG response from child process. Child may be unresponsive.
Respawning child process...
[PARENT][Rank 278] | WARNING: Child process died or is unresponsive. Respawning...
[PARENT][Rank 278] | [INFO] Successfully respawned child process.
[PARENT][Rank 259] | [INFO] Successfully respawned child process.
[PARENT][Rank 281] | [INFO] Successfully respawned child process.
[PARENT][Rank 46] | ERROR: Child process failed during likelihood calculation
Model: {'lensing': 'yes', 'output': 'tCl,lCl,pCl,mPk', 'l_max_scalars': 2508, 'k_pivot': 0.05, 'N_ur': 2.0328, 'N_ncdm': 1, 'm_ncdm': 0.06, 'T_ncdm': 0.71611, 'N_ncdm_decay_dr': 1, 'quadrature_strategy_ncdm_decay_dr': 3, 'ncdm_fluid_approximation': 3, 'maximum_q_ncdm_decay_dr': 15.0, 'background_method': 0, 'evolver': 1, 'N_momentum_bins_ncdm_decay_dr': 7, 'l_max_ncdm': 13, 'l_max_dr': 13, 'l_max_dr_col': 13, 'omega_b': 0.02333167, 'omega_cdm': 0.1245254, 'Neff_ini_dncdm': 0.5067643, 'log10lifetime_ncdm_decay_dr': 4.175802, 'm_ncdm_decay_dr': 0.2443592, 'H0': 72.00153, 'ln10^{10}A_s': 3.235139, 'n_s': 1.002567, 'tau_reio': 0.156615, 'P_k_max_1/Mpc': 1.0}
skipping to the next model...
[PARENT][Rank 46] | ERROR: Child process failed during CLASS computation
Model: {'lensing': 'yes', 'output': 'tCl,lCl,pCl,mPk', 'l_max_scalars': 2508, 'k_pivot': 0.05, 'N_ur': 2.0328, 'N_ncdm': 1, 'm_ncdm': 0.06, 'T_ncdm': 0.71611, 'N_ncdm_decay_dr': 1, 'quadrature_strategy_ncdm_decay_dr': 3, 'ncdm_fluid_approximation': 3, 'maximum_q_ncdm_decay_dr': 15.0, 'background_method': 0, 'evolver': 1, 'N_momentum_bins_ncdm_decay_dr': 7, 'l_max_ncdm': 13, 'l_max_dr': 13, 'l_max_dr_col': 13, 'omega_b': 0.022203058, 'omega_cdm': 0.1210278, 'Neff_ini_dncdm': 0.01892108, 'log10lifetime_ncdm_decay_dr': 3.030406, 'm_ncdm_decay_dr': 15.16183, 'H0': 66.80944, 'ln10^{10}A_s': 3.098768, 'n_s': 0.9577016, 'tau_reio': 0.06745637, 'P_k_max_1/Mpc': 1.0}
skipping to the next model...
[PARENT][Rank 254] | ERROR: Timeout while waiting for response from child process after CLASS computations. Child may be unresponsive.

[PARENT][Rank 257] | ERROR: Timeout while waiting for response from child process after CLASS computations. Child may be unresponsive.

[PARENT][Rank 273] | ERROR: Timeout while waiting for response from child process after CLASS computations. Child may be unresponsive.

[PARENT][Rank 275] | ERROR: Timeout while waiting for response from child process after CLASS computations. Child may be unresponsive.

[CHILD][Parent Rank 200] | The following model took too long to complete: 
params: {'lensing': 'yes', 'output': 'tCl,lCl,pCl,mPk', 'l_max_scalars': 2508, 'k_pivot': 0.05, 'N_ur': 2.0328, 'N_ncdm': 1, 'm_ncdm': 0.06, 'T_ncdm': 0.71611, 'N_ncdm_decay_dr': 1, 'quadrature_strategy_ncdm_decay_dr': 3, 'ncdm_fluid_approximation': 3, 'maximum_q_ncdm_decay_dr': 15.0, 'background_method': 0, 'evolver': 1, 'N_momentum_bins_ncdm_decay_dr': 7, 'l_max_ncdm': 13, 'l_max_dr': 13, 'l_max_dr_col': 13, 'omega_b': 0.023473999, 'omega_cdm': 0.1246738, 'Neff_ini_dncdm': 0.5358429, 'log10lifetime_ncdm_decay_dr': 4.576988, 'm_ncdm_decay_dr': 0.202739, 'H0': 72.98222, 'ln10^{10}A_s': 3.218836, 'n_s': 1.004929, 'tau_reio': 0.1450845, 'P_k_max_1/Mpc': 1.0}

[PARENT][Rank 200] | ERROR: Child process failed during CLASS computation
Model: {'lensing': 'yes', 'output': 'tCl,lCl,pCl,mPk', 'l_max_scalars': 2508, 'k_pivot': 0.05, 'N_ur': 2.0328, 'N_ncdm': 1, 'm_ncdm': 0.06, 'T_ncdm': 0.71611, 'N_ncdm_decay_dr': 1, 'quadrature_strategy_ncdm_decay_dr': 3, 'ncdm_fluid_approximation': 3, 'maximum_q_ncdm_decay_dr': 15.0, 'background_method': 0, 'evolver': 1, 'N_momentum_bins_ncdm_decay_dr': 7, 'l_max_ncdm': 13, 'l_max_dr': 13, 'l_max_dr_col': 13, 'omega_b': 0.023473999, 'omega_cdm': 0.1246738, 'Neff_ini_dncdm': 0.5358429, 'log10lifetime_ncdm_decay_dr': 4.576988, 'm_ncdm_decay_dr': 0.202739, 'H0': 72.98222, 'ln10^{10}A_s': 3.218836, 'n_s': 1.004929, 'tau_reio': 0.1450845, 'P_k_max_1/Mpc': 1.0}
skipping to the next model...
[CHILD][Parent Rank 147] | The following model took too long to complete: 
params: {'lensing': 'yes', 'output': 'tCl,lCl,pCl,mPk', 'l_max_scalars': 2508, 'k_pivot': 0.05, 'N_ur': 2.0328, 'N_ncdm': 1, 'm_ncdm': 0.06, 'T_ncdm': 0.71611, 'N_ncdm_decay_dr': 1, 'quadrature_strategy_ncdm_decay_dr': 3, 'ncdm_fluid_approximation': 3, 'maximum_q_ncdm_decay_dr': 15.0, 'background_method': 0, 'evolver': 1, 'N_momentum_bins_ncdm_decay_dr': 7, 'l_max_ncdm': 13, 'l_max_dr': 13, 'l_max_dr_col': 13, 'omega_b': 0.023473999, 'omega_cdm': 0.1246738, 'Neff_ini_dncdm': 0.5358429, 'log10lifetime_ncdm_decay_dr': 4.576988, 'm_ncdm_decay_dr': 0.202739, 'H0': 72.98222, 'ln10^{10}A_s': 3.218836, 'n_s': 1.004929, 'tau_reio': 0.1450845, 'P_k_max_1/Mpc': 1.0}

[PARENT][Rank 147] | ERROR: Child process failed during CLASS computation
Model: {'lensing': 'yes', 'output': 'tCl,lCl,pCl,mPk', 'l_max_scalars': 2508, 'k_pivot': 0.05, 'N_ur': 2.0328, 'N_ncdm': 1, 'm_ncdm': 0.06, 'T_ncdm': 0.71611, 'N_ncdm_decay_dr': 1, 'quadrature_strategy_ncdm_decay_dr': 3, 'ncdm_fluid_approximation': 3, 'maximum_q_ncdm_decay_dr': 15.0, 'background_method': 0, 'evolver': 1, 'N_momentum_bins_ncdm_decay_dr': 7, 'l_max_ncdm': 13, 'l_max_dr': 13, 'l_max_dr_col': 13, 'omega_b': 0.023473999, 'omega_cdm': 0.1246738, 'Neff_ini_dncdm': 0.5358429, 'log10lifetime_ncdm_decay_dr': 4.576988, 'm_ncdm_decay_dr': 0.202739, 'H0': 72.98222, 'ln10^{10}A_s': 3.218836, 'n_s': 1.004929, 'tau_reio': 0.1450845, 'P_k_max_1/Mpc': 1.0}
skipping to the next model...
[CHILD][Parent Rank 204] | The following model took too long to complete: 
params: {'lensing': 'yes', 'output': 'tCl,lCl,pCl,mPk', 'l_max_scalars': 2508, 'k_pivot': 0.05, 'N_ur': 2.0328, 'N_ncdm': 1, 'm_ncdm': 0.06, 'T_ncdm': 0.71611, 'N_ncdm_decay_dr': 1, 'quadrature_strategy_ncdm_decay_dr': 3, 'ncdm_fluid_approximation': 3, 'maximum_q_ncdm_decay_dr': 15.0, 'background_method': 0, 'evolver': 1, 'N_momentum_bins_ncdm_decay_dr': 7, 'l_max_ncdm': 13, 'l_max_dr': 13, 'l_max_dr_col': 13, 'omega_b': 0.023473999, 'omega_cdm': 0.1246738, 'Neff_ini_dncdm': 0.5358429, 'log10lifetime_ncdm_decay_dr': 4.576988, 'm_ncdm_decay_dr': 0.202739, 'H0': 72.98222, 'ln10^{10}A_s': 3.218836, 'n_s': 1.004929, 'tau_reio': 0.1450845, 'P_k_max_1/Mpc': 1.0}

[PARENT][Rank 204] | ERROR: Child process failed during CLASS computation
Model: {'lensing': 'yes', 'output': 'tCl,lCl,pCl,mPk', 'l_max_scalars': 2508, 'k_pivot': 0.05, 'N_ur': 2.0328, 'N_ncdm': 1, 'm_ncdm': 0.06, 'T_ncdm': 0.71611, 'N_ncdm_decay_dr': 1, 'quadrature_strategy_ncdm_decay_dr': 3, 'ncdm_fluid_approximation': 3, 'maximum_q_ncdm_decay_dr': 15.0, 'background_method': 0, 'evolver': 1, 'N_momentum_bins_ncdm_decay_dr': 7, 'l_max_ncdm': 13, 'l_max_dr': 13, 'l_max_dr_col': 13, 'omega_b': 0.023473999, 'omega_cdm': 0.1246738, 'Neff_ini_dncdm': 0.5358429, 'log10lifetime_ncdm_decay_dr': 4.576988, 'm_ncdm_decay_dr': 0.202739, 'H0': 72.98222, 'ln10^{10}A_s': 3.218836, 'n_s': 1.004929, 'tau_reio': 0.1450845, 'P_k_max_1/Mpc': 1.0}
skipping to the next model...
[CHILD][Parent Rank 80] | The following model took too long to complete: 
params: {'lensing': 'yes', 'output': 'tCl,lCl,pCl,mPk', 'l_max_scalars': 2508, 'k_pivot': 0.05, 'N_ur': 2.0328, 'N_ncdm': 1, 'm_ncdm': 0.06, 'T_ncdm': 0.71611, 'N_ncdm_decay_dr': 1, 'quadrature_strategy_ncdm_decay_dr': 3, 'ncdm_fluid_approximation': 3, 'maximum_q_ncdm_decay_dr': 15.0, 'background_method': 0, 'evolver': 1, 'N_momentum_bins_ncdm_decay_dr': 7, 'l_max_ncdm': 13, 'l_max_dr': 13, 'l_max_dr_col': 13, 'omega_b': 0.023687528, 'omega_cdm': 0.122857, 'Neff_ini_dncdm': 0.5628127, 'log10lifetime_ncdm_decay_dr': 4.003215, 'm_ncdm_decay_dr': 0.1511339, 'H0': 74.17863, 'ln10^{10}A_s': 3.273936, 'n_s': 1.021566, 'tau_reio': 0.1734183, 'P_k_max_1/Mpc': 1.0}

[PARENT][Rank 80] | ERROR: Child process failed during CLASS computation
Model: {'lensing': 'yes', 'output': 'tCl,lCl,pCl,mPk', 'l_max_scalars': 2508, 'k_pivot': 0.05, 'N_ur': 2.0328, 'N_ncdm': 1, 'm_ncdm': 0.06, 'T_ncdm': 0.71611, 'N_ncdm_decay_dr': 1, 'quadrature_strategy_ncdm_decay_dr': 3, 'ncdm_fluid_approximation': 3, 'maximum_q_ncdm_decay_dr': 15.0, 'background_method': 0, 'evolver': 1, 'N_momentum_bins_ncdm_decay_dr': 7, 'l_max_ncdm': 13, 'l_max_dr': 13, 'l_max_dr_col': 13, 'omega_b': 0.023687528, 'omega_cdm': 0.122857, 'Neff_ini_dncdm': 0.5628127, 'log10lifetime_ncdm_decay_dr': 4.003215, 'm_ncdm_decay_dr': 0.1511339, 'H0': 74.17863, 'ln10^{10}A_s': 3.273936, 'n_s': 1.021566, 'tau_reio': 0.1734183, 'P_k_max_1/Mpc': 1.0}
skipping to the next model...
[CHILD][Parent Rank 34] | The following model took too long to complete: 
params: {'lensing': 'yes', 'output': 'tCl,lCl,pCl,mPk', 'l_max_scalars': 2508, 'k_pivot': 0.05, 'N_ur': 2.0328, 'N_ncdm': 1, 'm_ncdm': 0.06, 'T_ncdm': 0.71611, 'N_ncdm_decay_dr': 1, 'quadrature_strategy_ncdm_decay_dr': 3, 'ncdm_fluid_approximation': 3, 'maximum_q_ncdm_decay_dr': 15.0, 'background_method': 0, 'evolver': 1, 'N_momentum_bins_ncdm_decay_dr': 7, 'l_max_ncdm': 13, 'l_max_dr': 13, 'l_max_dr_col': 13, 'omega_b': 0.023687528, 'omega_cdm': 0.122857, 'Neff_ini_dncdm': 0.5628127, 'log10lifetime_ncdm_decay_dr': 4.003215, 'm_ncdm_decay_dr': 0.1511339, 'H0': 74.17863, 'ln10^{10}A_s': 3.273936, 'n_s': 1.021566, 'tau_reio': 0.1734183, 'P_k_max_1/Mpc': 1.0}

[PARENT][Rank 34] | ERROR: Child process failed during CLASS computation
Model: {'lensing': 'yes', 'output': 'tCl,lCl,pCl,mPk', 'l_max_scalars': 2508, 'k_pivot': 0.05, 'N_ur': 2.0328, 'N_ncdm': 1, 'm_ncdm': 0.06, 'T_ncdm': 0.71611, 'N_ncdm_decay_dr': 1, 'quadrature_strategy_ncdm_decay_dr': 3, 'ncdm_fluid_approximation': 3, 'maximum_q_ncdm_decay_dr': 15.0, 'background_method': 0, 'evolver': 1, 'N_momentum_bins_ncdm_decay_dr': 7, 'l_max_ncdm': 13, 'l_max_dr': 13, 'l_max_dr_col': 13, 'omega_b': 0.023687528, 'omega_cdm': 0.122857, 'Neff_ini_dncdm': 0.5628127, 'log10lifetime_ncdm_decay_dr': 4.003215, 'm_ncdm_decay_dr': 0.1511339, 'H0': 74.17863, 'ln10^{10}A_s': 3.273936, 'n_s': 1.021566, 'tau_reio': 0.1734183, 'P_k_max_1/Mpc': 1.0}
skipping to the next model...
[CHILD][Parent Rank 375] | The following model took too long to complete: 
params: {'lensing': 'yes', 'output': 'tCl,lCl,pCl,mPk', 'l_max_scalars': 2508, 'k_pivot': 0.05, 'N_ur': 2.0328, 'N_ncdm': 1, 'm_ncdm': 0.06, 'T_ncdm': 0.71611, 'N_ncdm_decay_dr': 1, 'quadrature_strategy_ncdm_decay_dr': 3, 'ncdm_fluid_approximation': 3, 'maximum_q_ncdm_decay_dr': 15.0, 'background_method': 0, 'evolver': 1, 'N_momentum_bins_ncdm_decay_dr': 7, 'l_max_ncdm': 13, 'l_max_dr': 13, 'l_max_dr_col': 13, 'omega_b': 0.023687528, 'omega_cdm': 0.122857, 'Neff_ini_dncdm': 0.5628127, 'log10lifetime_ncdm_decay_dr': 4.003215, 'm_ncdm_decay_dr': 0.1511339, 'H0': 74.17863, 'ln10^{10}A_s': 3.273936, 'n_s': 1.021566, 'tau_reio': 0.1734183, 'P_k_max_1/Mpc': 1.0}

[PARENT][Rank 375] | ERROR: Child process failed during CLASS computation
Model: {'lensing': 'yes', 'output': 'tCl,lCl,pCl,mPk', 'l_max_scalars': 2508, 'k_pivot': 0.05, 'N_ur': 2.0328, 'N_ncdm': 1, 'm_ncdm': 0.06, 'T_ncdm': 0.71611, 'N_ncdm_decay_dr': 1, 'quadrature_strategy_ncdm_decay_dr': 3, 'ncdm_fluid_approximation': 3, 'maximum_q_ncdm_decay_dr': 15.0, 'background_method': 0, 'evolver': 1, 'N_momentum_bins_ncdm_decay_dr': 7, 'l_max_ncdm': 13, 'l_max_dr': 13, 'l_max_dr_col': 13, 'omega_b': 0.023687528, 'omega_cdm': 0.122857, 'Neff_ini_dncdm': 0.5628127, 'log10lifetime_ncdm_decay_dr': 4.003215, 'm_ncdm_decay_dr': 0.1511339, 'H0': 74.17863, 'ln10^{10}A_s': 3.273936, 'n_s': 1.021566, 'tau_reio': 0.1734183, 'P_k_max_1/Mpc': 1.0}
skipping to the next model...
[CHILD][Parent Rank 263] | The following model took too long to complete: 
params: {'lensing': 'yes', 'output': 'tCl,lCl,pCl,mPk', 'l_max_scalars': 2508, 'k_pivot': 0.05, 'N_ur': 2.0328, 'N_ncdm': 1, 'm_ncdm': 0.06, 'T_ncdm': 0.71611, 'N_ncdm_decay_dr': 1, 'quadrature_strategy_ncdm_decay_dr': 3, 'ncdm_fluid_approximation': 3, 'maximum_q_ncdm_decay_dr': 15.0, 'background_method': 0, 'evolver': 1, 'N_momentum_bins_ncdm_decay_dr': 7, 'l_max_ncdm': 13, 'l_max_dr': 13, 'l_max_dr_col': 13, 'omega_b': 0.023473999, 'omega_cdm': 0.1246738, 'Neff_ini_dncdm': 0.5358429, 'log10lifetime_ncdm_decay_dr': 4.576988, 'm_ncdm_decay_dr': 0.202739, 'H0': 72.98222, 'ln10^{10}A_s': 3.218836, 'n_s': 1.004929, 'tau_reio': 0.1450845, 'P_k_max_1/Mpc': 1.0}

[PARENT][Rank 263] | ERROR: Child process failed during CLASS computation
Model: {'lensing': 'yes', 'output': 'tCl,lCl,pCl,mPk', 'l_max_scalars': 2508, 'k_pivot': 0.05, 'N_ur': 2.0328, 'N_ncdm': 1, 'm_ncdm': 0.06, 'T_ncdm': 0.71611, 'N_ncdm_decay_dr': 1, 'quadrature_strategy_ncdm_decay_dr': 3, 'ncdm_fluid_approximation': 3, 'maximum_q_ncdm_decay_dr': 15.0, 'background_method': 0, 'evolver': 1, 'N_momentum_bins_ncdm_decay_dr': 7, 'l_max_ncdm': 13, 'l_max_dr': 13, 'l_max_dr_col': 13, 'omega_b': 0.023473999, 'omega_cdm': 0.1246738, 'Neff_ini_dncdm': 0.5358429, 'log10lifetime_ncdm_decay_dr': 4.576988, 'm_ncdm_decay_dr': 0.202739, 'H0': 72.98222, 'ln10^{10}A_s': 3.218836, 'n_s': 1.004929, 'tau_reio': 0.1450845, 'P_k_max_1/Mpc': 1.0}
skipping to the next model...
[CHILD][Parent Rank 331] | The following model took too long to complete: 
params: {'lensing': 'yes', 'output': 'tCl,lCl,pCl,mPk', 'l_max_scalars': 2508, 'k_pivot': 0.05, 'N_ur': 2.0328, 'N_ncdm': 1, 'm_ncdm': 0.06, 'T_ncdm': 0.71611, 'N_ncdm_decay_dr': 1, 'quadrature_strategy_ncdm_decay_dr': 3, 'ncdm_fluid_approximation': 3, 'maximum_q_ncdm_decay_dr': 15.0, 'background_method': 0, 'evolver': 1, 'N_momentum_bins_ncdm_decay_dr': 7, 'l_max_ncdm': 13, 'l_max_dr': 13, 'l_max_dr_col': 13, 'omega_b': 0.023687528, 'omega_cdm': 0.122857, 'Neff_ini_dncdm': 0.5628127, 'log10lifetime_ncdm_decay_dr': 4.003215, 'm_ncdm_decay_dr': 0.1511339, 'H0': 74.17863, 'ln10^{10}A_s': 3.273936, 'n_s': 1.021566, 'tau_reio': 0.1734183, 'P_k_max_1/Mpc': 1.0}

[PARENT][Rank 331] | ERROR: Child process failed during CLASS computation
Model: {'lensing': 'yes', 'output': 'tCl,lCl,pCl,mPk', 'l_max_scalars': 2508, 'k_pivot': 0.05, 'N_ur': 2.0328, 'N_ncdm': 1, 'm_ncdm': 0.06, 'T_ncdm': 0.71611, 'N_ncdm_decay_dr': 1, 'quadrature_strategy_ncdm_decay_dr': 3, 'ncdm_fluid_approximation': 3, 'maximum_q_ncdm_decay_dr': 15.0, 'background_method': 0, 'evolver': 1, 'N_momentum_bins_ncdm_decay_dr': 7, 'l_max_ncdm': 13, 'l_max_dr': 13, 'l_max_dr_col': 13, 'omega_b': 0.023687528, 'omega_cdm': 0.122857, 'Neff_ini_dncdm': 0.5628127, 'log10lifetime_ncdm_decay_dr': 4.003215, 'm_ncdm_decay_dr': 0.1511339, 'H0': 74.17863, 'ln10^{10}A_s': 3.273936, 'n_s': 1.021566, 'tau_reio': 0.1734183, 'P_k_max_1/Mpc': 1.0}
skipping to the next model...
[CHILD][Parent Rank 274] | The following model took too long to complete: 
params: {'lensing': 'yes', 'output': 'tCl,lCl,pCl,mPk', 'l_max_scalars': 2508, 'k_pivot': 0.05, 'N_ur': 2.0328, 'N_ncdm': 1, 'm_ncdm': 0.06, 'T_ncdm': 0.71611, 'N_ncdm_decay_dr': 1, 'quadrature_strategy_ncdm_decay_dr': 3, 'ncdm_fluid_approximation': 3, 'maximum_q_ncdm_decay_dr': 15.0, 'background_method': 0, 'evolver': 1, 'N_momentum_bins_ncdm_decay_dr': 7, 'l_max_ncdm': 13, 'l_max_dr': 13, 'l_max_dr_col': 13, 'omega_b': 0.023687528, 'omega_cdm': 0.122857, 'Neff_ini_dncdm': 0.5628127, 'log10lifetime_ncdm_decay_dr': 4.003215, 'm_ncdm_decay_dr': 0.1511339, 'H0': 74.17863, 'ln10^{10}A_s': 3.273936, 'n_s': 1.021566, 'tau_reio': 0.1734183, 'P_k_max_1/Mpc': 1.0}

[PARENT][Rank 274] | ERROR: Child process failed during CLASS computation
Model: {'lensing': 'yes', 'output': 'tCl,lCl,pCl,mPk', 'l_max_scalars': 2508, 'k_pivot': 0.05, 'N_ur': 2.0328, 'N_ncdm': 1, 'm_ncdm': 0.06, 'T_ncdm': 0.71611, 'N_ncdm_decay_dr': 1, 'quadrature_strategy_ncdm_decay_dr': 3, 'ncdm_fluid_approximation': 3, 'maximum_q_ncdm_decay_dr': 15.0, 'background_method': 0, 'evolver': 1, 'N_momentum_bins_ncdm_decay_dr': 7, 'l_max_ncdm': 13, 'l_max_dr': 13, 'l_max_dr_col': 13, 'omega_b': 0.023687528, 'omega_cdm': 0.122857, 'Neff_ini_dncdm': 0.5628127, 'log10lifetime_ncdm_decay_dr': 4.003215, 'm_ncdm_decay_dr': 0.1511339, 'H0': 74.17863, 'ln10^{10}A_s': 3.273936, 'n_s': 1.021566, 'tau_reio': 0.1734183, 'P_k_max_1/Mpc': 1.0}
skipping to the next model...
[CHILD][Parent Rank 281] | ERROR: Timeout while waiting for parent command. returning to PING PONG loop.
[CHILD][Parent Rank 259] | ERROR: Timeout while waiting for parent command. returning to PING PONG loop.
[CHILD][Parent Rank 278] | ERROR: Timeout while waiting for parent command. returning to PING PONG loop.
[CHILD][Parent Rank 254] | The following model took too long to complete: 
params: {'lensing': 'yes', 'output': 'tCl,lCl,pCl,mPk', 'l_max_scalars': 2508, 'k_pivot': 0.05, 'N_ur': 2.0328, 'N_ncdm': 1, 'm_ncdm': 0.06, 'T_ncdm': 0.71611, 'N_ncdm_decay_dr': 1, 'quadrature_strategy_ncdm_decay_dr': 3, 'ncdm_fluid_approximation': 3, 'maximum_q_ncdm_decay_dr': 15.0, 'background_method': 0, 'evolver': 1, 'N_momentum_bins_ncdm_decay_dr': 7, 'l_max_ncdm': 13, 'l_max_dr': 13, 'l_max_dr_col': 13, 'omega_b': 0.02224288, 'omega_cdm': 0.130362, 'Neff_ini_dncdm': 0.1534624, 'log10lifetime_ncdm_decay_dr': 4.584346, 'm_ncdm_decay_dr': 0.002254134, 'H0': 64.53689, 'ln10^{10}A_s': 2.986532, 'n_s': 0.9673592, 'tau_reio': 0.01542679, 'P_k_max_1/Mpc': 1.0}

[CHILD][Parent Rank 257] | The following model took too long to complete: 
params: {'lensing': 'yes', 'output': 'tCl,lCl,pCl,mPk', 'l_max_scalars': 2508, 'k_pivot': 0.05, 'N_ur': 2.0328, 'N_ncdm': 1, 'm_ncdm': 0.06, 'T_ncdm': 0.71611, 'N_ncdm_decay_dr': 1, 'quadrature_strategy_ncdm_decay_dr': 3, 'ncdm_fluid_approximation': 3, 'maximum_q_ncdm_decay_dr': 15.0, 'background_method': 0, 'evolver': 1, 'N_momentum_bins_ncdm_decay_dr': 7, 'l_max_ncdm': 13, 'l_max_dr': 13, 'l_max_dr_col': 13, 'omega_b': 0.02224288, 'omega_cdm': 0.130362, 'Neff_ini_dncdm': 0.1534624, 'log10lifetime_ncdm_decay_dr': 4.584346, 'm_ncdm_decay_dr': 0.002254134, 'H0': 64.53689, 'ln10^{10}A_s': 2.986532, 'n_s': 0.9673592, 'tau_reio': 0.01542679, 'P_k_max_1/Mpc': 1.0}

[PARENT][Rank 254] | ERROR: Child process failed during CLASS computation
Model: {'lensing': 'yes', 'output': 'tCl,lCl,pCl,mPk', 'l_max_scalars': 2508, 'k_pivot': 0.05, 'N_ur': 2.0328, 'N_ncdm': 1, 'm_ncdm': 0.06, 'T_ncdm': 0.71611, 'N_ncdm_decay_dr': 1, 'quadrature_strategy_ncdm_decay_dr': 3, 'ncdm_fluid_approximation': 3, 'maximum_q_ncdm_decay_dr': 15.0, 'background_method': 0, 'evolver': 1, 'N_momentum_bins_ncdm_decay_dr': 7, 'l_max_ncdm': 13, 'l_max_dr': 13, 'l_max_dr_col': 13, 'omega_b': 0.02304812, 'omega_cdm': 0.1264045, 'Neff_ini_dncdm': 0.5153827, 'log10lifetime_ncdm_decay_dr': 2.298877, 'm_ncdm_decay_dr': 3.646416, 'H0': 71.67905, 'ln10^{10}A_s': 3.0918, 'n_s': 0.968707, 'tau_reio': 0.07201156, 'P_k_max_1/Mpc': 1.0}
skipping to the next model...
[PARENT][Rank 257] | ERROR: Child process failed during CLASS computation
Model: {'lensing': 'yes', 'output': 'tCl,lCl,pCl,mPk', 'l_max_scalars': 2508, 'k_pivot': 0.05, 'N_ur': 2.0328, 'N_ncdm': 1, 'm_ncdm': 0.06, 'T_ncdm': 0.71611, 'N_ncdm_decay_dr': 1, 'quadrature_strategy_ncdm_decay_dr': 3, 'ncdm_fluid_approximation': 3, 'maximum_q_ncdm_decay_dr': 15.0, 'background_method': 0, 'evolver': 1, 'N_momentum_bins_ncdm_decay_dr': 7, 'l_max_ncdm': 13, 'l_max_dr': 13, 'l_max_dr_col': 13, 'omega_b': 0.022877678, 'omega_cdm': 0.1235716, 'Neff_ini_dncdm': 0.3629902, 'log10lifetime_ncdm_decay_dr': 2.662238, 'm_ncdm_decay_dr': 4.612517, 'H0': 71.08369, 'ln10^{10}A_s': 3.059868, 'n_s': 0.9665906, 'tau_reio': 0.06300234, 'P_k_max_1/Mpc': 1.0}
skipping to the next model...
[CHILD][Parent Rank 281] | ERROR: Timeout while waiting for message.
Exiting safely.
[CHILD][Parent Rank 273] | The following model took too long to complete: 
params: {'lensing': 'yes', 'output': 'tCl,lCl,pCl,mPk', 'l_max_scalars': 2508, 'k_pivot': 0.05, 'N_ur': 2.0328, 'N_ncdm': 1, 'm_ncdm': 0.06, 'T_ncdm': 0.71611, 'N_ncdm_decay_dr': 1, 'quadrature_strategy_ncdm_decay_dr': 3, 'ncdm_fluid_approximation': 3, 'maximum_q_ncdm_decay_dr': 15.0, 'background_method': 0, 'evolver': 1, 'N_momentum_bins_ncdm_decay_dr': 7, 'l_max_ncdm': 13, 'l_max_dr': 13, 'l_max_dr_col': 13, 'omega_b': 0.02224288, 'omega_cdm': 0.130362, 'Neff_ini_dncdm': 0.1534624, 'log10lifetime_ncdm_decay_dr': 4.584346, 'm_ncdm_decay_dr': 0.002254134, 'H0': 64.53689, 'ln10^{10}A_s': 2.986532, 'n_s': 0.9673592, 'tau_reio': 0.01542679, 'P_k_max_1/Mpc': 1.0}

[CHILD][Parent Rank 259] | ERROR: Timeout while waiting for message.
Exiting safely.
[PARENT][Rank 273] | ERROR: Child process failed during CLASS computation
Model: {'lensing': 'yes', 'output': 'tCl,lCl,pCl,mPk', 'l_max_scalars': 2508, 'k_pivot': 0.05, 'N_ur': 2.0328, 'N_ncdm': 1, 'm_ncdm': 0.06, 'T_ncdm': 0.71611, 'N_ncdm_decay_dr': 1, 'quadrature_strategy_ncdm_decay_dr': 3, 'ncdm_fluid_approximation': 3, 'maximum_q_ncdm_decay_dr': 15.0, 'background_method': 0, 'evolver': 1, 'N_momentum_bins_ncdm_decay_dr': 7, 'l_max_ncdm': 13, 'l_max_dr': 13, 'l_max_dr_col': 13, 'omega_b': 0.02279927, 'omega_cdm': 0.1279178, 'Neff_ini_dncdm': 0.3093716, 'log10lifetime_ncdm_decay_dr': 2.429952, 'm_ncdm_decay_dr': 2.943915, 'H0': 68.75892, 'ln10^{10}A_s': 3.029839, 'n_s': 0.950407, 'tau_reio': 0.03937895, 'P_k_max_1/Mpc': 1.0}
skipping to the next model...
[CHILD][Parent Rank 275] | The following model took too long to complete: 
params: {'lensing': 'yes', 'output': 'tCl,lCl,pCl,mPk', 'l_max_scalars': 2508, 'k_pivot': 0.05, 'N_ur': 2.0328, 'N_ncdm': 1, 'm_ncdm': 0.06, 'T_ncdm': 0.71611, 'N_ncdm_decay_dr': 1, 'quadrature_strategy_ncdm_decay_dr': 3, 'ncdm_fluid_approximation': 3, 'maximum_q_ncdm_decay_dr': 15.0, 'background_method': 0, 'evolver': 1, 'N_momentum_bins_ncdm_decay_dr': 7, 'l_max_ncdm': 13, 'l_max_dr': 13, 'l_max_dr_col': 13, 'omega_b': 0.02224288, 'omega_cdm': 0.130362, 'Neff_ini_dncdm': 0.1534624, 'log10lifetime_ncdm_decay_dr': 4.584346, 'm_ncdm_decay_dr': 0.002254134, 'H0': 64.53689, 'ln10^{10}A_s': 2.986532, 'n_s': 0.9673592, 'tau_reio': 0.01542679, 'P_k_max_1/Mpc': 1.0}

[CHILD][Parent Rank 278] | ERROR: Timeout while waiting for message.
Exiting safely.
[PARENT][Rank 275] | ERROR: Child process failed during CLASS computation
Model: {'lensing': 'yes', 'output': 'tCl,lCl,pCl,mPk', 'l_max_scalars': 2508, 'k_pivot': 0.05, 'N_ur': 2.0328, 'N_ncdm': 1, 'm_ncdm': 0.06, 'T_ncdm': 0.71611, 'N_ncdm_decay_dr': 1, 'quadrature_strategy_ncdm_decay_dr': 3, 'ncdm_fluid_approximation': 3, 'maximum_q_ncdm_decay_dr': 15.0, 'background_method': 0, 'evolver': 1, 'N_momentum_bins_ncdm_decay_dr': 7, 'l_max_ncdm': 13, 'l_max_dr': 13, 'l_max_dr_col': 13, 'omega_b': 0.02279927, 'omega_cdm': 0.1279178, 'Neff_ini_dncdm': 0.3093716, 'log10lifetime_ncdm_decay_dr': 2.429952, 'm_ncdm_decay_dr': 2.943915, 'H0': 68.75892, 'ln10^{10}A_s': 3.029839, 'n_s': 0.950407, 'tau_reio': 0.03937895, 'P_k_max_1/Mpc': 1.0}
skipping to the next model...
[CHILD][Parent Rank 338] | The following model took too long to complete: 
params: {'lensing': 'yes', 'output': 'tCl,lCl,pCl,mPk', 'l_max_scalars': 2508, 'k_pivot': 0.05, 'N_ur': 2.0328, 'N_ncdm': 1, 'm_ncdm': 0.06, 'T_ncdm': 0.71611, 'N_ncdm_decay_dr': 1, 'quadrature_strategy_ncdm_decay_dr': 3, 'ncdm_fluid_approximation': 3, 'maximum_q_ncdm_decay_dr': 15.0, 'background_method': 0, 'evolver': 1, 'N_momentum_bins_ncdm_decay_dr': 7, 'l_max_ncdm': 13, 'l_max_dr': 13, 'l_max_dr_col': 13, 'omega_b': 0.02242916, 'omega_cdm': 0.136167, 'Neff_ini_dncdm': 0.4668803, 'log10lifetime_ncdm_decay_dr': 3.640764, 'm_ncdm_decay_dr': 0.05736116, 'H0': 66.0415, 'ln10^{10}A_s': 3.050805, 'n_s': 0.9443645, 'tau_reio': 0.03851266, 'P_k_max_1/Mpc': 1.0}

[PARENT][Rank 338] | ERROR: Child process failed during CLASS computation
Model: {'lensing': 'yes', 'output': 'tCl,lCl,pCl,mPk', 'l_max_scalars': 2508, 'k_pivot': 0.05, 'N_ur': 2.0328, 'N_ncdm': 1, 'm_ncdm': 0.06, 'T_ncdm': 0.71611, 'N_ncdm_decay_dr': 1, 'quadrature_strategy_ncdm_decay_dr': 3, 'ncdm_fluid_approximation': 3, 'maximum_q_ncdm_decay_dr': 15.0, 'background_method': 0, 'evolver': 1, 'N_momentum_bins_ncdm_decay_dr': 7, 'l_max_ncdm': 13, 'l_max_dr': 13, 'l_max_dr_col': 13, 'omega_b': 0.02242916, 'omega_cdm': 0.136167, 'Neff_ini_dncdm': 0.4668803, 'log10lifetime_ncdm_decay_dr': 3.640764, 'm_ncdm_decay_dr': 0.05736116, 'H0': 66.0415, 'ln10^{10}A_s': 3.050805, 'n_s': 0.9443645, 'tau_reio': 0.03851266, 'P_k_max_1/Mpc': 1.0}
skipping to the next model...
[CHILD][Parent Rank 341] | The following model took too long to complete: 
params: {'lensing': 'yes', 'output': 'tCl,lCl,pCl,mPk', 'l_max_scalars': 2508, 'k_pivot': 0.05, 'N_ur': 2.0328, 'N_ncdm': 1, 'm_ncdm': 0.06, 'T_ncdm': 0.71611, 'N_ncdm_decay_dr': 1, 'quadrature_strategy_ncdm_decay_dr': 3, 'ncdm_fluid_approximation': 3, 'maximum_q_ncdm_decay_dr': 15.0, 'background_method': 0, 'evolver': 1, 'N_momentum_bins_ncdm_decay_dr': 7, 'l_max_ncdm': 13, 'l_max_dr': 13, 'l_max_dr_col': 13, 'omega_b': 0.02242916, 'omega_cdm': 0.136167, 'Neff_ini_dncdm': 0.4668803, 'log10lifetime_ncdm_decay_dr': 3.640764, 'm_ncdm_decay_dr': 0.05736116, 'H0': 66.0415, 'ln10^{10}A_s': 3.050805, 'n_s': 0.9443645, 'tau_reio': 0.03851266, 'P_k_max_1/Mpc': 1.0}

[PARENT][Rank 341] | ERROR: Child process failed during CLASS computation
Model: {'lensing': 'yes', 'output': 'tCl,lCl,pCl,mPk', 'l_max_scalars': 2508, 'k_pivot': 0.05, 'N_ur': 2.0328, 'N_ncdm': 1, 'm_ncdm': 0.06, 'T_ncdm': 0.71611, 'N_ncdm_decay_dr': 1, 'quadrature_strategy_ncdm_decay_dr': 3, 'ncdm_fluid_approximation': 3, 'maximum_q_ncdm_decay_dr': 15.0, 'background_method': 0, 'evolver': 1, 'N_momentum_bins_ncdm_decay_dr': 7, 'l_max_ncdm': 13, 'l_max_dr': 13, 'l_max_dr_col': 13, 'omega_b': 0.02242916, 'omega_cdm': 0.136167, 'Neff_ini_dncdm': 0.4668803, 'log10lifetime_ncdm_decay_dr': 3.640764, 'm_ncdm_decay_dr': 0.05736116, 'H0': 66.0415, 'ln10^{10}A_s': 3.050805, 'n_s': 0.9443645, 'tau_reio': 0.03851266, 'P_k_max_1/Mpc': 1.0}
skipping to the next model...
[CHILD][Parent Rank 348] | The following model took too long to complete: 
params: {'lensing': 'yes', 'output': 'tCl,lCl,pCl,mPk', 'l_max_scalars': 2508, 'k_pivot': 0.05, 'N_ur': 2.0328, 'N_ncdm': 1, 'm_ncdm': 0.06, 'T_ncdm': 0.71611, 'N_ncdm_decay_dr': 1, 'quadrature_strategy_ncdm_decay_dr': 3, 'ncdm_fluid_approximation': 3, 'maximum_q_ncdm_decay_dr': 15.0, 'background_method': 0, 'evolver': 1, 'N_momentum_bins_ncdm_decay_dr': 7, 'l_max_ncdm': 13, 'l_max_dr': 13, 'l_max_dr_col': 13, 'omega_b': 0.02242916, 'omega_cdm': 0.136167, 'Neff_ini_dncdm': 0.4668803, 'log10lifetime_ncdm_decay_dr': 3.640764, 'm_ncdm_decay_dr': 0.05736116, 'H0': 66.0415, 'ln10^{10}A_s': 3.050805, 'n_s': 0.9443645, 'tau_reio': 0.03851266, 'P_k_max_1/Mpc': 1.0}

[PARENT][Rank 348] | ERROR: Child process failed during CLASS computation
Model: {'lensing': 'yes', 'output': 'tCl,lCl,pCl,mPk', 'l_max_scalars': 2508, 'k_pivot': 0.05, 'N_ur': 2.0328, 'N_ncdm': 1, 'm_ncdm': 0.06, 'T_ncdm': 0.71611, 'N_ncdm_decay_dr': 1, 'quadrature_strategy_ncdm_decay_dr': 3, 'ncdm_fluid_approximation': 3, 'maximum_q_ncdm_decay_dr': 15.0, 'background_method': 0, 'evolver': 1, 'N_momentum_bins_ncdm_decay_dr': 7, 'l_max_ncdm': 13, 'l_max_dr': 13, 'l_max_dr_col': 13, 'omega_b': 0.02242916, 'omega_cdm': 0.136167, 'Neff_ini_dncdm': 0.4668803, 'log10lifetime_ncdm_decay_dr': 3.640764, 'm_ncdm_decay_dr': 0.05736116, 'H0': 66.0415, 'ln10^{10}A_s': 3.050805, 'n_s': 0.9443645, 'tau_reio': 0.03851266, 'P_k_max_1/Mpc': 1.0}
skipping to the next model...
[CHILD][Parent Rank 328] | The following model took too long to complete: 
params: {'lensing': 'yes', 'output': 'tCl,lCl,pCl,mPk', 'l_max_scalars': 2508, 'k_pivot': 0.05, 'N_ur': 2.0328, 'N_ncdm': 1, 'm_ncdm': 0.06, 'T_ncdm': 0.71611, 'N_ncdm_decay_dr': 1, 'quadrature_strategy_ncdm_decay_dr': 3, 'ncdm_fluid_approximation': 3, 'maximum_q_ncdm_decay_dr': 15.0, 'background_method': 0, 'evolver': 1, 'N_momentum_bins_ncdm_decay_dr': 7, 'l_max_ncdm': 13, 'l_max_dr': 13, 'l_max_dr_col': 13, 'omega_b': 0.02272546, 'omega_cdm': 0.1328798, 'Neff_ini_dncdm': 0.5068198, 'log10lifetime_ncdm_decay_dr': 3.419584, 'm_ncdm_decay_dr': 0.02942126, 'H0': 67.62734, 'ln10^{10}A_s': 3.034794, 'n_s': 0.9492969, 'tau_reio': 0.04293407, 'P_k_max_1/Mpc': 1.0}

[PARENT][Rank 328] | ERROR: Child process failed during CLASS computation
Model: {'lensing': 'yes', 'output': 'tCl,lCl,pCl,mPk', 'l_max_scalars': 2508, 'k_pivot': 0.05, 'N_ur': 2.0328, 'N_ncdm': 1, 'm_ncdm': 0.06, 'T_ncdm': 0.71611, 'N_ncdm_decay_dr': 1, 'quadrature_strategy_ncdm_decay_dr': 3, 'ncdm_fluid_approximation': 3, 'maximum_q_ncdm_decay_dr': 15.0, 'background_method': 0, 'evolver': 1, 'N_momentum_bins_ncdm_decay_dr': 7, 'l_max_ncdm': 13, 'l_max_dr': 13, 'l_max_dr_col': 13, 'omega_b': 0.02272546, 'omega_cdm': 0.1328798, 'Neff_ini_dncdm': 0.5068198, 'log10lifetime_ncdm_decay_dr': 3.419584, 'm_ncdm_decay_dr': 0.02942126, 'H0': 67.62734, 'ln10^{10}A_s': 3.034794, 'n_s': 0.9492969, 'tau_reio': 0.04293407, 'P_k_max_1/Mpc': 1.0}
skipping to the next model...
[CHILD][Parent Rank 260] | The following model took too long to complete: 
params: {'lensing': 'yes', 'output': 'tCl,lCl,pCl,mPk', 'l_max_scalars': 2508, 'k_pivot': 0.05, 'N_ur': 2.0328, 'N_ncdm': 1, 'm_ncdm': 0.06, 'T_ncdm': 0.71611, 'N_ncdm_decay_dr': 1, 'quadrature_strategy_ncdm_decay_dr': 3, 'ncdm_fluid_approximation': 3, 'maximum_q_ncdm_decay_dr': 15.0, 'background_method': 0, 'evolver': 1, 'N_momentum_bins_ncdm_decay_dr': 7, 'l_max_ncdm': 13, 'l_max_dr': 13, 'l_max_dr_col': 13, 'omega_b': 0.02272546, 'omega_cdm': 0.1328798, 'Neff_ini_dncdm': 0.5068198, 'log10lifetime_ncdm_decay_dr': 3.419584, 'm_ncdm_decay_dr': 0.02942126, 'H0': 67.62734, 'ln10^{10}A_s': 3.034794, 'n_s': 0.9492969, 'tau_reio': 0.04293407, 'P_k_max_1/Mpc': 1.0}

[PARENT][Rank 260] | ERROR: Child process failed during CLASS computation
Model: {'lensing': 'yes', 'output': 'tCl,lCl,pCl,mPk', 'l_max_scalars': 2508, 'k_pivot': 0.05, 'N_ur': 2.0328, 'N_ncdm': 1, 'm_ncdm': 0.06, 'T_ncdm': 0.71611, 'N_ncdm_decay_dr': 1, 'quadrature_strategy_ncdm_decay_dr': 3, 'ncdm_fluid_approximation': 3, 'maximum_q_ncdm_decay_dr': 15.0, 'background_method': 0, 'evolver': 1, 'N_momentum_bins_ncdm_decay_dr': 7, 'l_max_ncdm': 13, 'l_max_dr': 13, 'l_max_dr_col': 13, 'omega_b': 0.02272546, 'omega_cdm': 0.1328798, 'Neff_ini_dncdm': 0.5068198, 'log10lifetime_ncdm_decay_dr': 3.419584, 'm_ncdm_decay_dr': 0.02942126, 'H0': 67.62734, 'ln10^{10}A_s': 3.034794, 'n_s': 0.9492969, 'tau_reio': 0.04293407, 'P_k_max_1/Mpc': 1.0}
skipping to the next model...
[CHILD][Parent Rank 337] | The following model took too long to complete: 
params: {'lensing': 'yes', 'output': 'tCl,lCl,pCl,mPk', 'l_max_scalars': 2508, 'k_pivot': 0.05, 'N_ur': 2.0328, 'N_ncdm': 1, 'm_ncdm': 0.06, 'T_ncdm': 0.71611, 'N_ncdm_decay_dr': 1, 'quadrature_strategy_ncdm_decay_dr': 3, 'ncdm_fluid_approximation': 3, 'maximum_q_ncdm_decay_dr': 15.0, 'background_method': 0, 'evolver': 1, 'N_momentum_bins_ncdm_decay_dr': 7, 'l_max_ncdm': 13, 'l_max_dr': 13, 'l_max_dr_col': 13, 'omega_b': 0.02272546, 'omega_cdm': 0.1328798, 'Neff_ini_dncdm': 0.5068198, 'log10lifetime_ncdm_decay_dr': 3.419584, 'm_ncdm_decay_dr': 0.02942126, 'H0': 67.62734, 'ln10^{10}A_s': 3.034794, 'n_s': 0.9492969, 'tau_reio': 0.04293407, 'P_k_max_1/Mpc': 1.0}

[PARENT][Rank 337] | ERROR: Child process failed during CLASS computation
Model: {'lensing': 'yes', 'output': 'tCl,lCl,pCl,mPk', 'l_max_scalars': 2508, 'k_pivot': 0.05, 'N_ur': 2.0328, 'N_ncdm': 1, 'm_ncdm': 0.06, 'T_ncdm': 0.71611, 'N_ncdm_decay_dr': 1, 'quadrature_strategy_ncdm_decay_dr': 3, 'ncdm_fluid_approximation': 3, 'maximum_q_ncdm_decay_dr': 15.0, 'background_method': 0, 'evolver': 1, 'N_momentum_bins_ncdm_decay_dr': 7, 'l_max_ncdm': 13, 'l_max_dr': 13, 'l_max_dr_col': 13, 'omega_b': 0.02272546, 'omega_cdm': 0.1328798, 'Neff_ini_dncdm': 0.5068198, 'log10lifetime_ncdm_decay_dr': 3.419584, 'm_ncdm_decay_dr': 0.02942126, 'H0': 67.62734, 'ln10^{10}A_s': 3.034794, 'n_s': 0.9492969, 'tau_reio': 0.04293407, 'P_k_max_1/Mpc': 1.0}
skipping to the next model...
[CHILD][Parent Rank 244] | The following model took too long to complete: 
params: {'lensing': 'yes', 'output': 'tCl,lCl,pCl,mPk', 'l_max_scalars': 2508, 'k_pivot': 0.05, 'N_ur': 2.0328, 'N_ncdm': 1, 'm_ncdm': 0.06, 'T_ncdm': 0.71611, 'N_ncdm_decay_dr': 1, 'quadrature_strategy_ncdm_decay_dr': 3, 'ncdm_fluid_approximation': 3, 'maximum_q_ncdm_decay_dr': 15.0, 'background_method': 0, 'evolver': 1, 'N_momentum_bins_ncdm_decay_dr': 7, 'l_max_ncdm': 13, 'l_max_dr': 13, 'l_max_dr_col': 13, 'omega_b': 0.02272546, 'omega_cdm': 0.1328798, 'Neff_ini_dncdm': 0.5068198, 'log10lifetime_ncdm_decay_dr': 3.419584, 'm_ncdm_decay_dr': 0.02942126, 'H0': 67.62734, 'ln10^{10}A_s': 3.034794, 'n_s': 0.9492969, 'tau_reio': 0.04293407, 'P_k_max_1/Mpc': 1.0}

[PARENT][Rank 244] | ERROR: Child process failed during CLASS computation
Model: {'lensing': 'yes', 'output': 'tCl,lCl,pCl,mPk', 'l_max_scalars': 2508, 'k_pivot': 0.05, 'N_ur': 2.0328, 'N_ncdm': 1, 'm_ncdm': 0.06, 'T_ncdm': 0.71611, 'N_ncdm_decay_dr': 1, 'quadrature_strategy_ncdm_decay_dr': 3, 'ncdm_fluid_approximation': 3, 'maximum_q_ncdm_decay_dr': 15.0, 'background_method': 0, 'evolver': 1, 'N_momentum_bins_ncdm_decay_dr': 7, 'l_max_ncdm': 13, 'l_max_dr': 13, 'l_max_dr_col': 13, 'omega_b': 0.02272546, 'omega_cdm': 0.1328798, 'Neff_ini_dncdm': 0.5068198, 'log10lifetime_ncdm_decay_dr': 3.419584, 'm_ncdm_decay_dr': 0.02942126, 'H0': 67.62734, 'ln10^{10}A_s': 3.034794, 'n_s': 0.9492969, 'tau_reio': 0.04293407, 'P_k_max_1/Mpc': 1.0}
skipping to the next model...
[PARENT][Rank 254] | ERROR: Timeout while waiting for PONG response from child process. Child may be unresponsive.
Respawning child process...
[PARENT][Rank 254] | WARNING: Child process died or is unresponsive. Respawning...
[PARENT][Rank 257] | ERROR: Timeout while waiting for PONG response from child process. Child may be unresponsive.
Respawning child process...
[PARENT][Rank 257] | WARNING: Child process died or is unresponsive. Respawning...
[PARENT][Rank 46] | ERROR: Child process failed during likelihood calculation
Model: {'lensing': 'yes', 'output': 'tCl,lCl,pCl,mPk', 'l_max_scalars': 2508, 'k_pivot': 0.05, 'N_ur': 2.0328, 'N_ncdm': 1, 'm_ncdm': 0.06, 'T_ncdm': 0.71611, 'N_ncdm_decay_dr': 1, 'quadrature_strategy_ncdm_decay_dr': 3, 'ncdm_fluid_approximation': 3, 'maximum_q_ncdm_decay_dr': 15.0, 'background_method': 0, 'evolver': 1, 'N_momentum_bins_ncdm_decay_dr': 7, 'l_max_ncdm': 13, 'l_max_dr': 13, 'l_max_dr_col': 13, 'omega_b': 0.02175991, 'omega_cdm': 0.1224994, 'Neff_ini_dncdm': 0.06133955, 'log10lifetime_ncdm_decay_dr': 2.183607, 'm_ncdm_decay_dr': 11.10959, 'H0': 65.15453, 'ln10^{10}A_s': 3.032731, 'n_s': 0.9567913, 'tau_reio': 0.046344, 'P_k_max_1/Mpc': 1.0}
skipping to the next model...
[PARENT][Rank 257] | [INFO] Successfully respawned child process.
[PARENT][Rank 254] | [INFO] Successfully respawned child process.
[PARENT][Rank 46] | ERROR: Child process failed during CLASS computation
Model: {'lensing': 'yes', 'output': 'tCl,lCl,pCl,mPk', 'l_max_scalars': 2508, 'k_pivot': 0.05, 'N_ur': 2.0328, 'N_ncdm': 1, 'm_ncdm': 0.06, 'T_ncdm': 0.71611, 'N_ncdm_decay_dr': 1, 'quadrature_strategy_ncdm_decay_dr': 3, 'ncdm_fluid_approximation': 3, 'maximum_q_ncdm_decay_dr': 15.0, 'background_method': 0, 'evolver': 1, 'N_momentum_bins_ncdm_decay_dr': 7, 'l_max_ncdm': 13, 'l_max_dr': 13, 'l_max_dr_col': 13, 'omega_b': 0.02263204, 'omega_cdm': 0.128018, 'Neff_ini_dncdm': 0.09654037, 'log10lifetime_ncdm_decay_dr': 2.294851, 'm_ncdm_decay_dr': 1.957658, 'H0': 65.3402, 'ln10^{10}A_s': 3.035554, 'n_s': 0.9463888, 'tau_reio': 0.05950243, 'P_k_max_1/Mpc': 1.0}
skipping to the next model...
[PARENT][Rank 273] | ERROR: Timeout while waiting for PONG response from child process. Child may be unresponsive.
Respawning child process...
[PARENT][Rank 273] | WARNING: Child process died or is unresponsive. Respawning...
[PARENT][Rank 275] | ERROR: Timeout while waiting for PONG response from child process. Child may be unresponsive.
Respawning child process...
[PARENT][Rank 275] | WARNING: Child process died or is unresponsive. Respawning...
[PARENT][Rank 275] | [INFO] Successfully respawned child process.
[PARENT][Rank 273] | [INFO] Successfully respawned child process.
[CHILD][Parent Rank 257] | ERROR: Timeout while waiting for message.
Exiting safely.
[CHILD][Parent Rank 254] | ERROR: Timeout while waiting for message.
Exiting safely.
[CHILD][Parent Rank 275] | ERROR: Timeout while waiting for message.
Exiting safely.
[CHILD][Parent Rank 273] | ERROR: Timeout while waiting for message.
Exiting safely.
[PARENT][Rank 46] | ERROR: Child process failed during likelihood calculation
Model: {'lensing': 'yes', 'output': 'tCl,lCl,pCl,mPk', 'l_max_scalars': 2508, 'k_pivot': 0.05, 'N_ur': 2.0328, 'N_ncdm': 1, 'm_ncdm': 0.06, 'T_ncdm': 0.71611, 'N_ncdm_decay_dr': 1, 'quadrature_strategy_ncdm_decay_dr': 3, 'ncdm_fluid_approximation': 3, 'maximum_q_ncdm_decay_dr': 15.0, 'background_method': 0, 'evolver': 1, 'N_momentum_bins_ncdm_decay_dr': 7, 'l_max_ncdm': 13, 'l_max_dr': 13, 'l_max_dr_col': 13, 'omega_b': 0.02254492, 'omega_cdm': 0.1274857, 'Neff_ini_dncdm': 0.06591258, 'log10lifetime_ncdm_decay_dr': 3.443855, 'm_ncdm_decay_dr': 0.844549, 'H0': 65.57104, 'ln10^{10}A_s': 3.036192, 'n_s': 0.9470836, 'tau_reio': 0.05419598, 'P_k_max_1/Mpc': 1.0}
skipping to the next model...
[PARENT][Rank 46] | ERROR: Child process failed during CLASS computation
Model: {'lensing': 'yes', 'output': 'tCl,lCl,pCl,mPk', 'l_max_scalars': 2508, 'k_pivot': 0.05, 'N_ur': 2.0328, 'N_ncdm': 1, 'm_ncdm': 0.06, 'T_ncdm': 0.71611, 'N_ncdm_decay_dr': 1, 'quadrature_strategy_ncdm_decay_dr': 3, 'ncdm_fluid_approximation': 3, 'maximum_q_ncdm_decay_dr': 15.0, 'background_method': 0, 'evolver': 1, 'N_momentum_bins_ncdm_decay_dr': 7, 'l_max_ncdm': 13, 'l_max_dr': 13, 'l_max_dr_col': 13, 'omega_b': 0.02368963, 'omega_cdm': 0.1278169, 'Neff_ini_dncdm': 0.2907553, 'log10lifetime_ncdm_decay_dr': 2.835064, 'm_ncdm_decay_dr': 14.28706, 'H0': 70.47575, 'ln10^{10}A_s': 3.002636, 'n_s': 0.9831871, 'tau_reio': 0.03458837, 'P_k_max_1/Mpc': 1.0}
skipping to the next model...
[Master] [WARNING] Received ABORT command from ranks: {354}.
This is due to the parent failing closing down the child process properly.
Or the child process crashed or was unresponsive at some point.
Exiting through MPI.Abort() to prevent hanging/deadlock.
--------------------------------------------------------------------------
MPI_ABORT was invoked on rank 0 in communicator MPI_COMM_WORLD
with errorcode 1.

NOTE: invoking MPI_ABORT causes Open MPI to kill all MPI processes.
You may or may not see output from other processes, depending on
exactly when Open MPI kills them.
--------------------------------------------------------------------------
--------------------------------------------------------------------------
An MPI communication peer process has unexpectedly disconnected.  This
usually indicates a failure in the peer process (e.g., a crash or
otherwise exiting without calling MPI_FINALIZE first).

Although this local MPI process will likely now behave unpredictably
(it may even hang or crash), the root cause of this problem is the
failure of the peer -- that is what you need to investigate.  For
example, there may be a core file that you can examine.  More
generally: such peer hangups are frequently caused by application bugs
or other external events.

  Local host: s44n14
  Local PID:  4130153
  Peer host:  s44n12
--------------------------------------------------------------------------
--------------------------------------------------------------------------
WARNING: Open MPI failed to TCP connect to a peer MPI process.  This
should not happen.

Your Open MPI job may now hang or fail.

  Local host: s44n13
  PID:        2481977
  Message:    connect() to 10.10.44.12:1031 failed
  Error:      Operation now in progress (115)
--------------------------------------------------------------------------
[CHILD][Parent Rank 386] | CRITICAL ERROR: Process killed by SIGTERM (Job Cancelled or Terminated)
[CHILD][Parent Rank 296] | CRITICAL ERROR: Process killed by SIGTERM (Job Cancelled or Terminated)
[CHILD][Parent Rank 266] | CRITICAL ERROR: Process killed by SIGTERM (Job Cancelled or Terminated)
[CHILD][Parent Rank 53] | CRITICAL ERROR: Process killed by SIGTERM (Job Cancelled or Terminated)
[CHILD][Parent Rank 76] | CRITICAL ERROR: Process killed by SIGTERM (Job Cancelled or Terminated)
[CHILD][Parent Rank 85] | CRITICAL ERROR: Process killed by SIGTERM (Job Cancelled or Terminated)
[CHILD][Parent Rank 96] | CRITICAL ERROR: Process killed by SIGTERM (Job Cancelled or Terminated)
[s44n12.grendel.cscaa.dk:1749676] 6 more processes have sent help message help-mpi-btl-tcp.txt / peer hung up
[s44n12.grendel.cscaa.dk:1749676] Set MCA parameter "orte_base_help_aggregate" to 0 to see all help / error messages
[s44n12.grendel.cscaa.dk:1749676] 4 more processes have sent help message help-mpi-btl-tcp.txt / client connect fail
WARNING: mpirun failed with exit code 1, but calculations completed successfully. Checking for lingering MPI processes...
No lingering MPI processes found.
Check complete, continuing...
[CHILD][Parent Rank 344] | The following model took too long to complete: 
params: {'lensing': 'yes', 'output': 'tCl,lCl,pCl,mPk', 'l_max_scalars': 2508, 'k_pivot': 0.05, 'N_ur': 2.0328, 'N_ncdm': 1, 'm_ncdm': 0.06, 'T_ncdm': 0.71611, 'N_ncdm_decay_dr': 1, 'quadrature_strategy_ncdm_decay_dr': 3, 'ncdm_fluid_approximation': 3, 'maximum_q_ncdm_decay_dr': 15.0, 'background_method': 0, 'evolver': 1, 'N_momentum_bins_ncdm_decay_dr': 7, 'l_max_ncdm': 13, 'l_max_dr': 13, 'l_max_dr_col': 13, 'omega_b': 0.022954531, 'omega_cdm': 0.1219017, 'Neff_ini_dncdm': 0.4337045, 'log10lifetime_ncdm_decay_dr': 4.711627, 'm_ncdm_decay_dr': 0.222683, 'H0': 72.59904, 'ln10^{10}A_s': 3.077362, 'n_s': 0.9861046, 'tau_reio': 0.06427696, 'P_k_max_1/Mpc': 1.0}

[PARENT][Rank 344] | ERROR: Child process failed during CLASS computation
Model: {'lensing': 'yes', 'output': 'tCl,lCl,pCl,mPk', 'l_max_scalars': 2508, 'k_pivot': 0.05, 'N_ur': 2.0328, 'N_ncdm': 1, 'm_ncdm': 0.06, 'T_ncdm': 0.71611, 'N_ncdm_decay_dr': 1, 'quadrature_strategy_ncdm_decay_dr': 3, 'ncdm_fluid_approximation': 3, 'maximum_q_ncdm_decay_dr': 15.0, 'background_method': 0, 'evolver': 1, 'N_momentum_bins_ncdm_decay_dr': 7, 'l_max_ncdm': 13, 'l_max_dr': 13, 'l_max_dr_col': 13, 'omega_b': 0.022954531, 'omega_cdm': 0.1219017, 'Neff_ini_dncdm': 0.4337045, 'log10lifetime_ncdm_decay_dr': 4.711627, 'm_ncdm_decay_dr': 0.222683, 'H0': 72.59904, 'ln10^{10}A_s': 3.077362, 'n_s': 0.9861046, 'tau_reio': 0.06427696, 'P_k_max_1/Mpc': 1.0}
skipping to the next model...
[CHILD][Parent Rank 342] | The following model took too long to complete: 
params: {'lensing': 'yes', 'output': 'tCl,lCl,pCl,mPk', 'l_max_scalars': 2508, 'k_pivot': 0.05, 'N_ur': 2.0328, 'N_ncdm': 1, 'm_ncdm': 0.06, 'T_ncdm': 0.71611, 'N_ncdm_decay_dr': 1, 'quadrature_strategy_ncdm_decay_dr': 3, 'ncdm_fluid_approximation': 3, 'maximum_q_ncdm_decay_dr': 15.0, 'background_method': 0, 'evolver': 1, 'N_momentum_bins_ncdm_decay_dr': 7, 'l_max_ncdm': 13, 'l_max_dr': 13, 'l_max_dr_col': 13, 'omega_b': 0.022954531, 'omega_cdm': 0.1219017, 'Neff_ini_dncdm': 0.4337045, 'log10lifetime_ncdm_decay_dr': 4.711627, 'm_ncdm_decay_dr': 0.222683, 'H0': 72.59904, 'ln10^{10}A_s': 3.077362, 'n_s': 0.9861046, 'tau_reio': 0.06427696, 'P_k_max_1/Mpc': 1.0}

[PARENT][Rank 342] | ERROR: Child process failed during CLASS computation
Model: {'lensing': 'yes', 'output': 'tCl,lCl,pCl,mPk', 'l_max_scalars': 2508, 'k_pivot': 0.05, 'N_ur': 2.0328, 'N_ncdm': 1, 'm_ncdm': 0.06, 'T_ncdm': 0.71611, 'N_ncdm_decay_dr': 1, 'quadrature_strategy_ncdm_decay_dr': 3, 'ncdm_fluid_approximation': 3, 'maximum_q_ncdm_decay_dr': 15.0, 'background_method': 0, 'evolver': 1, 'N_momentum_bins_ncdm_decay_dr': 7, 'l_max_ncdm': 13, 'l_max_dr': 13, 'l_max_dr_col': 13, 'omega_b': 0.022954531, 'omega_cdm': 0.1219017, 'Neff_ini_dncdm': 0.4337045, 'log10lifetime_ncdm_decay_dr': 4.711627, 'm_ncdm_decay_dr': 0.222683, 'H0': 72.59904, 'ln10^{10}A_s': 3.077362, 'n_s': 0.9861046, 'tau_reio': 0.06427696, 'P_k_max_1/Mpc': 1.0}
skipping to the next model...
[CHILD][Parent Rank 314] | The following model took too long to complete: 
params: {'lensing': 'yes', 'output': 'tCl,lCl,pCl,mPk', 'l_max_scalars': 2508, 'k_pivot': 0.05, 'N_ur': 2.0328, 'N_ncdm': 1, 'm_ncdm': 0.06, 'T_ncdm': 0.71611, 'N_ncdm_decay_dr': 1, 'quadrature_strategy_ncdm_decay_dr': 3, 'ncdm_fluid_approximation': 3, 'maximum_q_ncdm_decay_dr': 15.0, 'background_method': 0, 'evolver': 1, 'N_momentum_bins_ncdm_decay_dr': 7, 'l_max_ncdm': 13, 'l_max_dr': 13, 'l_max_dr_col': 13, 'omega_b': 0.022954531, 'omega_cdm': 0.1219017, 'Neff_ini_dncdm': 0.4337045, 'log10lifetime_ncdm_decay_dr': 4.711627, 'm_ncdm_decay_dr': 0.222683, 'H0': 72.59904, 'ln10^{10}A_s': 3.077362, 'n_s': 0.9861046, 'tau_reio': 0.06427696, 'P_k_max_1/Mpc': 1.0}

[PARENT][Rank 314] | ERROR: Child process failed during CLASS computation
Model: {'lensing': 'yes', 'output': 'tCl,lCl,pCl,mPk', 'l_max_scalars': 2508, 'k_pivot': 0.05, 'N_ur': 2.0328, 'N_ncdm': 1, 'm_ncdm': 0.06, 'T_ncdm': 0.71611, 'N_ncdm_decay_dr': 1, 'quadrature_strategy_ncdm_decay_dr': 3, 'ncdm_fluid_approximation': 3, 'maximum_q_ncdm_decay_dr': 15.0, 'background_method': 0, 'evolver': 1, 'N_momentum_bins_ncdm_decay_dr': 7, 'l_max_ncdm': 13, 'l_max_dr': 13, 'l_max_dr_col': 13, 'omega_b': 0.022954531, 'omega_cdm': 0.1219017, 'Neff_ini_dncdm': 0.4337045, 'log10lifetime_ncdm_decay_dr': 4.711627, 'm_ncdm_decay_dr': 0.222683, 'H0': 72.59904, 'ln10^{10}A_s': 3.077362, 'n_s': 0.9861046, 'tau_reio': 0.06427696, 'P_k_max_1/Mpc': 1.0}
skipping to the next model...
[CHILD][Parent Rank 347] | The following model took too long to complete: 
params: {'lensing': 'yes', 'output': 'tCl,lCl,pCl,mPk', 'l_max_scalars': 2508, 'k_pivot': 0.05, 'N_ur': 2.0328, 'N_ncdm': 1, 'm_ncdm': 0.06, 'T_ncdm': 0.71611, 'N_ncdm_decay_dr': 1, 'quadrature_strategy_ncdm_decay_dr': 3, 'ncdm_fluid_approximation': 3, 'maximum_q_ncdm_decay_dr': 15.0, 'background_method': 0, 'evolver': 1, 'N_momentum_bins_ncdm_decay_dr': 7, 'l_max_ncdm': 13, 'l_max_dr': 13, 'l_max_dr_col': 13, 'omega_b': 0.022954531, 'omega_cdm': 0.1219017, 'Neff_ini_dncdm': 0.4337045, 'log10lifetime_ncdm_decay_dr': 4.711627, 'm_ncdm_decay_dr': 0.222683, 'H0': 72.59904, 'ln10^{10}A_s': 3.077362, 'n_s': 0.9861046, 'tau_reio': 0.06427696, 'P_k_max_1/Mpc': 1.0}

[PARENT][Rank 347] | ERROR: Child process failed during CLASS computation
Model: {'lensing': 'yes', 'output': 'tCl,lCl,pCl,mPk', 'l_max_scalars': 2508, 'k_pivot': 0.05, 'N_ur': 2.0328, 'N_ncdm': 1, 'm_ncdm': 0.06, 'T_ncdm': 0.71611, 'N_ncdm_decay_dr': 1, 'quadrature_strategy_ncdm_decay_dr': 3, 'ncdm_fluid_approximation': 3, 'maximum_q_ncdm_decay_dr': 15.0, 'background_method': 0, 'evolver': 1, 'N_momentum_bins_ncdm_decay_dr': 7, 'l_max_ncdm': 13, 'l_max_dr': 13, 'l_max_dr_col': 13, 'omega_b': 0.022954531, 'omega_cdm': 0.1219017, 'Neff_ini_dncdm': 0.4337045, 'log10lifetime_ncdm_decay_dr': 4.711627, 'm_ncdm_decay_dr': 0.222683, 'H0': 72.59904, 'ln10^{10}A_s': 3.077362, 'n_s': 0.9861046, 'tau_reio': 0.06427696, 'P_k_max_1/Mpc': 1.0}
skipping to the next model...
[CHILD][Parent Rank 297] | The following model took too long to complete: 
params: {'lensing': 'yes', 'output': 'tCl,lCl,pCl,mPk', 'l_max_scalars': 2508, 'k_pivot': 0.05, 'N_ur': 2.0328, 'N_ncdm': 1, 'm_ncdm': 0.06, 'T_ncdm': 0.71611, 'N_ncdm_decay_dr': 1, 'quadrature_strategy_ncdm_decay_dr': 3, 'ncdm_fluid_approximation': 3, 'maximum_q_ncdm_decay_dr': 15.0, 'background_method': 0, 'evolver': 1, 'N_momentum_bins_ncdm_decay_dr': 7, 'l_max_ncdm': 13, 'l_max_dr': 13, 'l_max_dr_col': 13, 'omega_b': 0.022297598, 'omega_cdm': 0.1272049, 'Neff_ini_dncdm': 0.4631007, 'log10lifetime_ncdm_decay_dr': 5.253802, 'm_ncdm_decay_dr': 0.04272617, 'H0': 69.27704, 'ln10^{10}A_s': 3.066272, 'n_s': 0.9797153, 'tau_reio': 0.05548677, 'P_k_max_1/Mpc': 1.0}

[PARENT][Rank 297] | ERROR: Child process failed during CLASS computation
Model: {'lensing': 'yes', 'output': 'tCl,lCl,pCl,mPk', 'l_max_scalars': 2508, 'k_pivot': 0.05, 'N_ur': 2.0328, 'N_ncdm': 1, 'm_ncdm': 0.06, 'T_ncdm': 0.71611, 'N_ncdm_decay_dr': 1, 'quadrature_strategy_ncdm_decay_dr': 3, 'ncdm_fluid_approximation': 3, 'maximum_q_ncdm_decay_dr': 15.0, 'background_method': 0, 'evolver': 1, 'N_momentum_bins_ncdm_decay_dr': 7, 'l_max_ncdm': 13, 'l_max_dr': 13, 'l_max_dr_col': 13, 'omega_b': 0.022297598, 'omega_cdm': 0.1272049, 'Neff_ini_dncdm': 0.4631007, 'log10lifetime_ncdm_decay_dr': 5.253802, 'm_ncdm_decay_dr': 0.04272617, 'H0': 69.27704, 'ln10^{10}A_s': 3.066272, 'n_s': 0.9797153, 'tau_reio': 0.05548677, 'P_k_max_1/Mpc': 1.0}
skipping to the next model...
[CHILD][Parent Rank 323] | The following model took too long to complete: 
params: {'lensing': 'yes', 'output': 'tCl,lCl,pCl,mPk', 'l_max_scalars': 2508, 'k_pivot': 0.05, 'N_ur': 2.0328, 'N_ncdm': 1, 'm_ncdm': 0.06, 'T_ncdm': 0.71611, 'N_ncdm_decay_dr': 1, 'quadrature_strategy_ncdm_decay_dr': 3, 'ncdm_fluid_approximation': 3, 'maximum_q_ncdm_decay_dr': 15.0, 'background_method': 0, 'evolver': 1, 'N_momentum_bins_ncdm_decay_dr': 7, 'l_max_ncdm': 13, 'l_max_dr': 13, 'l_max_dr_col': 13, 'omega_b': 0.022297598, 'omega_cdm': 0.1272049, 'Neff_ini_dncdm': 0.4631007, 'log10lifetime_ncdm_decay_dr': 5.253802, 'm_ncdm_decay_dr': 0.04272617, 'H0': 69.27704, 'ln10^{10}A_s': 3.066272, 'n_s': 0.9797153, 'tau_reio': 0.05548677, 'P_k_max_1/Mpc': 1.0}

[PARENT][Rank 323] | ERROR: Child process failed during CLASS computation
Model: {'lensing': 'yes', 'output': 'tCl,lCl,pCl,mPk', 'l_max_scalars': 2508, 'k_pivot': 0.05, 'N_ur': 2.0328, 'N_ncdm': 1, 'm_ncdm': 0.06, 'T_ncdm': 0.71611, 'N_ncdm_decay_dr': 1, 'quadrature_strategy_ncdm_decay_dr': 3, 'ncdm_fluid_approximation': 3, 'maximum_q_ncdm_decay_dr': 15.0, 'background_method': 0, 'evolver': 1, 'N_momentum_bins_ncdm_decay_dr': 7, 'l_max_ncdm': 13, 'l_max_dr': 13, 'l_max_dr_col': 13, 'omega_b': 0.022297598, 'omega_cdm': 0.1272049, 'Neff_ini_dncdm': 0.4631007, 'log10lifetime_ncdm_decay_dr': 5.253802, 'm_ncdm_decay_dr': 0.04272617, 'H0': 69.27704, 'ln10^{10}A_s': 3.066272, 'n_s': 0.9797153, 'tau_reio': 0.05548677, 'P_k_max_1/Mpc': 1.0}
skipping to the next model...
[CHILD][Parent Rank 295] | The following model took too long to complete: 
params: {'lensing': 'yes', 'output': 'tCl,lCl,pCl,mPk', 'l_max_scalars': 2508, 'k_pivot': 0.05, 'N_ur': 2.0328, 'N_ncdm': 1, 'm_ncdm': 0.06, 'T_ncdm': 0.71611, 'N_ncdm_decay_dr': 1, 'quadrature_strategy_ncdm_decay_dr': 3, 'ncdm_fluid_approximation': 3, 'maximum_q_ncdm_decay_dr': 15.0, 'background_method': 0, 'evolver': 1, 'N_momentum_bins_ncdm_decay_dr': 7, 'l_max_ncdm': 13, 'l_max_dr': 13, 'l_max_dr_col': 13, 'omega_b': 0.022297598, 'omega_cdm': 0.1272049, 'Neff_ini_dncdm': 0.4631007, 'log10lifetime_ncdm_decay_dr': 5.253802, 'm_ncdm_decay_dr': 0.04272617, 'H0': 69.27704, 'ln10^{10}A_s': 3.066272, 'n_s': 0.9797153, 'tau_reio': 0.05548677, 'P_k_max_1/Mpc': 1.0}

[PARENT][Rank 295] | ERROR: Child process failed during CLASS computation
Model: {'lensing': 'yes', 'output': 'tCl,lCl,pCl,mPk', 'l_max_scalars': 2508, 'k_pivot': 0.05, 'N_ur': 2.0328, 'N_ncdm': 1, 'm_ncdm': 0.06, 'T_ncdm': 0.71611, 'N_ncdm_decay_dr': 1, 'quadrature_strategy_ncdm_decay_dr': 3, 'ncdm_fluid_approximation': 3, 'maximum_q_ncdm_decay_dr': 15.0, 'background_method': 0, 'evolver': 1, 'N_momentum_bins_ncdm_decay_dr': 7, 'l_max_ncdm': 13, 'l_max_dr': 13, 'l_max_dr_col': 13, 'omega_b': 0.022297598, 'omega_cdm': 0.1272049, 'Neff_ini_dncdm': 0.4631007, 'log10lifetime_ncdm_decay_dr': 5.253802, 'm_ncdm_decay_dr': 0.04272617, 'H0': 69.27704, 'ln10^{10}A_s': 3.066272, 'n_s': 0.9797153, 'tau_reio': 0.05548677, 'P_k_max_1/Mpc': 1.0}
skipping to the next model...
[CHILD][Parent Rank 330] | The following model took too long to complete: 
params: {'lensing': 'yes', 'output': 'tCl,lCl,pCl,mPk', 'l_max_scalars': 2508, 'k_pivot': 0.05, 'N_ur': 2.0328, 'N_ncdm': 1, 'm_ncdm': 0.06, 'T_ncdm': 0.71611, 'N_ncdm_decay_dr': 1, 'quadrature_strategy_ncdm_decay_dr': 3, 'ncdm_fluid_approximation': 3, 'maximum_q_ncdm_decay_dr': 15.0, 'background_method': 0, 'evolver': 1, 'N_momentum_bins_ncdm_decay_dr': 7, 'l_max_ncdm': 13, 'l_max_dr': 13, 'l_max_dr_col': 13, 'omega_b': 0.022297598, 'omega_cdm': 0.1272049, 'Neff_ini_dncdm': 0.4631007, 'log10lifetime_ncdm_decay_dr': 5.253802, 'm_ncdm_decay_dr': 0.04272617, 'H0': 69.27704, 'ln10^{10}A_s': 3.066272, 'n_s': 0.9797153, 'tau_reio': 0.05548677, 'P_k_max_1/Mpc': 1.0}

[PARENT][Rank 330] | ERROR: Child process failed during CLASS computation
Model: {'lensing': 'yes', 'output': 'tCl,lCl,pCl,mPk', 'l_max_scalars': 2508, 'k_pivot': 0.05, 'N_ur': 2.0328, 'N_ncdm': 1, 'm_ncdm': 0.06, 'T_ncdm': 0.71611, 'N_ncdm_decay_dr': 1, 'quadrature_strategy_ncdm_decay_dr': 3, 'ncdm_fluid_approximation': 3, 'maximum_q_ncdm_decay_dr': 15.0, 'background_method': 0, 'evolver': 1, 'N_momentum_bins_ncdm_decay_dr': 7, 'l_max_ncdm': 13, 'l_max_dr': 13, 'l_max_dr_col': 13, 'omega_b': 0.022297598, 'omega_cdm': 0.1272049, 'Neff_ini_dncdm': 0.4631007, 'log10lifetime_ncdm_decay_dr': 5.253802, 'm_ncdm_decay_dr': 0.04272617, 'H0': 69.27704, 'ln10^{10}A_s': 3.066272, 'n_s': 0.9797153, 'tau_reio': 0.05548677, 'P_k_max_1/Mpc': 1.0}
skipping to the next model...
[CHILD][Parent Rank 311] | The following model took too long to complete: 
params: {'lensing': 'yes', 'output': 'tCl,lCl,pCl,mPk', 'l_max_scalars': 2508, 'k_pivot': 0.05, 'N_ur': 2.0328, 'N_ncdm': 1, 'm_ncdm': 0.06, 'T_ncdm': 0.71611, 'N_ncdm_decay_dr': 1, 'quadrature_strategy_ncdm_decay_dr': 3, 'ncdm_fluid_approximation': 3, 'maximum_q_ncdm_decay_dr': 15.0, 'background_method': 0, 'evolver': 1, 'N_momentum_bins_ncdm_decay_dr': 7, 'l_max_ncdm': 13, 'l_max_dr': 13, 'l_max_dr_col': 13, 'omega_b': 0.022297598, 'omega_cdm': 0.1272049, 'Neff_ini_dncdm': 0.4631007, 'log10lifetime_ncdm_decay_dr': 5.253802, 'm_ncdm_decay_dr': 0.04272617, 'H0': 69.27704, 'ln10^{10}A_s': 3.066272, 'n_s': 0.9797153, 'tau_reio': 0.05548677, 'P_k_max_1/Mpc': 1.0}

[PARENT][Rank 311] | ERROR: Child process failed during CLASS computation
Model: {'lensing': 'yes', 'output': 'tCl,lCl,pCl,mPk', 'l_max_scalars': 2508, 'k_pivot': 0.05, 'N_ur': 2.0328, 'N_ncdm': 1, 'm_ncdm': 0.06, 'T_ncdm': 0.71611, 'N_ncdm_decay_dr': 1, 'quadrature_strategy_ncdm_decay_dr': 3, 'ncdm_fluid_approximation': 3, 'maximum_q_ncdm_decay_dr': 15.0, 'background_method': 0, 'evolver': 1, 'N_momentum_bins_ncdm_decay_dr': 7, 'l_max_ncdm': 13, 'l_max_dr': 13, 'l_max_dr_col': 13, 'omega_b': 0.022297598, 'omega_cdm': 0.1272049, 'Neff_ini_dncdm': 0.4631007, 'log10lifetime_ncdm_decay_dr': 5.253802, 'm_ncdm_decay_dr': 0.04272617, 'H0': 69.27704, 'ln10^{10}A_s': 3.066272, 'n_s': 0.9797153, 'tau_reio': 0.05548677, 'P_k_max_1/Mpc': 1.0}
skipping to the next model...
[CHILD][Parent Rank 235] | The following model took too long to complete: 
params: {'lensing': 'yes', 'output': 'tCl,lCl,pCl,mPk', 'l_max_scalars': 2508, 'k_pivot': 0.05, 'N_ur': 2.0328, 'N_ncdm': 1, 'm_ncdm': 0.06, 'T_ncdm': 0.71611, 'N_ncdm_decay_dr': 1, 'quadrature_strategy_ncdm_decay_dr': 3, 'ncdm_fluid_approximation': 3, 'maximum_q_ncdm_decay_dr': 15.0, 'background_method': 0, 'evolver': 1, 'N_momentum_bins_ncdm_decay_dr': 7, 'l_max_ncdm': 13, 'l_max_dr': 13, 'l_max_dr_col': 13, 'omega_b': 0.022297598, 'omega_cdm': 0.1272049, 'Neff_ini_dncdm': 0.4631007, 'log10lifetime_ncdm_decay_dr': 5.253802, 'm_ncdm_decay_dr': 0.04272617, 'H0': 69.27704, 'ln10^{10}A_s': 3.066272, 'n_s': 0.9797153, 'tau_reio': 0.05548677, 'P_k_max_1/Mpc': 1.0}

[PARENT][Rank 235] | ERROR: Child process failed during CLASS computation
Model: {'lensing': 'yes', 'output': 'tCl,lCl,pCl,mPk', 'l_max_scalars': 2508, 'k_pivot': 0.05, 'N_ur': 2.0328, 'N_ncdm': 1, 'm_ncdm': 0.06, 'T_ncdm': 0.71611, 'N_ncdm_decay_dr': 1, 'quadrature_strategy_ncdm_decay_dr': 3, 'ncdm_fluid_approximation': 3, 'maximum_q_ncdm_decay_dr': 15.0, 'background_method': 0, 'evolver': 1, 'N_momentum_bins_ncdm_decay_dr': 7, 'l_max_ncdm': 13, 'l_max_dr': 13, 'l_max_dr_col': 13, 'omega_b': 0.022297598, 'omega_cdm': 0.1272049, 'Neff_ini_dncdm': 0.4631007, 'log10lifetime_ncdm_decay_dr': 5.253802, 'm_ncdm_decay_dr': 0.04272617, 'H0': 69.27704, 'ln10^{10}A_s': 3.066272, 'n_s': 0.9797153, 'tau_reio': 0.05548677, 'P_k_max_1/Mpc': 1.0}
skipping to the next model...
[CHILD][Parent Rank 237] | The following model took too long to complete: 
params: {'lensing': 'yes', 'output': 'tCl,lCl,pCl,mPk', 'l_max_scalars': 2508, 'k_pivot': 0.05, 'N_ur': 2.0328, 'N_ncdm': 1, 'm_ncdm': 0.06, 'T_ncdm': 0.71611, 'N_ncdm_decay_dr': 1, 'quadrature_strategy_ncdm_decay_dr': 3, 'ncdm_fluid_approximation': 3, 'maximum_q_ncdm_decay_dr': 15.0, 'background_method': 0, 'evolver': 1, 'N_momentum_bins_ncdm_decay_dr': 7, 'l_max_ncdm': 13, 'l_max_dr': 13, 'l_max_dr_col': 13, 'omega_b': 0.022297598, 'omega_cdm': 0.1272049, 'Neff_ini_dncdm': 0.4631007, 'log10lifetime_ncdm_decay_dr': 5.253802, 'm_ncdm_decay_dr': 0.04272617, 'H0': 69.27704, 'ln10^{10}A_s': 3.066272, 'n_s': 0.9797153, 'tau_reio': 0.05548677, 'P_k_max_1/Mpc': 1.0}

[PARENT][Rank 237] | ERROR: Child process failed during CLASS computation
Model: {'lensing': 'yes', 'output': 'tCl,lCl,pCl,mPk', 'l_max_scalars': 2508, 'k_pivot': 0.05, 'N_ur': 2.0328, 'N_ncdm': 1, 'm_ncdm': 0.06, 'T_ncdm': 0.71611, 'N_ncdm_decay_dr': 1, 'quadrature_strategy_ncdm_decay_dr': 3, 'ncdm_fluid_approximation': 3, 'maximum_q_ncdm_decay_dr': 15.0, 'background_method': 0, 'evolver': 1, 'N_momentum_bins_ncdm_decay_dr': 7, 'l_max_ncdm': 13, 'l_max_dr': 13, 'l_max_dr_col': 13, 'omega_b': 0.022297598, 'omega_cdm': 0.1272049, 'Neff_ini_dncdm': 0.4631007, 'log10lifetime_ncdm_decay_dr': 5.253802, 'm_ncdm_decay_dr': 0.04272617, 'H0': 69.27704, 'ln10^{10}A_s': 3.066272, 'n_s': 0.9797153, 'tau_reio': 0.05548677, 'P_k_max_1/Mpc': 1.0}
skipping to the next model...
[CHILD][Parent Rank 280] | The following model took too long to complete: 
params: {'lensing': 'yes', 'output': 'tCl,lCl,pCl,mPk', 'l_max_scalars': 2508, 'k_pivot': 0.05, 'N_ur': 2.0328, 'N_ncdm': 1, 'm_ncdm': 0.06, 'T_ncdm': 0.71611, 'N_ncdm_decay_dr': 1, 'quadrature_strategy_ncdm_decay_dr': 3, 'ncdm_fluid_approximation': 3, 'maximum_q_ncdm_decay_dr': 15.0, 'background_method': 0, 'evolver': 1, 'N_momentum_bins_ncdm_decay_dr': 7, 'l_max_ncdm': 13, 'l_max_dr': 13, 'l_max_dr_col': 13, 'omega_b': 0.022297598, 'omega_cdm': 0.1272049, 'Neff_ini_dncdm': 0.4631007, 'log10lifetime_ncdm_decay_dr': 5.253802, 'm_ncdm_decay_dr': 0.04272617, 'H0': 69.27704, 'ln10^{10}A_s': 3.066272, 'n_s': 0.9797153, 'tau_reio': 0.05548677, 'P_k_max_1/Mpc': 1.0}

[PARENT][Rank 280] | ERROR: Child process failed during CLASS computation
Model: {'lensing': 'yes', 'output': 'tCl,lCl,pCl,mPk', 'l_max_scalars': 2508, 'k_pivot': 0.05, 'N_ur': 2.0328, 'N_ncdm': 1, 'm_ncdm': 0.06, 'T_ncdm': 0.71611, 'N_ncdm_decay_dr': 1, 'quadrature_strategy_ncdm_decay_dr': 3, 'ncdm_fluid_approximation': 3, 'maximum_q_ncdm_decay_dr': 15.0, 'background_method': 0, 'evolver': 1, 'N_momentum_bins_ncdm_decay_dr': 7, 'l_max_ncdm': 13, 'l_max_dr': 13, 'l_max_dr_col': 13, 'omega_b': 0.022297598, 'omega_cdm': 0.1272049, 'Neff_ini_dncdm': 0.4631007, 'log10lifetime_ncdm_decay_dr': 5.253802, 'm_ncdm_decay_dr': 0.04272617, 'H0': 69.27704, 'ln10^{10}A_s': 3.066272, 'n_s': 0.9797153, 'tau_reio': 0.05548677, 'P_k_max_1/Mpc': 1.0}
skipping to the next model...
[CHILD][Parent Rank 269] | The following model took too long to complete: 
params: {'lensing': 'yes', 'output': 'tCl,lCl,pCl,mPk', 'l_max_scalars': 2508, 'k_pivot': 0.05, 'N_ur': 2.0328, 'N_ncdm': 1, 'm_ncdm': 0.06, 'T_ncdm': 0.71611, 'N_ncdm_decay_dr': 1, 'quadrature_strategy_ncdm_decay_dr': 3, 'ncdm_fluid_approximation': 3, 'maximum_q_ncdm_decay_dr': 15.0, 'background_method': 0, 'evolver': 1, 'N_momentum_bins_ncdm_decay_dr': 7, 'l_max_ncdm': 13, 'l_max_dr': 13, 'l_max_dr_col': 13, 'omega_b': 0.022297598, 'omega_cdm': 0.1272049, 'Neff_ini_dncdm': 0.4631007, 'log10lifetime_ncdm_decay_dr': 5.253802, 'm_ncdm_decay_dr': 0.04272617, 'H0': 69.27704, 'ln10^{10}A_s': 3.066272, 'n_s': 0.9797153, 'tau_reio': 0.05548677, 'P_k_max_1/Mpc': 1.0}

[PARENT][Rank 269] | ERROR: Child process failed during CLASS computation
Model: {'lensing': 'yes', 'output': 'tCl,lCl,pCl,mPk', 'l_max_scalars': 2508, 'k_pivot': 0.05, 'N_ur': 2.0328, 'N_ncdm': 1, 'm_ncdm': 0.06, 'T_ncdm': 0.71611, 'N_ncdm_decay_dr': 1, 'quadrature_strategy_ncdm_decay_dr': 3, 'ncdm_fluid_approximation': 3, 'maximum_q_ncdm_decay_dr': 15.0, 'background_method': 0, 'evolver': 1, 'N_momentum_bins_ncdm_decay_dr': 7, 'l_max_ncdm': 13, 'l_max_dr': 13, 'l_max_dr_col': 13, 'omega_b': 0.022297598, 'omega_cdm': 0.1272049, 'Neff_ini_dncdm': 0.4631007, 'log10lifetime_ncdm_decay_dr': 5.253802, 'm_ncdm_decay_dr': 0.04272617, 'H0': 69.27704, 'ln10^{10}A_s': 3.066272, 'n_s': 0.9797153, 'tau_reio': 0.05548677, 'P_k_max_1/Mpc': 1.0}
skipping to the next model...
[CHILD][Parent Rank 264] | The following model took too long to complete: 
params: {'lensing': 'yes', 'output': 'tCl,lCl,pCl,mPk', 'l_max_scalars': 2508, 'k_pivot': 0.05, 'N_ur': 2.0328, 'N_ncdm': 1, 'm_ncdm': 0.06, 'T_ncdm': 0.71611, 'N_ncdm_decay_dr': 1, 'quadrature_strategy_ncdm_decay_dr': 3, 'ncdm_fluid_approximation': 3, 'maximum_q_ncdm_decay_dr': 15.0, 'background_method': 0, 'evolver': 1, 'N_momentum_bins_ncdm_decay_dr': 7, 'l_max_ncdm': 13, 'l_max_dr': 13, 'l_max_dr_col': 13, 'omega_b': 0.022297598, 'omega_cdm': 0.1272049, 'Neff_ini_dncdm': 0.4631007, 'log10lifetime_ncdm_decay_dr': 5.253802, 'm_ncdm_decay_dr': 0.04272617, 'H0': 69.27704, 'ln10^{10}A_s': 3.066272, 'n_s': 0.9797153, 'tau_reio': 0.05548677, 'P_k_max_1/Mpc': 1.0}

[PARENT][Rank 264] | ERROR: Child process failed during CLASS computation
Model: {'lensing': 'yes', 'output': 'tCl,lCl,pCl,mPk', 'l_max_scalars': 2508, 'k_pivot': 0.05, 'N_ur': 2.0328, 'N_ncdm': 1, 'm_ncdm': 0.06, 'T_ncdm': 0.71611, 'N_ncdm_decay_dr': 1, 'quadrature_strategy_ncdm_decay_dr': 3, 'ncdm_fluid_approximation': 3, 'maximum_q_ncdm_decay_dr': 15.0, 'background_method': 0, 'evolver': 1, 'N_momentum_bins_ncdm_decay_dr': 7, 'l_max_ncdm': 13, 'l_max_dr': 13, 'l_max_dr_col': 13, 'omega_b': 0.022297598, 'omega_cdm': 0.1272049, 'Neff_ini_dncdm': 0.4631007, 'log10lifetime_ncdm_decay_dr': 5.253802, 'm_ncdm_decay_dr': 0.04272617, 'H0': 69.27704, 'ln10^{10}A_s': 3.066272, 'n_s': 0.9797153, 'tau_reio': 0.05548677, 'P_k_max_1/Mpc': 1.0}
skipping to the next model...
[CHILD][Parent Rank 188] | The following model took too long to complete: 
params: {'lensing': 'yes', 'output': 'tCl,lCl,pCl,mPk', 'l_max_scalars': 2508, 'k_pivot': 0.05, 'N_ur': 2.0328, 'N_ncdm': 1, 'm_ncdm': 0.06, 'T_ncdm': 0.71611, 'N_ncdm_decay_dr': 1, 'quadrature_strategy_ncdm_decay_dr': 3, 'ncdm_fluid_approximation': 3, 'maximum_q_ncdm_decay_dr': 15.0, 'background_method': 0, 'evolver': 1, 'N_momentum_bins_ncdm_decay_dr': 7, 'l_max_ncdm': 13, 'l_max_dr': 13, 'l_max_dr_col': 13, 'omega_b': 0.02152939, 'omega_cdm': 0.1263164, 'Neff_ini_dncdm': 0.3016733, 'log10lifetime_ncdm_decay_dr': 4.866512, 'm_ncdm_decay_dr': 0.1877412, 'H0': 67.17599, 'ln10^{10}A_s': 3.012619, 'n_s': 0.9620129, 'tau_reio': 0.0325808, 'P_k_max_1/Mpc': 1.0}

[PARENT][Rank 188] | ERROR: Child process failed during CLASS computation
Model: {'lensing': 'yes', 'output': 'tCl,lCl,pCl,mPk', 'l_max_scalars': 2508, 'k_pivot': 0.05, 'N_ur': 2.0328, 'N_ncdm': 1, 'm_ncdm': 0.06, 'T_ncdm': 0.71611, 'N_ncdm_decay_dr': 1, 'quadrature_strategy_ncdm_decay_dr': 3, 'ncdm_fluid_approximation': 3, 'maximum_q_ncdm_decay_dr': 15.0, 'background_method': 0, 'evolver': 1, 'N_momentum_bins_ncdm_decay_dr': 7, 'l_max_ncdm': 13, 'l_max_dr': 13, 'l_max_dr_col': 13, 'omega_b': 0.02152939, 'omega_cdm': 0.1263164, 'Neff_ini_dncdm': 0.3016733, 'log10lifetime_ncdm_decay_dr': 4.866512, 'm_ncdm_decay_dr': 0.1877412, 'H0': 67.17599, 'ln10^{10}A_s': 3.012619, 'n_s': 0.9620129, 'tau_reio': 0.0325808, 'P_k_max_1/Mpc': 1.0}
skipping to the next model...
[CHILD][Parent Rank 277] | The following model took too long to complete: 
params: {'lensing': 'yes', 'output': 'tCl,lCl,pCl,mPk', 'l_max_scalars': 2508, 'k_pivot': 0.05, 'N_ur': 2.0328, 'N_ncdm': 1, 'm_ncdm': 0.06, 'T_ncdm': 0.71611, 'N_ncdm_decay_dr': 1, 'quadrature_strategy_ncdm_decay_dr': 3, 'ncdm_fluid_approximation': 3, 'maximum_q_ncdm_decay_dr': 15.0, 'background_method': 0, 'evolver': 1, 'N_momentum_bins_ncdm_decay_dr': 7, 'l_max_ncdm': 13, 'l_max_dr': 13, 'l_max_dr_col': 13, 'omega_b': 0.02152939, 'omega_cdm': 0.1263164, 'Neff_ini_dncdm': 0.3016733, 'log10lifetime_ncdm_decay_dr': 4.866512, 'm_ncdm_decay_dr': 0.1877412, 'H0': 67.17599, 'ln10^{10}A_s': 3.012619, 'n_s': 0.9620129, 'tau_reio': 0.0325808, 'P_k_max_1/Mpc': 1.0}

[CHILD][Parent Rank 359] | The following model took too long to complete: 
params: {'lensing': 'yes', 'output': 'tCl,lCl,pCl,mPk', 'l_max_scalars': 2508, 'k_pivot': 0.05, 'N_ur': 2.0328, 'N_ncdm': 1, 'm_ncdm': 0.06, 'T_ncdm': 0.71611, 'N_ncdm_decay_dr': 1, 'quadrature_strategy_ncdm_decay_dr': 3, 'ncdm_fluid_approximation': 3, 'maximum_q_ncdm_decay_dr': 15.0, 'background_method': 0, 'evolver': 1, 'N_momentum_bins_ncdm_decay_dr': 7, 'l_max_ncdm': 13, 'l_max_dr': 13, 'l_max_dr_col': 13, 'omega_b': 0.02152939, 'omega_cdm': 0.1263164, 'Neff_ini_dncdm': 0.3016733, 'log10lifetime_ncdm_decay_dr': 4.866512, 'm_ncdm_decay_dr': 0.1877412, 'H0': 67.17599, 'ln10^{10}A_s': 3.012619, 'n_s': 0.9620129, 'tau_reio': 0.0325808, 'P_k_max_1/Mpc': 1.0}

[PARENT][Rank 277] | ERROR: Child process failed during CLASS computation
Model: {'lensing': 'yes', 'output': 'tCl,lCl,pCl,mPk', 'l_max_scalars': 2508, 'k_pivot': 0.05, 'N_ur': 2.0328, 'N_ncdm': 1, 'm_ncdm': 0.06, 'T_ncdm': 0.71611, 'N_ncdm_decay_dr': 1, 'quadrature_strategy_ncdm_decay_dr': 3, 'ncdm_fluid_approximation': 3, 'maximum_q_ncdm_decay_dr': 15.0, 'background_method': 0, 'evolver': 1, 'N_momentum_bins_ncdm_decay_dr': 7, 'l_max_ncdm': 13, 'l_max_dr': 13, 'l_max_dr_col': 13, 'omega_b': 0.02152939, 'omega_cdm': 0.1263164, 'Neff_ini_dncdm': 0.3016733, 'log10lifetime_ncdm_decay_dr': 4.866512, 'm_ncdm_decay_dr': 0.1877412, 'H0': 67.17599, 'ln10^{10}A_s': 3.012619, 'n_s': 0.9620129, 'tau_reio': 0.0325808, 'P_k_max_1/Mpc': 1.0}
skipping to the next model...
[PARENT][Rank 359] | ERROR: Child process failed during CLASS computation
Model: {'lensing': 'yes', 'output': 'tCl,lCl,pCl,mPk', 'l_max_scalars': 2508, 'k_pivot': 0.05, 'N_ur': 2.0328, 'N_ncdm': 1, 'm_ncdm': 0.06, 'T_ncdm': 0.71611, 'N_ncdm_decay_dr': 1, 'quadrature_strategy_ncdm_decay_dr': 3, 'ncdm_fluid_approximation': 3, 'maximum_q_ncdm_decay_dr': 15.0, 'background_method': 0, 'evolver': 1, 'N_momentum_bins_ncdm_decay_dr': 7, 'l_max_ncdm': 13, 'l_max_dr': 13, 'l_max_dr_col': 13, 'omega_b': 0.02152939, 'omega_cdm': 0.1263164, 'Neff_ini_dncdm': 0.3016733, 'log10lifetime_ncdm_decay_dr': 4.866512, 'm_ncdm_decay_dr': 0.1877412, 'H0': 67.17599, 'ln10^{10}A_s': 3.012619, 'n_s': 0.9620129, 'tau_reio': 0.0325808, 'P_k_max_1/Mpc': 1.0}
skipping to the next model...
[CHILD][Parent Rank 27] | The following model took too long to complete: 
params: {'lensing': 'yes', 'output': 'tCl,lCl,pCl,mPk', 'l_max_scalars': 2508, 'k_pivot': 0.05, 'N_ur': 2.0328, 'N_ncdm': 1, 'm_ncdm': 0.06, 'T_ncdm': 0.71611, 'N_ncdm_decay_dr': 1, 'quadrature_strategy_ncdm_decay_dr': 3, 'ncdm_fluid_approximation': 3, 'maximum_q_ncdm_decay_dr': 15.0, 'background_method': 0, 'evolver': 1, 'N_momentum_bins_ncdm_decay_dr': 7, 'l_max_ncdm': 13, 'l_max_dr': 13, 'l_max_dr_col': 13, 'omega_b': 0.02152939, 'omega_cdm': 0.1263164, 'Neff_ini_dncdm': 0.3016733, 'log10lifetime_ncdm_decay_dr': 4.866512, 'm_ncdm_decay_dr': 0.1877412, 'H0': 67.17599, 'ln10^{10}A_s': 3.012619, 'n_s': 0.9620129, 'tau_reio': 0.0325808, 'P_k_max_1/Mpc': 1.0}

[CHILD][Parent Rank 6] | The following model took too long to complete: 
params: {'lensing': 'yes', 'output': 'tCl,lCl,pCl,mPk', 'l_max_scalars': 2508, 'k_pivot': 0.05, 'N_ur': 2.0328, 'N_ncdm': 1, 'm_ncdm': 0.06, 'T_ncdm': 0.71611, 'N_ncdm_decay_dr': 1, 'quadrature_strategy_ncdm_decay_dr': 3, 'ncdm_fluid_approximation': 3, 'maximum_q_ncdm_decay_dr': 15.0, 'background_method': 0, 'evolver': 1, 'N_momentum_bins_ncdm_decay_dr': 7, 'l_max_ncdm': 13, 'l_max_dr': 13, 'l_max_dr_col': 13, 'omega_b': 0.02152939, 'omega_cdm': 0.1263164, 'Neff_ini_dncdm': 0.3016733, 'log10lifetime_ncdm_decay_dr': 4.866512, 'm_ncdm_decay_dr': 0.1877412, 'H0': 67.17599, 'ln10^{10}A_s': 3.012619, 'n_s': 0.9620129, 'tau_reio': 0.0325808, 'P_k_max_1/Mpc': 1.0}

[PARENT][Rank 6] | ERROR: Child process failed during CLASS computation
Model: {'lensing': 'yes', 'output': 'tCl,lCl,pCl,mPk', 'l_max_scalars': 2508, 'k_pivot': 0.05, 'N_ur': 2.0328, 'N_ncdm': 1, 'm_ncdm': 0.06, 'T_ncdm': 0.71611, 'N_ncdm_decay_dr': 1, 'quadrature_strategy_ncdm_decay_dr': 3, 'ncdm_fluid_approximation': 3, 'maximum_q_ncdm_decay_dr': 15.0, 'background_method': 0, 'evolver': 1, 'N_momentum_bins_ncdm_decay_dr': 7, 'l_max_ncdm': 13, 'l_max_dr': 13, 'l_max_dr_col': 13, 'omega_b': 0.02152939, 'omega_cdm': 0.1263164, 'Neff_ini_dncdm': 0.3016733, 'log10lifetime_ncdm_decay_dr': 4.866512, 'm_ncdm_decay_dr': 0.1877412, 'H0': 67.17599, 'ln10^{10}A_s': 3.012619, 'n_s': 0.9620129, 'tau_reio': 0.0325808, 'P_k_max_1/Mpc': 1.0}
skipping to the next model...
[PARENT][Rank 27] | ERROR: Child process failed during CLASS computation
Model: {'lensing': 'yes', 'output': 'tCl,lCl,pCl,mPk', 'l_max_scalars': 2508, 'k_pivot': 0.05, 'N_ur': 2.0328, 'N_ncdm': 1, 'm_ncdm': 0.06, 'T_ncdm': 0.71611, 'N_ncdm_decay_dr': 1, 'quadrature_strategy_ncdm_decay_dr': 3, 'ncdm_fluid_approximation': 3, 'maximum_q_ncdm_decay_dr': 15.0, 'background_method': 0, 'evolver': 1, 'N_momentum_bins_ncdm_decay_dr': 7, 'l_max_ncdm': 13, 'l_max_dr': 13, 'l_max_dr_col': 13, 'omega_b': 0.02152939, 'omega_cdm': 0.1263164, 'Neff_ini_dncdm': 0.3016733, 'log10lifetime_ncdm_decay_dr': 4.866512, 'm_ncdm_decay_dr': 0.1877412, 'H0': 67.17599, 'ln10^{10}A_s': 3.012619, 'n_s': 0.9620129, 'tau_reio': 0.0325808, 'P_k_max_1/Mpc': 1.0}
skipping to the next model...
[CHILD][Parent Rank 30] | The following model took too long to complete: 
params: {'lensing': 'yes', 'output': 'tCl,lCl,pCl,mPk', 'l_max_scalars': 2508, 'k_pivot': 0.05, 'N_ur': 2.0328, 'N_ncdm': 1, 'm_ncdm': 0.06, 'T_ncdm': 0.71611, 'N_ncdm_decay_dr': 1, 'quadrature_strategy_ncdm_decay_dr': 3, 'ncdm_fluid_approximation': 3, 'maximum_q_ncdm_decay_dr': 15.0, 'background_method': 0, 'evolver': 1, 'N_momentum_bins_ncdm_decay_dr': 7, 'l_max_ncdm': 13, 'l_max_dr': 13, 'l_max_dr_col': 13, 'omega_b': 0.02152939, 'omega_cdm': 0.1263164, 'Neff_ini_dncdm': 0.3016733, 'log10lifetime_ncdm_decay_dr': 4.866512, 'm_ncdm_decay_dr': 0.1877412, 'H0': 67.17599, 'ln10^{10}A_s': 3.012619, 'n_s': 0.9620129, 'tau_reio': 0.0325808, 'P_k_max_1/Mpc': 1.0}

[PARENT][Rank 30] | ERROR: Child process failed during CLASS computation
Model: {'lensing': 'yes', 'output': 'tCl,lCl,pCl,mPk', 'l_max_scalars': 2508, 'k_pivot': 0.05, 'N_ur': 2.0328, 'N_ncdm': 1, 'm_ncdm': 0.06, 'T_ncdm': 0.71611, 'N_ncdm_decay_dr': 1, 'quadrature_strategy_ncdm_decay_dr': 3, 'ncdm_fluid_approximation': 3, 'maximum_q_ncdm_decay_dr': 15.0, 'background_method': 0, 'evolver': 1, 'N_momentum_bins_ncdm_decay_dr': 7, 'l_max_ncdm': 13, 'l_max_dr': 13, 'l_max_dr_col': 13, 'omega_b': 0.02152939, 'omega_cdm': 0.1263164, 'Neff_ini_dncdm': 0.3016733, 'log10lifetime_ncdm_decay_dr': 4.866512, 'm_ncdm_decay_dr': 0.1877412, 'H0': 67.17599, 'ln10^{10}A_s': 3.012619, 'n_s': 0.9620129, 'tau_reio': 0.0325808, 'P_k_max_1/Mpc': 1.0}
skipping to the next model...
[CHILD][Parent Rank 311] | The following model took too long to complete: 
params: {'lensing': 'yes', 'output': 'tCl,lCl,pCl,mPk', 'l_max_scalars': 2508, 'k_pivot': 0.05, 'N_ur': 2.0328, 'N_ncdm': 1, 'm_ncdm': 0.06, 'T_ncdm': 0.71611, 'N_ncdm_decay_dr': 1, 'quadrature_strategy_ncdm_decay_dr': 3, 'ncdm_fluid_approximation': 3, 'maximum_q_ncdm_decay_dr': 15.0, 'background_method': 0, 'evolver': 1, 'N_momentum_bins_ncdm_decay_dr': 7, 'l_max_ncdm': 13, 'l_max_dr': 13, 'l_max_dr_col': 13, 'omega_b': 0.02205954, 'omega_cdm': 0.1209162, 'Neff_ini_dncdm': 0.05531096, 'log10lifetime_ncdm_decay_dr': 5.527123, 'm_ncdm_decay_dr': 0.05967791, 'H0': 67.77051, 'ln10^{10}A_s': 2.983644, 'n_s': 0.9540858, 'tau_reio': 0.02340524, 'P_k_max_1/Mpc': 1.0}

[PARENT][Rank 311] | ERROR: Child process failed during CLASS computation
Model: {'lensing': 'yes', 'output': 'tCl,lCl,pCl,mPk', 'l_max_scalars': 2508, 'k_pivot': 0.05, 'N_ur': 2.0328, 'N_ncdm': 1, 'm_ncdm': 0.06, 'T_ncdm': 0.71611, 'N_ncdm_decay_dr': 1, 'quadrature_strategy_ncdm_decay_dr': 3, 'ncdm_fluid_approximation': 3, 'maximum_q_ncdm_decay_dr': 15.0, 'background_method': 0, 'evolver': 1, 'N_momentum_bins_ncdm_decay_dr': 7, 'l_max_ncdm': 13, 'l_max_dr': 13, 'l_max_dr_col': 13, 'omega_b': 0.02205954, 'omega_cdm': 0.1209162, 'Neff_ini_dncdm': 0.05531096, 'log10lifetime_ncdm_decay_dr': 5.527123, 'm_ncdm_decay_dr': 0.05967791, 'H0': 67.77051, 'ln10^{10}A_s': 2.983644, 'n_s': 0.9540858, 'tau_reio': 0.02340524, 'P_k_max_1/Mpc': 1.0}
skipping to the next model...
[CHILD][Parent Rank 318] | The following model took too long to complete: 
params: {'lensing': 'yes', 'output': 'tCl,lCl,pCl,mPk', 'l_max_scalars': 2508, 'k_pivot': 0.05, 'N_ur': 2.0328, 'N_ncdm': 1, 'm_ncdm': 0.06, 'T_ncdm': 0.71611, 'N_ncdm_decay_dr': 1, 'quadrature_strategy_ncdm_decay_dr': 3, 'ncdm_fluid_approximation': 3, 'maximum_q_ncdm_decay_dr': 15.0, 'background_method': 0, 'evolver': 1, 'N_momentum_bins_ncdm_decay_dr': 7, 'l_max_ncdm': 13, 'l_max_dr': 13, 'l_max_dr_col': 13, 'omega_b': 0.02205954, 'omega_cdm': 0.1209162, 'Neff_ini_dncdm': 0.05531096, 'log10lifetime_ncdm_decay_dr': 5.527123, 'm_ncdm_decay_dr': 0.05967791, 'H0': 67.77051, 'ln10^{10}A_s': 2.983644, 'n_s': 0.9540858, 'tau_reio': 0.02340524, 'P_k_max_1/Mpc': 1.0}

[PARENT][Rank 318] | ERROR: Child process failed during CLASS computation
Model: {'lensing': 'yes', 'output': 'tCl,lCl,pCl,mPk', 'l_max_scalars': 2508, 'k_pivot': 0.05, 'N_ur': 2.0328, 'N_ncdm': 1, 'm_ncdm': 0.06, 'T_ncdm': 0.71611, 'N_ncdm_decay_dr': 1, 'quadrature_strategy_ncdm_decay_dr': 3, 'ncdm_fluid_approximation': 3, 'maximum_q_ncdm_decay_dr': 15.0, 'background_method': 0, 'evolver': 1, 'N_momentum_bins_ncdm_decay_dr': 7, 'l_max_ncdm': 13, 'l_max_dr': 13, 'l_max_dr_col': 13, 'omega_b': 0.02205954, 'omega_cdm': 0.1209162, 'Neff_ini_dncdm': 0.05531096, 'log10lifetime_ncdm_decay_dr': 5.527123, 'm_ncdm_decay_dr': 0.05967791, 'H0': 67.77051, 'ln10^{10}A_s': 2.983644, 'n_s': 0.9540858, 'tau_reio': 0.02340524, 'P_k_max_1/Mpc': 1.0}
skipping to the next model...
[CHILD][Parent Rank 328] | The following model took too long to complete: 
params: {'lensing': 'yes', 'output': 'tCl,lCl,pCl,mPk', 'l_max_scalars': 2508, 'k_pivot': 0.05, 'N_ur': 2.0328, 'N_ncdm': 1, 'm_ncdm': 0.06, 'T_ncdm': 0.71611, 'N_ncdm_decay_dr': 1, 'quadrature_strategy_ncdm_decay_dr': 3, 'ncdm_fluid_approximation': 3, 'maximum_q_ncdm_decay_dr': 15.0, 'background_method': 0, 'evolver': 1, 'N_momentum_bins_ncdm_decay_dr': 7, 'l_max_ncdm': 13, 'l_max_dr': 13, 'l_max_dr_col': 13, 'omega_b': 0.02205954, 'omega_cdm': 0.1209162, 'Neff_ini_dncdm': 0.05531096, 'log10lifetime_ncdm_decay_dr': 5.527123, 'm_ncdm_decay_dr': 0.05967791, 'H0': 67.77051, 'ln10^{10}A_s': 2.983644, 'n_s': 0.9540858, 'tau_reio': 0.02340524, 'P_k_max_1/Mpc': 1.0}

[PARENT][Rank 328] | ERROR: Child process failed during CLASS computation
Model: {'lensing': 'yes', 'output': 'tCl,lCl,pCl,mPk', 'l_max_scalars': 2508, 'k_pivot': 0.05, 'N_ur': 2.0328, 'N_ncdm': 1, 'm_ncdm': 0.06, 'T_ncdm': 0.71611, 'N_ncdm_decay_dr': 1, 'quadrature_strategy_ncdm_decay_dr': 3, 'ncdm_fluid_approximation': 3, 'maximum_q_ncdm_decay_dr': 15.0, 'background_method': 0, 'evolver': 1, 'N_momentum_bins_ncdm_decay_dr': 7, 'l_max_ncdm': 13, 'l_max_dr': 13, 'l_max_dr_col': 13, 'omega_b': 0.02205954, 'omega_cdm': 0.1209162, 'Neff_ini_dncdm': 0.05531096, 'log10lifetime_ncdm_decay_dr': 5.527123, 'm_ncdm_decay_dr': 0.05967791, 'H0': 67.77051, 'ln10^{10}A_s': 2.983644, 'n_s': 0.9540858, 'tau_reio': 0.02340524, 'P_k_max_1/Mpc': 1.0}
skipping to the next model...
[CHILD][Parent Rank 321] | The following model took too long to complete: 
params: {'lensing': 'yes', 'output': 'tCl,lCl,pCl,mPk', 'l_max_scalars': 2508, 'k_pivot': 0.05, 'N_ur': 2.0328, 'N_ncdm': 1, 'm_ncdm': 0.06, 'T_ncdm': 0.71611, 'N_ncdm_decay_dr': 1, 'quadrature_strategy_ncdm_decay_dr': 3, 'ncdm_fluid_approximation': 3, 'maximum_q_ncdm_decay_dr': 15.0, 'background_method': 0, 'evolver': 1, 'N_momentum_bins_ncdm_decay_dr': 7, 'l_max_ncdm': 13, 'l_max_dr': 13, 'l_max_dr_col': 13, 'omega_b': 0.02205954, 'omega_cdm': 0.1209162, 'Neff_ini_dncdm': 0.05531096, 'log10lifetime_ncdm_decay_dr': 5.527123, 'm_ncdm_decay_dr': 0.05967791, 'H0': 67.77051, 'ln10^{10}A_s': 2.983644, 'n_s': 0.9540858, 'tau_reio': 0.02340524, 'P_k_max_1/Mpc': 1.0}

[PARENT][Rank 321] | ERROR: Child process failed during CLASS computation
Model: {'lensing': 'yes', 'output': 'tCl,lCl,pCl,mPk', 'l_max_scalars': 2508, 'k_pivot': 0.05, 'N_ur': 2.0328, 'N_ncdm': 1, 'm_ncdm': 0.06, 'T_ncdm': 0.71611, 'N_ncdm_decay_dr': 1, 'quadrature_strategy_ncdm_decay_dr': 3, 'ncdm_fluid_approximation': 3, 'maximum_q_ncdm_decay_dr': 15.0, 'background_method': 0, 'evolver': 1, 'N_momentum_bins_ncdm_decay_dr': 7, 'l_max_ncdm': 13, 'l_max_dr': 13, 'l_max_dr_col': 13, 'omega_b': 0.02205954, 'omega_cdm': 0.1209162, 'Neff_ini_dncdm': 0.05531096, 'log10lifetime_ncdm_decay_dr': 5.527123, 'm_ncdm_decay_dr': 0.05967791, 'H0': 67.77051, 'ln10^{10}A_s': 2.983644, 'n_s': 0.9540858, 'tau_reio': 0.02340524, 'P_k_max_1/Mpc': 1.0}
skipping to the next model...
[CHILD][Parent Rank 327] | The following model took too long to complete: 
params: {'lensing': 'yes', 'output': 'tCl,lCl,pCl,mPk', 'l_max_scalars': 2508, 'k_pivot': 0.05, 'N_ur': 2.0328, 'N_ncdm': 1, 'm_ncdm': 0.06, 'T_ncdm': 0.71611, 'N_ncdm_decay_dr': 1, 'quadrature_strategy_ncdm_decay_dr': 3, 'ncdm_fluid_approximation': 3, 'maximum_q_ncdm_decay_dr': 15.0, 'background_method': 0, 'evolver': 1, 'N_momentum_bins_ncdm_decay_dr': 7, 'l_max_ncdm': 13, 'l_max_dr': 13, 'l_max_dr_col': 13, 'omega_b': 0.02205954, 'omega_cdm': 0.1209162, 'Neff_ini_dncdm': 0.05531096, 'log10lifetime_ncdm_decay_dr': 5.527123, 'm_ncdm_decay_dr': 0.05967791, 'H0': 67.77051, 'ln10^{10}A_s': 2.983644, 'n_s': 0.9540858, 'tau_reio': 0.02340524, 'P_k_max_1/Mpc': 1.0}

[PARENT][Rank 327] | ERROR: Child process failed during CLASS computation
Model: {'lensing': 'yes', 'output': 'tCl,lCl,pCl,mPk', 'l_max_scalars': 2508, 'k_pivot': 0.05, 'N_ur': 2.0328, 'N_ncdm': 1, 'm_ncdm': 0.06, 'T_ncdm': 0.71611, 'N_ncdm_decay_dr': 1, 'quadrature_strategy_ncdm_decay_dr': 3, 'ncdm_fluid_approximation': 3, 'maximum_q_ncdm_decay_dr': 15.0, 'background_method': 0, 'evolver': 1, 'N_momentum_bins_ncdm_decay_dr': 7, 'l_max_ncdm': 13, 'l_max_dr': 13, 'l_max_dr_col': 13, 'omega_b': 0.02205954, 'omega_cdm': 0.1209162, 'Neff_ini_dncdm': 0.05531096, 'log10lifetime_ncdm_decay_dr': 5.527123, 'm_ncdm_decay_dr': 0.05967791, 'H0': 67.77051, 'ln10^{10}A_s': 2.983644, 'n_s': 0.9540858, 'tau_reio': 0.02340524, 'P_k_max_1/Mpc': 1.0}
skipping to the next model...
[CHILD][Parent Rank 78] | The following model took too long to complete: 
params: {'lensing': 'yes', 'output': 'tCl,lCl,pCl,mPk', 'l_max_scalars': 2508, 'k_pivot': 0.05, 'N_ur': 2.0328, 'N_ncdm': 1, 'm_ncdm': 0.06, 'T_ncdm': 0.71611, 'N_ncdm_decay_dr': 1, 'quadrature_strategy_ncdm_decay_dr': 3, 'ncdm_fluid_approximation': 3, 'maximum_q_ncdm_decay_dr': 15.0, 'background_method': 0, 'evolver': 1, 'N_momentum_bins_ncdm_decay_dr': 7, 'l_max_ncdm': 13, 'l_max_dr': 13, 'l_max_dr_col': 13, 'omega_b': 0.02262917, 'omega_cdm': 0.1150466, 'Neff_ini_dncdm': 0.09350056, 'log10lifetime_ncdm_decay_dr': 4.665409, 'm_ncdm_decay_dr': 0.085725, 'H0': 71.01878, 'ln10^{10}A_s': 3.053585, 'n_s': 0.9728387, 'tau_reio': 0.0485045, 'P_k_max_1/Mpc': 1.0}

[PARENT][Rank 78] | ERROR: Child process failed during CLASS computation
Model: {'lensing': 'yes', 'output': 'tCl,lCl,pCl,mPk', 'l_max_scalars': 2508, 'k_pivot': 0.05, 'N_ur': 2.0328, 'N_ncdm': 1, 'm_ncdm': 0.06, 'T_ncdm': 0.71611, 'N_ncdm_decay_dr': 1, 'quadrature_strategy_ncdm_decay_dr': 3, 'ncdm_fluid_approximation': 3, 'maximum_q_ncdm_decay_dr': 15.0, 'background_method': 0, 'evolver': 1, 'N_momentum_bins_ncdm_decay_dr': 7, 'l_max_ncdm': 13, 'l_max_dr': 13, 'l_max_dr_col': 13, 'omega_b': 0.02262917, 'omega_cdm': 0.1150466, 'Neff_ini_dncdm': 0.09350056, 'log10lifetime_ncdm_decay_dr': 4.665409, 'm_ncdm_decay_dr': 0.085725, 'H0': 71.01878, 'ln10^{10}A_s': 3.053585, 'n_s': 0.9728387, 'tau_reio': 0.0485045, 'P_k_max_1/Mpc': 1.0}
skipping to the next model...
[CHILD][Parent Rank 193] | The following model took too long to complete: 
params: {'lensing': 'yes', 'output': 'tCl,lCl,pCl,mPk', 'l_max_scalars': 2508, 'k_pivot': 0.05, 'N_ur': 2.0328, 'N_ncdm': 1, 'm_ncdm': 0.06, 'T_ncdm': 0.71611, 'N_ncdm_decay_dr': 1, 'quadrature_strategy_ncdm_decay_dr': 3, 'ncdm_fluid_approximation': 3, 'maximum_q_ncdm_decay_dr': 15.0, 'background_method': 0, 'evolver': 1, 'N_momentum_bins_ncdm_decay_dr': 7, 'l_max_ncdm': 13, 'l_max_dr': 13, 'l_max_dr_col': 13, 'omega_b': 0.022246959, 'omega_cdm': 0.1184557, 'Neff_ini_dncdm': 0.07020101, 'log10lifetime_ncdm_decay_dr': 3.034122, 'm_ncdm_decay_dr': 0.0558693, 'H0': 68.72865, 'ln10^{10}A_s': 3.135686, 'n_s': 0.974351, 'tau_reio': 0.09832338, 'P_k_max_1/Mpc': 1.0}

[PARENT][Rank 193] | ERROR: Child process failed during CLASS computation
Model: {'lensing': 'yes', 'output': 'tCl,lCl,pCl,mPk', 'l_max_scalars': 2508, 'k_pivot': 0.05, 'N_ur': 2.0328, 'N_ncdm': 1, 'm_ncdm': 0.06, 'T_ncdm': 0.71611, 'N_ncdm_decay_dr': 1, 'quadrature_strategy_ncdm_decay_dr': 3, 'ncdm_fluid_approximation': 3, 'maximum_q_ncdm_decay_dr': 15.0, 'background_method': 0, 'evolver': 1, 'N_momentum_bins_ncdm_decay_dr': 7, 'l_max_ncdm': 13, 'l_max_dr': 13, 'l_max_dr_col': 13, 'omega_b': 0.022246959, 'omega_cdm': 0.1184557, 'Neff_ini_dncdm': 0.07020101, 'log10lifetime_ncdm_decay_dr': 3.034122, 'm_ncdm_decay_dr': 0.0558693, 'H0': 68.72865, 'ln10^{10}A_s': 3.135686, 'n_s': 0.974351, 'tau_reio': 0.09832338, 'P_k_max_1/Mpc': 1.0}
skipping to the next model...
[CHILD][Parent Rank 189] | The following model took too long to complete: 
params: {'lensing': 'yes', 'output': 'tCl,lCl,pCl,mPk', 'l_max_scalars': 2508, 'k_pivot': 0.05, 'N_ur': 2.0328, 'N_ncdm': 1, 'm_ncdm': 0.06, 'T_ncdm': 0.71611, 'N_ncdm_decay_dr': 1, 'quadrature_strategy_ncdm_decay_dr': 3, 'ncdm_fluid_approximation': 3, 'maximum_q_ncdm_decay_dr': 15.0, 'background_method': 0, 'evolver': 1, 'N_momentum_bins_ncdm_decay_dr': 7, 'l_max_ncdm': 13, 'l_max_dr': 13, 'l_max_dr_col': 13, 'omega_b': 0.022246959, 'omega_cdm': 0.1184557, 'Neff_ini_dncdm': 0.07020101, 'log10lifetime_ncdm_decay_dr': 3.034122, 'm_ncdm_decay_dr': 0.0558693, 'H0': 68.72865, 'ln10^{10}A_s': 3.135686, 'n_s': 0.974351, 'tau_reio': 0.09832338, 'P_k_max_1/Mpc': 1.0}

[PARENT][Rank 189] | ERROR: Child process failed during CLASS computation
Model: {'lensing': 'yes', 'output': 'tCl,lCl,pCl,mPk', 'l_max_scalars': 2508, 'k_pivot': 0.05, 'N_ur': 2.0328, 'N_ncdm': 1, 'm_ncdm': 0.06, 'T_ncdm': 0.71611, 'N_ncdm_decay_dr': 1, 'quadrature_strategy_ncdm_decay_dr': 3, 'ncdm_fluid_approximation': 3, 'maximum_q_ncdm_decay_dr': 15.0, 'background_method': 0, 'evolver': 1, 'N_momentum_bins_ncdm_decay_dr': 7, 'l_max_ncdm': 13, 'l_max_dr': 13, 'l_max_dr_col': 13, 'omega_b': 0.022246959, 'omega_cdm': 0.1184557, 'Neff_ini_dncdm': 0.07020101, 'log10lifetime_ncdm_decay_dr': 3.034122, 'm_ncdm_decay_dr': 0.0558693, 'H0': 68.72865, 'ln10^{10}A_s': 3.135686, 'n_s': 0.974351, 'tau_reio': 0.09832338, 'P_k_max_1/Mpc': 1.0}
skipping to the next model...
[CHILD][Parent Rank 172] | ERROR: Timeout while waiting for parent command. returning to PING PONG loop.
[PARENT][Rank 172] | ERROR: Timeout while waiting for response from child process. Child may be unresponsive.
this happened during the likelihood calculation step for the model: {'lensing': 'yes', 'output': 'tCl,lCl,pCl,mPk', 'l_max_scalars': 2508, 'k_pivot': 0.05, 'N_ur': 2.0328, 'N_ncdm': 1, 'm_ncdm': 0.06, 'T_ncdm': 0.71611, 'N_ncdm_decay_dr': 1, 'quadrature_strategy_ncdm_decay_dr': 3, 'ncdm_fluid_approximation': 3, 'maximum_q_ncdm_decay_dr': 15.0, 'background_method': 0, 'evolver': 1, 'N_momentum_bins_ncdm_decay_dr': 7, 'l_max_ncdm': 13, 'l_max_dr': 13, 'l_max_dr_col': 13, 'omega_b': 0.022466298, 'omega_cdm': 0.1127736, 'Neff_ini_dncdm': 0.08282415, 'log10lifetime_ncdm_decay_dr': 4.713113, 'm_ncdm_decay_dr': 0.27859, 'H0': 71.12435, 'ln10^{10}A_s': 3.090918, 'n_s': 0.9876061, 'tau_reio': 0.09841093, 'P_k_max_1/Mpc': 1.0}
skipping to the next model...
[PARENT][Rank 172] | ERROR: Child process failed during CLASS computation
Model: {'lensing': 'yes', 'output': 'tCl,lCl,pCl,mPk', 'l_max_scalars': 2508, 'k_pivot': 0.05, 'N_ur': 2.0328, 'N_ncdm': 1, 'm_ncdm': 0.06, 'T_ncdm': 0.71611, 'N_ncdm_decay_dr': 1, 'quadrature_strategy_ncdm_decay_dr': 3, 'ncdm_fluid_approximation': 3, 'maximum_q_ncdm_decay_dr': 15.0, 'background_method': 0, 'evolver': 1, 'N_momentum_bins_ncdm_decay_dr': 7, 'l_max_ncdm': 13, 'l_max_dr': 13, 'l_max_dr_col': 13, 'omega_b': 0.022420749, 'omega_cdm': 0.1235595, 'Neff_ini_dncdm': 0.04231187, 'log10lifetime_ncdm_decay_dr': 4.783076, 'm_ncdm_decay_dr': 3.56041, 'H0': 67.3248, 'ln10^{10}A_s': 3.049448, 'n_s': 0.9730539, 'tau_reio': 0.04927439, 'P_k_max_1/Mpc': 1.0}
skipping to the next model...
[CHILD][Parent Rank 378] | ERROR: Timeout while waiting for parent command. returning to PING PONG loop.
[CHILD][Parent Rank 372] | The following model took too long to complete: 
params: {'lensing': 'yes', 'output': 'tCl,lCl,pCl,mPk', 'l_max_scalars': 2508, 'k_pivot': 0.05, 'N_ur': 2.0328, 'N_ncdm': 1, 'm_ncdm': 0.06, 'T_ncdm': 0.71611, 'N_ncdm_decay_dr': 1, 'quadrature_strategy_ncdm_decay_dr': 3, 'ncdm_fluid_approximation': 3, 'maximum_q_ncdm_decay_dr': 15.0, 'background_method': 0, 'evolver': 1, 'N_momentum_bins_ncdm_decay_dr': 7, 'l_max_ncdm': 13, 'l_max_dr': 13, 'l_max_dr_col': 13, 'omega_b': 0.022427808, 'omega_cdm': 0.123739, 'Neff_ini_dncdm': 0.1164451, 'log10lifetime_ncdm_decay_dr': 5.241628, 'm_ncdm_decay_dr': 0.1899229, 'H0': 67.20468, 'ln10^{10}A_s': 3.03125, 'n_s': 0.979174, 'tau_reio': 0.04712722, 'P_k_max_1/Mpc': 1.0}

[PARENT][Rank 372] | ERROR: Child process failed during CLASS computation
Model: {'lensing': 'yes', 'output': 'tCl,lCl,pCl,mPk', 'l_max_scalars': 2508, 'k_pivot': 0.05, 'N_ur': 2.0328, 'N_ncdm': 1, 'm_ncdm': 0.06, 'T_ncdm': 0.71611, 'N_ncdm_decay_dr': 1, 'quadrature_strategy_ncdm_decay_dr': 3, 'ncdm_fluid_approximation': 3, 'maximum_q_ncdm_decay_dr': 15.0, 'background_method': 0, 'evolver': 1, 'N_momentum_bins_ncdm_decay_dr': 7, 'l_max_ncdm': 13, 'l_max_dr': 13, 'l_max_dr_col': 13, 'omega_b': 0.022427808, 'omega_cdm': 0.123739, 'Neff_ini_dncdm': 0.1164451, 'log10lifetime_ncdm_decay_dr': 5.241628, 'm_ncdm_decay_dr': 0.1899229, 'H0': 67.20468, 'ln10^{10}A_s': 3.03125, 'n_s': 0.979174, 'tau_reio': 0.04712722, 'P_k_max_1/Mpc': 1.0}
skipping to the next model...
[PARENT][Rank 378] | ERROR: Timeout while waiting for response from child process. Child may be unresponsive.
this happened during the likelihood calculation step for the model: {'lensing': 'yes', 'output': 'tCl,lCl,pCl,mPk', 'l_max_scalars': 2508, 'k_pivot': 0.05, 'N_ur': 2.0328, 'N_ncdm': 1, 'm_ncdm': 0.06, 'T_ncdm': 0.71611, 'N_ncdm_decay_dr': 1, 'quadrature_strategy_ncdm_decay_dr': 3, 'ncdm_fluid_approximation': 3, 'maximum_q_ncdm_decay_dr': 15.0, 'background_method': 0, 'evolver': 1, 'N_momentum_bins_ncdm_decay_dr': 7, 'l_max_ncdm': 13, 'l_max_dr': 13, 'l_max_dr_col': 13, 'omega_b': 0.022427808, 'omega_cdm': 0.123739, 'Neff_ini_dncdm': 0.1164451, 'log10lifetime_ncdm_decay_dr': 5.241628, 'm_ncdm_decay_dr': 0.1899229, 'H0': 67.20468, 'ln10^{10}A_s': 3.03125, 'n_s': 0.979174, 'tau_reio': 0.04712722, 'P_k_max_1/Mpc': 1.0}
skipping to the next model...
[PARENT][Rank 378] | ERROR: Child process failed during CLASS computation
Model: {'lensing': 'yes', 'output': 'tCl,lCl,pCl,mPk', 'l_max_scalars': 2508, 'k_pivot': 0.05, 'N_ur': 2.0328, 'N_ncdm': 1, 'm_ncdm': 0.06, 'T_ncdm': 0.71611, 'N_ncdm_decay_dr': 1, 'quadrature_strategy_ncdm_decay_dr': 3, 'ncdm_fluid_approximation': 3, 'maximum_q_ncdm_decay_dr': 15.0, 'background_method': 0, 'evolver': 1, 'N_momentum_bins_ncdm_decay_dr': 7, 'l_max_ncdm': 13, 'l_max_dr': 13, 'l_max_dr_col': 13, 'omega_b': 0.022967178, 'omega_cdm': 0.1167171, 'Neff_ini_dncdm': 0.1285738, 'log10lifetime_ncdm_decay_dr': 3.026381, 'm_ncdm_decay_dr': 2.752085, 'H0': 70.62381, 'ln10^{10}A_s': 3.148709, 'n_s': 0.9778763, 'tau_reio': 0.09705929, 'P_k_max_1/Mpc': 1.0}
skipping to the next model...
[PARENT][Rank 172] | ERROR: Child process failed during likelihood calculation
Model: {'lensing': 'yes', 'output': 'tCl,lCl,pCl,mPk', 'l_max_scalars': 2508, 'k_pivot': 0.05, 'N_ur': 2.0328, 'N_ncdm': 1, 'm_ncdm': 0.06, 'T_ncdm': 0.71611, 'N_ncdm_decay_dr': 1, 'quadrature_strategy_ncdm_decay_dr': 3, 'ncdm_fluid_approximation': 3, 'maximum_q_ncdm_decay_dr': 15.0, 'background_method': 0, 'evolver': 1, 'N_momentum_bins_ncdm_decay_dr': 7, 'l_max_ncdm': 13, 'l_max_dr': 13, 'l_max_dr_col': 13, 'omega_b': 0.023151318, 'omega_cdm': 0.1168465, 'Neff_ini_dncdm': 0.08819661, 'log10lifetime_ncdm_decay_dr': 2.478318, 'm_ncdm_decay_dr': 2.043572, 'H0': 70.33254, 'ln10^{10}A_s': 3.044721, 'n_s': 0.9905081, 'tau_reio': 0.0576616, 'P_k_max_1/Mpc': 1.0}
skipping to the next model...
[PARENT][Rank 172] | ERROR: Child process failed during CLASS computation
Model: {'lensing': 'yes', 'output': 'tCl,lCl,pCl,mPk', 'l_max_scalars': 2508, 'k_pivot': 0.05, 'N_ur': 2.0328, 'N_ncdm': 1, 'm_ncdm': 0.06, 'T_ncdm': 0.71611, 'N_ncdm_decay_dr': 1, 'quadrature_strategy_ncdm_decay_dr': 3, 'ncdm_fluid_approximation': 3, 'maximum_q_ncdm_decay_dr': 15.0, 'background_method': 0, 'evolver': 1, 'N_momentum_bins_ncdm_decay_dr': 7, 'l_max_ncdm': 13, 'l_max_dr': 13, 'l_max_dr_col': 13, 'omega_b': 0.02303155, 'omega_cdm': 0.1176819, 'Neff_ini_dncdm': 0.176991, 'log10lifetime_ncdm_decay_dr': 2.391398, 'm_ncdm_decay_dr': 0.3103908, 'H0': 70.31686, 'ln10^{10}A_s': 3.145221, 'n_s': 0.9754208, 'tau_reio': 0.09168721, 'P_k_max_1/Mpc': 1.0}
skipping to the next model...
[CHILD][Parent Rank 252] | The following model took too long to complete: 
params: {'lensing': 'yes', 'output': 'tCl,lCl,pCl,mPk', 'l_max_scalars': 2508, 'k_pivot': 0.05, 'N_ur': 2.0328, 'N_ncdm': 1, 'm_ncdm': 0.06, 'T_ncdm': 0.71611, 'N_ncdm_decay_dr': 1, 'quadrature_strategy_ncdm_decay_dr': 3, 'ncdm_fluid_approximation': 3, 'maximum_q_ncdm_decay_dr': 15.0, 'background_method': 0, 'evolver': 1, 'N_momentum_bins_ncdm_decay_dr': 7, 'l_max_ncdm': 13, 'l_max_dr': 13, 'l_max_dr_col': 13, 'omega_b': 0.02195997, 'omega_cdm': 0.1293676, 'Neff_ini_dncdm': 0.1528463, 'log10lifetime_ncdm_decay_dr': 4.484503, 'm_ncdm_decay_dr': 0.06757435, 'H0': 65.19543, 'ln10^{10}A_s': 3.06313, 'n_s': 0.958188, 'tau_reio': 0.04752862, 'P_k_max_1/Mpc': 1.0}

[PARENT][Rank 252] | ERROR: Child process failed during CLASS computation
Model: {'lensing': 'yes', 'output': 'tCl,lCl,pCl,mPk', 'l_max_scalars': 2508, 'k_pivot': 0.05, 'N_ur': 2.0328, 'N_ncdm': 1, 'm_ncdm': 0.06, 'T_ncdm': 0.71611, 'N_ncdm_decay_dr': 1, 'quadrature_strategy_ncdm_decay_dr': 3, 'ncdm_fluid_approximation': 3, 'maximum_q_ncdm_decay_dr': 15.0, 'background_method': 0, 'evolver': 1, 'N_momentum_bins_ncdm_decay_dr': 7, 'l_max_ncdm': 13, 'l_max_dr': 13, 'l_max_dr_col': 13, 'omega_b': 0.02195997, 'omega_cdm': 0.1293676, 'Neff_ini_dncdm': 0.1528463, 'log10lifetime_ncdm_decay_dr': 4.484503, 'm_ncdm_decay_dr': 0.06757435, 'H0': 65.19543, 'ln10^{10}A_s': 3.06313, 'n_s': 0.958188, 'tau_reio': 0.04752862, 'P_k_max_1/Mpc': 1.0}
skipping to the next model...
[PARENT][Rank 378] | ERROR: Child process failed during likelihood calculation
Model: {'lensing': 'yes', 'output': 'tCl,lCl,pCl,mPk', 'l_max_scalars': 2508, 'k_pivot': 0.05, 'N_ur': 2.0328, 'N_ncdm': 1, 'm_ncdm': 0.06, 'T_ncdm': 0.71611, 'N_ncdm_decay_dr': 1, 'quadrature_strategy_ncdm_decay_dr': 3, 'ncdm_fluid_approximation': 3, 'maximum_q_ncdm_decay_dr': 15.0, 'background_method': 0, 'evolver': 1, 'N_momentum_bins_ncdm_decay_dr': 7, 'l_max_ncdm': 13, 'l_max_dr': 13, 'l_max_dr_col': 13, 'omega_b': 0.02291238, 'omega_cdm': 0.1179162, 'Neff_ini_dncdm': 0.1220651, 'log10lifetime_ncdm_decay_dr': 2.671668, 'm_ncdm_decay_dr': 1.619186, 'H0': 70.10529, 'ln10^{10}A_s': 3.151442, 'n_s': 0.9738556, 'tau_reio': 0.0975759, 'P_k_max_1/Mpc': 1.0}
skipping to the next model...
[PARENT][Rank 378] | ERROR: Child process failed during CLASS computation
Model: {'lensing': 'yes', 'output': 'tCl,lCl,pCl,mPk', 'l_max_scalars': 2508, 'k_pivot': 0.05, 'N_ur': 2.0328, 'N_ncdm': 1, 'm_ncdm': 0.06, 'T_ncdm': 0.71611, 'N_ncdm_decay_dr': 1, 'quadrature_strategy_ncdm_decay_dr': 3, 'ncdm_fluid_approximation': 3, 'maximum_q_ncdm_decay_dr': 15.0, 'background_method': 0, 'evolver': 1, 'N_momentum_bins_ncdm_decay_dr': 7, 'l_max_ncdm': 13, 'l_max_dr': 13, 'l_max_dr_col': 13, 'omega_b': 0.02316027, 'omega_cdm': 0.1147889, 'Neff_ini_dncdm': 0.1271223, 'log10lifetime_ncdm_decay_dr': 2.000016, 'm_ncdm_decay_dr': 36.4846, 'H0': 71.80934, 'ln10^{10}A_s': 2.980521, 'n_s': 0.9831838, 'tau_reio': 0.03270698, 'P_k_max_1/Mpc': 1.0}
skipping to the next model...
[PARENT][Rank 172] | ERROR: Child process failed during likelihood calculation
Model: {'lensing': 'yes', 'output': 'tCl,lCl,pCl,mPk', 'l_max_scalars': 2508, 'k_pivot': 0.05, 'N_ur': 2.0328, 'N_ncdm': 1, 'm_ncdm': 0.06, 'T_ncdm': 0.71611, 'N_ncdm_decay_dr': 1, 'quadrature_strategy_ncdm_decay_dr': 3, 'ncdm_fluid_approximation': 3, 'maximum_q_ncdm_decay_dr': 15.0, 'background_method': 0, 'evolver': 1, 'N_momentum_bins_ncdm_decay_dr': 7, 'l_max_ncdm': 13, 'l_max_dr': 13, 'l_max_dr_col': 13, 'omega_b': 0.02291238, 'omega_cdm': 0.1179162, 'Neff_ini_dncdm': 0.1220651, 'log10lifetime_ncdm_decay_dr': 2.671668, 'm_ncdm_decay_dr': 1.619186, 'H0': 70.10529, 'ln10^{10}A_s': 3.151442, 'n_s': 0.9738556, 'tau_reio': 0.0975759, 'P_k_max_1/Mpc': 1.0}
skipping to the next model...
[PARENT][Rank 172] | ERROR: Child process failed during CLASS computation
Model: {'lensing': 'yes', 'output': 'tCl,lCl,pCl,mPk', 'l_max_scalars': 2508, 'k_pivot': 0.05, 'N_ur': 2.0328, 'N_ncdm': 1, 'm_ncdm': 0.06, 'T_ncdm': 0.71611, 'N_ncdm_decay_dr': 1, 'quadrature_strategy_ncdm_decay_dr': 3, 'ncdm_fluid_approximation': 3, 'maximum_q_ncdm_decay_dr': 15.0, 'background_method': 0, 'evolver': 1, 'N_momentum_bins_ncdm_decay_dr': 7, 'l_max_ncdm': 13, 'l_max_dr': 13, 'l_max_dr_col': 13, 'omega_b': 0.02311039, 'omega_cdm': 0.1140928, 'Neff_ini_dncdm': 0.1469401, 'log10lifetime_ncdm_decay_dr': 2.603918, 'm_ncdm_decay_dr': 11.14965, 'H0': 72.42339, 'ln10^{10}A_s': 3.057752, 'n_s': 0.9889738, 'tau_reio': 0.07056995, 'P_k_max_1/Mpc': 1.0}
skipping to the next model...
[PARENT][Rank 378] | ERROR: Child process failed during likelihood calculation
Model: {'lensing': 'yes', 'output': 'tCl,lCl,pCl,mPk', 'l_max_scalars': 2508, 'k_pivot': 0.05, 'N_ur': 2.0328, 'N_ncdm': 1, 'm_ncdm': 0.06, 'T_ncdm': 0.71611, 'N_ncdm_decay_dr': 1, 'quadrature_strategy_ncdm_decay_dr': 3, 'ncdm_fluid_approximation': 3, 'maximum_q_ncdm_decay_dr': 15.0, 'background_method': 0, 'evolver': 1, 'N_momentum_bins_ncdm_decay_dr': 7, 'l_max_ncdm': 13, 'l_max_dr': 13, 'l_max_dr_col': 13, 'omega_b': 0.02301845, 'omega_cdm': 0.1132326, 'Neff_ini_dncdm': 0.09021339, 'log10lifetime_ncdm_decay_dr': 2.318786, 'm_ncdm_decay_dr': 44.60146, 'H0': 72.46542, 'ln10^{10}A_s': 3.00507, 'n_s': 0.9904022, 'tau_reio': 0.04401361, 'P_k_max_1/Mpc': 1.0}
skipping to the next model...
[PARENT][Rank 378] | ERROR: Child process failed during CLASS computation
Model: {'lensing': 'yes', 'output': 'tCl,lCl,pCl,mPk', 'l_max_scalars': 2508, 'k_pivot': 0.05, 'N_ur': 2.0328, 'N_ncdm': 1, 'm_ncdm': 0.06, 'T_ncdm': 0.71611, 'N_ncdm_decay_dr': 1, 'quadrature_strategy_ncdm_decay_dr': 3, 'ncdm_fluid_approximation': 3, 'maximum_q_ncdm_decay_dr': 15.0, 'background_method': 0, 'evolver': 1, 'N_momentum_bins_ncdm_decay_dr': 7, 'l_max_ncdm': 13, 'l_max_dr': 13, 'l_max_dr_col': 13, 'omega_b': 0.02186284, 'omega_cdm': 0.1320516, 'Neff_ini_dncdm': 0.1105652, 'log10lifetime_ncdm_decay_dr': 2.639758, 'm_ncdm_decay_dr': 32.8877, 'H0': 65.15293, 'ln10^{10}A_s': 3.052859, 'n_s': 0.9637026, 'tau_reio': 0.03120507, 'P_k_max_1/Mpc': 1.0}
skipping to the next model...
[PARENT][Rank 172] | ERROR: Child process failed during likelihood calculation
Model: {'lensing': 'yes', 'output': 'tCl,lCl,pCl,mPk', 'l_max_scalars': 2508, 'k_pivot': 0.05, 'N_ur': 2.0328, 'N_ncdm': 1, 'm_ncdm': 0.06, 'T_ncdm': 0.71611, 'N_ncdm_decay_dr': 1, 'quadrature_strategy_ncdm_decay_dr': 3, 'ncdm_fluid_approximation': 3, 'maximum_q_ncdm_decay_dr': 15.0, 'background_method': 0, 'evolver': 1, 'N_momentum_bins_ncdm_decay_dr': 7, 'l_max_ncdm': 13, 'l_max_dr': 13, 'l_max_dr_col': 13, 'omega_b': 0.02268341, 'omega_cdm': 0.1177382, 'Neff_ini_dncdm': 0.0817132, 'log10lifetime_ncdm_decay_dr': 2.829202, 'm_ncdm_decay_dr': 10.46548, 'H0': 70.01584, 'ln10^{10}A_s': 3.041221, 'n_s': 0.9799302, 'tau_reio': 0.05341007, 'P_k_max_1/Mpc': 1.0}
skipping to the next model...
[PARENT][Rank 172] | ERROR: Child process failed during CLASS computation
Model: {'lensing': 'yes', 'output': 'tCl,lCl,pCl,mPk', 'l_max_scalars': 2508, 'k_pivot': 0.05, 'N_ur': 2.0328, 'N_ncdm': 1, 'm_ncdm': 0.06, 'T_ncdm': 0.71611, 'N_ncdm_decay_dr': 1, 'quadrature_strategy_ncdm_decay_dr': 3, 'ncdm_fluid_approximation': 3, 'maximum_q_ncdm_decay_dr': 15.0, 'background_method': 0, 'evolver': 1, 'N_momentum_bins_ncdm_decay_dr': 7, 'l_max_ncdm': 13, 'l_max_dr': 13, 'l_max_dr_col': 13, 'omega_b': 0.02217255, 'omega_cdm': 0.1283117, 'Neff_ini_dncdm': 0.093239, 'log10lifetime_ncdm_decay_dr': 2.483302, 'm_ncdm_decay_dr': 60.66301, 'H0': 66.5131, 'ln10^{10}A_s': 3.080086, 'n_s': 0.9680259, 'tau_reio': 0.05279299, 'P_k_max_1/Mpc': 1.0}
skipping to the next model...
[PARENT][Rank 378] | ERROR: Child process failed during likelihood calculation
Model: {'lensing': 'yes', 'output': 'tCl,lCl,pCl,mPk', 'l_max_scalars': 2508, 'k_pivot': 0.05, 'N_ur': 2.0328, 'N_ncdm': 1, 'm_ncdm': 0.06, 'T_ncdm': 0.71611, 'N_ncdm_decay_dr': 1, 'quadrature_strategy_ncdm_decay_dr': 3, 'ncdm_fluid_approximation': 3, 'maximum_q_ncdm_decay_dr': 15.0, 'background_method': 0, 'evolver': 1, 'N_momentum_bins_ncdm_decay_dr': 7, 'l_max_ncdm': 13, 'l_max_dr': 13, 'l_max_dr_col': 13, 'omega_b': 0.02188425, 'omega_cdm': 0.1299412, 'Neff_ini_dncdm': 0.09319034, 'log10lifetime_ncdm_decay_dr': 2.838641, 'm_ncdm_decay_dr': 40.87002, 'H0': 65.71616, 'ln10^{10}A_s': 3.062786, 'n_s': 0.9619171, 'tau_reio': 0.0404137, 'P_k_max_1/Mpc': 1.0}
skipping to the next model...
[PARENT][Rank 378] | ERROR: Child process failed during CLASS computation
Model: {'lensing': 'yes', 'output': 'tCl,lCl,pCl,mPk', 'l_max_scalars': 2508, 'k_pivot': 0.05, 'N_ur': 2.0328, 'N_ncdm': 1, 'm_ncdm': 0.06, 'T_ncdm': 0.71611, 'N_ncdm_decay_dr': 1, 'quadrature_strategy_ncdm_decay_dr': 3, 'ncdm_fluid_approximation': 3, 'maximum_q_ncdm_decay_dr': 15.0, 'background_method': 0, 'evolver': 1, 'N_momentum_bins_ncdm_decay_dr': 7, 'l_max_ncdm': 13, 'l_max_dr': 13, 'l_max_dr_col': 13, 'omega_b': 0.022256989, 'omega_cdm': 0.1188897, 'Neff_ini_dncdm': 0.0113769, 'log10lifetime_ncdm_decay_dr': 2.277601, 'm_ncdm_decay_dr': 172.7461, 'H0': 69.00681, 'ln10^{10}A_s': 3.038963, 'n_s': 0.9630586, 'tau_reio': 0.0553477, 'P_k_max_1/Mpc': 1.0}
skipping to the next model...
[PARENT][Rank 172] | ERROR: Child process failed during likelihood calculation
Model: {'lensing': 'yes', 'output': 'tCl,lCl,pCl,mPk', 'l_max_scalars': 2508, 'k_pivot': 0.05, 'N_ur': 2.0328, 'N_ncdm': 1, 'm_ncdm': 0.06, 'T_ncdm': 0.71611, 'N_ncdm_decay_dr': 1, 'quadrature_strategy_ncdm_decay_dr': 3, 'ncdm_fluid_approximation': 3, 'maximum_q_ncdm_decay_dr': 15.0, 'background_method': 0, 'evolver': 1, 'N_momentum_bins_ncdm_decay_dr': 7, 'l_max_ncdm': 13, 'l_max_dr': 13, 'l_max_dr_col': 13, 'omega_b': 0.02209624, 'omega_cdm': 0.1284207, 'Neff_ini_dncdm': 0.07844286, 'log10lifetime_ncdm_decay_dr': 2.521236, 'm_ncdm_decay_dr': 64.65014, 'H0': 66.38155, 'ln10^{10}A_s': 3.074533, 'n_s': 0.9669493, 'tau_reio': 0.04716574, 'P_k_max_1/Mpc': 1.0}
skipping to the next model...
[PARENT][Rank 172] | ERROR: Child process failed during CLASS computation
Model: {'lensing': 'yes', 'output': 'tCl,lCl,pCl,mPk', 'l_max_scalars': 2508, 'k_pivot': 0.05, 'N_ur': 2.0328, 'N_ncdm': 1, 'm_ncdm': 0.06, 'T_ncdm': 0.71611, 'N_ncdm_decay_dr': 1, 'quadrature_strategy_ncdm_decay_dr': 3, 'ncdm_fluid_approximation': 3, 'maximum_q_ncdm_decay_dr': 15.0, 'background_method': 0, 'evolver': 1, 'N_momentum_bins_ncdm_decay_dr': 7, 'l_max_ncdm': 13, 'l_max_dr': 13, 'l_max_dr_col': 13, 'omega_b': 0.022542961, 'omega_cdm': 0.1165267, 'Neff_ini_dncdm': 0.020005, 'log10lifetime_ncdm_decay_dr': 2.253159, 'm_ncdm_decay_dr': 169.7051, 'H0': 70.13031, 'ln10^{10}A_s': 3.062283, 'n_s': 0.9702161, 'tau_reio': 0.06463793, 'P_k_max_1/Mpc': 1.0}
skipping to the next model...
[PARENT][Rank 378] | ERROR: Child process failed during likelihood calculation
Model: {'lensing': 'yes', 'output': 'tCl,lCl,pCl,mPk', 'l_max_scalars': 2508, 'k_pivot': 0.05, 'N_ur': 2.0328, 'N_ncdm': 1, 'm_ncdm': 0.06, 'T_ncdm': 0.71611, 'N_ncdm_decay_dr': 1, 'quadrature_strategy_ncdm_decay_dr': 3, 'ncdm_fluid_approximation': 3, 'maximum_q_ncdm_decay_dr': 15.0, 'background_method': 0, 'evolver': 1, 'N_momentum_bins_ncdm_decay_dr': 7, 'l_max_ncdm': 13, 'l_max_dr': 13, 'l_max_dr_col': 13, 'omega_b': 0.022490319, 'omega_cdm': 0.1169642, 'Neff_ini_dncdm': 0.0278609, 'log10lifetime_ncdm_decay_dr': 2.518181, 'm_ncdm_decay_dr': 170.9844, 'H0': 69.98686, 'ln10^{10}A_s': 3.05398, 'n_s': 0.9665409, 'tau_reio': 0.06359523, 'P_k_max_1/Mpc': 1.0}
skipping to the next model...
[PARENT][Rank 378] | ERROR: Child process failed during CLASS computation
Model: {'lensing': 'yes', 'output': 'tCl,lCl,pCl,mPk', 'l_max_scalars': 2508, 'k_pivot': 0.05, 'N_ur': 2.0328, 'N_ncdm': 1, 'm_ncdm': 0.06, 'T_ncdm': 0.71611, 'N_ncdm_decay_dr': 1, 'quadrature_strategy_ncdm_decay_dr': 3, 'ncdm_fluid_approximation': 3, 'maximum_q_ncdm_decay_dr': 15.0, 'background_method': 0, 'evolver': 1, 'N_momentum_bins_ncdm_decay_dr': 7, 'l_max_ncdm': 13, 'l_max_dr': 13, 'l_max_dr_col': 13, 'omega_b': 0.02202764, 'omega_cdm': 0.1244469, 'Neff_ini_dncdm': 0.03798734, 'log10lifetime_ncdm_decay_dr': 2.074653, 'm_ncdm_decay_dr': 161.1727, 'H0': 67.22198, 'ln10^{10}A_s': 3.01955, 'n_s': 0.9683194, 'tau_reio': 0.02834909, 'P_k_max_1/Mpc': 1.0}
skipping to the next model...
[PARENT][Rank 172] | ERROR: Child process failed during likelihood calculation
Model: {'lensing': 'yes', 'output': 'tCl,lCl,pCl,mPk', 'l_max_scalars': 2508, 'k_pivot': 0.05, 'N_ur': 2.0328, 'N_ncdm': 1, 'm_ncdm': 0.06, 'T_ncdm': 0.71611, 'N_ncdm_decay_dr': 1, 'quadrature_strategy_ncdm_decay_dr': 3, 'ncdm_fluid_approximation': 3, 'maximum_q_ncdm_decay_dr': 15.0, 'background_method': 0, 'evolver': 1, 'N_momentum_bins_ncdm_decay_dr': 7, 'l_max_ncdm': 13, 'l_max_dr': 13, 'l_max_dr_col': 13, 'omega_b': 0.022531778, 'omega_cdm': 0.1162097, 'Neff_ini_dncdm': 0.03364593, 'log10lifetime_ncdm_decay_dr': 2.120324, 'm_ncdm_decay_dr': 169.7617, 'H0': 70.22521, 'ln10^{10}A_s': 3.05371, 'n_s': 0.9705822, 'tau_reio': 0.06385639, 'P_k_max_1/Mpc': 1.0}
skipping to the next model...
[PARENT][Rank 172] | ERROR: Child process failed during CLASS computation
Model: {'lensing': 'yes', 'output': 'tCl,lCl,pCl,mPk', 'l_max_scalars': 2508, 'k_pivot': 0.05, 'N_ur': 2.0328, 'N_ncdm': 1, 'm_ncdm': 0.06, 'T_ncdm': 0.71611, 'N_ncdm_decay_dr': 1, 'quadrature_strategy_ncdm_decay_dr': 3, 'ncdm_fluid_approximation': 3, 'maximum_q_ncdm_decay_dr': 15.0, 'background_method': 0, 'evolver': 1, 'N_momentum_bins_ncdm_decay_dr': 7, 'l_max_ncdm': 13, 'l_max_dr': 13, 'l_max_dr_col': 13, 'omega_b': 0.02244258, 'omega_cdm': 0.12442, 'Neff_ini_dncdm': 0.006791405, 'log10lifetime_ncdm_decay_dr': 3.548497, 'm_ncdm_decay_dr': 157.015, 'H0': 67.71959, 'ln10^{10}A_s': 3.036643, 'n_s': 0.967844, 'tau_reio': 0.03371086, 'P_k_max_1/Mpc': 1.0}
skipping to the next model...
[PARENT][Rank 172] | ERROR: Child process failed during likelihood calculation
Model: {'lensing': 'yes', 'output': 'tCl,lCl,pCl,mPk', 'l_max_scalars': 2508, 'k_pivot': 0.05, 'N_ur': 2.0328, 'N_ncdm': 1, 'm_ncdm': 0.06, 'T_ncdm': 0.71611, 'N_ncdm_decay_dr': 1, 'quadrature_strategy_ncdm_decay_dr': 3, 'ncdm_fluid_approximation': 3, 'maximum_q_ncdm_decay_dr': 15.0, 'background_method': 0, 'evolver': 1, 'N_momentum_bins_ncdm_decay_dr': 7, 'l_max_ncdm': 13, 'l_max_dr': 13, 'l_max_dr_col': 13, 'omega_b': 0.02244258, 'omega_cdm': 0.12442, 'Neff_ini_dncdm': 0.006791405, 'log10lifetime_ncdm_decay_dr': 3.548497, 'm_ncdm_decay_dr': 157.015, 'H0': 67.71959, 'ln10^{10}A_s': 3.036643, 'n_s': 0.967844, 'tau_reio': 0.03371086, 'P_k_max_1/Mpc': 1.0}
skipping to the next model...
[PARENT][Rank 172] | ERROR: Child process failed during CLASS computation
Model: {'lensing': 'yes', 'output': 'tCl,lCl,pCl,mPk', 'l_max_scalars': 2508, 'k_pivot': 0.05, 'N_ur': 2.0328, 'N_ncdm': 1, 'm_ncdm': 0.06, 'T_ncdm': 0.71611, 'N_ncdm_decay_dr': 1, 'quadrature_strategy_ncdm_decay_dr': 3, 'ncdm_fluid_approximation': 3, 'maximum_q_ncdm_decay_dr': 15.0, 'background_method': 0, 'evolver': 1, 'N_momentum_bins_ncdm_decay_dr': 7, 'l_max_ncdm': 13, 'l_max_dr': 13, 'l_max_dr_col': 13, 'omega_b': 0.02252397, 'omega_cdm': 0.1266606, 'Neff_ini_dncdm': 0.01081138, 'log10lifetime_ncdm_decay_dr': 3.61106, 'm_ncdm_decay_dr': 188.4076, 'H0': 67.59177, 'ln10^{10}A_s': 3.079974, 'n_s': 0.9624773, 'tau_reio': 0.0422564, 'P_k_max_1/Mpc': 1.0}
skipping to the next model...
[PARENT][Rank 378] | ERROR: Child process failed during likelihood calculation
Model: {'lensing': 'yes', 'output': 'tCl,lCl,pCl,mPk', 'l_max_scalars': 2508, 'k_pivot': 0.05, 'N_ur': 2.0328, 'N_ncdm': 1, 'm_ncdm': 0.06, 'T_ncdm': 0.71611, 'N_ncdm_decay_dr': 1, 'quadrature_strategy_ncdm_decay_dr': 3, 'ncdm_fluid_approximation': 3, 'maximum_q_ncdm_decay_dr': 15.0, 'background_method': 0, 'evolver': 1, 'N_momentum_bins_ncdm_decay_dr': 7, 'l_max_ncdm': 13, 'l_max_dr': 13, 'l_max_dr_col': 13, 'omega_b': 0.02218646, 'omega_cdm': 0.1240045, 'Neff_ini_dncdm': 0.0508543, 'log10lifetime_ncdm_decay_dr': 2.030118, 'm_ncdm_decay_dr': 160.8068, 'H0': 67.5611, 'ln10^{10}A_s': 3.028305, 'n_s': 0.9673105, 'tau_reio': 0.03057051, 'P_k_max_1/Mpc': 1.0}
skipping to the next model...
[PARENT][Rank 378] | ERROR: Child process failed during CLASS computation
Model: {'lensing': 'yes', 'output': 'tCl,lCl,pCl,mPk', 'l_max_scalars': 2508, 'k_pivot': 0.05, 'N_ur': 2.0328, 'N_ncdm': 1, 'm_ncdm': 0.06, 'T_ncdm': 0.71611, 'N_ncdm_decay_dr': 1, 'quadrature_strategy_ncdm_decay_dr': 3, 'ncdm_fluid_approximation': 3, 'maximum_q_ncdm_decay_dr': 15.0, 'background_method': 0, 'evolver': 1, 'N_momentum_bins_ncdm_decay_dr': 7, 'l_max_ncdm': 13, 'l_max_dr': 13, 'l_max_dr_col': 13, 'omega_b': 0.02278126, 'omega_cdm': 0.1245336, 'Neff_ini_dncdm': 0.05597887, 'log10lifetime_ncdm_decay_dr': 2.069307, 'm_ncdm_decay_dr': 203.6274, 'H0': 69.2665, 'ln10^{10}A_s': 3.093664, 'n_s': 0.9684979, 'tau_reio': 0.05579221, 'P_k_max_1/Mpc': 1.0}
skipping to the next model...
[PARENT][Rank 172] | ERROR: Child process failed during likelihood calculation
Model: {'lensing': 'yes', 'output': 'tCl,lCl,pCl,mPk', 'l_max_scalars': 2508, 'k_pivot': 0.05, 'N_ur': 2.0328, 'N_ncdm': 1, 'm_ncdm': 0.06, 'T_ncdm': 0.71611, 'N_ncdm_decay_dr': 1, 'quadrature_strategy_ncdm_decay_dr': 3, 'ncdm_fluid_approximation': 3, 'maximum_q_ncdm_decay_dr': 15.0, 'background_method': 0, 'evolver': 1, 'N_momentum_bins_ncdm_decay_dr': 7, 'l_max_ncdm': 13, 'l_max_dr': 13, 'l_max_dr_col': 13, 'omega_b': 0.02252397, 'omega_cdm': 0.1266606, 'Neff_ini_dncdm': 0.01081138, 'log10lifetime_ncdm_decay_dr': 3.61106, 'm_ncdm_decay_dr': 188.4076, 'H0': 67.59177, 'ln10^{10}A_s': 3.079974, 'n_s': 0.9624773, 'tau_reio': 0.0422564, 'P_k_max_1/Mpc': 1.0}
skipping to the next model...
[PARENT][Rank 172] | ERROR: Child process failed during CLASS computation
Model: {'lensing': 'yes', 'output': 'tCl,lCl,pCl,mPk', 'l_max_scalars': 2508, 'k_pivot': 0.05, 'N_ur': 2.0328, 'N_ncdm': 1, 'm_ncdm': 0.06, 'T_ncdm': 0.71611, 'N_ncdm_decay_dr': 1, 'quadrature_strategy_ncdm_decay_dr': 3, 'ncdm_fluid_approximation': 3, 'maximum_q_ncdm_decay_dr': 15.0, 'background_method': 0, 'evolver': 1, 'N_momentum_bins_ncdm_decay_dr': 7, 'l_max_ncdm': 13, 'l_max_dr': 13, 'l_max_dr_col': 13, 'omega_b': 0.02335258, 'omega_cdm': 0.1229894, 'Neff_ini_dncdm': 0.04955314, 'log10lifetime_ncdm_decay_dr': 2.407236, 'm_ncdm_decay_dr': 205.8063, 'H0': 70.11895, 'ln10^{10}A_s': 3.051908, 'n_s': 0.9694733, 'tau_reio': 0.03746972, 'P_k_max_1/Mpc': 1.0}
skipping to the next model...
[PARENT][Rank 378] | ERROR: Child process failed during likelihood calculation
Model: {'lensing': 'yes', 'output': 'tCl,lCl,pCl,mPk', 'l_max_scalars': 2508, 'k_pivot': 0.05, 'N_ur': 2.0328, 'N_ncdm': 1, 'm_ncdm': 0.06, 'T_ncdm': 0.71611, 'N_ncdm_decay_dr': 1, 'quadrature_strategy_ncdm_decay_dr': 3, 'ncdm_fluid_approximation': 3, 'maximum_q_ncdm_decay_dr': 15.0, 'background_method': 0, 'evolver': 1, 'N_momentum_bins_ncdm_decay_dr': 7, 'l_max_ncdm': 13, 'l_max_dr': 13, 'l_max_dr_col': 13, 'omega_b': 0.022803659, 'omega_cdm': 0.1241687, 'Neff_ini_dncdm': 0.05760778, 'log10lifetime_ncdm_decay_dr': 2.21617, 'm_ncdm_decay_dr': 209.4288, 'H0': 69.48159, 'ln10^{10}A_s': 3.096722, 'n_s': 0.9682234, 'tau_reio': 0.05729499, 'P_k_max_1/Mpc': 1.0}
skipping to the next model...
[PARENT][Rank 378] | ERROR: Child process failed during CLASS computation
Model: {'lensing': 'yes', 'output': 'tCl,lCl,pCl,mPk', 'l_max_scalars': 2508, 'k_pivot': 0.05, 'N_ur': 2.0328, 'N_ncdm': 1, 'm_ncdm': 0.06, 'T_ncdm': 0.71611, 'N_ncdm_decay_dr': 1, 'quadrature_strategy_ncdm_decay_dr': 3, 'ncdm_fluid_approximation': 3, 'maximum_q_ncdm_decay_dr': 15.0, 'background_method': 0, 'evolver': 1, 'N_momentum_bins_ncdm_decay_dr': 7, 'l_max_ncdm': 13, 'l_max_dr': 13, 'l_max_dr_col': 13, 'omega_b': 0.02342443, 'omega_cdm': 0.1259474, 'Neff_ini_dncdm': 0.02182366, 'log10lifetime_ncdm_decay_dr': 2.955176, 'm_ncdm_decay_dr': 205.0284, 'H0': 69.19092, 'ln10^{10}A_s': 3.0099, 'n_s': 0.975848, 'tau_reio': 0.01029329, 'P_k_max_1/Mpc': 1.0}
skipping to the next model...
[PARENT][Rank 172] | ERROR: Child process failed during likelihood calculation
Model: {'lensing': 'yes', 'output': 'tCl,lCl,pCl,mPk', 'l_max_scalars': 2508, 'k_pivot': 0.05, 'N_ur': 2.0328, 'N_ncdm': 1, 'm_ncdm': 0.06, 'T_ncdm': 0.71611, 'N_ncdm_decay_dr': 1, 'quadrature_strategy_ncdm_decay_dr': 3, 'ncdm_fluid_approximation': 3, 'maximum_q_ncdm_decay_dr': 15.0, 'background_method': 0, 'evolver': 1, 'N_momentum_bins_ncdm_decay_dr': 7, 'l_max_ncdm': 13, 'l_max_dr': 13, 'l_max_dr_col': 13, 'omega_b': 0.02350167, 'omega_cdm': 0.1219568, 'Neff_ini_dncdm': 0.03562291, 'log10lifetime_ncdm_decay_dr': 2.548689, 'm_ncdm_decay_dr': 202.9566, 'H0': 70.5864, 'ln10^{10}A_s': 3.052007, 'n_s': 0.9734726, 'tau_reio': 0.03770572, 'P_k_max_1/Mpc': 1.0}
skipping to the next model...
[PARENT][Rank 172] | ERROR: Child process failed during CLASS computation
Model: {'lensing': 'yes', 'output': 'tCl,lCl,pCl,mPk', 'l_max_scalars': 2508, 'k_pivot': 0.05, 'N_ur': 2.0328, 'N_ncdm': 1, 'm_ncdm': 0.06, 'T_ncdm': 0.71611, 'N_ncdm_decay_dr': 1, 'quadrature_strategy_ncdm_decay_dr': 3, 'ncdm_fluid_approximation': 3, 'maximum_q_ncdm_decay_dr': 15.0, 'background_method': 0, 'evolver': 1, 'N_momentum_bins_ncdm_decay_dr': 7, 'l_max_ncdm': 13, 'l_max_dr': 13, 'l_max_dr_col': 13, 'omega_b': 0.02319215, 'omega_cdm': 0.1223442, 'Neff_ini_dncdm': 0.02284949, 'log10lifetime_ncdm_decay_dr': 2.863861, 'm_ncdm_decay_dr': 170.7499, 'H0': 69.79463, 'ln10^{10}A_s': 3.056151, 'n_s': 0.984752, 'tau_reio': 0.04275086, 'P_k_max_1/Mpc': 1.0}
skipping to the next model...
[PARENT][Rank 378] | ERROR: Child process failed during likelihood calculation
Model: {'lensing': 'yes', 'output': 'tCl,lCl,pCl,mPk', 'l_max_scalars': 2508, 'k_pivot': 0.05, 'N_ur': 2.0328, 'N_ncdm': 1, 'm_ncdm': 0.06, 'T_ncdm': 0.71611, 'N_ncdm_decay_dr': 1, 'quadrature_strategy_ncdm_decay_dr': 3, 'ncdm_fluid_approximation': 3, 'maximum_q_ncdm_decay_dr': 15.0, 'background_method': 0, 'evolver': 1, 'N_momentum_bins_ncdm_decay_dr': 7, 'l_max_ncdm': 13, 'l_max_dr': 13, 'l_max_dr_col': 13, 'omega_b': 0.02342443, 'omega_cdm': 0.1259474, 'Neff_ini_dncdm': 0.02182366, 'log10lifetime_ncdm_decay_dr': 2.955176, 'm_ncdm_decay_dr': 205.0284, 'H0': 69.19092, 'ln10^{10}A_s': 3.0099, 'n_s': 0.975848, 'tau_reio': 0.01029329, 'P_k_max_1/Mpc': 1.0}
skipping to the next model...
[PARENT][Rank 378] | ERROR: Child process failed during CLASS computation
Model: {'lensing': 'yes', 'output': 'tCl,lCl,pCl,mPk', 'l_max_scalars': 2508, 'k_pivot': 0.05, 'N_ur': 2.0328, 'N_ncdm': 1, 'm_ncdm': 0.06, 'T_ncdm': 0.71611, 'N_ncdm_decay_dr': 1, 'quadrature_strategy_ncdm_decay_dr': 3, 'ncdm_fluid_approximation': 3, 'maximum_q_ncdm_decay_dr': 15.0, 'background_method': 0, 'evolver': 1, 'N_momentum_bins_ncdm_decay_dr': 7, 'l_max_ncdm': 13, 'l_max_dr': 13, 'l_max_dr_col': 13, 'omega_b': 0.02336565, 'omega_cdm': 0.120189, 'Neff_ini_dncdm': 0.0354586, 'log10lifetime_ncdm_decay_dr': 2.549704, 'm_ncdm_decay_dr': 173.0799, 'H0': 70.72665, 'ln10^{10}A_s': 3.062684, 'n_s': 0.9823343, 'tau_reio': 0.04091928, 'P_k_max_1/Mpc': 1.0}
skipping to the next model...
[PARENT][Rank 172] | ERROR: Child process failed during likelihood calculation
Model: {'lensing': 'yes', 'output': 'tCl,lCl,pCl,mPk', 'l_max_scalars': 2508, 'k_pivot': 0.05, 'N_ur': 2.0328, 'N_ncdm': 1, 'm_ncdm': 0.06, 'T_ncdm': 0.71611, 'N_ncdm_decay_dr': 1, 'quadrature_strategy_ncdm_decay_dr': 3, 'ncdm_fluid_approximation': 3, 'maximum_q_ncdm_decay_dr': 15.0, 'background_method': 0, 'evolver': 1, 'N_momentum_bins_ncdm_decay_dr': 7, 'l_max_ncdm': 13, 'l_max_dr': 13, 'l_max_dr_col': 13, 'omega_b': 0.02320112, 'omega_cdm': 0.123327, 'Neff_ini_dncdm': 0.03397, 'log10lifetime_ncdm_decay_dr': 2.534188, 'm_ncdm_decay_dr': 169.4375, 'H0': 69.41635, 'ln10^{10}A_s': 3.049178, 'n_s': 0.9792697, 'tau_reio': 0.03876076, 'P_k_max_1/Mpc': 1.0}
skipping to the next model...
[PARENT][Rank 172] | ERROR: Child process failed during CLASS computation
Model: {'lensing': 'yes', 'output': 'tCl,lCl,pCl,mPk', 'l_max_scalars': 2508, 'k_pivot': 0.05, 'N_ur': 2.0328, 'N_ncdm': 1, 'm_ncdm': 0.06, 'T_ncdm': 0.71611, 'N_ncdm_decay_dr': 1, 'quadrature_strategy_ncdm_decay_dr': 3, 'ncdm_fluid_approximation': 3, 'maximum_q_ncdm_decay_dr': 15.0, 'background_method': 0, 'evolver': 1, 'N_momentum_bins_ncdm_decay_dr': 7, 'l_max_ncdm': 13, 'l_max_dr': 13, 'l_max_dr_col': 13, 'omega_b': 0.02272402, 'omega_cdm': 0.1220413, 'Neff_ini_dncdm': 0.05720052, 'log10lifetime_ncdm_decay_dr': 2.317547, 'm_ncdm_decay_dr': 155.4682, 'H0': 69.57328, 'ln10^{10}A_s': 3.102349, 'n_s': 0.9666644, 'tau_reio': 0.06682169, 'P_k_max_1/Mpc': 1.0}
skipping to the next model...
[PARENT][Rank 378] | ERROR: Child process failed during likelihood calculation
Model: {'lensing': 'yes', 'output': 'tCl,lCl,pCl,mPk', 'l_max_scalars': 2508, 'k_pivot': 0.05, 'N_ur': 2.0328, 'N_ncdm': 1, 'm_ncdm': 0.06, 'T_ncdm': 0.71611, 'N_ncdm_decay_dr': 1, 'quadrature_strategy_ncdm_decay_dr': 3, 'ncdm_fluid_approximation': 3, 'maximum_q_ncdm_decay_dr': 15.0, 'background_method': 0, 'evolver': 1, 'N_momentum_bins_ncdm_decay_dr': 7, 'l_max_ncdm': 13, 'l_max_dr': 13, 'l_max_dr_col': 13, 'omega_b': 0.02342353, 'omega_cdm': 0.1198543, 'Neff_ini_dncdm': 0.02723421, 'log10lifetime_ncdm_decay_dr': 2.403518, 'm_ncdm_decay_dr': 164.6775, 'H0': 70.6213, 'ln10^{10}A_s': 3.100021, 'n_s': 0.9708214, 'tau_reio': 0.06210756, 'P_k_max_1/Mpc': 1.0}
skipping to the next model...
[PARENT][Rank 378] | ERROR: Child process failed during CLASS computation
Model: {'lensing': 'yes', 'output': 'tCl,lCl,pCl,mPk', 'l_max_scalars': 2508, 'k_pivot': 0.05, 'N_ur': 2.0328, 'N_ncdm': 1, 'm_ncdm': 0.06, 'T_ncdm': 0.71611, 'N_ncdm_decay_dr': 1, 'quadrature_strategy_ncdm_decay_dr': 3, 'ncdm_fluid_approximation': 3, 'maximum_q_ncdm_decay_dr': 15.0, 'background_method': 0, 'evolver': 1, 'N_momentum_bins_ncdm_decay_dr': 7, 'l_max_ncdm': 13, 'l_max_dr': 13, 'l_max_dr_col': 13, 'omega_b': 0.02234803, 'omega_cdm': 0.1243746, 'Neff_ini_dncdm': 0.007451773, 'log10lifetime_ncdm_decay_dr': 3.830226, 'm_ncdm_decay_dr': 146.7343, 'H0': 68.22375, 'ln10^{10}A_s': 3.065528, 'n_s': 0.9751672, 'tau_reio': 0.05324614, 'P_k_max_1/Mpc': 1.0}
skipping to the next model...
[PARENT][Rank 172] | ERROR: Child process failed during likelihood calculation
Model: {'lensing': 'yes', 'output': 'tCl,lCl,pCl,mPk', 'l_max_scalars': 2508, 'k_pivot': 0.05, 'N_ur': 2.0328, 'N_ncdm': 1, 'm_ncdm': 0.06, 'T_ncdm': 0.71611, 'N_ncdm_decay_dr': 1, 'quadrature_strategy_ncdm_decay_dr': 3, 'ncdm_fluid_approximation': 3, 'maximum_q_ncdm_decay_dr': 15.0, 'background_method': 0, 'evolver': 1, 'N_momentum_bins_ncdm_decay_dr': 7, 'l_max_ncdm': 13, 'l_max_dr': 13, 'l_max_dr_col': 13, 'omega_b': 0.022681829, 'omega_cdm': 0.1227368, 'Neff_ini_dncdm': 0.06762728, 'log10lifetime_ncdm_decay_dr': 2.168266, 'm_ncdm_decay_dr': 153.6607, 'H0': 69.371, 'ln10^{10}A_s': 3.090651, 'n_s': 0.9683847, 'tau_reio': 0.05963453, 'P_k_max_1/Mpc': 1.0}
skipping to the next model...
[PARENT][Rank 172] | ERROR: Child process failed during CLASS computation
Model: {'lensing': 'yes', 'output': 'tCl,lCl,pCl,mPk', 'l_max_scalars': 2508, 'k_pivot': 0.05, 'N_ur': 2.0328, 'N_ncdm': 1, 'm_ncdm': 0.06, 'T_ncdm': 0.71611, 'N_ncdm_decay_dr': 1, 'quadrature_strategy_ncdm_decay_dr': 3, 'ncdm_fluid_approximation': 3, 'maximum_q_ncdm_decay_dr': 15.0, 'background_method': 0, 'evolver': 1, 'N_momentum_bins_ncdm_decay_dr': 7, 'l_max_ncdm': 13, 'l_max_dr': 13, 'l_max_dr_col': 13, 'omega_b': 0.022471739, 'omega_cdm': 0.1221682, 'Neff_ini_dncdm': 0.054704, 'log10lifetime_ncdm_decay_dr': 2.14514, 'm_ncdm_decay_dr': 112.843, 'H0': 68.93018, 'ln10^{10}A_s': 3.085473, 'n_s': 0.9656833, 'tau_reio': 0.07390745, 'P_k_max_1/Mpc': 1.0}
skipping to the next model...
[PARENT][Rank 378] | ERROR: Child process failed during likelihood calculation
Model: {'lensing': 'yes', 'output': 'tCl,lCl,pCl,mPk', 'l_max_scalars': 2508, 'k_pivot': 0.05, 'N_ur': 2.0328, 'N_ncdm': 1, 'm_ncdm': 0.06, 'T_ncdm': 0.71611, 'N_ncdm_decay_dr': 1, 'quadrature_strategy_ncdm_decay_dr': 3, 'ncdm_fluid_approximation': 3, 'maximum_q_ncdm_decay_dr': 15.0, 'background_method': 0, 'evolver': 1, 'N_momentum_bins_ncdm_decay_dr': 7, 'l_max_ncdm': 13, 'l_max_dr': 13, 'l_max_dr_col': 13, 'omega_b': 0.022287158, 'omega_cdm': 0.1246349, 'Neff_ini_dncdm': 0.02361241, 'log10lifetime_ncdm_decay_dr': 3.088113, 'm_ncdm_decay_dr': 148.2789, 'H0': 68.22607, 'ln10^{10}A_s': 3.078235, 'n_s': 0.9726604, 'tau_reio': 0.05769433, 'P_k_max_1/Mpc': 1.0}
skipping to the next model...
[PARENT][Rank 378] | ERROR: Child process failed during CLASS computation
Model: {'lensing': 'yes', 'output': 'tCl,lCl,pCl,mPk', 'l_max_scalars': 2508, 'k_pivot': 0.05, 'N_ur': 2.0328, 'N_ncdm': 1, 'm_ncdm': 0.06, 'T_ncdm': 0.71611, 'N_ncdm_decay_dr': 1, 'quadrature_strategy_ncdm_decay_dr': 3, 'ncdm_fluid_approximation': 3, 'maximum_q_ncdm_decay_dr': 15.0, 'background_method': 0, 'evolver': 1, 'N_momentum_bins_ncdm_decay_dr': 7, 'l_max_ncdm': 13, 'l_max_dr': 13, 'l_max_dr_col': 13, 'omega_b': 0.022651501, 'omega_cdm': 0.1214896, 'Neff_ini_dncdm': 0.05889609, 'log10lifetime_ncdm_decay_dr': 2.164699, 'm_ncdm_decay_dr': 111.0843, 'H0': 69.32961, 'ln10^{10}A_s': 3.064367, 'n_s': 0.9712866, 'tau_reio': 0.06834038, 'P_k_max_1/Mpc': 1.0}
skipping to the next model...
[PARENT][Rank 172] | ERROR: Child process failed during likelihood calculation
Model: {'lensing': 'yes', 'output': 'tCl,lCl,pCl,mPk', 'l_max_scalars': 2508, 'k_pivot': 0.05, 'N_ur': 2.0328, 'N_ncdm': 1, 'm_ncdm': 0.06, 'T_ncdm': 0.71611, 'N_ncdm_decay_dr': 1, 'quadrature_strategy_ncdm_decay_dr': 3, 'ncdm_fluid_approximation': 3, 'maximum_q_ncdm_decay_dr': 15.0, 'background_method': 0, 'evolver': 1, 'N_momentum_bins_ncdm_decay_dr': 7, 'l_max_ncdm': 13, 'l_max_dr': 13, 'l_max_dr_col': 13, 'omega_b': 0.02263351, 'omega_cdm': 0.1213242, 'Neff_ini_dncdm': 0.06849632, 'log10lifetime_ncdm_decay_dr': 2.211914, 'm_ncdm_decay_dr': 109.8859, 'H0': 69.393, 'ln10^{10}A_s': 3.065106, 'n_s': 0.9674611, 'tau_reio': 0.06990705, 'P_k_max_1/Mpc': 1.0}
skipping to the next model...
[PARENT][Rank 172] | ERROR: Child process failed during CLASS computation
Model: {'lensing': 'yes', 'output': 'tCl,lCl,pCl,mPk', 'l_max_scalars': 2508, 'k_pivot': 0.05, 'N_ur': 2.0328, 'N_ncdm': 1, 'm_ncdm': 0.06, 'T_ncdm': 0.71611, 'N_ncdm_decay_dr': 1, 'quadrature_strategy_ncdm_decay_dr': 3, 'ncdm_fluid_approximation': 3, 'maximum_q_ncdm_decay_dr': 15.0, 'background_method': 0, 'evolver': 1, 'N_momentum_bins_ncdm_decay_dr': 7, 'l_max_ncdm': 13, 'l_max_dr': 13, 'l_max_dr_col': 13, 'omega_b': 0.02219173, 'omega_cdm': 0.1251069, 'Neff_ini_dncdm': 0.01636446, 'log10lifetime_ncdm_decay_dr': 2.386672, 'm_ncdm_decay_dr': 181.3925, 'H0': 66.85183, 'ln10^{10}A_s': 3.062121, 'n_s': 0.9641409, 'tau_reio': 0.05514717, 'P_k_max_1/Mpc': 1.0}
skipping to the next model...
[PARENT][Rank 378] | ERROR: Child process failed during likelihood calculation
Model: {'lensing': 'yes', 'output': 'tCl,lCl,pCl,mPk', 'l_max_scalars': 2508, 'k_pivot': 0.05, 'N_ur': 2.0328, 'N_ncdm': 1, 'm_ncdm': 0.06, 'T_ncdm': 0.71611, 'N_ncdm_decay_dr': 1, 'quadrature_strategy_ncdm_decay_dr': 3, 'ncdm_fluid_approximation': 3, 'maximum_q_ncdm_decay_dr': 15.0, 'background_method': 0, 'evolver': 1, 'N_momentum_bins_ncdm_decay_dr': 7, 'l_max_ncdm': 13, 'l_max_dr': 13, 'l_max_dr_col': 13, 'omega_b': 0.02264146, 'omega_cdm': 0.1218209, 'Neff_ini_dncdm': 0.07050951, 'log10lifetime_ncdm_decay_dr': 2.073234, 'm_ncdm_decay_dr': 106.9557, 'H0': 69.15105, 'ln10^{10}A_s': 3.072506, 'n_s': 0.9716059, 'tau_reio': 0.07022428, 'P_k_max_1/Mpc': 1.0}
skipping to the next model...
[PARENT][Rank 378] | ERROR: Child process failed during CLASS computation
Model: {'lensing': 'yes', 'output': 'tCl,lCl,pCl,mPk', 'l_max_scalars': 2508, 'k_pivot': 0.05, 'N_ur': 2.0328, 'N_ncdm': 1, 'm_ncdm': 0.06, 'T_ncdm': 0.71611, 'N_ncdm_decay_dr': 1, 'quadrature_strategy_ncdm_decay_dr': 3, 'ncdm_fluid_approximation': 3, 'maximum_q_ncdm_decay_dr': 15.0, 'background_method': 0, 'evolver': 1, 'N_momentum_bins_ncdm_decay_dr': 7, 'l_max_ncdm': 13, 'l_max_dr': 13, 'l_max_dr_col': 13, 'omega_b': 0.022397138, 'omega_cdm': 0.1245251, 'Neff_ini_dncdm': 0.02320877, 'log10lifetime_ncdm_decay_dr': 2.422075, 'm_ncdm_decay_dr': 186.0259, 'H0': 67.24785, 'ln10^{10}A_s': 3.062031, 'n_s': 0.9618708, 'tau_reio': 0.0574634, 'P_k_max_1/Mpc': 1.0}
skipping to the next model...
[PARENT][Rank 378] | ERROR: Child process failed during likelihood calculation
Model: {'lensing': 'yes', 'output': 'tCl,lCl,pCl,mPk', 'l_max_scalars': 2508, 'k_pivot': 0.05, 'N_ur': 2.0328, 'N_ncdm': 1, 'm_ncdm': 0.06, 'T_ncdm': 0.71611, 'N_ncdm_decay_dr': 1, 'quadrature_strategy_ncdm_decay_dr': 3, 'ncdm_fluid_approximation': 3, 'maximum_q_ncdm_decay_dr': 15.0, 'background_method': 0, 'evolver': 1, 'N_momentum_bins_ncdm_decay_dr': 7, 'l_max_ncdm': 13, 'l_max_dr': 13, 'l_max_dr_col': 13, 'omega_b': 0.022397138, 'omega_cdm': 0.1245251, 'Neff_ini_dncdm': 0.02320877, 'log10lifetime_ncdm_decay_dr': 2.422075, 'm_ncdm_decay_dr': 186.0259, 'H0': 67.24785, 'ln10^{10}A_s': 3.062031, 'n_s': 0.9618708, 'tau_reio': 0.0574634, 'P_k_max_1/Mpc': 1.0}
skipping to the next model...
[PARENT][Rank 378] | ERROR: Child process failed during CLASS computation
Model: {'lensing': 'yes', 'output': 'tCl,lCl,pCl,mPk', 'l_max_scalars': 2508, 'k_pivot': 0.05, 'N_ur': 2.0328, 'N_ncdm': 1, 'm_ncdm': 0.06, 'T_ncdm': 0.71611, 'N_ncdm_decay_dr': 1, 'quadrature_strategy_ncdm_decay_dr': 3, 'ncdm_fluid_approximation': 3, 'maximum_q_ncdm_decay_dr': 15.0, 'background_method': 0, 'evolver': 1, 'N_momentum_bins_ncdm_decay_dr': 7, 'l_max_ncdm': 13, 'l_max_dr': 13, 'l_max_dr_col': 13, 'omega_b': 0.02235278, 'omega_cdm': 0.1214863, 'Neff_ini_dncdm': 0.02798459, 'log10lifetime_ncdm_decay_dr': 2.407956, 'm_ncdm_decay_dr': 193.1799, 'H0': 68.34472, 'ln10^{10}A_s': 3.010604, 'n_s': 0.956211, 'tau_reio': 0.04235201, 'P_k_max_1/Mpc': 1.0}
skipping to the next model...
[PARENT][Rank 172] | ERROR: Child process failed during likelihood calculation
Model: {'lensing': 'yes', 'output': 'tCl,lCl,pCl,mPk', 'l_max_scalars': 2508, 'k_pivot': 0.05, 'N_ur': 2.0328, 'N_ncdm': 1, 'm_ncdm': 0.06, 'T_ncdm': 0.71611, 'N_ncdm_decay_dr': 1, 'quadrature_strategy_ncdm_decay_dr': 3, 'ncdm_fluid_approximation': 3, 'maximum_q_ncdm_decay_dr': 15.0, 'background_method': 0, 'evolver': 1, 'N_momentum_bins_ncdm_decay_dr': 7, 'l_max_ncdm': 13, 'l_max_dr': 13, 'l_max_dr_col': 13, 'omega_b': 0.0223638, 'omega_cdm': 0.1238461, 'Neff_ini_dncdm': 0.0178605, 'log10lifetime_ncdm_decay_dr': 2.409304, 'm_ncdm_decay_dr': 188.5247, 'H0': 67.53915, 'ln10^{10}A_s': 3.044537, 'n_s': 0.9649801, 'tau_reio': 0.04845945, 'P_k_max_1/Mpc': 1.0}
skipping to the next model...
[PARENT][Rank 172] | ERROR: Child process failed during CLASS computation
Model: {'lensing': 'yes', 'output': 'tCl,lCl,pCl,mPk', 'l_max_scalars': 2508, 'k_pivot': 0.05, 'N_ur': 2.0328, 'N_ncdm': 1, 'm_ncdm': 0.06, 'T_ncdm': 0.71611, 'N_ncdm_decay_dr': 1, 'quadrature_strategy_ncdm_decay_dr': 3, 'ncdm_fluid_approximation': 3, 'maximum_q_ncdm_decay_dr': 15.0, 'background_method': 0, 'evolver': 1, 'N_momentum_bins_ncdm_decay_dr': 7, 'l_max_ncdm': 13, 'l_max_dr': 13, 'l_max_dr_col': 13, 'omega_b': 0.022209598, 'omega_cdm': 0.1232702, 'Neff_ini_dncdm': 0.0313334, 'log10lifetime_ncdm_decay_dr': 2.284632, 'm_ncdm_decay_dr': 196.0542, 'H0': 67.56872, 'ln10^{10}A_s': 3.01765, 'n_s': 0.9487354, 'tau_reio': 0.04461845, 'P_k_max_1/Mpc': 1.0}
skipping to the next model...
[PARENT][Rank 378] | ERROR: Child process failed during likelihood calculation
Model: {'lensing': 'yes', 'output': 'tCl,lCl,pCl,mPk', 'l_max_scalars': 2508, 'k_pivot': 0.05, 'N_ur': 2.0328, 'N_ncdm': 1, 'm_ncdm': 0.06, 'T_ncdm': 0.71611, 'N_ncdm_decay_dr': 1, 'quadrature_strategy_ncdm_decay_dr': 3, 'ncdm_fluid_approximation': 3, 'maximum_q_ncdm_decay_dr': 15.0, 'background_method': 0, 'evolver': 1, 'N_momentum_bins_ncdm_decay_dr': 7, 'l_max_ncdm': 13, 'l_max_dr': 13, 'l_max_dr_col': 13, 'omega_b': 0.022209598, 'omega_cdm': 0.1232702, 'Neff_ini_dncdm': 0.0313334, 'log10lifetime_ncdm_decay_dr': 2.284632, 'm_ncdm_decay_dr': 196.0542, 'H0': 67.56872, 'ln10^{10}A_s': 3.01765, 'n_s': 0.9487354, 'tau_reio': 0.04461845, 'P_k_max_1/Mpc': 1.0}
skipping to the next model...
[PARENT][Rank 378] | ERROR: Child process failed during CLASS computation
Model: {'lensing': 'yes', 'output': 'tCl,lCl,pCl,mPk', 'l_max_scalars': 2508, 'k_pivot': 0.05, 'N_ur': 2.0328, 'N_ncdm': 1, 'm_ncdm': 0.06, 'T_ncdm': 0.71611, 'N_ncdm_decay_dr': 1, 'quadrature_strategy_ncdm_decay_dr': 3, 'ncdm_fluid_approximation': 3, 'maximum_q_ncdm_decay_dr': 15.0, 'background_method': 0, 'evolver': 1, 'N_momentum_bins_ncdm_decay_dr': 7, 'l_max_ncdm': 13, 'l_max_dr': 13, 'l_max_dr_col': 13, 'omega_b': 0.022211699, 'omega_cdm': 0.1246169, 'Neff_ini_dncdm': 0.004415762, 'log10lifetime_ncdm_decay_dr': 3.441773, 'm_ncdm_decay_dr': 182.0032, 'H0': 66.5183, 'ln10^{10}A_s': 3.006646, 'n_s': 0.9468966, 'tau_reio': 0.03213833, 'P_k_max_1/Mpc': 1.0}
skipping to the next model...
[PARENT][Rank 172] | ERROR: Child process failed during likelihood calculation
Model: {'lensing': 'yes', 'output': 'tCl,lCl,pCl,mPk', 'l_max_scalars': 2508, 'k_pivot': 0.05, 'N_ur': 2.0328, 'N_ncdm': 1, 'm_ncdm': 0.06, 'T_ncdm': 0.71611, 'N_ncdm_decay_dr': 1, 'quadrature_strategy_ncdm_decay_dr': 3, 'ncdm_fluid_approximation': 3, 'maximum_q_ncdm_decay_dr': 15.0, 'background_method': 0, 'evolver': 1, 'N_momentum_bins_ncdm_decay_dr': 7, 'l_max_ncdm': 13, 'l_max_dr': 13, 'l_max_dr_col': 13, 'omega_b': 0.022209598, 'omega_cdm': 0.1232702, 'Neff_ini_dncdm': 0.0313334, 'log10lifetime_ncdm_decay_dr': 2.284632, 'm_ncdm_decay_dr': 196.0542, 'H0': 67.56872, 'ln10^{10}A_s': 3.01765, 'n_s': 0.9487354, 'tau_reio': 0.04461845, 'P_k_max_1/Mpc': 1.0}
skipping to the next model...
[PARENT][Rank 172] | ERROR: Child process failed during CLASS computation
Model: {'lensing': 'yes', 'output': 'tCl,lCl,pCl,mPk', 'l_max_scalars': 2508, 'k_pivot': 0.05, 'N_ur': 2.0328, 'N_ncdm': 1, 'm_ncdm': 0.06, 'T_ncdm': 0.71611, 'N_ncdm_decay_dr': 1, 'quadrature_strategy_ncdm_decay_dr': 3, 'ncdm_fluid_approximation': 3, 'maximum_q_ncdm_decay_dr': 15.0, 'background_method': 0, 'evolver': 1, 'N_momentum_bins_ncdm_decay_dr': 7, 'l_max_ncdm': 13, 'l_max_dr': 13, 'l_max_dr_col': 13, 'omega_b': 0.022211699, 'omega_cdm': 0.1246169, 'Neff_ini_dncdm': 0.004415762, 'log10lifetime_ncdm_decay_dr': 3.441773, 'm_ncdm_decay_dr': 182.0032, 'H0': 66.5183, 'ln10^{10}A_s': 3.006646, 'n_s': 0.9468966, 'tau_reio': 0.03213833, 'P_k_max_1/Mpc': 1.0}
skipping to the next model...
[PARENT][Rank 378] | ERROR: Child process failed during likelihood calculation
Model: {'lensing': 'yes', 'output': 'tCl,lCl,pCl,mPk', 'l_max_scalars': 2508, 'k_pivot': 0.05, 'N_ur': 2.0328, 'N_ncdm': 1, 'm_ncdm': 0.06, 'T_ncdm': 0.71611, 'N_ncdm_decay_dr': 1, 'quadrature_strategy_ncdm_decay_dr': 3, 'ncdm_fluid_approximation': 3, 'maximum_q_ncdm_decay_dr': 15.0, 'background_method': 0, 'evolver': 1, 'N_momentum_bins_ncdm_decay_dr': 7, 'l_max_ncdm': 13, 'l_max_dr': 13, 'l_max_dr_col': 13, 'omega_b': 0.022211699, 'omega_cdm': 0.1246169, 'Neff_ini_dncdm': 0.004415762, 'log10lifetime_ncdm_decay_dr': 3.441773, 'm_ncdm_decay_dr': 182.0032, 'H0': 66.5183, 'ln10^{10}A_s': 3.006646, 'n_s': 0.9468966, 'tau_reio': 0.03213833, 'P_k_max_1/Mpc': 1.0}
skipping to the next model...
[Master] [WARNING] Received ABORT command from ranks: {378}.
This is due to the parent failing closing down the child process properly.
Or the child process crashed or was unresponsive at some point.
Exiting through MPI.Abort() to prevent hanging/deadlock.
[PARENT][Rank 378] | WARNING: Unexpected response from child: MODEL_FAILED. Expected 'DONE_ACK'.
--------------------------------------------------------------------------
MPI_ABORT was invoked on rank 0 in communicator MPI_COMM_WORLD
with errorcode 1.

NOTE: invoking MPI_ABORT causes Open MPI to kill all MPI processes.
You may or may not see output from other processes, depending on
exactly when Open MPI kills them.
--------------------------------------------------------------------------
--------------------------------------------------------------------------
An MPI communication peer process has unexpectedly disconnected.  This
usually indicates a failure in the peer process (e.g., a crash or
otherwise exiting without calling MPI_FINALIZE first).

Although this local MPI process will likely now behave unpredictably
(it may even hang or crash), the root cause of this problem is the
failure of the peer -- that is what you need to investigate.  For
example, there may be a core file that you can examine.  More
generally: such peer hangups are frequently caused by application bugs
or other external events.

  Local host: s44n19
  Local PID:  2828390
  Peer host:  s44n12
--------------------------------------------------------------------------
--------------------------------------------------------------------------
WARNING: Open MPI failed to TCP connect to a peer MPI process.  This
should not happen.

Your Open MPI job may now hang or fail.

  Local host: s44n17
  PID:        2607241
  Message:    connect() to 10.10.44.12:1060 failed
  Error:      Operation now in progress (115)
--------------------------------------------------------------------------
[s44n15][[8043,1],185][btl_tcp_frag.c:135:mca_btl_tcp_frag_send] mca_btl_tcp_frag_send: writev failed: Connection reset by peer (104)
[s44n15][[8043,1],185][btl_tcp_endpoint.c:1065:mca_btl_tcp_endpoint_send_handler] invalid connection state (2)
[CHILD][Parent Rank 266] | CRITICAL ERROR: Process killed by SIGTERM (Job Cancelled or Terminated)
[CHILD][Parent Rank 276] | CRITICAL ERROR: Process killed by SIGTERM (Job Cancelled or Terminated)
[CHILD][Parent Rank 277] | CRITICAL ERROR: Process killed by SIGTERM (Job Cancelled or Terminated)
[CHILD][Parent Rank 55] | CRITICAL ERROR: Process killed by SIGTERM (Job Cancelled or Terminated)
[CHILD][Parent Rank 210] | CRITICAL ERROR: Process killed by SIGTERM (Job Cancelled or Terminated)
[CHILD][Parent Rank 229] | CRITICAL ERROR: Process killed by SIGTERM (Job Cancelled or Terminated)
[CHILD][Parent Rank 321] | CRITICAL ERROR: Process killed by SIGTERM (Job Cancelled or Terminated)
[CHILD][Parent Rank 303] | CRITICAL ERROR: Process killed by SIGTERM (Job Cancelled or Terminated)
[CHILD][Parent Rank 297] | CRITICAL ERROR: Process killed by SIGTERM (Job Cancelled or Terminated)
[CHILD][Parent Rank 362] | CRITICAL ERROR: Process killed by SIGTERM (Job Cancelled or Terminated)
[CHILD][Parent Rank 361] | CRITICAL ERROR: Process killed by SIGTERM (Job Cancelled or Terminated)
[CHILD][Parent Rank 378] | CRITICAL ERROR: Process killed by SIGTERM (Job Cancelled or Terminated)
[CHILD][Parent Rank 337] | CRITICAL ERROR: Process killed by SIGTERM (Job Cancelled or Terminated)
[CHILD][Parent Rank 368] | CRITICAL ERROR: Process killed by SIGTERM (Job Cancelled or Terminated)
[CHILD][Parent Rank 359] | CRITICAL ERROR: Process killed by SIGTERM (Job Cancelled or Terminated)
[CHILD][Parent Rank 336] | CRITICAL ERROR: Process killed by SIGTERM (Job Cancelled or Terminated)
[CHILD][Parent Rank 371] | CRITICAL ERROR: Process killed by SIGTERM (Job Cancelled or Terminated)
[s44n12.grendel.cscaa.dk:2158901] 33 more processes have sent help message help-mpi-btl-tcp.txt / peer hung up
[s44n12.grendel.cscaa.dk:2158901] Set MCA parameter "orte_base_help_aggregate" to 0 to see all help / error messages
[s44n12.grendel.cscaa.dk:2158901] 17 more processes have sent help message help-mpi-btl-tcp.txt / client connect fail
WARNING: mpirun failed with exit code 1, but calculations completed successfully. Checking for lingering MPI processes...
No lingering MPI processes found.
Check complete, continuing...
[CHILD][Parent Rank 151] | The following model took too long to complete: 
params: {'lensing': 'yes', 'output': 'tCl,lCl,pCl,mPk', 'l_max_scalars': 2508, 'k_pivot': 0.05, 'N_ur': 2.0328, 'N_ncdm': 1, 'm_ncdm': 0.06, 'T_ncdm': 0.71611, 'N_ncdm_decay_dr': 1, 'quadrature_strategy_ncdm_decay_dr': 3, 'ncdm_fluid_approximation': 3, 'maximum_q_ncdm_decay_dr': 15.0, 'background_method': 0, 'evolver': 1, 'N_momentum_bins_ncdm_decay_dr': 7, 'l_max_ncdm': 13, 'l_max_dr': 13, 'l_max_dr_col': 13, 'omega_b': 0.02187017, 'omega_cdm': 0.1226583, 'Neff_ini_dncdm': 0.1014799, 'log10lifetime_ncdm_decay_dr': 5.502647, 'm_ncdm_decay_dr': 0.1796795, 'H0': 67.32018, 'ln10^{10}A_s': 3.053811, 'n_s': 0.9785007, 'tau_reio': 0.06919777, 'P_k_max_1/Mpc': 1.0}

[PARENT][Rank 151] | ERROR: Child process failed during CLASS computation
Model: {'lensing': 'yes', 'output': 'tCl,lCl,pCl,mPk', 'l_max_scalars': 2508, 'k_pivot': 0.05, 'N_ur': 2.0328, 'N_ncdm': 1, 'm_ncdm': 0.06, 'T_ncdm': 0.71611, 'N_ncdm_decay_dr': 1, 'quadrature_strategy_ncdm_decay_dr': 3, 'ncdm_fluid_approximation': 3, 'maximum_q_ncdm_decay_dr': 15.0, 'background_method': 0, 'evolver': 1, 'N_momentum_bins_ncdm_decay_dr': 7, 'l_max_ncdm': 13, 'l_max_dr': 13, 'l_max_dr_col': 13, 'omega_b': 0.02187017, 'omega_cdm': 0.1226583, 'Neff_ini_dncdm': 0.1014799, 'log10lifetime_ncdm_decay_dr': 5.502647, 'm_ncdm_decay_dr': 0.1796795, 'H0': 67.32018, 'ln10^{10}A_s': 3.053811, 'n_s': 0.9785007, 'tau_reio': 0.06919777, 'P_k_max_1/Mpc': 1.0}
skipping to the next model...
[CHILD][Parent Rank 375] | The following model took too long to complete: 
params: {'lensing': 'yes', 'output': 'tCl,lCl,pCl,mPk', 'l_max_scalars': 2508, 'k_pivot': 0.05, 'N_ur': 2.0328, 'N_ncdm': 1, 'm_ncdm': 0.06, 'T_ncdm': 0.71611, 'N_ncdm_decay_dr': 1, 'quadrature_strategy_ncdm_decay_dr': 3, 'ncdm_fluid_approximation': 3, 'maximum_q_ncdm_decay_dr': 15.0, 'background_method': 0, 'evolver': 1, 'N_momentum_bins_ncdm_decay_dr': 7, 'l_max_ncdm': 13, 'l_max_dr': 13, 'l_max_dr_col': 13, 'omega_b': 0.022416178, 'omega_cdm': 0.1175219, 'Neff_ini_dncdm': 0.03722361, 'log10lifetime_ncdm_decay_dr': 5.7559, 'm_ncdm_decay_dr': 0.08807119, 'H0': 68.783, 'ln10^{10}A_s': 2.991773, 'n_s': 0.9735928, 'tau_reio': 0.03285999, 'P_k_max_1/Mpc': 1.0}

[PARENT][Rank 375] | ERROR: Child process failed during CLASS computation
Model: {'lensing': 'yes', 'output': 'tCl,lCl,pCl,mPk', 'l_max_scalars': 2508, 'k_pivot': 0.05, 'N_ur': 2.0328, 'N_ncdm': 1, 'm_ncdm': 0.06, 'T_ncdm': 0.71611, 'N_ncdm_decay_dr': 1, 'quadrature_strategy_ncdm_decay_dr': 3, 'ncdm_fluid_approximation': 3, 'maximum_q_ncdm_decay_dr': 15.0, 'background_method': 0, 'evolver': 1, 'N_momentum_bins_ncdm_decay_dr': 7, 'l_max_ncdm': 13, 'l_max_dr': 13, 'l_max_dr_col': 13, 'omega_b': 0.022416178, 'omega_cdm': 0.1175219, 'Neff_ini_dncdm': 0.03722361, 'log10lifetime_ncdm_decay_dr': 5.7559, 'm_ncdm_decay_dr': 0.08807119, 'H0': 68.783, 'ln10^{10}A_s': 2.991773, 'n_s': 0.9735928, 'tau_reio': 0.03285999, 'P_k_max_1/Mpc': 1.0}
skipping to the next model...
[CHILD][Parent Rank 376] | The following model took too long to complete: 
params: {'lensing': 'yes', 'output': 'tCl,lCl,pCl,mPk', 'l_max_scalars': 2508, 'k_pivot': 0.05, 'N_ur': 2.0328, 'N_ncdm': 1, 'm_ncdm': 0.06, 'T_ncdm': 0.71611, 'N_ncdm_decay_dr': 1, 'quadrature_strategy_ncdm_decay_dr': 3, 'ncdm_fluid_approximation': 3, 'maximum_q_ncdm_decay_dr': 15.0, 'background_method': 0, 'evolver': 1, 'N_momentum_bins_ncdm_decay_dr': 7, 'l_max_ncdm': 13, 'l_max_dr': 13, 'l_max_dr_col': 13, 'omega_b': 0.022416178, 'omega_cdm': 0.1175219, 'Neff_ini_dncdm': 0.03722361, 'log10lifetime_ncdm_decay_dr': 5.7559, 'm_ncdm_decay_dr': 0.08807119, 'H0': 68.783, 'ln10^{10}A_s': 2.991773, 'n_s': 0.9735928, 'tau_reio': 0.03285999, 'P_k_max_1/Mpc': 1.0}

[PARENT][Rank 376] | ERROR: Child process failed during CLASS computation
Model: {'lensing': 'yes', 'output': 'tCl,lCl,pCl,mPk', 'l_max_scalars': 2508, 'k_pivot': 0.05, 'N_ur': 2.0328, 'N_ncdm': 1, 'm_ncdm': 0.06, 'T_ncdm': 0.71611, 'N_ncdm_decay_dr': 1, 'quadrature_strategy_ncdm_decay_dr': 3, 'ncdm_fluid_approximation': 3, 'maximum_q_ncdm_decay_dr': 15.0, 'background_method': 0, 'evolver': 1, 'N_momentum_bins_ncdm_decay_dr': 7, 'l_max_ncdm': 13, 'l_max_dr': 13, 'l_max_dr_col': 13, 'omega_b': 0.022416178, 'omega_cdm': 0.1175219, 'Neff_ini_dncdm': 0.03722361, 'log10lifetime_ncdm_decay_dr': 5.7559, 'm_ncdm_decay_dr': 0.08807119, 'H0': 68.783, 'ln10^{10}A_s': 2.991773, 'n_s': 0.9735928, 'tau_reio': 0.03285999, 'P_k_max_1/Mpc': 1.0}
skipping to the next model...
[CHILD][Parent Rank 377] | The following model took too long to complete: 
params: {'lensing': 'yes', 'output': 'tCl,lCl,pCl,mPk', 'l_max_scalars': 2508, 'k_pivot': 0.05, 'N_ur': 2.0328, 'N_ncdm': 1, 'm_ncdm': 0.06, 'T_ncdm': 0.71611, 'N_ncdm_decay_dr': 1, 'quadrature_strategy_ncdm_decay_dr': 3, 'ncdm_fluid_approximation': 3, 'maximum_q_ncdm_decay_dr': 15.0, 'background_method': 0, 'evolver': 1, 'N_momentum_bins_ncdm_decay_dr': 7, 'l_max_ncdm': 13, 'l_max_dr': 13, 'l_max_dr_col': 13, 'omega_b': 0.022416178, 'omega_cdm': 0.1175219, 'Neff_ini_dncdm': 0.03722361, 'log10lifetime_ncdm_decay_dr': 5.7559, 'm_ncdm_decay_dr': 0.08807119, 'H0': 68.783, 'ln10^{10}A_s': 2.991773, 'n_s': 0.9735928, 'tau_reio': 0.03285999, 'P_k_max_1/Mpc': 1.0}

[PARENT][Rank 377] | ERROR: Child process failed during CLASS computation
Model: {'lensing': 'yes', 'output': 'tCl,lCl,pCl,mPk', 'l_max_scalars': 2508, 'k_pivot': 0.05, 'N_ur': 2.0328, 'N_ncdm': 1, 'm_ncdm': 0.06, 'T_ncdm': 0.71611, 'N_ncdm_decay_dr': 1, 'quadrature_strategy_ncdm_decay_dr': 3, 'ncdm_fluid_approximation': 3, 'maximum_q_ncdm_decay_dr': 15.0, 'background_method': 0, 'evolver': 1, 'N_momentum_bins_ncdm_decay_dr': 7, 'l_max_ncdm': 13, 'l_max_dr': 13, 'l_max_dr_col': 13, 'omega_b': 0.022416178, 'omega_cdm': 0.1175219, 'Neff_ini_dncdm': 0.03722361, 'log10lifetime_ncdm_decay_dr': 5.7559, 'm_ncdm_decay_dr': 0.08807119, 'H0': 68.783, 'ln10^{10}A_s': 2.991773, 'n_s': 0.9735928, 'tau_reio': 0.03285999, 'P_k_max_1/Mpc': 1.0}
skipping to the next model...
[CHILD][Parent Rank 33] | The following model took too long to complete: 
params: {'lensing': 'yes', 'output': 'tCl,lCl,pCl,mPk', 'l_max_scalars': 2508, 'k_pivot': 0.05, 'N_ur': 2.0328, 'N_ncdm': 1, 'm_ncdm': 0.06, 'T_ncdm': 0.71611, 'N_ncdm_decay_dr': 1, 'quadrature_strategy_ncdm_decay_dr': 3, 'ncdm_fluid_approximation': 3, 'maximum_q_ncdm_decay_dr': 15.0, 'background_method': 0, 'evolver': 1, 'N_momentum_bins_ncdm_decay_dr': 7, 'l_max_ncdm': 13, 'l_max_dr': 13, 'l_max_dr_col': 13, 'omega_b': 0.022416178, 'omega_cdm': 0.1175219, 'Neff_ini_dncdm': 0.03722361, 'log10lifetime_ncdm_decay_dr': 5.7559, 'm_ncdm_decay_dr': 0.08807119, 'H0': 68.783, 'ln10^{10}A_s': 2.991773, 'n_s': 0.9735928, 'tau_reio': 0.03285999, 'P_k_max_1/Mpc': 1.0}

[PARENT][Rank 33] | ERROR: Child process failed during CLASS computation
Model: {'lensing': 'yes', 'output': 'tCl,lCl,pCl,mPk', 'l_max_scalars': 2508, 'k_pivot': 0.05, 'N_ur': 2.0328, 'N_ncdm': 1, 'm_ncdm': 0.06, 'T_ncdm': 0.71611, 'N_ncdm_decay_dr': 1, 'quadrature_strategy_ncdm_decay_dr': 3, 'ncdm_fluid_approximation': 3, 'maximum_q_ncdm_decay_dr': 15.0, 'background_method': 0, 'evolver': 1, 'N_momentum_bins_ncdm_decay_dr': 7, 'l_max_ncdm': 13, 'l_max_dr': 13, 'l_max_dr_col': 13, 'omega_b': 0.022416178, 'omega_cdm': 0.1175219, 'Neff_ini_dncdm': 0.03722361, 'log10lifetime_ncdm_decay_dr': 5.7559, 'm_ncdm_decay_dr': 0.08807119, 'H0': 68.783, 'ln10^{10}A_s': 2.991773, 'n_s': 0.9735928, 'tau_reio': 0.03285999, 'P_k_max_1/Mpc': 1.0}
skipping to the next model...
[CHILD][Parent Rank 232] | The following model took too long to complete: 
params: {'lensing': 'yes', 'output': 'tCl,lCl,pCl,mPk', 'l_max_scalars': 2508, 'k_pivot': 0.05, 'N_ur': 2.0328, 'N_ncdm': 1, 'm_ncdm': 0.06, 'T_ncdm': 0.71611, 'N_ncdm_decay_dr': 1, 'quadrature_strategy_ncdm_decay_dr': 3, 'ncdm_fluid_approximation': 3, 'maximum_q_ncdm_decay_dr': 15.0, 'background_method': 0, 'evolver': 1, 'N_momentum_bins_ncdm_decay_dr': 7, 'l_max_ncdm': 13, 'l_max_dr': 13, 'l_max_dr_col': 13, 'omega_b': 0.022416178, 'omega_cdm': 0.1175219, 'Neff_ini_dncdm': 0.03722361, 'log10lifetime_ncdm_decay_dr': 5.7559, 'm_ncdm_decay_dr': 0.08807119, 'H0': 68.783, 'ln10^{10}A_s': 2.991773, 'n_s': 0.9735928, 'tau_reio': 0.03285999, 'P_k_max_1/Mpc': 1.0}

[CHILD][Parent Rank 238] | The following model took too long to complete: 
params: {'lensing': 'yes', 'output': 'tCl,lCl,pCl,mPk', 'l_max_scalars': 2508, 'k_pivot': 0.05, 'N_ur': 2.0328, 'N_ncdm': 1, 'm_ncdm': 0.06, 'T_ncdm': 0.71611, 'N_ncdm_decay_dr': 1, 'quadrature_strategy_ncdm_decay_dr': 3, 'ncdm_fluid_approximation': 3, 'maximum_q_ncdm_decay_dr': 15.0, 'background_method': 0, 'evolver': 1, 'N_momentum_bins_ncdm_decay_dr': 7, 'l_max_ncdm': 13, 'l_max_dr': 13, 'l_max_dr_col': 13, 'omega_b': 0.022416178, 'omega_cdm': 0.1175219, 'Neff_ini_dncdm': 0.03722361, 'log10lifetime_ncdm_decay_dr': 5.7559, 'm_ncdm_decay_dr': 0.08807119, 'H0': 68.783, 'ln10^{10}A_s': 2.991773, 'n_s': 0.9735928, 'tau_reio': 0.03285999, 'P_k_max_1/Mpc': 1.0}

[PARENT][Rank 232] | ERROR: Child process failed during CLASS computation
Model: {'lensing': 'yes', 'output': 'tCl,lCl,pCl,mPk', 'l_max_scalars': 2508, 'k_pivot': 0.05, 'N_ur': 2.0328, 'N_ncdm': 1, 'm_ncdm': 0.06, 'T_ncdm': 0.71611, 'N_ncdm_decay_dr': 1, 'quadrature_strategy_ncdm_decay_dr': 3, 'ncdm_fluid_approximation': 3, 'maximum_q_ncdm_decay_dr': 15.0, 'background_method': 0, 'evolver': 1, 'N_momentum_bins_ncdm_decay_dr': 7, 'l_max_ncdm': 13, 'l_max_dr': 13, 'l_max_dr_col': 13, 'omega_b': 0.022416178, 'omega_cdm': 0.1175219, 'Neff_ini_dncdm': 0.03722361, 'log10lifetime_ncdm_decay_dr': 5.7559, 'm_ncdm_decay_dr': 0.08807119, 'H0': 68.783, 'ln10^{10}A_s': 2.991773, 'n_s': 0.9735928, 'tau_reio': 0.03285999, 'P_k_max_1/Mpc': 1.0}
skipping to the next model...
[PARENT][Rank 238] | ERROR: Child process failed during CLASS computation
Model: {'lensing': 'yes', 'output': 'tCl,lCl,pCl,mPk', 'l_max_scalars': 2508, 'k_pivot': 0.05, 'N_ur': 2.0328, 'N_ncdm': 1, 'm_ncdm': 0.06, 'T_ncdm': 0.71611, 'N_ncdm_decay_dr': 1, 'quadrature_strategy_ncdm_decay_dr': 3, 'ncdm_fluid_approximation': 3, 'maximum_q_ncdm_decay_dr': 15.0, 'background_method': 0, 'evolver': 1, 'N_momentum_bins_ncdm_decay_dr': 7, 'l_max_ncdm': 13, 'l_max_dr': 13, 'l_max_dr_col': 13, 'omega_b': 0.022416178, 'omega_cdm': 0.1175219, 'Neff_ini_dncdm': 0.03722361, 'log10lifetime_ncdm_decay_dr': 5.7559, 'm_ncdm_decay_dr': 0.08807119, 'H0': 68.783, 'ln10^{10}A_s': 2.991773, 'n_s': 0.9735928, 'tau_reio': 0.03285999, 'P_k_max_1/Mpc': 1.0}
skipping to the next model...
[CHILD][Parent Rank 185] | The following model took too long to complete: 
params: {'lensing': 'yes', 'output': 'tCl,lCl,pCl,mPk', 'l_max_scalars': 2508, 'k_pivot': 0.05, 'N_ur': 2.0328, 'N_ncdm': 1, 'm_ncdm': 0.06, 'T_ncdm': 0.71611, 'N_ncdm_decay_dr': 1, 'quadrature_strategy_ncdm_decay_dr': 3, 'ncdm_fluid_approximation': 3, 'maximum_q_ncdm_decay_dr': 15.0, 'background_method': 0, 'evolver': 1, 'N_momentum_bins_ncdm_decay_dr': 7, 'l_max_ncdm': 13, 'l_max_dr': 13, 'l_max_dr_col': 13, 'omega_b': 0.022416178, 'omega_cdm': 0.1175219, 'Neff_ini_dncdm': 0.03722361, 'log10lifetime_ncdm_decay_dr': 5.7559, 'm_ncdm_decay_dr': 0.08807119, 'H0': 68.783, 'ln10^{10}A_s': 2.991773, 'n_s': 0.9735928, 'tau_reio': 0.03285999, 'P_k_max_1/Mpc': 1.0}

[PARENT][Rank 185] | ERROR: Child process failed during CLASS computation
Model: {'lensing': 'yes', 'output': 'tCl,lCl,pCl,mPk', 'l_max_scalars': 2508, 'k_pivot': 0.05, 'N_ur': 2.0328, 'N_ncdm': 1, 'm_ncdm': 0.06, 'T_ncdm': 0.71611, 'N_ncdm_decay_dr': 1, 'quadrature_strategy_ncdm_decay_dr': 3, 'ncdm_fluid_approximation': 3, 'maximum_q_ncdm_decay_dr': 15.0, 'background_method': 0, 'evolver': 1, 'N_momentum_bins_ncdm_decay_dr': 7, 'l_max_ncdm': 13, 'l_max_dr': 13, 'l_max_dr_col': 13, 'omega_b': 0.022416178, 'omega_cdm': 0.1175219, 'Neff_ini_dncdm': 0.03722361, 'log10lifetime_ncdm_decay_dr': 5.7559, 'm_ncdm_decay_dr': 0.08807119, 'H0': 68.783, 'ln10^{10}A_s': 2.991773, 'n_s': 0.9735928, 'tau_reio': 0.03285999, 'P_k_max_1/Mpc': 1.0}
skipping to the next model...
[CHILD][Parent Rank 71] | The following model took too long to complete: 
params: {'lensing': 'yes', 'output': 'tCl,lCl,pCl,mPk', 'l_max_scalars': 2508, 'k_pivot': 0.05, 'N_ur': 2.0328, 'N_ncdm': 1, 'm_ncdm': 0.06, 'T_ncdm': 0.71611, 'N_ncdm_decay_dr': 1, 'quadrature_strategy_ncdm_decay_dr': 3, 'ncdm_fluid_approximation': 3, 'maximum_q_ncdm_decay_dr': 15.0, 'background_method': 0, 'evolver': 1, 'N_momentum_bins_ncdm_decay_dr': 7, 'l_max_ncdm': 13, 'l_max_dr': 13, 'l_max_dr_col': 13, 'omega_b': 0.02264718, 'omega_cdm': 0.1237317, 'Neff_ini_dncdm': 0.1518253, 'log10lifetime_ncdm_decay_dr': 5.748587, 'm_ncdm_decay_dr': 0.02843168, 'H0': 67.30977, 'ln10^{10}A_s': 3.048994, 'n_s': 0.9627216, 'tau_reio': 0.05123176, 'P_k_max_1/Mpc': 1.0}

[PARENT][Rank 71] | ERROR: Child process failed during CLASS computation
Model: {'lensing': 'yes', 'output': 'tCl,lCl,pCl,mPk', 'l_max_scalars': 2508, 'k_pivot': 0.05, 'N_ur': 2.0328, 'N_ncdm': 1, 'm_ncdm': 0.06, 'T_ncdm': 0.71611, 'N_ncdm_decay_dr': 1, 'quadrature_strategy_ncdm_decay_dr': 3, 'ncdm_fluid_approximation': 3, 'maximum_q_ncdm_decay_dr': 15.0, 'background_method': 0, 'evolver': 1, 'N_momentum_bins_ncdm_decay_dr': 7, 'l_max_ncdm': 13, 'l_max_dr': 13, 'l_max_dr_col': 13, 'omega_b': 0.02264718, 'omega_cdm': 0.1237317, 'Neff_ini_dncdm': 0.1518253, 'log10lifetime_ncdm_decay_dr': 5.748587, 'm_ncdm_decay_dr': 0.02843168, 'H0': 67.30977, 'ln10^{10}A_s': 3.048994, 'n_s': 0.9627216, 'tau_reio': 0.05123176, 'P_k_max_1/Mpc': 1.0}
skipping to the next model...
[CHILD][Parent Rank 50] | The following model took too long to complete: 
params: {'lensing': 'yes', 'output': 'tCl,lCl,pCl,mPk', 'l_max_scalars': 2508, 'k_pivot': 0.05, 'N_ur': 2.0328, 'N_ncdm': 1, 'm_ncdm': 0.06, 'T_ncdm': 0.71611, 'N_ncdm_decay_dr': 1, 'quadrature_strategy_ncdm_decay_dr': 3, 'ncdm_fluid_approximation': 3, 'maximum_q_ncdm_decay_dr': 15.0, 'background_method': 0, 'evolver': 1, 'N_momentum_bins_ncdm_decay_dr': 7, 'l_max_ncdm': 13, 'l_max_dr': 13, 'l_max_dr_col': 13, 'omega_b': 0.02264718, 'omega_cdm': 0.1237317, 'Neff_ini_dncdm': 0.1518253, 'log10lifetime_ncdm_decay_dr': 5.748587, 'm_ncdm_decay_dr': 0.02843168, 'H0': 67.30977, 'ln10^{10}A_s': 3.048994, 'n_s': 0.9627216, 'tau_reio': 0.05123176, 'P_k_max_1/Mpc': 1.0}

[PARENT][Rank 50] | ERROR: Child process failed during CLASS computation
Model: {'lensing': 'yes', 'output': 'tCl,lCl,pCl,mPk', 'l_max_scalars': 2508, 'k_pivot': 0.05, 'N_ur': 2.0328, 'N_ncdm': 1, 'm_ncdm': 0.06, 'T_ncdm': 0.71611, 'N_ncdm_decay_dr': 1, 'quadrature_strategy_ncdm_decay_dr': 3, 'ncdm_fluid_approximation': 3, 'maximum_q_ncdm_decay_dr': 15.0, 'background_method': 0, 'evolver': 1, 'N_momentum_bins_ncdm_decay_dr': 7, 'l_max_ncdm': 13, 'l_max_dr': 13, 'l_max_dr_col': 13, 'omega_b': 0.02264718, 'omega_cdm': 0.1237317, 'Neff_ini_dncdm': 0.1518253, 'log10lifetime_ncdm_decay_dr': 5.748587, 'm_ncdm_decay_dr': 0.02843168, 'H0': 67.30977, 'ln10^{10}A_s': 3.048994, 'n_s': 0.9627216, 'tau_reio': 0.05123176, 'P_k_max_1/Mpc': 1.0}
skipping to the next model...
[CHILD][Parent Rank 111] | The following model took too long to complete: 
params: {'lensing': 'yes', 'output': 'tCl,lCl,pCl,mPk', 'l_max_scalars': 2508, 'k_pivot': 0.05, 'N_ur': 2.0328, 'N_ncdm': 1, 'm_ncdm': 0.06, 'T_ncdm': 0.71611, 'N_ncdm_decay_dr': 1, 'quadrature_strategy_ncdm_decay_dr': 3, 'ncdm_fluid_approximation': 3, 'maximum_q_ncdm_decay_dr': 15.0, 'background_method': 0, 'evolver': 1, 'N_momentum_bins_ncdm_decay_dr': 7, 'l_max_ncdm': 13, 'l_max_dr': 13, 'l_max_dr_col': 13, 'omega_b': 0.02264718, 'omega_cdm': 0.1237317, 'Neff_ini_dncdm': 0.1518253, 'log10lifetime_ncdm_decay_dr': 5.748587, 'm_ncdm_decay_dr': 0.02843168, 'H0': 67.30977, 'ln10^{10}A_s': 3.048994, 'n_s': 0.9627216, 'tau_reio': 0.05123176, 'P_k_max_1/Mpc': 1.0}

[PARENT][Rank 111] | ERROR: Child process failed during CLASS computation
Model: {'lensing': 'yes', 'output': 'tCl,lCl,pCl,mPk', 'l_max_scalars': 2508, 'k_pivot': 0.05, 'N_ur': 2.0328, 'N_ncdm': 1, 'm_ncdm': 0.06, 'T_ncdm': 0.71611, 'N_ncdm_decay_dr': 1, 'quadrature_strategy_ncdm_decay_dr': 3, 'ncdm_fluid_approximation': 3, 'maximum_q_ncdm_decay_dr': 15.0, 'background_method': 0, 'evolver': 1, 'N_momentum_bins_ncdm_decay_dr': 7, 'l_max_ncdm': 13, 'l_max_dr': 13, 'l_max_dr_col': 13, 'omega_b': 0.02264718, 'omega_cdm': 0.1237317, 'Neff_ini_dncdm': 0.1518253, 'log10lifetime_ncdm_decay_dr': 5.748587, 'm_ncdm_decay_dr': 0.02843168, 'H0': 67.30977, 'ln10^{10}A_s': 3.048994, 'n_s': 0.9627216, 'tau_reio': 0.05123176, 'P_k_max_1/Mpc': 1.0}
skipping to the next model...
[CHILD][Parent Rank 40] | The following model took too long to complete: 
params: {'lensing': 'yes', 'output': 'tCl,lCl,pCl,mPk', 'l_max_scalars': 2508, 'k_pivot': 0.05, 'N_ur': 2.0328, 'N_ncdm': 1, 'm_ncdm': 0.06, 'T_ncdm': 0.71611, 'N_ncdm_decay_dr': 1, 'quadrature_strategy_ncdm_decay_dr': 3, 'ncdm_fluid_approximation': 3, 'maximum_q_ncdm_decay_dr': 15.0, 'background_method': 0, 'evolver': 1, 'N_momentum_bins_ncdm_decay_dr': 7, 'l_max_ncdm': 13, 'l_max_dr': 13, 'l_max_dr_col': 13, 'omega_b': 0.02257764, 'omega_cdm': 0.1243124, 'Neff_ini_dncdm': 0.07788011, 'log10lifetime_ncdm_decay_dr': 5.748232, 'm_ncdm_decay_dr': 0.1180344, 'H0': 66.94417, 'ln10^{10}A_s': 3.048391, 'n_s': 0.9576885, 'tau_reio': 0.05306331, 'P_k_max_1/Mpc': 1.0}

[PARENT][Rank 40] | ERROR: Child process failed during CLASS computation
Model: {'lensing': 'yes', 'output': 'tCl,lCl,pCl,mPk', 'l_max_scalars': 2508, 'k_pivot': 0.05, 'N_ur': 2.0328, 'N_ncdm': 1, 'm_ncdm': 0.06, 'T_ncdm': 0.71611, 'N_ncdm_decay_dr': 1, 'quadrature_strategy_ncdm_decay_dr': 3, 'ncdm_fluid_approximation': 3, 'maximum_q_ncdm_decay_dr': 15.0, 'background_method': 0, 'evolver': 1, 'N_momentum_bins_ncdm_decay_dr': 7, 'l_max_ncdm': 13, 'l_max_dr': 13, 'l_max_dr_col': 13, 'omega_b': 0.02257764, 'omega_cdm': 0.1243124, 'Neff_ini_dncdm': 0.07788011, 'log10lifetime_ncdm_decay_dr': 5.748232, 'm_ncdm_decay_dr': 0.1180344, 'H0': 66.94417, 'ln10^{10}A_s': 3.048391, 'n_s': 0.9576885, 'tau_reio': 0.05306331, 'P_k_max_1/Mpc': 1.0}
skipping to the next model...
[CHILD][Parent Rank 373] | The following model took too long to complete: 
params: {'lensing': 'yes', 'output': 'tCl,lCl,pCl,mPk', 'l_max_scalars': 2508, 'k_pivot': 0.05, 'N_ur': 2.0328, 'N_ncdm': 1, 'm_ncdm': 0.06, 'T_ncdm': 0.71611, 'N_ncdm_decay_dr': 1, 'quadrature_strategy_ncdm_decay_dr': 3, 'ncdm_fluid_approximation': 3, 'maximum_q_ncdm_decay_dr': 15.0, 'background_method': 0, 'evolver': 1, 'N_momentum_bins_ncdm_decay_dr': 7, 'l_max_ncdm': 13, 'l_max_dr': 13, 'l_max_dr_col': 13, 'omega_b': 0.02279372, 'omega_cdm': 0.1159208, 'Neff_ini_dncdm': 0.02568016, 'log10lifetime_ncdm_decay_dr': 3.054366, 'm_ncdm_decay_dr': 0.01621666, 'H0': 70.10493, 'ln10^{10}A_s': 3.157924, 'n_s': 0.9997296, 'tau_reio': 0.1074799, 'P_k_max_1/Mpc': 1.0}

[PARENT][Rank 373] | ERROR: Child process failed during CLASS computation
Model: {'lensing': 'yes', 'output': 'tCl,lCl,pCl,mPk', 'l_max_scalars': 2508, 'k_pivot': 0.05, 'N_ur': 2.0328, 'N_ncdm': 1, 'm_ncdm': 0.06, 'T_ncdm': 0.71611, 'N_ncdm_decay_dr': 1, 'quadrature_strategy_ncdm_decay_dr': 3, 'ncdm_fluid_approximation': 3, 'maximum_q_ncdm_decay_dr': 15.0, 'background_method': 0, 'evolver': 1, 'N_momentum_bins_ncdm_decay_dr': 7, 'l_max_ncdm': 13, 'l_max_dr': 13, 'l_max_dr_col': 13, 'omega_b': 0.02279372, 'omega_cdm': 0.1159208, 'Neff_ini_dncdm': 0.02568016, 'log10lifetime_ncdm_decay_dr': 3.054366, 'm_ncdm_decay_dr': 0.01621666, 'H0': 70.10493, 'ln10^{10}A_s': 3.157924, 'n_s': 0.9997296, 'tau_reio': 0.1074799, 'P_k_max_1/Mpc': 1.0}
skipping to the next model...
[CHILD][Parent Rank 378] | The following model took too long to complete: 
params: {'lensing': 'yes', 'output': 'tCl,lCl,pCl,mPk', 'l_max_scalars': 2508, 'k_pivot': 0.05, 'N_ur': 2.0328, 'N_ncdm': 1, 'm_ncdm': 0.06, 'T_ncdm': 0.71611, 'N_ncdm_decay_dr': 1, 'quadrature_strategy_ncdm_decay_dr': 3, 'ncdm_fluid_approximation': 3, 'maximum_q_ncdm_decay_dr': 15.0, 'background_method': 0, 'evolver': 1, 'N_momentum_bins_ncdm_decay_dr': 7, 'l_max_ncdm': 13, 'l_max_dr': 13, 'l_max_dr_col': 13, 'omega_b': 0.02261043, 'omega_cdm': 0.1201092, 'Neff_ini_dncdm': 0.1805491, 'log10lifetime_ncdm_decay_dr': 3.579058, 'm_ncdm_decay_dr': 0.04487225, 'H0': 69.21793, 'ln10^{10}A_s': 3.008719, 'n_s': 0.9876007, 'tau_reio': 0.03430015, 'P_k_max_1/Mpc': 1.0}

[PARENT][Rank 378] | ERROR: Child process failed during CLASS computation
Model: {'lensing': 'yes', 'output': 'tCl,lCl,pCl,mPk', 'l_max_scalars': 2508, 'k_pivot': 0.05, 'N_ur': 2.0328, 'N_ncdm': 1, 'm_ncdm': 0.06, 'T_ncdm': 0.71611, 'N_ncdm_decay_dr': 1, 'quadrature_strategy_ncdm_decay_dr': 3, 'ncdm_fluid_approximation': 3, 'maximum_q_ncdm_decay_dr': 15.0, 'background_method': 0, 'evolver': 1, 'N_momentum_bins_ncdm_decay_dr': 7, 'l_max_ncdm': 13, 'l_max_dr': 13, 'l_max_dr_col': 13, 'omega_b': 0.02261043, 'omega_cdm': 0.1201092, 'Neff_ini_dncdm': 0.1805491, 'log10lifetime_ncdm_decay_dr': 3.579058, 'm_ncdm_decay_dr': 0.04487225, 'H0': 69.21793, 'ln10^{10}A_s': 3.008719, 'n_s': 0.9876007, 'tau_reio': 0.03430015, 'P_k_max_1/Mpc': 1.0}
skipping to the next model...
[CHILD][Parent Rank 370] | The following model took too long to complete: 
params: {'lensing': 'yes', 'output': 'tCl,lCl,pCl,mPk', 'l_max_scalars': 2508, 'k_pivot': 0.05, 'N_ur': 2.0328, 'N_ncdm': 1, 'm_ncdm': 0.06, 'T_ncdm': 0.71611, 'N_ncdm_decay_dr': 1, 'quadrature_strategy_ncdm_decay_dr': 3, 'ncdm_fluid_approximation': 3, 'maximum_q_ncdm_decay_dr': 15.0, 'background_method': 0, 'evolver': 1, 'N_momentum_bins_ncdm_decay_dr': 7, 'l_max_ncdm': 13, 'l_max_dr': 13, 'l_max_dr_col': 13, 'omega_b': 0.02261043, 'omega_cdm': 0.1201092, 'Neff_ini_dncdm': 0.1805491, 'log10lifetime_ncdm_decay_dr': 3.579058, 'm_ncdm_decay_dr': 0.04487225, 'H0': 69.21793, 'ln10^{10}A_s': 3.008719, 'n_s': 0.9876007, 'tau_reio': 0.03430015, 'P_k_max_1/Mpc': 1.0}

[PARENT][Rank 370] | ERROR: Child process failed during CLASS computation
Model: {'lensing': 'yes', 'output': 'tCl,lCl,pCl,mPk', 'l_max_scalars': 2508, 'k_pivot': 0.05, 'N_ur': 2.0328, 'N_ncdm': 1, 'm_ncdm': 0.06, 'T_ncdm': 0.71611, 'N_ncdm_decay_dr': 1, 'quadrature_strategy_ncdm_decay_dr': 3, 'ncdm_fluid_approximation': 3, 'maximum_q_ncdm_decay_dr': 15.0, 'background_method': 0, 'evolver': 1, 'N_momentum_bins_ncdm_decay_dr': 7, 'l_max_ncdm': 13, 'l_max_dr': 13, 'l_max_dr_col': 13, 'omega_b': 0.02261043, 'omega_cdm': 0.1201092, 'Neff_ini_dncdm': 0.1805491, 'log10lifetime_ncdm_decay_dr': 3.579058, 'm_ncdm_decay_dr': 0.04487225, 'H0': 69.21793, 'ln10^{10}A_s': 3.008719, 'n_s': 0.9876007, 'tau_reio': 0.03430015, 'P_k_max_1/Mpc': 1.0}
skipping to the next model...
[CHILD][Parent Rank 348] | The following model took too long to complete: 
params: {'lensing': 'yes', 'output': 'tCl,lCl,pCl,mPk', 'l_max_scalars': 2508, 'k_pivot': 0.05, 'N_ur': 2.0328, 'N_ncdm': 1, 'm_ncdm': 0.06, 'T_ncdm': 0.71611, 'N_ncdm_decay_dr': 1, 'quadrature_strategy_ncdm_decay_dr': 3, 'ncdm_fluid_approximation': 3, 'maximum_q_ncdm_decay_dr': 15.0, 'background_method': 0, 'evolver': 1, 'N_momentum_bins_ncdm_decay_dr': 7, 'l_max_ncdm': 13, 'l_max_dr': 13, 'l_max_dr_col': 13, 'omega_b': 0.02261043, 'omega_cdm': 0.1201092, 'Neff_ini_dncdm': 0.1805491, 'log10lifetime_ncdm_decay_dr': 3.579058, 'm_ncdm_decay_dr': 0.04487225, 'H0': 69.21793, 'ln10^{10}A_s': 3.008719, 'n_s': 0.9876007, 'tau_reio': 0.03430015, 'P_k_max_1/Mpc': 1.0}

[PARENT][Rank 348] | ERROR: Child process failed during CLASS computation
Model: {'lensing': 'yes', 'output': 'tCl,lCl,pCl,mPk', 'l_max_scalars': 2508, 'k_pivot': 0.05, 'N_ur': 2.0328, 'N_ncdm': 1, 'm_ncdm': 0.06, 'T_ncdm': 0.71611, 'N_ncdm_decay_dr': 1, 'quadrature_strategy_ncdm_decay_dr': 3, 'ncdm_fluid_approximation': 3, 'maximum_q_ncdm_decay_dr': 15.0, 'background_method': 0, 'evolver': 1, 'N_momentum_bins_ncdm_decay_dr': 7, 'l_max_ncdm': 13, 'l_max_dr': 13, 'l_max_dr_col': 13, 'omega_b': 0.02261043, 'omega_cdm': 0.1201092, 'Neff_ini_dncdm': 0.1805491, 'log10lifetime_ncdm_decay_dr': 3.579058, 'm_ncdm_decay_dr': 0.04487225, 'H0': 69.21793, 'ln10^{10}A_s': 3.008719, 'n_s': 0.9876007, 'tau_reio': 0.03430015, 'P_k_max_1/Mpc': 1.0}
skipping to the next model...
[CHILD][Parent Rank 7] | The following model took too long to complete: 
params: {'lensing': 'yes', 'output': 'tCl,lCl,pCl,mPk', 'l_max_scalars': 2508, 'k_pivot': 0.05, 'N_ur': 2.0328, 'N_ncdm': 1, 'm_ncdm': 0.06, 'T_ncdm': 0.71611, 'N_ncdm_decay_dr': 1, 'quadrature_strategy_ncdm_decay_dr': 3, 'ncdm_fluid_approximation': 3, 'maximum_q_ncdm_decay_dr': 15.0, 'background_method': 0, 'evolver': 1, 'N_momentum_bins_ncdm_decay_dr': 7, 'l_max_ncdm': 13, 'l_max_dr': 13, 'l_max_dr_col': 13, 'omega_b': 0.02261043, 'omega_cdm': 0.1201092, 'Neff_ini_dncdm': 0.1805491, 'log10lifetime_ncdm_decay_dr': 3.579058, 'm_ncdm_decay_dr': 0.04487225, 'H0': 69.21793, 'ln10^{10}A_s': 3.008719, 'n_s': 0.9876007, 'tau_reio': 0.03430015, 'P_k_max_1/Mpc': 1.0}

[PARENT][Rank 7] | ERROR: Child process failed during CLASS computation
Model: {'lensing': 'yes', 'output': 'tCl,lCl,pCl,mPk', 'l_max_scalars': 2508, 'k_pivot': 0.05, 'N_ur': 2.0328, 'N_ncdm': 1, 'm_ncdm': 0.06, 'T_ncdm': 0.71611, 'N_ncdm_decay_dr': 1, 'quadrature_strategy_ncdm_decay_dr': 3, 'ncdm_fluid_approximation': 3, 'maximum_q_ncdm_decay_dr': 15.0, 'background_method': 0, 'evolver': 1, 'N_momentum_bins_ncdm_decay_dr': 7, 'l_max_ncdm': 13, 'l_max_dr': 13, 'l_max_dr_col': 13, 'omega_b': 0.02261043, 'omega_cdm': 0.1201092, 'Neff_ini_dncdm': 0.1805491, 'log10lifetime_ncdm_decay_dr': 3.579058, 'm_ncdm_decay_dr': 0.04487225, 'H0': 69.21793, 'ln10^{10}A_s': 3.008719, 'n_s': 0.9876007, 'tau_reio': 0.03430015, 'P_k_max_1/Mpc': 1.0}
skipping to the next model...
[CHILD][Parent Rank 42] | The following model took too long to complete: 
params: {'lensing': 'yes', 'output': 'tCl,lCl,pCl,mPk', 'l_max_scalars': 2508, 'k_pivot': 0.05, 'N_ur': 2.0328, 'N_ncdm': 1, 'm_ncdm': 0.06, 'T_ncdm': 0.71611, 'N_ncdm_decay_dr': 1, 'quadrature_strategy_ncdm_decay_dr': 3, 'ncdm_fluid_approximation': 3, 'maximum_q_ncdm_decay_dr': 15.0, 'background_method': 0, 'evolver': 1, 'N_momentum_bins_ncdm_decay_dr': 7, 'l_max_ncdm': 13, 'l_max_dr': 13, 'l_max_dr_col': 13, 'omega_b': 0.02261043, 'omega_cdm': 0.1201092, 'Neff_ini_dncdm': 0.1805491, 'log10lifetime_ncdm_decay_dr': 3.579058, 'm_ncdm_decay_dr': 0.04487225, 'H0': 69.21793, 'ln10^{10}A_s': 3.008719, 'n_s': 0.9876007, 'tau_reio': 0.03430015, 'P_k_max_1/Mpc': 1.0}

[CHILD][Parent Rank 2] | The following model took too long to complete: 
params: {'lensing': 'yes', 'output': 'tCl,lCl,pCl,mPk', 'l_max_scalars': 2508, 'k_pivot': 0.05, 'N_ur': 2.0328, 'N_ncdm': 1, 'm_ncdm': 0.06, 'T_ncdm': 0.71611, 'N_ncdm_decay_dr': 1, 'quadrature_strategy_ncdm_decay_dr': 3, 'ncdm_fluid_approximation': 3, 'maximum_q_ncdm_decay_dr': 15.0, 'background_method': 0, 'evolver': 1, 'N_momentum_bins_ncdm_decay_dr': 7, 'l_max_ncdm': 13, 'l_max_dr': 13, 'l_max_dr_col': 13, 'omega_b': 0.02261043, 'omega_cdm': 0.1201092, 'Neff_ini_dncdm': 0.1805491, 'log10lifetime_ncdm_decay_dr': 3.579058, 'm_ncdm_decay_dr': 0.04487225, 'H0': 69.21793, 'ln10^{10}A_s': 3.008719, 'n_s': 0.9876007, 'tau_reio': 0.03430015, 'P_k_max_1/Mpc': 1.0}

[PARENT][Rank 42] | ERROR: Child process failed during CLASS computation
Model: {'lensing': 'yes', 'output': 'tCl,lCl,pCl,mPk', 'l_max_scalars': 2508, 'k_pivot': 0.05, 'N_ur': 2.0328, 'N_ncdm': 1, 'm_ncdm': 0.06, 'T_ncdm': 0.71611, 'N_ncdm_decay_dr': 1, 'quadrature_strategy_ncdm_decay_dr': 3, 'ncdm_fluid_approximation': 3, 'maximum_q_ncdm_decay_dr': 15.0, 'background_method': 0, 'evolver': 1, 'N_momentum_bins_ncdm_decay_dr': 7, 'l_max_ncdm': 13, 'l_max_dr': 13, 'l_max_dr_col': 13, 'omega_b': 0.02261043, 'omega_cdm': 0.1201092, 'Neff_ini_dncdm': 0.1805491, 'log10lifetime_ncdm_decay_dr': 3.579058, 'm_ncdm_decay_dr': 0.04487225, 'H0': 69.21793, 'ln10^{10}A_s': 3.008719, 'n_s': 0.9876007, 'tau_reio': 0.03430015, 'P_k_max_1/Mpc': 1.0}
skipping to the next model...
[PARENT][Rank 2] | ERROR: Child process failed during CLASS computation
Model: {'lensing': 'yes', 'output': 'tCl,lCl,pCl,mPk', 'l_max_scalars': 2508, 'k_pivot': 0.05, 'N_ur': 2.0328, 'N_ncdm': 1, 'm_ncdm': 0.06, 'T_ncdm': 0.71611, 'N_ncdm_decay_dr': 1, 'quadrature_strategy_ncdm_decay_dr': 3, 'ncdm_fluid_approximation': 3, 'maximum_q_ncdm_decay_dr': 15.0, 'background_method': 0, 'evolver': 1, 'N_momentum_bins_ncdm_decay_dr': 7, 'l_max_ncdm': 13, 'l_max_dr': 13, 'l_max_dr_col': 13, 'omega_b': 0.02261043, 'omega_cdm': 0.1201092, 'Neff_ini_dncdm': 0.1805491, 'log10lifetime_ncdm_decay_dr': 3.579058, 'm_ncdm_decay_dr': 0.04487225, 'H0': 69.21793, 'ln10^{10}A_s': 3.008719, 'n_s': 0.9876007, 'tau_reio': 0.03430015, 'P_k_max_1/Mpc': 1.0}
skipping to the next model...
[CHILD][Parent Rank 5] | The following model took too long to complete: 
params: {'lensing': 'yes', 'output': 'tCl,lCl,pCl,mPk', 'l_max_scalars': 2508, 'k_pivot': 0.05, 'N_ur': 2.0328, 'N_ncdm': 1, 'm_ncdm': 0.06, 'T_ncdm': 0.71611, 'N_ncdm_decay_dr': 1, 'quadrature_strategy_ncdm_decay_dr': 3, 'ncdm_fluid_approximation': 3, 'maximum_q_ncdm_decay_dr': 15.0, 'background_method': 0, 'evolver': 1, 'N_momentum_bins_ncdm_decay_dr': 7, 'l_max_ncdm': 13, 'l_max_dr': 13, 'l_max_dr_col': 13, 'omega_b': 0.02261043, 'omega_cdm': 0.1201092, 'Neff_ini_dncdm': 0.1805491, 'log10lifetime_ncdm_decay_dr': 3.579058, 'm_ncdm_decay_dr': 0.04487225, 'H0': 69.21793, 'ln10^{10}A_s': 3.008719, 'n_s': 0.9876007, 'tau_reio': 0.03430015, 'P_k_max_1/Mpc': 1.0}

[PARENT][Rank 5] | ERROR: Child process failed during CLASS computation
Model: {'lensing': 'yes', 'output': 'tCl,lCl,pCl,mPk', 'l_max_scalars': 2508, 'k_pivot': 0.05, 'N_ur': 2.0328, 'N_ncdm': 1, 'm_ncdm': 0.06, 'T_ncdm': 0.71611, 'N_ncdm_decay_dr': 1, 'quadrature_strategy_ncdm_decay_dr': 3, 'ncdm_fluid_approximation': 3, 'maximum_q_ncdm_decay_dr': 15.0, 'background_method': 0, 'evolver': 1, 'N_momentum_bins_ncdm_decay_dr': 7, 'l_max_ncdm': 13, 'l_max_dr': 13, 'l_max_dr_col': 13, 'omega_b': 0.02261043, 'omega_cdm': 0.1201092, 'Neff_ini_dncdm': 0.1805491, 'log10lifetime_ncdm_decay_dr': 3.579058, 'm_ncdm_decay_dr': 0.04487225, 'H0': 69.21793, 'ln10^{10}A_s': 3.008719, 'n_s': 0.9876007, 'tau_reio': 0.03430015, 'P_k_max_1/Mpc': 1.0}
skipping to the next model...
[CHILD][Parent Rank 311] | The following model took too long to complete: 
params: {'lensing': 'yes', 'output': 'tCl,lCl,pCl,mPk', 'l_max_scalars': 2508, 'k_pivot': 0.05, 'N_ur': 2.0328, 'N_ncdm': 1, 'm_ncdm': 0.06, 'T_ncdm': 0.71611, 'N_ncdm_decay_dr': 1, 'quadrature_strategy_ncdm_decay_dr': 3, 'ncdm_fluid_approximation': 3, 'maximum_q_ncdm_decay_dr': 15.0, 'background_method': 0, 'evolver': 1, 'N_momentum_bins_ncdm_decay_dr': 7, 'l_max_ncdm': 13, 'l_max_dr': 13, 'l_max_dr_col': 13, 'omega_b': 0.0223637, 'omega_cdm': 0.1257025, 'Neff_ini_dncdm': 0.132128, 'log10lifetime_ncdm_decay_dr': 4.317876, 'm_ncdm_decay_dr': 0.01472969, 'H0': 66.35358, 'ln10^{10}A_s': 3.046464, 'n_s': 0.9642763, 'tau_reio': 0.05713924, 'P_k_max_1/Mpc': 1.0}

[PARENT][Rank 311] | ERROR: Child process failed during CLASS computation
Model: {'lensing': 'yes', 'output': 'tCl,lCl,pCl,mPk', 'l_max_scalars': 2508, 'k_pivot': 0.05, 'N_ur': 2.0328, 'N_ncdm': 1, 'm_ncdm': 0.06, 'T_ncdm': 0.71611, 'N_ncdm_decay_dr': 1, 'quadrature_strategy_ncdm_decay_dr': 3, 'ncdm_fluid_approximation': 3, 'maximum_q_ncdm_decay_dr': 15.0, 'background_method': 0, 'evolver': 1, 'N_momentum_bins_ncdm_decay_dr': 7, 'l_max_ncdm': 13, 'l_max_dr': 13, 'l_max_dr_col': 13, 'omega_b': 0.0223637, 'omega_cdm': 0.1257025, 'Neff_ini_dncdm': 0.132128, 'log10lifetime_ncdm_decay_dr': 4.317876, 'm_ncdm_decay_dr': 0.01472969, 'H0': 66.35358, 'ln10^{10}A_s': 3.046464, 'n_s': 0.9642763, 'tau_reio': 0.05713924, 'P_k_max_1/Mpc': 1.0}
skipping to the next model...
[CHILD][Parent Rank 301] | The following model took too long to complete: 
params: {'lensing': 'yes', 'output': 'tCl,lCl,pCl,mPk', 'l_max_scalars': 2508, 'k_pivot': 0.05, 'N_ur': 2.0328, 'N_ncdm': 1, 'm_ncdm': 0.06, 'T_ncdm': 0.71611, 'N_ncdm_decay_dr': 1, 'quadrature_strategy_ncdm_decay_dr': 3, 'ncdm_fluid_approximation': 3, 'maximum_q_ncdm_decay_dr': 15.0, 'background_method': 0, 'evolver': 1, 'N_momentum_bins_ncdm_decay_dr': 7, 'l_max_ncdm': 13, 'l_max_dr': 13, 'l_max_dr_col': 13, 'omega_b': 0.02269292, 'omega_cdm': 0.1199885, 'Neff_ini_dncdm': 0.08659981, 'log10lifetime_ncdm_decay_dr': 3.728342, 'm_ncdm_decay_dr': 0.0419999, 'H0': 68.95074, 'ln10^{10}A_s': 3.117511, 'n_s': 0.9694282, 'tau_reio': 0.09470812, 'P_k_max_1/Mpc': 1.0}

[PARENT][Rank 301] | ERROR: Child process failed during CLASS computation
Model: {'lensing': 'yes', 'output': 'tCl,lCl,pCl,mPk', 'l_max_scalars': 2508, 'k_pivot': 0.05, 'N_ur': 2.0328, 'N_ncdm': 1, 'm_ncdm': 0.06, 'T_ncdm': 0.71611, 'N_ncdm_decay_dr': 1, 'quadrature_strategy_ncdm_decay_dr': 3, 'ncdm_fluid_approximation': 3, 'maximum_q_ncdm_decay_dr': 15.0, 'background_method': 0, 'evolver': 1, 'N_momentum_bins_ncdm_decay_dr': 7, 'l_max_ncdm': 13, 'l_max_dr': 13, 'l_max_dr_col': 13, 'omega_b': 0.02269292, 'omega_cdm': 0.1199885, 'Neff_ini_dncdm': 0.08659981, 'log10lifetime_ncdm_decay_dr': 3.728342, 'm_ncdm_decay_dr': 0.0419999, 'H0': 68.95074, 'ln10^{10}A_s': 3.117511, 'n_s': 0.9694282, 'tau_reio': 0.09470812, 'P_k_max_1/Mpc': 1.0}
skipping to the next model...
[CHILD][Parent Rank 327] | The following model took too long to complete: 
params: {'lensing': 'yes', 'output': 'tCl,lCl,pCl,mPk', 'l_max_scalars': 2508, 'k_pivot': 0.05, 'N_ur': 2.0328, 'N_ncdm': 1, 'm_ncdm': 0.06, 'T_ncdm': 0.71611, 'N_ncdm_decay_dr': 1, 'quadrature_strategy_ncdm_decay_dr': 3, 'ncdm_fluid_approximation': 3, 'maximum_q_ncdm_decay_dr': 15.0, 'background_method': 0, 'evolver': 1, 'N_momentum_bins_ncdm_decay_dr': 7, 'l_max_ncdm': 13, 'l_max_dr': 13, 'l_max_dr_col': 13, 'omega_b': 0.0223637, 'omega_cdm': 0.1257025, 'Neff_ini_dncdm': 0.132128, 'log10lifetime_ncdm_decay_dr': 4.317876, 'm_ncdm_decay_dr': 0.01472969, 'H0': 66.35358, 'ln10^{10}A_s': 3.046464, 'n_s': 0.9642763, 'tau_reio': 0.05713924, 'P_k_max_1/Mpc': 1.0}

[PARENT][Rank 327] | ERROR: Child process failed during CLASS computation
Model: {'lensing': 'yes', 'output': 'tCl,lCl,pCl,mPk', 'l_max_scalars': 2508, 'k_pivot': 0.05, 'N_ur': 2.0328, 'N_ncdm': 1, 'm_ncdm': 0.06, 'T_ncdm': 0.71611, 'N_ncdm_decay_dr': 1, 'quadrature_strategy_ncdm_decay_dr': 3, 'ncdm_fluid_approximation': 3, 'maximum_q_ncdm_decay_dr': 15.0, 'background_method': 0, 'evolver': 1, 'N_momentum_bins_ncdm_decay_dr': 7, 'l_max_ncdm': 13, 'l_max_dr': 13, 'l_max_dr_col': 13, 'omega_b': 0.0223637, 'omega_cdm': 0.1257025, 'Neff_ini_dncdm': 0.132128, 'log10lifetime_ncdm_decay_dr': 4.317876, 'm_ncdm_decay_dr': 0.01472969, 'H0': 66.35358, 'ln10^{10}A_s': 3.046464, 'n_s': 0.9642763, 'tau_reio': 0.05713924, 'P_k_max_1/Mpc': 1.0}
skipping to the next model...
[CHILD][Parent Rank 367] | The following model took too long to complete: 
params: {'lensing': 'yes', 'output': 'tCl,lCl,pCl,mPk', 'l_max_scalars': 2508, 'k_pivot': 0.05, 'N_ur': 2.0328, 'N_ncdm': 1, 'm_ncdm': 0.06, 'T_ncdm': 0.71611, 'N_ncdm_decay_dr': 1, 'quadrature_strategy_ncdm_decay_dr': 3, 'ncdm_fluid_approximation': 3, 'maximum_q_ncdm_decay_dr': 15.0, 'background_method': 0, 'evolver': 1, 'N_momentum_bins_ncdm_decay_dr': 7, 'l_max_ncdm': 13, 'l_max_dr': 13, 'l_max_dr_col': 13, 'omega_b': 0.02269292, 'omega_cdm': 0.1199885, 'Neff_ini_dncdm': 0.08659981, 'log10lifetime_ncdm_decay_dr': 3.728342, 'm_ncdm_decay_dr': 0.0419999, 'H0': 68.95074, 'ln10^{10}A_s': 3.117511, 'n_s': 0.9694282, 'tau_reio': 0.09470812, 'P_k_max_1/Mpc': 1.0}

[PARENT][Rank 367] | ERROR: Child process failed during CLASS computation
Model: {'lensing': 'yes', 'output': 'tCl,lCl,pCl,mPk', 'l_max_scalars': 2508, 'k_pivot': 0.05, 'N_ur': 2.0328, 'N_ncdm': 1, 'm_ncdm': 0.06, 'T_ncdm': 0.71611, 'N_ncdm_decay_dr': 1, 'quadrature_strategy_ncdm_decay_dr': 3, 'ncdm_fluid_approximation': 3, 'maximum_q_ncdm_decay_dr': 15.0, 'background_method': 0, 'evolver': 1, 'N_momentum_bins_ncdm_decay_dr': 7, 'l_max_ncdm': 13, 'l_max_dr': 13, 'l_max_dr_col': 13, 'omega_b': 0.02269292, 'omega_cdm': 0.1199885, 'Neff_ini_dncdm': 0.08659981, 'log10lifetime_ncdm_decay_dr': 3.728342, 'm_ncdm_decay_dr': 0.0419999, 'H0': 68.95074, 'ln10^{10}A_s': 3.117511, 'n_s': 0.9694282, 'tau_reio': 0.09470812, 'P_k_max_1/Mpc': 1.0}
skipping to the next model...
[CHILD][Parent Rank 346] | The following model took too long to complete: 
params: {'lensing': 'yes', 'output': 'tCl,lCl,pCl,mPk', 'l_max_scalars': 2508, 'k_pivot': 0.05, 'N_ur': 2.0328, 'N_ncdm': 1, 'm_ncdm': 0.06, 'T_ncdm': 0.71611, 'N_ncdm_decay_dr': 1, 'quadrature_strategy_ncdm_decay_dr': 3, 'ncdm_fluid_approximation': 3, 'maximum_q_ncdm_decay_dr': 15.0, 'background_method': 0, 'evolver': 1, 'N_momentum_bins_ncdm_decay_dr': 7, 'l_max_ncdm': 13, 'l_max_dr': 13, 'l_max_dr_col': 13, 'omega_b': 0.0223637, 'omega_cdm': 0.1257025, 'Neff_ini_dncdm': 0.132128, 'log10lifetime_ncdm_decay_dr': 4.317876, 'm_ncdm_decay_dr': 0.01472969, 'H0': 66.35358, 'ln10^{10}A_s': 3.046464, 'n_s': 0.9642763, 'tau_reio': 0.05713924, 'P_k_max_1/Mpc': 1.0}

[PARENT][Rank 346] | ERROR: Child process failed during CLASS computation
Model: {'lensing': 'yes', 'output': 'tCl,lCl,pCl,mPk', 'l_max_scalars': 2508, 'k_pivot': 0.05, 'N_ur': 2.0328, 'N_ncdm': 1, 'm_ncdm': 0.06, 'T_ncdm': 0.71611, 'N_ncdm_decay_dr': 1, 'quadrature_strategy_ncdm_decay_dr': 3, 'ncdm_fluid_approximation': 3, 'maximum_q_ncdm_decay_dr': 15.0, 'background_method': 0, 'evolver': 1, 'N_momentum_bins_ncdm_decay_dr': 7, 'l_max_ncdm': 13, 'l_max_dr': 13, 'l_max_dr_col': 13, 'omega_b': 0.0223637, 'omega_cdm': 0.1257025, 'Neff_ini_dncdm': 0.132128, 'log10lifetime_ncdm_decay_dr': 4.317876, 'm_ncdm_decay_dr': 0.01472969, 'H0': 66.35358, 'ln10^{10}A_s': 3.046464, 'n_s': 0.9642763, 'tau_reio': 0.05713924, 'P_k_max_1/Mpc': 1.0}
skipping to the next model...
[CHILD][Parent Rank 350] | The following model took too long to complete: 
params: {'lensing': 'yes', 'output': 'tCl,lCl,pCl,mPk', 'l_max_scalars': 2508, 'k_pivot': 0.05, 'N_ur': 2.0328, 'N_ncdm': 1, 'm_ncdm': 0.06, 'T_ncdm': 0.71611, 'N_ncdm_decay_dr': 1, 'quadrature_strategy_ncdm_decay_dr': 3, 'ncdm_fluid_approximation': 3, 'maximum_q_ncdm_decay_dr': 15.0, 'background_method': 0, 'evolver': 1, 'N_momentum_bins_ncdm_decay_dr': 7, 'l_max_ncdm': 13, 'l_max_dr': 13, 'l_max_dr_col': 13, 'omega_b': 0.0223637, 'omega_cdm': 0.1257025, 'Neff_ini_dncdm': 0.132128, 'log10lifetime_ncdm_decay_dr': 4.317876, 'm_ncdm_decay_dr': 0.01472969, 'H0': 66.35358, 'ln10^{10}A_s': 3.046464, 'n_s': 0.9642763, 'tau_reio': 0.05713924, 'P_k_max_1/Mpc': 1.0}

[PARENT][Rank 350] | ERROR: Child process failed during CLASS computation
Model: {'lensing': 'yes', 'output': 'tCl,lCl,pCl,mPk', 'l_max_scalars': 2508, 'k_pivot': 0.05, 'N_ur': 2.0328, 'N_ncdm': 1, 'm_ncdm': 0.06, 'T_ncdm': 0.71611, 'N_ncdm_decay_dr': 1, 'quadrature_strategy_ncdm_decay_dr': 3, 'ncdm_fluid_approximation': 3, 'maximum_q_ncdm_decay_dr': 15.0, 'background_method': 0, 'evolver': 1, 'N_momentum_bins_ncdm_decay_dr': 7, 'l_max_ncdm': 13, 'l_max_dr': 13, 'l_max_dr_col': 13, 'omega_b': 0.0223637, 'omega_cdm': 0.1257025, 'Neff_ini_dncdm': 0.132128, 'log10lifetime_ncdm_decay_dr': 4.317876, 'm_ncdm_decay_dr': 0.01472969, 'H0': 66.35358, 'ln10^{10}A_s': 3.046464, 'n_s': 0.9642763, 'tau_reio': 0.05713924, 'P_k_max_1/Mpc': 1.0}
skipping to the next model...
[CHILD][Parent Rank 353] | The following model took too long to complete: 
params: {'lensing': 'yes', 'output': 'tCl,lCl,pCl,mPk', 'l_max_scalars': 2508, 'k_pivot': 0.05, 'N_ur': 2.0328, 'N_ncdm': 1, 'm_ncdm': 0.06, 'T_ncdm': 0.71611, 'N_ncdm_decay_dr': 1, 'quadrature_strategy_ncdm_decay_dr': 3, 'ncdm_fluid_approximation': 3, 'maximum_q_ncdm_decay_dr': 15.0, 'background_method': 0, 'evolver': 1, 'N_momentum_bins_ncdm_decay_dr': 7, 'l_max_ncdm': 13, 'l_max_dr': 13, 'l_max_dr_col': 13, 'omega_b': 0.0223637, 'omega_cdm': 0.1257025, 'Neff_ini_dncdm': 0.132128, 'log10lifetime_ncdm_decay_dr': 4.317876, 'm_ncdm_decay_dr': 0.01472969, 'H0': 66.35358, 'ln10^{10}A_s': 3.046464, 'n_s': 0.9642763, 'tau_reio': 0.05713924, 'P_k_max_1/Mpc': 1.0}

[PARENT][Rank 353] | ERROR: Child process failed during CLASS computation
Model: {'lensing': 'yes', 'output': 'tCl,lCl,pCl,mPk', 'l_max_scalars': 2508, 'k_pivot': 0.05, 'N_ur': 2.0328, 'N_ncdm': 1, 'm_ncdm': 0.06, 'T_ncdm': 0.71611, 'N_ncdm_decay_dr': 1, 'quadrature_strategy_ncdm_decay_dr': 3, 'ncdm_fluid_approximation': 3, 'maximum_q_ncdm_decay_dr': 15.0, 'background_method': 0, 'evolver': 1, 'N_momentum_bins_ncdm_decay_dr': 7, 'l_max_ncdm': 13, 'l_max_dr': 13, 'l_max_dr_col': 13, 'omega_b': 0.0223637, 'omega_cdm': 0.1257025, 'Neff_ini_dncdm': 0.132128, 'log10lifetime_ncdm_decay_dr': 4.317876, 'm_ncdm_decay_dr': 0.01472969, 'H0': 66.35358, 'ln10^{10}A_s': 3.046464, 'n_s': 0.9642763, 'tau_reio': 0.05713924, 'P_k_max_1/Mpc': 1.0}
skipping to the next model...
[CHILD][Parent Rank 345] | The following model took too long to complete: 
params: {'lensing': 'yes', 'output': 'tCl,lCl,pCl,mPk', 'l_max_scalars': 2508, 'k_pivot': 0.05, 'N_ur': 2.0328, 'N_ncdm': 1, 'm_ncdm': 0.06, 'T_ncdm': 0.71611, 'N_ncdm_decay_dr': 1, 'quadrature_strategy_ncdm_decay_dr': 3, 'ncdm_fluid_approximation': 3, 'maximum_q_ncdm_decay_dr': 15.0, 'background_method': 0, 'evolver': 1, 'N_momentum_bins_ncdm_decay_dr': 7, 'l_max_ncdm': 13, 'l_max_dr': 13, 'l_max_dr_col': 13, 'omega_b': 0.0223637, 'omega_cdm': 0.1257025, 'Neff_ini_dncdm': 0.132128, 'log10lifetime_ncdm_decay_dr': 4.317876, 'm_ncdm_decay_dr': 0.01472969, 'H0': 66.35358, 'ln10^{10}A_s': 3.046464, 'n_s': 0.9642763, 'tau_reio': 0.05713924, 'P_k_max_1/Mpc': 1.0}

[PARENT][Rank 345] | ERROR: Child process failed during CLASS computation
Model: {'lensing': 'yes', 'output': 'tCl,lCl,pCl,mPk', 'l_max_scalars': 2508, 'k_pivot': 0.05, 'N_ur': 2.0328, 'N_ncdm': 1, 'm_ncdm': 0.06, 'T_ncdm': 0.71611, 'N_ncdm_decay_dr': 1, 'quadrature_strategy_ncdm_decay_dr': 3, 'ncdm_fluid_approximation': 3, 'maximum_q_ncdm_decay_dr': 15.0, 'background_method': 0, 'evolver': 1, 'N_momentum_bins_ncdm_decay_dr': 7, 'l_max_ncdm': 13, 'l_max_dr': 13, 'l_max_dr_col': 13, 'omega_b': 0.0223637, 'omega_cdm': 0.1257025, 'Neff_ini_dncdm': 0.132128, 'log10lifetime_ncdm_decay_dr': 4.317876, 'm_ncdm_decay_dr': 0.01472969, 'H0': 66.35358, 'ln10^{10}A_s': 3.046464, 'n_s': 0.9642763, 'tau_reio': 0.05713924, 'P_k_max_1/Mpc': 1.0}
skipping to the next model...
[CHILD][Parent Rank 344] | The following model took too long to complete: 
params: {'lensing': 'yes', 'output': 'tCl,lCl,pCl,mPk', 'l_max_scalars': 2508, 'k_pivot': 0.05, 'N_ur': 2.0328, 'N_ncdm': 1, 'm_ncdm': 0.06, 'T_ncdm': 0.71611, 'N_ncdm_decay_dr': 1, 'quadrature_strategy_ncdm_decay_dr': 3, 'ncdm_fluid_approximation': 3, 'maximum_q_ncdm_decay_dr': 15.0, 'background_method': 0, 'evolver': 1, 'N_momentum_bins_ncdm_decay_dr': 7, 'l_max_ncdm': 13, 'l_max_dr': 13, 'l_max_dr_col': 13, 'omega_b': 0.0223637, 'omega_cdm': 0.1257025, 'Neff_ini_dncdm': 0.132128, 'log10lifetime_ncdm_decay_dr': 4.317876, 'm_ncdm_decay_dr': 0.01472969, 'H0': 66.35358, 'ln10^{10}A_s': 3.046464, 'n_s': 0.9642763, 'tau_reio': 0.05713924, 'P_k_max_1/Mpc': 1.0}

[PARENT][Rank 344] | ERROR: Child process failed during CLASS computation
Model: {'lensing': 'yes', 'output': 'tCl,lCl,pCl,mPk', 'l_max_scalars': 2508, 'k_pivot': 0.05, 'N_ur': 2.0328, 'N_ncdm': 1, 'm_ncdm': 0.06, 'T_ncdm': 0.71611, 'N_ncdm_decay_dr': 1, 'quadrature_strategy_ncdm_decay_dr': 3, 'ncdm_fluid_approximation': 3, 'maximum_q_ncdm_decay_dr': 15.0, 'background_method': 0, 'evolver': 1, 'N_momentum_bins_ncdm_decay_dr': 7, 'l_max_ncdm': 13, 'l_max_dr': 13, 'l_max_dr_col': 13, 'omega_b': 0.0223637, 'omega_cdm': 0.1257025, 'Neff_ini_dncdm': 0.132128, 'log10lifetime_ncdm_decay_dr': 4.317876, 'm_ncdm_decay_dr': 0.01472969, 'H0': 66.35358, 'ln10^{10}A_s': 3.046464, 'n_s': 0.9642763, 'tau_reio': 0.05713924, 'P_k_max_1/Mpc': 1.0}
skipping to the next model...
[CHILD][Parent Rank 375] | The following model took too long to complete: 
params: {'lensing': 'yes', 'output': 'tCl,lCl,pCl,mPk', 'l_max_scalars': 2508, 'k_pivot': 0.05, 'N_ur': 2.0328, 'N_ncdm': 1, 'm_ncdm': 0.06, 'T_ncdm': 0.71611, 'N_ncdm_decay_dr': 1, 'quadrature_strategy_ncdm_decay_dr': 3, 'ncdm_fluid_approximation': 3, 'maximum_q_ncdm_decay_dr': 15.0, 'background_method': 0, 'evolver': 1, 'N_momentum_bins_ncdm_decay_dr': 7, 'l_max_ncdm': 13, 'l_max_dr': 13, 'l_max_dr_col': 13, 'omega_b': 0.0223637, 'omega_cdm': 0.1257025, 'Neff_ini_dncdm': 0.132128, 'log10lifetime_ncdm_decay_dr': 4.317876, 'm_ncdm_decay_dr': 0.01472969, 'H0': 66.35358, 'ln10^{10}A_s': 3.046464, 'n_s': 0.9642763, 'tau_reio': 0.05713924, 'P_k_max_1/Mpc': 1.0}

[PARENT][Rank 375] | ERROR: Child process failed during CLASS computation
Model: {'lensing': 'yes', 'output': 'tCl,lCl,pCl,mPk', 'l_max_scalars': 2508, 'k_pivot': 0.05, 'N_ur': 2.0328, 'N_ncdm': 1, 'm_ncdm': 0.06, 'T_ncdm': 0.71611, 'N_ncdm_decay_dr': 1, 'quadrature_strategy_ncdm_decay_dr': 3, 'ncdm_fluid_approximation': 3, 'maximum_q_ncdm_decay_dr': 15.0, 'background_method': 0, 'evolver': 1, 'N_momentum_bins_ncdm_decay_dr': 7, 'l_max_ncdm': 13, 'l_max_dr': 13, 'l_max_dr_col': 13, 'omega_b': 0.0223637, 'omega_cdm': 0.1257025, 'Neff_ini_dncdm': 0.132128, 'log10lifetime_ncdm_decay_dr': 4.317876, 'm_ncdm_decay_dr': 0.01472969, 'H0': 66.35358, 'ln10^{10}A_s': 3.046464, 'n_s': 0.9642763, 'tau_reio': 0.05713924, 'P_k_max_1/Mpc': 1.0}
skipping to the next model...
[CHILD][Parent Rank 225] | The following model took too long to complete: 
params: {'lensing': 'yes', 'output': 'tCl,lCl,pCl,mPk', 'l_max_scalars': 2508, 'k_pivot': 0.05, 'N_ur': 2.0328, 'N_ncdm': 1, 'm_ncdm': 0.06, 'T_ncdm': 0.71611, 'N_ncdm_decay_dr': 1, 'quadrature_strategy_ncdm_decay_dr': 3, 'ncdm_fluid_approximation': 3, 'maximum_q_ncdm_decay_dr': 15.0, 'background_method': 0, 'evolver': 1, 'N_momentum_bins_ncdm_decay_dr': 7, 'l_max_ncdm': 13, 'l_max_dr': 13, 'l_max_dr_col': 13, 'omega_b': 0.022830369, 'omega_cdm': 0.1200048, 'Neff_ini_dncdm': 0.1457542, 'log10lifetime_ncdm_decay_dr': 4.004789, 'm_ncdm_decay_dr': 0.08180666, 'H0': 68.97039, 'ln10^{10}A_s': 3.143142, 'n_s': 0.9680015, 'tau_reio': 0.1133789, 'P_k_max_1/Mpc': 1.0}

[CHILD][Parent Rank 231] | The following model took too long to complete: 
params: {'lensing': 'yes', 'output': 'tCl,lCl,pCl,mPk', 'l_max_scalars': 2508, 'k_pivot': 0.05, 'N_ur': 2.0328, 'N_ncdm': 1, 'm_ncdm': 0.06, 'T_ncdm': 0.71611, 'N_ncdm_decay_dr': 1, 'quadrature_strategy_ncdm_decay_dr': 3, 'ncdm_fluid_approximation': 3, 'maximum_q_ncdm_decay_dr': 15.0, 'background_method': 0, 'evolver': 1, 'N_momentum_bins_ncdm_decay_dr': 7, 'l_max_ncdm': 13, 'l_max_dr': 13, 'l_max_dr_col': 13, 'omega_b': 0.022830369, 'omega_cdm': 0.1200048, 'Neff_ini_dncdm': 0.1457542, 'log10lifetime_ncdm_decay_dr': 4.004789, 'm_ncdm_decay_dr': 0.08180666, 'H0': 68.97039, 'ln10^{10}A_s': 3.143142, 'n_s': 0.9680015, 'tau_reio': 0.1133789, 'P_k_max_1/Mpc': 1.0}

[PARENT][Rank 225] | ERROR: Child process failed during CLASS computation
Model: {'lensing': 'yes', 'output': 'tCl,lCl,pCl,mPk', 'l_max_scalars': 2508, 'k_pivot': 0.05, 'N_ur': 2.0328, 'N_ncdm': 1, 'm_ncdm': 0.06, 'T_ncdm': 0.71611, 'N_ncdm_decay_dr': 1, 'quadrature_strategy_ncdm_decay_dr': 3, 'ncdm_fluid_approximation': 3, 'maximum_q_ncdm_decay_dr': 15.0, 'background_method': 0, 'evolver': 1, 'N_momentum_bins_ncdm_decay_dr': 7, 'l_max_ncdm': 13, 'l_max_dr': 13, 'l_max_dr_col': 13, 'omega_b': 0.022830369, 'omega_cdm': 0.1200048, 'Neff_ini_dncdm': 0.1457542, 'log10lifetime_ncdm_decay_dr': 4.004789, 'm_ncdm_decay_dr': 0.08180666, 'H0': 68.97039, 'ln10^{10}A_s': 3.143142, 'n_s': 0.9680015, 'tau_reio': 0.1133789, 'P_k_max_1/Mpc': 1.0}
skipping to the next model...
[PARENT][Rank 231] | ERROR: Child process failed during CLASS computation
Model: {'lensing': 'yes', 'output': 'tCl,lCl,pCl,mPk', 'l_max_scalars': 2508, 'k_pivot': 0.05, 'N_ur': 2.0328, 'N_ncdm': 1, 'm_ncdm': 0.06, 'T_ncdm': 0.71611, 'N_ncdm_decay_dr': 1, 'quadrature_strategy_ncdm_decay_dr': 3, 'ncdm_fluid_approximation': 3, 'maximum_q_ncdm_decay_dr': 15.0, 'background_method': 0, 'evolver': 1, 'N_momentum_bins_ncdm_decay_dr': 7, 'l_max_ncdm': 13, 'l_max_dr': 13, 'l_max_dr_col': 13, 'omega_b': 0.022830369, 'omega_cdm': 0.1200048, 'Neff_ini_dncdm': 0.1457542, 'log10lifetime_ncdm_decay_dr': 4.004789, 'm_ncdm_decay_dr': 0.08180666, 'H0': 68.97039, 'ln10^{10}A_s': 3.143142, 'n_s': 0.9680015, 'tau_reio': 0.1133789, 'P_k_max_1/Mpc': 1.0}
skipping to the next model...
[CHILD][Parent Rank 237] | The following model took too long to complete: 
params: {'lensing': 'yes', 'output': 'tCl,lCl,pCl,mPk', 'l_max_scalars': 2508, 'k_pivot': 0.05, 'N_ur': 2.0328, 'N_ncdm': 1, 'm_ncdm': 0.06, 'T_ncdm': 0.71611, 'N_ncdm_decay_dr': 1, 'quadrature_strategy_ncdm_decay_dr': 3, 'ncdm_fluid_approximation': 3, 'maximum_q_ncdm_decay_dr': 15.0, 'background_method': 0, 'evolver': 1, 'N_momentum_bins_ncdm_decay_dr': 7, 'l_max_ncdm': 13, 'l_max_dr': 13, 'l_max_dr_col': 13, 'omega_b': 0.022830369, 'omega_cdm': 0.1200048, 'Neff_ini_dncdm': 0.1457542, 'log10lifetime_ncdm_decay_dr': 4.004789, 'm_ncdm_decay_dr': 0.08180666, 'H0': 68.97039, 'ln10^{10}A_s': 3.143142, 'n_s': 0.9680015, 'tau_reio': 0.1133789, 'P_k_max_1/Mpc': 1.0}

[PARENT][Rank 237] | ERROR: Child process failed during CLASS computation
Model: {'lensing': 'yes', 'output': 'tCl,lCl,pCl,mPk', 'l_max_scalars': 2508, 'k_pivot': 0.05, 'N_ur': 2.0328, 'N_ncdm': 1, 'm_ncdm': 0.06, 'T_ncdm': 0.71611, 'N_ncdm_decay_dr': 1, 'quadrature_strategy_ncdm_decay_dr': 3, 'ncdm_fluid_approximation': 3, 'maximum_q_ncdm_decay_dr': 15.0, 'background_method': 0, 'evolver': 1, 'N_momentum_bins_ncdm_decay_dr': 7, 'l_max_ncdm': 13, 'l_max_dr': 13, 'l_max_dr_col': 13, 'omega_b': 0.022830369, 'omega_cdm': 0.1200048, 'Neff_ini_dncdm': 0.1457542, 'log10lifetime_ncdm_decay_dr': 4.004789, 'm_ncdm_decay_dr': 0.08180666, 'H0': 68.97039, 'ln10^{10}A_s': 3.143142, 'n_s': 0.9680015, 'tau_reio': 0.1133789, 'P_k_max_1/Mpc': 1.0}
skipping to the next model...
[CHILD][Parent Rank 224] | The following model took too long to complete: 
params: {'lensing': 'yes', 'output': 'tCl,lCl,pCl,mPk', 'l_max_scalars': 2508, 'k_pivot': 0.05, 'N_ur': 2.0328, 'N_ncdm': 1, 'm_ncdm': 0.06, 'T_ncdm': 0.71611, 'N_ncdm_decay_dr': 1, 'quadrature_strategy_ncdm_decay_dr': 3, 'ncdm_fluid_approximation': 3, 'maximum_q_ncdm_decay_dr': 15.0, 'background_method': 0, 'evolver': 1, 'N_momentum_bins_ncdm_decay_dr': 7, 'l_max_ncdm': 13, 'l_max_dr': 13, 'l_max_dr_col': 13, 'omega_b': 0.022830369, 'omega_cdm': 0.1200048, 'Neff_ini_dncdm': 0.1457542, 'log10lifetime_ncdm_decay_dr': 4.004789, 'm_ncdm_decay_dr': 0.08180666, 'H0': 68.97039, 'ln10^{10}A_s': 3.143142, 'n_s': 0.9680015, 'tau_reio': 0.1133789, 'P_k_max_1/Mpc': 1.0}

[PARENT][Rank 224] | ERROR: Child process failed during CLASS computation
Model: {'lensing': 'yes', 'output': 'tCl,lCl,pCl,mPk', 'l_max_scalars': 2508, 'k_pivot': 0.05, 'N_ur': 2.0328, 'N_ncdm': 1, 'm_ncdm': 0.06, 'T_ncdm': 0.71611, 'N_ncdm_decay_dr': 1, 'quadrature_strategy_ncdm_decay_dr': 3, 'ncdm_fluid_approximation': 3, 'maximum_q_ncdm_decay_dr': 15.0, 'background_method': 0, 'evolver': 1, 'N_momentum_bins_ncdm_decay_dr': 7, 'l_max_ncdm': 13, 'l_max_dr': 13, 'l_max_dr_col': 13, 'omega_b': 0.022830369, 'omega_cdm': 0.1200048, 'Neff_ini_dncdm': 0.1457542, 'log10lifetime_ncdm_decay_dr': 4.004789, 'm_ncdm_decay_dr': 0.08180666, 'H0': 68.97039, 'ln10^{10}A_s': 3.143142, 'n_s': 0.9680015, 'tau_reio': 0.1133789, 'P_k_max_1/Mpc': 1.0}
skipping to the next model...
[CHILD][Parent Rank 235] | The following model took too long to complete: 
params: {'lensing': 'yes', 'output': 'tCl,lCl,pCl,mPk', 'l_max_scalars': 2508, 'k_pivot': 0.05, 'N_ur': 2.0328, 'N_ncdm': 1, 'm_ncdm': 0.06, 'T_ncdm': 0.71611, 'N_ncdm_decay_dr': 1, 'quadrature_strategy_ncdm_decay_dr': 3, 'ncdm_fluid_approximation': 3, 'maximum_q_ncdm_decay_dr': 15.0, 'background_method': 0, 'evolver': 1, 'N_momentum_bins_ncdm_decay_dr': 7, 'l_max_ncdm': 13, 'l_max_dr': 13, 'l_max_dr_col': 13, 'omega_b': 0.022830369, 'omega_cdm': 0.1200048, 'Neff_ini_dncdm': 0.1457542, 'log10lifetime_ncdm_decay_dr': 4.004789, 'm_ncdm_decay_dr': 0.08180666, 'H0': 68.97039, 'ln10^{10}A_s': 3.143142, 'n_s': 0.9680015, 'tau_reio': 0.1133789, 'P_k_max_1/Mpc': 1.0}

[PARENT][Rank 235] | ERROR: Child process failed during CLASS computation
Model: {'lensing': 'yes', 'output': 'tCl,lCl,pCl,mPk', 'l_max_scalars': 2508, 'k_pivot': 0.05, 'N_ur': 2.0328, 'N_ncdm': 1, 'm_ncdm': 0.06, 'T_ncdm': 0.71611, 'N_ncdm_decay_dr': 1, 'quadrature_strategy_ncdm_decay_dr': 3, 'ncdm_fluid_approximation': 3, 'maximum_q_ncdm_decay_dr': 15.0, 'background_method': 0, 'evolver': 1, 'N_momentum_bins_ncdm_decay_dr': 7, 'l_max_ncdm': 13, 'l_max_dr': 13, 'l_max_dr_col': 13, 'omega_b': 0.022830369, 'omega_cdm': 0.1200048, 'Neff_ini_dncdm': 0.1457542, 'log10lifetime_ncdm_decay_dr': 4.004789, 'm_ncdm_decay_dr': 0.08180666, 'H0': 68.97039, 'ln10^{10}A_s': 3.143142, 'n_s': 0.9680015, 'tau_reio': 0.1133789, 'P_k_max_1/Mpc': 1.0}
skipping to the next model...
[CHILD][Parent Rank 223] | The following model took too long to complete: 
params: {'lensing': 'yes', 'output': 'tCl,lCl,pCl,mPk', 'l_max_scalars': 2508, 'k_pivot': 0.05, 'N_ur': 2.0328, 'N_ncdm': 1, 'm_ncdm': 0.06, 'T_ncdm': 0.71611, 'N_ncdm_decay_dr': 1, 'quadrature_strategy_ncdm_decay_dr': 3, 'ncdm_fluid_approximation': 3, 'maximum_q_ncdm_decay_dr': 15.0, 'background_method': 0, 'evolver': 1, 'N_momentum_bins_ncdm_decay_dr': 7, 'l_max_ncdm': 13, 'l_max_dr': 13, 'l_max_dr_col': 13, 'omega_b': 0.022830369, 'omega_cdm': 0.1200048, 'Neff_ini_dncdm': 0.1457542, 'log10lifetime_ncdm_decay_dr': 4.004789, 'm_ncdm_decay_dr': 0.08180666, 'H0': 68.97039, 'ln10^{10}A_s': 3.143142, 'n_s': 0.9680015, 'tau_reio': 0.1133789, 'P_k_max_1/Mpc': 1.0}

[PARENT][Rank 223] | ERROR: Child process failed during CLASS computation
Model: {'lensing': 'yes', 'output': 'tCl,lCl,pCl,mPk', 'l_max_scalars': 2508, 'k_pivot': 0.05, 'N_ur': 2.0328, 'N_ncdm': 1, 'm_ncdm': 0.06, 'T_ncdm': 0.71611, 'N_ncdm_decay_dr': 1, 'quadrature_strategy_ncdm_decay_dr': 3, 'ncdm_fluid_approximation': 3, 'maximum_q_ncdm_decay_dr': 15.0, 'background_method': 0, 'evolver': 1, 'N_momentum_bins_ncdm_decay_dr': 7, 'l_max_ncdm': 13, 'l_max_dr': 13, 'l_max_dr_col': 13, 'omega_b': 0.022830369, 'omega_cdm': 0.1200048, 'Neff_ini_dncdm': 0.1457542, 'log10lifetime_ncdm_decay_dr': 4.004789, 'm_ncdm_decay_dr': 0.08180666, 'H0': 68.97039, 'ln10^{10}A_s': 3.143142, 'n_s': 0.9680015, 'tau_reio': 0.1133789, 'P_k_max_1/Mpc': 1.0}
skipping to the next model...
[CHILD][Parent Rank 256] | ERROR: Timeout while waiting for parent command. returning to PING PONG loop.
[PARENT][Rank 256] | ERROR: Timeout while waiting for response from child process. Child may be unresponsive.
this happened during the likelihood calculation step for the model: {'lensing': 'yes', 'output': 'tCl,lCl,pCl,mPk', 'l_max_scalars': 2508, 'k_pivot': 0.05, 'N_ur': 2.0328, 'N_ncdm': 1, 'm_ncdm': 0.06, 'T_ncdm': 0.71611, 'N_ncdm_decay_dr': 1, 'quadrature_strategy_ncdm_decay_dr': 3, 'ncdm_fluid_approximation': 3, 'maximum_q_ncdm_decay_dr': 15.0, 'background_method': 0, 'evolver': 1, 'N_momentum_bins_ncdm_decay_dr': 7, 'l_max_ncdm': 13, 'l_max_dr': 13, 'l_max_dr_col': 13, 'omega_b': 0.022601949, 'omega_cdm': 0.1227581, 'Neff_ini_dncdm': 0.1641722, 'log10lifetime_ncdm_decay_dr': 3.587404, 'm_ncdm_decay_dr': 0.129662, 'H0': 68.33962, 'ln10^{10}A_s': 2.968978, 'n_s': 0.9594529, 'tau_reio': 0.01501029, 'P_k_max_1/Mpc': 1.0}
skipping to the next model...
[PARENT][Rank 256] | ERROR: Child process failed during CLASS computation
Model: {'lensing': 'yes', 'output': 'tCl,lCl,pCl,mPk', 'l_max_scalars': 2508, 'k_pivot': 0.05, 'N_ur': 2.0328, 'N_ncdm': 1, 'm_ncdm': 0.06, 'T_ncdm': 0.71611, 'N_ncdm_decay_dr': 1, 'quadrature_strategy_ncdm_decay_dr': 3, 'ncdm_fluid_approximation': 3, 'maximum_q_ncdm_decay_dr': 15.0, 'background_method': 0, 'evolver': 1, 'N_momentum_bins_ncdm_decay_dr': 7, 'l_max_ncdm': 13, 'l_max_dr': 13, 'l_max_dr_col': 13, 'omega_b': 0.02118579, 'omega_cdm': 0.1268668, 'Neff_ini_dncdm': 0.007024607, 'log10lifetime_ncdm_decay_dr': 2.129543, 'm_ncdm_decay_dr': 62.30139, 'H0': 64.40111, 'ln10^{10}A_s': 2.961043, 'n_s': 0.9559537, 'tau_reio': 0.02320362, 'P_k_max_1/Mpc': 1.0}
skipping to the next model...
[PARENT][Rank 256] | ERROR: Child process failed during likelihood calculation
Model: {'lensing': 'yes', 'output': 'tCl,lCl,pCl,mPk', 'l_max_scalars': 2508, 'k_pivot': 0.05, 'N_ur': 2.0328, 'N_ncdm': 1, 'm_ncdm': 0.06, 'T_ncdm': 0.71611, 'N_ncdm_decay_dr': 1, 'quadrature_strategy_ncdm_decay_dr': 3, 'ncdm_fluid_approximation': 3, 'maximum_q_ncdm_decay_dr': 15.0, 'background_method': 0, 'evolver': 1, 'N_momentum_bins_ncdm_decay_dr': 7, 'l_max_ncdm': 13, 'l_max_dr': 13, 'l_max_dr_col': 13, 'omega_b': 0.021454189, 'omega_cdm': 0.1254551, 'Neff_ini_dncdm': 0.03853585, 'log10lifetime_ncdm_decay_dr': 2.048138, 'm_ncdm_decay_dr': 73.24461, 'H0': 65.20282, 'ln10^{10}A_s': 2.975111, 'n_s': 0.9635106, 'tau_reio': 0.03209089, 'P_k_max_1/Mpc': 1.0}
skipping to the next model...
[PARENT][Rank 256] | ERROR: Child process failed during CLASS computation
Model: {'lensing': 'yes', 'output': 'tCl,lCl,pCl,mPk', 'l_max_scalars': 2508, 'k_pivot': 0.05, 'N_ur': 2.0328, 'N_ncdm': 1, 'm_ncdm': 0.06, 'T_ncdm': 0.71611, 'N_ncdm_decay_dr': 1, 'quadrature_strategy_ncdm_decay_dr': 3, 'ncdm_fluid_approximation': 3, 'maximum_q_ncdm_decay_dr': 15.0, 'background_method': 0, 'evolver': 1, 'N_momentum_bins_ncdm_decay_dr': 7, 'l_max_ncdm': 13, 'l_max_dr': 13, 'l_max_dr_col': 13, 'omega_b': 0.022437159, 'omega_cdm': 0.1160897, 'Neff_ini_dncdm': 0.0169004, 'log10lifetime_ncdm_decay_dr': 3.075084, 'm_ncdm_decay_dr': 66.42162, 'H0': 69.44846, 'ln10^{10}A_s': 3.187983, 'n_s': 0.991013, 'tau_reio': 0.1358686, 'P_k_max_1/Mpc': 1.0}
skipping to the next model...
[PARENT][Rank 256] | ERROR: Child process failed during likelihood calculation
Model: {'lensing': 'yes', 'output': 'tCl,lCl,pCl,mPk', 'l_max_scalars': 2508, 'k_pivot': 0.05, 'N_ur': 2.0328, 'N_ncdm': 1, 'm_ncdm': 0.06, 'T_ncdm': 0.71611, 'N_ncdm_decay_dr': 1, 'quadrature_strategy_ncdm_decay_dr': 3, 'ncdm_fluid_approximation': 3, 'maximum_q_ncdm_decay_dr': 15.0, 'background_method': 0, 'evolver': 1, 'N_momentum_bins_ncdm_decay_dr': 7, 'l_max_ncdm': 13, 'l_max_dr': 13, 'l_max_dr_col': 13, 'omega_b': 0.02242866, 'omega_cdm': 0.1139009, 'Neff_ini_dncdm': 0.002432119, 'log10lifetime_ncdm_decay_dr': 3.459916, 'm_ncdm_decay_dr': 68.00471, 'H0': 70.20209, 'ln10^{10}A_s': 3.13743, 'n_s': 0.9916394, 'tau_reio': 0.1176118, 'P_k_max_1/Mpc': 1.0}
skipping to the next model...
[PARENT][Rank 256] | ERROR: Child process failed during CLASS computation
Model: {'lensing': 'yes', 'output': 'tCl,lCl,pCl,mPk', 'l_max_scalars': 2508, 'k_pivot': 0.05, 'N_ur': 2.0328, 'N_ncdm': 1, 'm_ncdm': 0.06, 'T_ncdm': 0.71611, 'N_ncdm_decay_dr': 1, 'quadrature_strategy_ncdm_decay_dr': 3, 'ncdm_fluid_approximation': 3, 'maximum_q_ncdm_decay_dr': 15.0, 'background_method': 0, 'evolver': 1, 'N_momentum_bins_ncdm_decay_dr': 7, 'l_max_ncdm': 13, 'l_max_dr': 13, 'l_max_dr_col': 13, 'omega_b': 0.02205395, 'omega_cdm': 0.1244478, 'Neff_ini_dncdm': 0.007830546, 'log10lifetime_ncdm_decay_dr': 3.354421, 'm_ncdm_decay_dr': 52.37494, 'H0': 66.06378, 'ln10^{10}A_s': 3.051803, 'n_s': 0.9673897, 'tau_reio': 0.05813335, 'P_k_max_1/Mpc': 1.0}
skipping to the next model...
[PARENT][Rank 256] | ERROR: Child process failed during likelihood calculation
Model: {'lensing': 'yes', 'output': 'tCl,lCl,pCl,mPk', 'l_max_scalars': 2508, 'k_pivot': 0.05, 'N_ur': 2.0328, 'N_ncdm': 1, 'm_ncdm': 0.06, 'T_ncdm': 0.71611, 'N_ncdm_decay_dr': 1, 'quadrature_strategy_ncdm_decay_dr': 3, 'ncdm_fluid_approximation': 3, 'maximum_q_ncdm_decay_dr': 15.0, 'background_method': 0, 'evolver': 1, 'N_momentum_bins_ncdm_decay_dr': 7, 'l_max_ncdm': 13, 'l_max_dr': 13, 'l_max_dr_col': 13, 'omega_b': 0.022186639, 'omega_cdm': 0.1193961, 'Neff_ini_dncdm': 0.02194971, 'log10lifetime_ncdm_decay_dr': 3.373743, 'm_ncdm_decay_dr': 46.47598, 'H0': 68.05265, 'ln10^{10}A_s': 3.079741, 'n_s': 0.9756383, 'tau_reio': 0.07821612, 'P_k_max_1/Mpc': 1.0}
skipping to the next model...
[PARENT][Rank 256] | ERROR: Child process failed during CLASS computation
Model: {'lensing': 'yes', 'output': 'tCl,lCl,pCl,mPk', 'l_max_scalars': 2508, 'k_pivot': 0.05, 'N_ur': 2.0328, 'N_ncdm': 1, 'm_ncdm': 0.06, 'T_ncdm': 0.71611, 'N_ncdm_decay_dr': 1, 'quadrature_strategy_ncdm_decay_dr': 3, 'ncdm_fluid_approximation': 3, 'maximum_q_ncdm_decay_dr': 15.0, 'background_method': 0, 'evolver': 1, 'N_momentum_bins_ncdm_decay_dr': 7, 'l_max_ncdm': 13, 'l_max_dr': 13, 'l_max_dr_col': 13, 'omega_b': 0.02281894, 'omega_cdm': 0.1209328, 'Neff_ini_dncdm': 0.00902198, 'log10lifetime_ncdm_decay_dr': 3.75668, 'm_ncdm_decay_dr': 97.80411, 'H0': 69.02257, 'ln10^{10}A_s': 3.130609, 'n_s': 0.9842067, 'tau_reio': 0.0928941, 'P_k_max_1/Mpc': 1.0}
skipping to the next model...
[PARENT][Rank 256] | ERROR: Child process failed during likelihood calculation
Model: {'lensing': 'yes', 'output': 'tCl,lCl,pCl,mPk', 'l_max_scalars': 2508, 'k_pivot': 0.05, 'N_ur': 2.0328, 'N_ncdm': 1, 'm_ncdm': 0.06, 'T_ncdm': 0.71611, 'N_ncdm_decay_dr': 1, 'quadrature_strategy_ncdm_decay_dr': 3, 'ncdm_fluid_approximation': 3, 'maximum_q_ncdm_decay_dr': 15.0, 'background_method': 0, 'evolver': 1, 'N_momentum_bins_ncdm_decay_dr': 7, 'l_max_ncdm': 13, 'l_max_dr': 13, 'l_max_dr_col': 13, 'omega_b': 0.022715399, 'omega_cdm': 0.1226451, 'Neff_ini_dncdm': 0.007904482, 'log10lifetime_ncdm_decay_dr': 3.749915, 'm_ncdm_decay_dr': 103.1212, 'H0': 68.36715, 'ln10^{10}A_s': 3.116122, 'n_s': 0.9777402, 'tau_reio': 0.08557404, 'P_k_max_1/Mpc': 1.0}
skipping to the next model...
[PARENT][Rank 256] | ERROR: Child process failed during CLASS computation
Model: {'lensing': 'yes', 'output': 'tCl,lCl,pCl,mPk', 'l_max_scalars': 2508, 'k_pivot': 0.05, 'N_ur': 2.0328, 'N_ncdm': 1, 'm_ncdm': 0.06, 'T_ncdm': 0.71611, 'N_ncdm_decay_dr': 1, 'quadrature_strategy_ncdm_decay_dr': 3, 'ncdm_fluid_approximation': 3, 'maximum_q_ncdm_decay_dr': 15.0, 'background_method': 0, 'evolver': 1, 'N_momentum_bins_ncdm_decay_dr': 7, 'l_max_ncdm': 13, 'l_max_dr': 13, 'l_max_dr_col': 13, 'omega_b': 0.02182711, 'omega_cdm': 0.1207504, 'Neff_ini_dncdm': 0.0234102, 'log10lifetime_ncdm_decay_dr': 2.907746, 'm_ncdm_decay_dr': 127.0993, 'H0': 68.44613, 'ln10^{10}A_s': 3.004354, 'n_s': 0.9803934, 'tau_reio': 0.02878, 'P_k_max_1/Mpc': 1.0}
skipping to the next model...
[PARENT][Rank 256] | ERROR: Child process failed during likelihood calculation
Model: {'lensing': 'yes', 'output': 'tCl,lCl,pCl,mPk', 'l_max_scalars': 2508, 'k_pivot': 0.05, 'N_ur': 2.0328, 'N_ncdm': 1, 'm_ncdm': 0.06, 'T_ncdm': 0.71611, 'N_ncdm_decay_dr': 1, 'quadrature_strategy_ncdm_decay_dr': 3, 'ncdm_fluid_approximation': 3, 'maximum_q_ncdm_decay_dr': 15.0, 'background_method': 0, 'evolver': 1, 'N_momentum_bins_ncdm_decay_dr': 7, 'l_max_ncdm': 13, 'l_max_dr': 13, 'l_max_dr_col': 13, 'omega_b': 0.02204163, 'omega_cdm': 0.1189038, 'Neff_ini_dncdm': 0.01201248, 'log10lifetime_ncdm_decay_dr': 3.503423, 'm_ncdm_decay_dr': 119.934, 'H0': 69.37002, 'ln10^{10}A_s': 3.012362, 'n_s': 0.9810571, 'tau_reio': 0.03408391, 'P_k_max_1/Mpc': 1.0}
skipping to the next model...
[PARENT][Rank 256] | ERROR: Child process failed during CLASS computation
Model: {'lensing': 'yes', 'output': 'tCl,lCl,pCl,mPk', 'l_max_scalars': 2508, 'k_pivot': 0.05, 'N_ur': 2.0328, 'N_ncdm': 1, 'm_ncdm': 0.06, 'T_ncdm': 0.71611, 'N_ncdm_decay_dr': 1, 'quadrature_strategy_ncdm_decay_dr': 3, 'ncdm_fluid_approximation': 3, 'maximum_q_ncdm_decay_dr': 15.0, 'background_method': 0, 'evolver': 1, 'N_momentum_bins_ncdm_decay_dr': 7, 'l_max_ncdm': 13, 'l_max_dr': 13, 'l_max_dr_col': 13, 'omega_b': 0.022181088, 'omega_cdm': 0.1264815, 'Neff_ini_dncdm': 0.032549, 'log10lifetime_ncdm_decay_dr': 2.020993, 'm_ncdm_decay_dr': 334.3464, 'H0': 67.21994, 'ln10^{10}A_s': 2.959707, 'n_s': 0.9670664, 'tau_reio': 0.01088058, 'P_k_max_1/Mpc': 1.0}
skipping to the next model...
[PARENT][Rank 256] | ERROR: Child process failed during likelihood calculation
Model: {'lensing': 'yes', 'output': 'tCl,lCl,pCl,mPk', 'l_max_scalars': 2508, 'k_pivot': 0.05, 'N_ur': 2.0328, 'N_ncdm': 1, 'm_ncdm': 0.06, 'T_ncdm': 0.71611, 'N_ncdm_decay_dr': 1, 'quadrature_strategy_ncdm_decay_dr': 3, 'ncdm_fluid_approximation': 3, 'maximum_q_ncdm_decay_dr': 15.0, 'background_method': 0, 'evolver': 1, 'N_momentum_bins_ncdm_decay_dr': 7, 'l_max_ncdm': 13, 'l_max_dr': 13, 'l_max_dr_col': 13, 'omega_b': 0.02213201, 'omega_cdm': 0.1260244, 'Neff_ini_dncdm': 0.03482386, 'log10lifetime_ncdm_decay_dr': 2.127014, 'm_ncdm_decay_dr': 331.2436, 'H0': 67.3004, 'ln10^{10}A_s': 2.973761, 'n_s': 0.9685103, 'tau_reio': 0.01764466, 'P_k_max_1/Mpc': 1.0}
skipping to the next model...
[PARENT][Rank 256] | ERROR: Child process failed during CLASS computation
Model: {'lensing': 'yes', 'output': 'tCl,lCl,pCl,mPk', 'l_max_scalars': 2508, 'k_pivot': 0.05, 'N_ur': 2.0328, 'N_ncdm': 1, 'm_ncdm': 0.06, 'T_ncdm': 0.71611, 'N_ncdm_decay_dr': 1, 'quadrature_strategy_ncdm_decay_dr': 3, 'ncdm_fluid_approximation': 3, 'maximum_q_ncdm_decay_dr': 15.0, 'background_method': 0, 'evolver': 1, 'N_momentum_bins_ncdm_decay_dr': 7, 'l_max_ncdm': 13, 'l_max_dr': 13, 'l_max_dr_col': 13, 'omega_b': 0.022727251, 'omega_cdm': 0.1247887, 'Neff_ini_dncdm': 0.004594461, 'log10lifetime_ncdm_decay_dr': 3.845229, 'm_ncdm_decay_dr': 284.3405, 'H0': 68.26813, 'ln10^{10}A_s': 3.043739, 'n_s': 0.9771231, 'tau_reio': 0.0435283, 'P_k_max_1/Mpc': 1.0}
skipping to the next model...
[PARENT][Rank 256] | ERROR: Child process failed during likelihood calculation
Model: {'lensing': 'yes', 'output': 'tCl,lCl,pCl,mPk', 'l_max_scalars': 2508, 'k_pivot': 0.05, 'N_ur': 2.0328, 'N_ncdm': 1, 'm_ncdm': 0.06, 'T_ncdm': 0.71611, 'N_ncdm_decay_dr': 1, 'quadrature_strategy_ncdm_decay_dr': 3, 'ncdm_fluid_approximation': 3, 'maximum_q_ncdm_decay_dr': 15.0, 'background_method': 0, 'evolver': 1, 'N_momentum_bins_ncdm_decay_dr': 7, 'l_max_ncdm': 13, 'l_max_dr': 13, 'l_max_dr_col': 13, 'omega_b': 0.022727251, 'omega_cdm': 0.1247887, 'Neff_ini_dncdm': 0.004594461, 'log10lifetime_ncdm_decay_dr': 3.845229, 'm_ncdm_decay_dr': 284.3405, 'H0': 68.26813, 'ln10^{10}A_s': 3.043739, 'n_s': 0.9771231, 'tau_reio': 0.0435283, 'P_k_max_1/Mpc': 1.0}
skipping to the next model...
[PARENT][Rank 256] | ERROR: Child process failed during CLASS computation
Model: {'lensing': 'yes', 'output': 'tCl,lCl,pCl,mPk', 'l_max_scalars': 2508, 'k_pivot': 0.05, 'N_ur': 2.0328, 'N_ncdm': 1, 'm_ncdm': 0.06, 'T_ncdm': 0.71611, 'N_ncdm_decay_dr': 1, 'quadrature_strategy_ncdm_decay_dr': 3, 'ncdm_fluid_approximation': 3, 'maximum_q_ncdm_decay_dr': 15.0, 'background_method': 0, 'evolver': 1, 'N_momentum_bins_ncdm_decay_dr': 7, 'l_max_ncdm': 13, 'l_max_dr': 13, 'l_max_dr_col': 13, 'omega_b': 0.022333318, 'omega_cdm': 0.1286688, 'Neff_ini_dncdm': 0.02840546, 'log10lifetime_ncdm_decay_dr': 2.328521, 'm_ncdm_decay_dr': 275.7527, 'H0': 66.3159, 'ln10^{10}A_s': 3.018392, 'n_s': 0.960107, 'tau_reio': 0.03816227, 'P_k_max_1/Mpc': 1.0}
skipping to the next model...
[PARENT][Rank 256] | ERROR: Child process failed during likelihood calculation
Model: {'lensing': 'yes', 'output': 'tCl,lCl,pCl,mPk', 'l_max_scalars': 2508, 'k_pivot': 0.05, 'N_ur': 2.0328, 'N_ncdm': 1, 'm_ncdm': 0.06, 'T_ncdm': 0.71611, 'N_ncdm_decay_dr': 1, 'quadrature_strategy_ncdm_decay_dr': 3, 'ncdm_fluid_approximation': 3, 'maximum_q_ncdm_decay_dr': 15.0, 'background_method': 0, 'evolver': 1, 'N_momentum_bins_ncdm_decay_dr': 7, 'l_max_ncdm': 13, 'l_max_dr': 13, 'l_max_dr_col': 13, 'omega_b': 0.0224058, 'omega_cdm': 0.1289123, 'Neff_ini_dncdm': 0.03409015, 'log10lifetime_ncdm_decay_dr': 2.049684, 'm_ncdm_decay_dr': 270.921, 'H0': 66.30739, 'ln10^{10}A_s': 3.028693, 'n_s': 0.9614728, 'tau_reio': 0.04263881, 'P_k_max_1/Mpc': 1.0}
skipping to the next model...
[PARENT][Rank 256] | ERROR: Child process failed during CLASS computation
Model: {'lensing': 'yes', 'output': 'tCl,lCl,pCl,mPk', 'l_max_scalars': 2508, 'k_pivot': 0.05, 'N_ur': 2.0328, 'N_ncdm': 1, 'm_ncdm': 0.06, 'T_ncdm': 0.71611, 'N_ncdm_decay_dr': 1, 'quadrature_strategy_ncdm_decay_dr': 3, 'ncdm_fluid_approximation': 3, 'maximum_q_ncdm_decay_dr': 15.0, 'background_method': 0, 'evolver': 1, 'N_momentum_bins_ncdm_decay_dr': 7, 'l_max_ncdm': 13, 'l_max_dr': 13, 'l_max_dr_col': 13, 'omega_b': 0.02220079, 'omega_cdm': 0.1228064, 'Neff_ini_dncdm': 0.01769695, 'log10lifetime_ncdm_decay_dr': 2.394795, 'm_ncdm_decay_dr': 257.8828, 'H0': 67.4848, 'ln10^{10}A_s': 3.042901, 'n_s': 0.951598, 'tau_reio': 0.05786434, 'P_k_max_1/Mpc': 1.0}
skipping to the next model...
[PARENT][Rank 256] | ERROR: Child process failed during likelihood calculation
Model: {'lensing': 'yes', 'output': 'tCl,lCl,pCl,mPk', 'l_max_scalars': 2508, 'k_pivot': 0.05, 'N_ur': 2.0328, 'N_ncdm': 1, 'm_ncdm': 0.06, 'T_ncdm': 0.71611, 'N_ncdm_decay_dr': 1, 'quadrature_strategy_ncdm_decay_dr': 3, 'ncdm_fluid_approximation': 3, 'maximum_q_ncdm_decay_dr': 15.0, 'background_method': 0, 'evolver': 1, 'N_momentum_bins_ncdm_decay_dr': 7, 'l_max_ncdm': 13, 'l_max_dr': 13, 'l_max_dr_col': 13, 'omega_b': 0.02220079, 'omega_cdm': 0.1228064, 'Neff_ini_dncdm': 0.01769695, 'log10lifetime_ncdm_decay_dr': 2.394795, 'm_ncdm_decay_dr': 257.8828, 'H0': 67.4848, 'ln10^{10}A_s': 3.042901, 'n_s': 0.951598, 'tau_reio': 0.05786434, 'P_k_max_1/Mpc': 1.0}
skipping to the next model...
[PARENT][Rank 256] | ERROR: Child process failed during CLASS computation
Model: {'lensing': 'yes', 'output': 'tCl,lCl,pCl,mPk', 'l_max_scalars': 2508, 'k_pivot': 0.05, 'N_ur': 2.0328, 'N_ncdm': 1, 'm_ncdm': 0.06, 'T_ncdm': 0.71611, 'N_ncdm_decay_dr': 1, 'quadrature_strategy_ncdm_decay_dr': 3, 'ncdm_fluid_approximation': 3, 'maximum_q_ncdm_decay_dr': 15.0, 'background_method': 0, 'evolver': 1, 'N_momentum_bins_ncdm_decay_dr': 7, 'l_max_ncdm': 13, 'l_max_dr': 13, 'l_max_dr_col': 13, 'omega_b': 0.02180335, 'omega_cdm': 0.12804, 'Neff_ini_dncdm': 0.0008013219, 'log10lifetime_ncdm_decay_dr': 3.999432, 'm_ncdm_decay_dr': 278.9313, 'H0': 64.8396, 'ln10^{10}A_s': 3.001467, 'n_s': 0.9556876, 'tau_reio': 0.02567686, 'P_k_max_1/Mpc': 1.0}
skipping to the next model...
[PARENT][Rank 256] | ERROR: Child process failed during likelihood calculation
Model: {'lensing': 'yes', 'output': 'tCl,lCl,pCl,mPk', 'l_max_scalars': 2508, 'k_pivot': 0.05, 'N_ur': 2.0328, 'N_ncdm': 1, 'm_ncdm': 0.06, 'T_ncdm': 0.71611, 'N_ncdm_decay_dr': 1, 'quadrature_strategy_ncdm_decay_dr': 3, 'ncdm_fluid_approximation': 3, 'maximum_q_ncdm_decay_dr': 15.0, 'background_method': 0, 'evolver': 1, 'N_momentum_bins_ncdm_decay_dr': 7, 'l_max_ncdm': 13, 'l_max_dr': 13, 'l_max_dr_col': 13, 'omega_b': 0.02180335, 'omega_cdm': 0.12804, 'Neff_ini_dncdm': 0.0008013219, 'log10lifetime_ncdm_decay_dr': 3.999432, 'm_ncdm_decay_dr': 278.9313, 'H0': 64.8396, 'ln10^{10}A_s': 3.001467, 'n_s': 0.9556876, 'tau_reio': 0.02567686, 'P_k_max_1/Mpc': 1.0}
skipping to the next model...
[PARENT][Rank 256] | ERROR: Child process failed during CLASS computation
Model: {'lensing': 'yes', 'output': 'tCl,lCl,pCl,mPk', 'l_max_scalars': 2508, 'k_pivot': 0.05, 'N_ur': 2.0328, 'N_ncdm': 1, 'm_ncdm': 0.06, 'T_ncdm': 0.71611, 'N_ncdm_decay_dr': 1, 'quadrature_strategy_ncdm_decay_dr': 3, 'ncdm_fluid_approximation': 3, 'maximum_q_ncdm_decay_dr': 15.0, 'background_method': 0, 'evolver': 1, 'N_momentum_bins_ncdm_decay_dr': 7, 'l_max_ncdm': 13, 'l_max_dr': 13, 'l_max_dr_col': 13, 'omega_b': 0.022216251, 'omega_cdm': 0.121411, 'Neff_ini_dncdm': 0.01132381, 'log10lifetime_ncdm_decay_dr': 2.458552, 'm_ncdm_decay_dr': 323.0415, 'H0': 68.00273, 'ln10^{10}A_s': 3.096891, 'n_s': 0.9724617, 'tau_reio': 0.07061221, 'P_k_max_1/Mpc': 1.0}
skipping to the next model...
[PARENT][Rank 256] | ERROR: Child process failed during likelihood calculation
Model: {'lensing': 'yes', 'output': 'tCl,lCl,pCl,mPk', 'l_max_scalars': 2508, 'k_pivot': 0.05, 'N_ur': 2.0328, 'N_ncdm': 1, 'm_ncdm': 0.06, 'T_ncdm': 0.71611, 'N_ncdm_decay_dr': 1, 'quadrature_strategy_ncdm_decay_dr': 3, 'ncdm_fluid_approximation': 3, 'maximum_q_ncdm_decay_dr': 15.0, 'background_method': 0, 'evolver': 1, 'N_momentum_bins_ncdm_decay_dr': 7, 'l_max_ncdm': 13, 'l_max_dr': 13, 'l_max_dr_col': 13, 'omega_b': 0.0223861, 'omega_cdm': 0.1230169, 'Neff_ini_dncdm': 0.0144064, 'log10lifetime_ncdm_decay_dr': 2.002388, 'm_ncdm_decay_dr': 317.6614, 'H0': 67.54629, 'ln10^{10}A_s': 3.102574, 'n_s': 0.9691434, 'tau_reio': 0.06887147, 'P_k_max_1/Mpc': 1.0}
skipping to the next model...
[PARENT][Rank 256] | WARNING: Unexpected response from child: MODEL_FAILED. Expected 'DONE_ACK'.
[Master] [WARNING] Received ABORT command from ranks: {256}.
This is due to the parent failing closing down the child process properly.
Or the child process crashed or was unresponsive at some point.
Exiting through MPI.Abort() to prevent hanging/deadlock.
--------------------------------------------------------------------------
MPI_ABORT was invoked on rank 0 in communicator MPI_COMM_WORLD
with errorcode 1.

NOTE: invoking MPI_ABORT causes Open MPI to kill all MPI processes.
You may or may not see output from other processes, depending on
exactly when Open MPI kills them.
--------------------------------------------------------------------------
--------------------------------------------------------------------------
An MPI communication peer process has unexpectedly disconnected.  This
usually indicates a failure in the peer process (e.g., a crash or
otherwise exiting without calling MPI_FINALIZE first).

Although this local MPI process will likely now behave unpredictably
(it may even hang or crash), the root cause of this problem is the
failure of the peer -- that is what you need to investigate.  For
example, there may be a core file that you can examine.  More
generally: such peer hangups are frequently caused by application bugs
or other external events.

  Local host: s44n15
  Local PID:  4005900
  Peer host:  s44n12
--------------------------------------------------------------------------
--------------------------------------------------------------------------
WARNING: Open MPI failed to TCP connect to a peer MPI process.  This
should not happen.

Your Open MPI job may now hang or fail.

  Local host: s44n14
  PID:        4175467
  Message:    connect() to 10.10.44.12:1054 failed
  Error:      Operation now in progress (115)
--------------------------------------------------------------------------
[CHILD][Parent Rank 166] | CRITICAL ERROR: Process killed by SIGTERM (Job Cancelled or Terminated)
[CHILD][Parent Rank 165] | CRITICAL ERROR: Process killed by SIGTERM (Job Cancelled or Terminated)
[CHILD][Parent Rank 172] | CRITICAL ERROR: Process killed by SIGTERM (Job Cancelled or Terminated)
[CHILD][Parent Rank 49] | CRITICAL ERROR: Process killed by SIGTERM (Job Cancelled or Terminated)
[CHILD][Parent Rank 75] | CRITICAL ERROR: Process killed by SIGTERM (Job Cancelled or Terminated)
[CHILD][Parent Rank 335] | CRITICAL ERROR: Process killed by SIGTERM (Job Cancelled or Terminated)
[CHILD][Parent Rank 216] | CRITICAL ERROR: Process killed by SIGTERM (Job Cancelled or Terminated)
[CHILD][Parent Rank 236] | CRITICAL ERROR: Process killed by SIGTERM (Job Cancelled or Terminated)
[CHILD][Parent Rank 204] | CRITICAL ERROR: Process killed by SIGTERM (Job Cancelled or Terminated)
[CHILD][Parent Rank 256] | CRITICAL ERROR: Process killed by SIGTERM (Job Cancelled or Terminated)
[CHILD][Parent Rank 287] | CRITICAL ERROR: Process killed by SIGTERM (Job Cancelled or Terminated)
[CHILD][Parent Rank 363] | CRITICAL ERROR: Process killed by SIGTERM (Job Cancelled or Terminated)
[CHILD][Parent Rank 370] | CRITICAL ERROR: Process killed by SIGTERM (Job Cancelled or Terminated)
[CHILD][Parent Rank 357] | CRITICAL ERROR: Process killed by SIGTERM (Job Cancelled or Terminated)
[CHILD][Parent Rank 382] | CRITICAL ERROR: Process killed by SIGTERM (Job Cancelled or Terminated)
[CHILD][Parent Rank 373] | CRITICAL ERROR: Process killed by SIGTERM (Job Cancelled or Terminated)
[CHILD][Parent Rank 372] | CRITICAL ERROR: Process killed by SIGTERM (Job Cancelled or Terminated)
[s44n12.grendel.cscaa.dk:2992262] 39 more processes have sent help message help-mpi-btl-tcp.txt / peer hung up
[s44n12.grendel.cscaa.dk:2992262] Set MCA parameter "orte_base_help_aggregate" to 0 to see all help / error messages
[s44n12.grendel.cscaa.dk:2992262] 20 more processes have sent help message help-mpi-btl-tcp.txt / client connect fail
WARNING: mpirun failed with exit code 1, but calculations completed successfully. Checking for lingering MPI processes...
No lingering MPI processes found.
Check complete, continuing...
[CHILD][Parent Rank 229] | The following model took too long to complete: 
params: {'lensing': 'yes', 'output': 'tCl,lCl,pCl,mPk', 'l_max_scalars': 2508, 'k_pivot': 0.05, 'N_ur': 2.0328, 'N_ncdm': 1, 'm_ncdm': 0.06, 'T_ncdm': 0.71611, 'N_ncdm_decay_dr': 1, 'quadrature_strategy_ncdm_decay_dr': 3, 'ncdm_fluid_approximation': 3, 'maximum_q_ncdm_decay_dr': 15.0, 'background_method': 0, 'evolver': 1, 'N_momentum_bins_ncdm_decay_dr': 7, 'l_max_ncdm': 13, 'l_max_dr': 13, 'l_max_dr_col': 13, 'omega_b': 0.02296992, 'omega_cdm': 0.1242734, 'Neff_ini_dncdm': 0.4346666, 'log10lifetime_ncdm_decay_dr': 4.463884, 'm_ncdm_decay_dr': 0.1948418, 'H0': 71.2463, 'ln10^{10}A_s': 3.072798, 'n_s': 0.9833518, 'tau_reio': 0.05636488, 'P_k_max_1/Mpc': 1.0}

[PARENT][Rank 229] | ERROR: Child process failed during CLASS computation
Model: {'lensing': 'yes', 'output': 'tCl,lCl,pCl,mPk', 'l_max_scalars': 2508, 'k_pivot': 0.05, 'N_ur': 2.0328, 'N_ncdm': 1, 'm_ncdm': 0.06, 'T_ncdm': 0.71611, 'N_ncdm_decay_dr': 1, 'quadrature_strategy_ncdm_decay_dr': 3, 'ncdm_fluid_approximation': 3, 'maximum_q_ncdm_decay_dr': 15.0, 'background_method': 0, 'evolver': 1, 'N_momentum_bins_ncdm_decay_dr': 7, 'l_max_ncdm': 13, 'l_max_dr': 13, 'l_max_dr_col': 13, 'omega_b': 0.02296992, 'omega_cdm': 0.1242734, 'Neff_ini_dncdm': 0.4346666, 'log10lifetime_ncdm_decay_dr': 4.463884, 'm_ncdm_decay_dr': 0.1948418, 'H0': 71.2463, 'ln10^{10}A_s': 3.072798, 'n_s': 0.9833518, 'tau_reio': 0.05636488, 'P_k_max_1/Mpc': 1.0}
skipping to the next model...
[CHILD][Parent Rank 181] | The following model took too long to complete: 
params: {'lensing': 'yes', 'output': 'tCl,lCl,pCl,mPk', 'l_max_scalars': 2508, 'k_pivot': 0.05, 'N_ur': 2.0328, 'N_ncdm': 1, 'm_ncdm': 0.06, 'T_ncdm': 0.71611, 'N_ncdm_decay_dr': 1, 'quadrature_strategy_ncdm_decay_dr': 3, 'ncdm_fluid_approximation': 3, 'maximum_q_ncdm_decay_dr': 15.0, 'background_method': 0, 'evolver': 1, 'N_momentum_bins_ncdm_decay_dr': 7, 'l_max_ncdm': 13, 'l_max_dr': 13, 'l_max_dr_col': 13, 'omega_b': 0.022443868, 'omega_cdm': 0.1275342, 'Neff_ini_dncdm': 0.4070261, 'log10lifetime_ncdm_decay_dr': 3.241332, 'm_ncdm_decay_dr': 0.09042507, 'H0': 68.90635, 'ln10^{10}A_s': 3.0036, 'n_s': 0.9765389, 'tau_reio': 0.02515787, 'P_k_max_1/Mpc': 1.0}

[PARENT][Rank 181] | ERROR: Child process failed during CLASS computation
Model: {'lensing': 'yes', 'output': 'tCl,lCl,pCl,mPk', 'l_max_scalars': 2508, 'k_pivot': 0.05, 'N_ur': 2.0328, 'N_ncdm': 1, 'm_ncdm': 0.06, 'T_ncdm': 0.71611, 'N_ncdm_decay_dr': 1, 'quadrature_strategy_ncdm_decay_dr': 3, 'ncdm_fluid_approximation': 3, 'maximum_q_ncdm_decay_dr': 15.0, 'background_method': 0, 'evolver': 1, 'N_momentum_bins_ncdm_decay_dr': 7, 'l_max_ncdm': 13, 'l_max_dr': 13, 'l_max_dr_col': 13, 'omega_b': 0.022443868, 'omega_cdm': 0.1275342, 'Neff_ini_dncdm': 0.4070261, 'log10lifetime_ncdm_decay_dr': 3.241332, 'm_ncdm_decay_dr': 0.09042507, 'H0': 68.90635, 'ln10^{10}A_s': 3.0036, 'n_s': 0.9765389, 'tau_reio': 0.02515787, 'P_k_max_1/Mpc': 1.0}
skipping to the next model...
[CHILD][Parent Rank 235] | The following model took too long to complete: 
params: {'lensing': 'yes', 'output': 'tCl,lCl,pCl,mPk', 'l_max_scalars': 2508, 'k_pivot': 0.05, 'N_ur': 2.0328, 'N_ncdm': 1, 'm_ncdm': 0.06, 'T_ncdm': 0.71611, 'N_ncdm_decay_dr': 1, 'quadrature_strategy_ncdm_decay_dr': 3, 'ncdm_fluid_approximation': 3, 'maximum_q_ncdm_decay_dr': 15.0, 'background_method': 0, 'evolver': 1, 'N_momentum_bins_ncdm_decay_dr': 7, 'l_max_ncdm': 13, 'l_max_dr': 13, 'l_max_dr_col': 13, 'omega_b': 0.02255778, 'omega_cdm': 0.1113574, 'Neff_ini_dncdm': 0.08423359, 'log10lifetime_ncdm_decay_dr': 3.992947, 'm_ncdm_decay_dr': 0.01788226, 'H0': 71.53485, 'ln10^{10}A_s': 3.063886, 'n_s': 1.009184, 'tau_reio': 0.07548596, 'P_k_max_1/Mpc': 1.0}

[PARENT][Rank 235] | ERROR: Child process failed during CLASS computation
Model: {'lensing': 'yes', 'output': 'tCl,lCl,pCl,mPk', 'l_max_scalars': 2508, 'k_pivot': 0.05, 'N_ur': 2.0328, 'N_ncdm': 1, 'm_ncdm': 0.06, 'T_ncdm': 0.71611, 'N_ncdm_decay_dr': 1, 'quadrature_strategy_ncdm_decay_dr': 3, 'ncdm_fluid_approximation': 3, 'maximum_q_ncdm_decay_dr': 15.0, 'background_method': 0, 'evolver': 1, 'N_momentum_bins_ncdm_decay_dr': 7, 'l_max_ncdm': 13, 'l_max_dr': 13, 'l_max_dr_col': 13, 'omega_b': 0.02255778, 'omega_cdm': 0.1113574, 'Neff_ini_dncdm': 0.08423359, 'log10lifetime_ncdm_decay_dr': 3.992947, 'm_ncdm_decay_dr': 0.01788226, 'H0': 71.53485, 'ln10^{10}A_s': 3.063886, 'n_s': 1.009184, 'tau_reio': 0.07548596, 'P_k_max_1/Mpc': 1.0}
skipping to the next model...
[CHILD][Parent Rank 155] | The following model took too long to complete: 
params: {'lensing': 'yes', 'output': 'tCl,lCl,pCl,mPk', 'l_max_scalars': 2508, 'k_pivot': 0.05, 'N_ur': 2.0328, 'N_ncdm': 1, 'm_ncdm': 0.06, 'T_ncdm': 0.71611, 'N_ncdm_decay_dr': 1, 'quadrature_strategy_ncdm_decay_dr': 3, 'ncdm_fluid_approximation': 3, 'maximum_q_ncdm_decay_dr': 15.0, 'background_method': 0, 'evolver': 1, 'N_momentum_bins_ncdm_decay_dr': 7, 'l_max_ncdm': 13, 'l_max_dr': 13, 'l_max_dr_col': 13, 'omega_b': 0.02274585, 'omega_cdm': 0.1094925, 'Neff_ini_dncdm': 0.09194103, 'log10lifetime_ncdm_decay_dr': 3.976495, 'm_ncdm_decay_dr': 0.1584417, 'H0': 72.42247, 'ln10^{10}A_s': 2.995823, 'n_s': 1.007598, 'tau_reio': 0.05314647, 'P_k_max_1/Mpc': 1.0}

[PARENT][Rank 155] | ERROR: Child process failed during CLASS computation
Model: {'lensing': 'yes', 'output': 'tCl,lCl,pCl,mPk', 'l_max_scalars': 2508, 'k_pivot': 0.05, 'N_ur': 2.0328, 'N_ncdm': 1, 'm_ncdm': 0.06, 'T_ncdm': 0.71611, 'N_ncdm_decay_dr': 1, 'quadrature_strategy_ncdm_decay_dr': 3, 'ncdm_fluid_approximation': 3, 'maximum_q_ncdm_decay_dr': 15.0, 'background_method': 0, 'evolver': 1, 'N_momentum_bins_ncdm_decay_dr': 7, 'l_max_ncdm': 13, 'l_max_dr': 13, 'l_max_dr_col': 13, 'omega_b': 0.02274585, 'omega_cdm': 0.1094925, 'Neff_ini_dncdm': 0.09194103, 'log10lifetime_ncdm_decay_dr': 3.976495, 'm_ncdm_decay_dr': 0.1584417, 'H0': 72.42247, 'ln10^{10}A_s': 2.995823, 'n_s': 1.007598, 'tau_reio': 0.05314647, 'P_k_max_1/Mpc': 1.0}
skipping to the next model...
[CHILD][Parent Rank 347] | The following model took too long to complete: 
params: {'lensing': 'yes', 'output': 'tCl,lCl,pCl,mPk', 'l_max_scalars': 2508, 'k_pivot': 0.05, 'N_ur': 2.0328, 'N_ncdm': 1, 'm_ncdm': 0.06, 'T_ncdm': 0.71611, 'N_ncdm_decay_dr': 1, 'quadrature_strategy_ncdm_decay_dr': 3, 'ncdm_fluid_approximation': 3, 'maximum_q_ncdm_decay_dr': 15.0, 'background_method': 0, 'evolver': 1, 'N_momentum_bins_ncdm_decay_dr': 7, 'l_max_ncdm': 13, 'l_max_dr': 13, 'l_max_dr_col': 13, 'omega_b': 0.02274585, 'omega_cdm': 0.1094925, 'Neff_ini_dncdm': 0.09194103, 'log10lifetime_ncdm_decay_dr': 3.976495, 'm_ncdm_decay_dr': 0.1584417, 'H0': 72.42247, 'ln10^{10}A_s': 2.995823, 'n_s': 1.007598, 'tau_reio': 0.05314647, 'P_k_max_1/Mpc': 1.0}

[PARENT][Rank 347] | ERROR: Child process failed during CLASS computation
Model: {'lensing': 'yes', 'output': 'tCl,lCl,pCl,mPk', 'l_max_scalars': 2508, 'k_pivot': 0.05, 'N_ur': 2.0328, 'N_ncdm': 1, 'm_ncdm': 0.06, 'T_ncdm': 0.71611, 'N_ncdm_decay_dr': 1, 'quadrature_strategy_ncdm_decay_dr': 3, 'ncdm_fluid_approximation': 3, 'maximum_q_ncdm_decay_dr': 15.0, 'background_method': 0, 'evolver': 1, 'N_momentum_bins_ncdm_decay_dr': 7, 'l_max_ncdm': 13, 'l_max_dr': 13, 'l_max_dr_col': 13, 'omega_b': 0.02274585, 'omega_cdm': 0.1094925, 'Neff_ini_dncdm': 0.09194103, 'log10lifetime_ncdm_decay_dr': 3.976495, 'm_ncdm_decay_dr': 0.1584417, 'H0': 72.42247, 'ln10^{10}A_s': 2.995823, 'n_s': 1.007598, 'tau_reio': 0.05314647, 'P_k_max_1/Mpc': 1.0}
skipping to the next model...
[CHILD][Parent Rank 280] | The following model took too long to complete: 
params: {'lensing': 'yes', 'output': 'tCl,lCl,pCl,mPk', 'l_max_scalars': 2508, 'k_pivot': 0.05, 'N_ur': 2.0328, 'N_ncdm': 1, 'm_ncdm': 0.06, 'T_ncdm': 0.71611, 'N_ncdm_decay_dr': 1, 'quadrature_strategy_ncdm_decay_dr': 3, 'ncdm_fluid_approximation': 3, 'maximum_q_ncdm_decay_dr': 15.0, 'background_method': 0, 'evolver': 1, 'N_momentum_bins_ncdm_decay_dr': 7, 'l_max_ncdm': 13, 'l_max_dr': 13, 'l_max_dr_col': 13, 'omega_b': 0.022385139, 'omega_cdm': 0.1202156, 'Neff_ini_dncdm': 0.1656513, 'log10lifetime_ncdm_decay_dr': 5.746115, 'm_ncdm_decay_dr': 0.1229584, 'H0': 69.88929, 'ln10^{10}A_s': 2.994893, 'n_s': 0.958459, 'tau_reio': 0.03296914, 'P_k_max_1/Mpc': 1.0}

[PARENT][Rank 280] | ERROR: Child process failed during CLASS computation
Model: {'lensing': 'yes', 'output': 'tCl,lCl,pCl,mPk', 'l_max_scalars': 2508, 'k_pivot': 0.05, 'N_ur': 2.0328, 'N_ncdm': 1, 'm_ncdm': 0.06, 'T_ncdm': 0.71611, 'N_ncdm_decay_dr': 1, 'quadrature_strategy_ncdm_decay_dr': 3, 'ncdm_fluid_approximation': 3, 'maximum_q_ncdm_decay_dr': 15.0, 'background_method': 0, 'evolver': 1, 'N_momentum_bins_ncdm_decay_dr': 7, 'l_max_ncdm': 13, 'l_max_dr': 13, 'l_max_dr_col': 13, 'omega_b': 0.022385139, 'omega_cdm': 0.1202156, 'Neff_ini_dncdm': 0.1656513, 'log10lifetime_ncdm_decay_dr': 5.746115, 'm_ncdm_decay_dr': 0.1229584, 'H0': 69.88929, 'ln10^{10}A_s': 2.994893, 'n_s': 0.958459, 'tau_reio': 0.03296914, 'P_k_max_1/Mpc': 1.0}
skipping to the next model...
[CHILD][Parent Rank 279] | The following model took too long to complete: 
params: {'lensing': 'yes', 'output': 'tCl,lCl,pCl,mPk', 'l_max_scalars': 2508, 'k_pivot': 0.05, 'N_ur': 2.0328, 'N_ncdm': 1, 'm_ncdm': 0.06, 'T_ncdm': 0.71611, 'N_ncdm_decay_dr': 1, 'quadrature_strategy_ncdm_decay_dr': 3, 'ncdm_fluid_approximation': 3, 'maximum_q_ncdm_decay_dr': 15.0, 'background_method': 0, 'evolver': 1, 'N_momentum_bins_ncdm_decay_dr': 7, 'l_max_ncdm': 13, 'l_max_dr': 13, 'l_max_dr_col': 13, 'omega_b': 0.022385139, 'omega_cdm': 0.1202156, 'Neff_ini_dncdm': 0.1656513, 'log10lifetime_ncdm_decay_dr': 5.746115, 'm_ncdm_decay_dr': 0.1229584, 'H0': 69.88929, 'ln10^{10}A_s': 2.994893, 'n_s': 0.958459, 'tau_reio': 0.03296914, 'P_k_max_1/Mpc': 1.0}

[PARENT][Rank 279] | ERROR: Child process failed during CLASS computation
Model: {'lensing': 'yes', 'output': 'tCl,lCl,pCl,mPk', 'l_max_scalars': 2508, 'k_pivot': 0.05, 'N_ur': 2.0328, 'N_ncdm': 1, 'm_ncdm': 0.06, 'T_ncdm': 0.71611, 'N_ncdm_decay_dr': 1, 'quadrature_strategy_ncdm_decay_dr': 3, 'ncdm_fluid_approximation': 3, 'maximum_q_ncdm_decay_dr': 15.0, 'background_method': 0, 'evolver': 1, 'N_momentum_bins_ncdm_decay_dr': 7, 'l_max_ncdm': 13, 'l_max_dr': 13, 'l_max_dr_col': 13, 'omega_b': 0.022385139, 'omega_cdm': 0.1202156, 'Neff_ini_dncdm': 0.1656513, 'log10lifetime_ncdm_decay_dr': 5.746115, 'm_ncdm_decay_dr': 0.1229584, 'H0': 69.88929, 'ln10^{10}A_s': 2.994893, 'n_s': 0.958459, 'tau_reio': 0.03296914, 'P_k_max_1/Mpc': 1.0}
skipping to the next model...
[CHILD][Parent Rank 274] | The following model took too long to complete: 
params: {'lensing': 'yes', 'output': 'tCl,lCl,pCl,mPk', 'l_max_scalars': 2508, 'k_pivot': 0.05, 'N_ur': 2.0328, 'N_ncdm': 1, 'm_ncdm': 0.06, 'T_ncdm': 0.71611, 'N_ncdm_decay_dr': 1, 'quadrature_strategy_ncdm_decay_dr': 3, 'ncdm_fluid_approximation': 3, 'maximum_q_ncdm_decay_dr': 15.0, 'background_method': 0, 'evolver': 1, 'N_momentum_bins_ncdm_decay_dr': 7, 'l_max_ncdm': 13, 'l_max_dr': 13, 'l_max_dr_col': 13, 'omega_b': 0.022385139, 'omega_cdm': 0.1202156, 'Neff_ini_dncdm': 0.1656513, 'log10lifetime_ncdm_decay_dr': 5.746115, 'm_ncdm_decay_dr': 0.1229584, 'H0': 69.88929, 'ln10^{10}A_s': 2.994893, 'n_s': 0.958459, 'tau_reio': 0.03296914, 'P_k_max_1/Mpc': 1.0}

[PARENT][Rank 274] | ERROR: Child process failed during CLASS computation
Model: {'lensing': 'yes', 'output': 'tCl,lCl,pCl,mPk', 'l_max_scalars': 2508, 'k_pivot': 0.05, 'N_ur': 2.0328, 'N_ncdm': 1, 'm_ncdm': 0.06, 'T_ncdm': 0.71611, 'N_ncdm_decay_dr': 1, 'quadrature_strategy_ncdm_decay_dr': 3, 'ncdm_fluid_approximation': 3, 'maximum_q_ncdm_decay_dr': 15.0, 'background_method': 0, 'evolver': 1, 'N_momentum_bins_ncdm_decay_dr': 7, 'l_max_ncdm': 13, 'l_max_dr': 13, 'l_max_dr_col': 13, 'omega_b': 0.022385139, 'omega_cdm': 0.1202156, 'Neff_ini_dncdm': 0.1656513, 'log10lifetime_ncdm_decay_dr': 5.746115, 'm_ncdm_decay_dr': 0.1229584, 'H0': 69.88929, 'ln10^{10}A_s': 2.994893, 'n_s': 0.958459, 'tau_reio': 0.03296914, 'P_k_max_1/Mpc': 1.0}
skipping to the next model...
[CHILD][Parent Rank 281] | The following model took too long to complete: 
params: {'lensing': 'yes', 'output': 'tCl,lCl,pCl,mPk', 'l_max_scalars': 2508, 'k_pivot': 0.05, 'N_ur': 2.0328, 'N_ncdm': 1, 'm_ncdm': 0.06, 'T_ncdm': 0.71611, 'N_ncdm_decay_dr': 1, 'quadrature_strategy_ncdm_decay_dr': 3, 'ncdm_fluid_approximation': 3, 'maximum_q_ncdm_decay_dr': 15.0, 'background_method': 0, 'evolver': 1, 'N_momentum_bins_ncdm_decay_dr': 7, 'l_max_ncdm': 13, 'l_max_dr': 13, 'l_max_dr_col': 13, 'omega_b': 0.022385139, 'omega_cdm': 0.1202156, 'Neff_ini_dncdm': 0.1656513, 'log10lifetime_ncdm_decay_dr': 5.746115, 'm_ncdm_decay_dr': 0.1229584, 'H0': 69.88929, 'ln10^{10}A_s': 2.994893, 'n_s': 0.958459, 'tau_reio': 0.03296914, 'P_k_max_1/Mpc': 1.0}

[PARENT][Rank 281] | ERROR: Child process failed during CLASS computation
Model: {'lensing': 'yes', 'output': 'tCl,lCl,pCl,mPk', 'l_max_scalars': 2508, 'k_pivot': 0.05, 'N_ur': 2.0328, 'N_ncdm': 1, 'm_ncdm': 0.06, 'T_ncdm': 0.71611, 'N_ncdm_decay_dr': 1, 'quadrature_strategy_ncdm_decay_dr': 3, 'ncdm_fluid_approximation': 3, 'maximum_q_ncdm_decay_dr': 15.0, 'background_method': 0, 'evolver': 1, 'N_momentum_bins_ncdm_decay_dr': 7, 'l_max_ncdm': 13, 'l_max_dr': 13, 'l_max_dr_col': 13, 'omega_b': 0.022385139, 'omega_cdm': 0.1202156, 'Neff_ini_dncdm': 0.1656513, 'log10lifetime_ncdm_decay_dr': 5.746115, 'm_ncdm_decay_dr': 0.1229584, 'H0': 69.88929, 'ln10^{10}A_s': 2.994893, 'n_s': 0.958459, 'tau_reio': 0.03296914, 'P_k_max_1/Mpc': 1.0}
skipping to the next model...
[CHILD][Parent Rank 264] | The following model took too long to complete: 
params: {'lensing': 'yes', 'output': 'tCl,lCl,pCl,mPk', 'l_max_scalars': 2508, 'k_pivot': 0.05, 'N_ur': 2.0328, 'N_ncdm': 1, 'm_ncdm': 0.06, 'T_ncdm': 0.71611, 'N_ncdm_decay_dr': 1, 'quadrature_strategy_ncdm_decay_dr': 3, 'ncdm_fluid_approximation': 3, 'maximum_q_ncdm_decay_dr': 15.0, 'background_method': 0, 'evolver': 1, 'N_momentum_bins_ncdm_decay_dr': 7, 'l_max_ncdm': 13, 'l_max_dr': 13, 'l_max_dr_col': 13, 'omega_b': 0.022385139, 'omega_cdm': 0.1202156, 'Neff_ini_dncdm': 0.1656513, 'log10lifetime_ncdm_decay_dr': 5.746115, 'm_ncdm_decay_dr': 0.1229584, 'H0': 69.88929, 'ln10^{10}A_s': 2.994893, 'n_s': 0.958459, 'tau_reio': 0.03296914, 'P_k_max_1/Mpc': 1.0}

[PARENT][Rank 264] | ERROR: Child process failed during CLASS computation
Model: {'lensing': 'yes', 'output': 'tCl,lCl,pCl,mPk', 'l_max_scalars': 2508, 'k_pivot': 0.05, 'N_ur': 2.0328, 'N_ncdm': 1, 'm_ncdm': 0.06, 'T_ncdm': 0.71611, 'N_ncdm_decay_dr': 1, 'quadrature_strategy_ncdm_decay_dr': 3, 'ncdm_fluid_approximation': 3, 'maximum_q_ncdm_decay_dr': 15.0, 'background_method': 0, 'evolver': 1, 'N_momentum_bins_ncdm_decay_dr': 7, 'l_max_ncdm': 13, 'l_max_dr': 13, 'l_max_dr_col': 13, 'omega_b': 0.022385139, 'omega_cdm': 0.1202156, 'Neff_ini_dncdm': 0.1656513, 'log10lifetime_ncdm_decay_dr': 5.746115, 'm_ncdm_decay_dr': 0.1229584, 'H0': 69.88929, 'ln10^{10}A_s': 2.994893, 'n_s': 0.958459, 'tau_reio': 0.03296914, 'P_k_max_1/Mpc': 1.0}
skipping to the next model...
[CHILD][Parent Rank 273] | The following model took too long to complete: 
params: {'lensing': 'yes', 'output': 'tCl,lCl,pCl,mPk', 'l_max_scalars': 2508, 'k_pivot': 0.05, 'N_ur': 2.0328, 'N_ncdm': 1, 'm_ncdm': 0.06, 'T_ncdm': 0.71611, 'N_ncdm_decay_dr': 1, 'quadrature_strategy_ncdm_decay_dr': 3, 'ncdm_fluid_approximation': 3, 'maximum_q_ncdm_decay_dr': 15.0, 'background_method': 0, 'evolver': 1, 'N_momentum_bins_ncdm_decay_dr': 7, 'l_max_ncdm': 13, 'l_max_dr': 13, 'l_max_dr_col': 13, 'omega_b': 0.022385139, 'omega_cdm': 0.1202156, 'Neff_ini_dncdm': 0.1656513, 'log10lifetime_ncdm_decay_dr': 5.746115, 'm_ncdm_decay_dr': 0.1229584, 'H0': 69.88929, 'ln10^{10}A_s': 2.994893, 'n_s': 0.958459, 'tau_reio': 0.03296914, 'P_k_max_1/Mpc': 1.0}

[PARENT][Rank 273] | ERROR: Child process failed during CLASS computation
Model: {'lensing': 'yes', 'output': 'tCl,lCl,pCl,mPk', 'l_max_scalars': 2508, 'k_pivot': 0.05, 'N_ur': 2.0328, 'N_ncdm': 1, 'm_ncdm': 0.06, 'T_ncdm': 0.71611, 'N_ncdm_decay_dr': 1, 'quadrature_strategy_ncdm_decay_dr': 3, 'ncdm_fluid_approximation': 3, 'maximum_q_ncdm_decay_dr': 15.0, 'background_method': 0, 'evolver': 1, 'N_momentum_bins_ncdm_decay_dr': 7, 'l_max_ncdm': 13, 'l_max_dr': 13, 'l_max_dr_col': 13, 'omega_b': 0.022385139, 'omega_cdm': 0.1202156, 'Neff_ini_dncdm': 0.1656513, 'log10lifetime_ncdm_decay_dr': 5.746115, 'm_ncdm_decay_dr': 0.1229584, 'H0': 69.88929, 'ln10^{10}A_s': 2.994893, 'n_s': 0.958459, 'tau_reio': 0.03296914, 'P_k_max_1/Mpc': 1.0}
skipping to the next model...
[CHILD][Parent Rank 354] | The following model took too long to complete: 
params: {'lensing': 'yes', 'output': 'tCl,lCl,pCl,mPk', 'l_max_scalars': 2508, 'k_pivot': 0.05, 'N_ur': 2.0328, 'N_ncdm': 1, 'm_ncdm': 0.06, 'T_ncdm': 0.71611, 'N_ncdm_decay_dr': 1, 'quadrature_strategy_ncdm_decay_dr': 3, 'ncdm_fluid_approximation': 3, 'maximum_q_ncdm_decay_dr': 15.0, 'background_method': 0, 'evolver': 1, 'N_momentum_bins_ncdm_decay_dr': 7, 'l_max_ncdm': 13, 'l_max_dr': 13, 'l_max_dr_col': 13, 'omega_b': 0.021243678, 'omega_cdm': 0.1312112, 'Neff_ini_dncdm': 0.2143754, 'log10lifetime_ncdm_decay_dr': 5.413755, 'm_ncdm_decay_dr': 0.1348818, 'H0': 64.61824, 'ln10^{10}A_s': 3.008225, 'n_s': 0.951638, 'tau_reio': 0.03290847, 'P_k_max_1/Mpc': 1.0}

[PARENT][Rank 354] | ERROR: Child process failed during CLASS computation
Model: {'lensing': 'yes', 'output': 'tCl,lCl,pCl,mPk', 'l_max_scalars': 2508, 'k_pivot': 0.05, 'N_ur': 2.0328, 'N_ncdm': 1, 'm_ncdm': 0.06, 'T_ncdm': 0.71611, 'N_ncdm_decay_dr': 1, 'quadrature_strategy_ncdm_decay_dr': 3, 'ncdm_fluid_approximation': 3, 'maximum_q_ncdm_decay_dr': 15.0, 'background_method': 0, 'evolver': 1, 'N_momentum_bins_ncdm_decay_dr': 7, 'l_max_ncdm': 13, 'l_max_dr': 13, 'l_max_dr_col': 13, 'omega_b': 0.021243678, 'omega_cdm': 0.1312112, 'Neff_ini_dncdm': 0.2143754, 'log10lifetime_ncdm_decay_dr': 5.413755, 'm_ncdm_decay_dr': 0.1348818, 'H0': 64.61824, 'ln10^{10}A_s': 3.008225, 'n_s': 0.951638, 'tau_reio': 0.03290847, 'P_k_max_1/Mpc': 1.0}
skipping to the next model...
[CHILD][Parent Rank 239] | The following model took too long to complete: 
params: {'lensing': 'yes', 'output': 'tCl,lCl,pCl,mPk', 'l_max_scalars': 2508, 'k_pivot': 0.05, 'N_ur': 2.0328, 'N_ncdm': 1, 'm_ncdm': 0.06, 'T_ncdm': 0.71611, 'N_ncdm_decay_dr': 1, 'quadrature_strategy_ncdm_decay_dr': 3, 'ncdm_fluid_approximation': 3, 'maximum_q_ncdm_decay_dr': 15.0, 'background_method': 0, 'evolver': 1, 'N_momentum_bins_ncdm_decay_dr': 7, 'l_max_ncdm': 13, 'l_max_dr': 13, 'l_max_dr_col': 13, 'omega_b': 0.021243678, 'omega_cdm': 0.1312112, 'Neff_ini_dncdm': 0.2143754, 'log10lifetime_ncdm_decay_dr': 5.413755, 'm_ncdm_decay_dr': 0.1348818, 'H0': 64.61824, 'ln10^{10}A_s': 3.008225, 'n_s': 0.951638, 'tau_reio': 0.03290847, 'P_k_max_1/Mpc': 1.0}

[PARENT][Rank 239] | ERROR: Child process failed during CLASS computation
Model: {'lensing': 'yes', 'output': 'tCl,lCl,pCl,mPk', 'l_max_scalars': 2508, 'k_pivot': 0.05, 'N_ur': 2.0328, 'N_ncdm': 1, 'm_ncdm': 0.06, 'T_ncdm': 0.71611, 'N_ncdm_decay_dr': 1, 'quadrature_strategy_ncdm_decay_dr': 3, 'ncdm_fluid_approximation': 3, 'maximum_q_ncdm_decay_dr': 15.0, 'background_method': 0, 'evolver': 1, 'N_momentum_bins_ncdm_decay_dr': 7, 'l_max_ncdm': 13, 'l_max_dr': 13, 'l_max_dr_col': 13, 'omega_b': 0.021243678, 'omega_cdm': 0.1312112, 'Neff_ini_dncdm': 0.2143754, 'log10lifetime_ncdm_decay_dr': 5.413755, 'm_ncdm_decay_dr': 0.1348818, 'H0': 64.61824, 'ln10^{10}A_s': 3.008225, 'n_s': 0.951638, 'tau_reio': 0.03290847, 'P_k_max_1/Mpc': 1.0}
skipping to the next model...
[CHILD][Parent Rank 126] | The following model took too long to complete: 
params: {'lensing': 'yes', 'output': 'tCl,lCl,pCl,mPk', 'l_max_scalars': 2508, 'k_pivot': 0.05, 'N_ur': 2.0328, 'N_ncdm': 1, 'm_ncdm': 0.06, 'T_ncdm': 0.71611, 'N_ncdm_decay_dr': 1, 'quadrature_strategy_ncdm_decay_dr': 3, 'ncdm_fluid_approximation': 3, 'maximum_q_ncdm_decay_dr': 15.0, 'background_method': 0, 'evolver': 1, 'N_momentum_bins_ncdm_decay_dr': 7, 'l_max_ncdm': 13, 'l_max_dr': 13, 'l_max_dr_col': 13, 'omega_b': 0.021243678, 'omega_cdm': 0.1312112, 'Neff_ini_dncdm': 0.2143754, 'log10lifetime_ncdm_decay_dr': 5.413755, 'm_ncdm_decay_dr': 0.1348818, 'H0': 64.61824, 'ln10^{10}A_s': 3.008225, 'n_s': 0.951638, 'tau_reio': 0.03290847, 'P_k_max_1/Mpc': 1.0}

[PARENT][Rank 126] | ERROR: Child process failed during CLASS computation
Model: {'lensing': 'yes', 'output': 'tCl,lCl,pCl,mPk', 'l_max_scalars': 2508, 'k_pivot': 0.05, 'N_ur': 2.0328, 'N_ncdm': 1, 'm_ncdm': 0.06, 'T_ncdm': 0.71611, 'N_ncdm_decay_dr': 1, 'quadrature_strategy_ncdm_decay_dr': 3, 'ncdm_fluid_approximation': 3, 'maximum_q_ncdm_decay_dr': 15.0, 'background_method': 0, 'evolver': 1, 'N_momentum_bins_ncdm_decay_dr': 7, 'l_max_ncdm': 13, 'l_max_dr': 13, 'l_max_dr_col': 13, 'omega_b': 0.021243678, 'omega_cdm': 0.1312112, 'Neff_ini_dncdm': 0.2143754, 'log10lifetime_ncdm_decay_dr': 5.413755, 'm_ncdm_decay_dr': 0.1348818, 'H0': 64.61824, 'ln10^{10}A_s': 3.008225, 'n_s': 0.951638, 'tau_reio': 0.03290847, 'P_k_max_1/Mpc': 1.0}
skipping to the next model...
[CHILD][Parent Rank 201] | The following model took too long to complete: 
params: {'lensing': 'yes', 'output': 'tCl,lCl,pCl,mPk', 'l_max_scalars': 2508, 'k_pivot': 0.05, 'N_ur': 2.0328, 'N_ncdm': 1, 'm_ncdm': 0.06, 'T_ncdm': 0.71611, 'N_ncdm_decay_dr': 1, 'quadrature_strategy_ncdm_decay_dr': 3, 'ncdm_fluid_approximation': 3, 'maximum_q_ncdm_decay_dr': 15.0, 'background_method': 0, 'evolver': 1, 'N_momentum_bins_ncdm_decay_dr': 7, 'l_max_ncdm': 13, 'l_max_dr': 13, 'l_max_dr_col': 13, 'omega_b': 0.021243678, 'omega_cdm': 0.1312112, 'Neff_ini_dncdm': 0.2143754, 'log10lifetime_ncdm_decay_dr': 5.413755, 'm_ncdm_decay_dr': 0.1348818, 'H0': 64.61824, 'ln10^{10}A_s': 3.008225, 'n_s': 0.951638, 'tau_reio': 0.03290847, 'P_k_max_1/Mpc': 1.0}

[PARENT][Rank 201] | ERROR: Child process failed during CLASS computation
Model: {'lensing': 'yes', 'output': 'tCl,lCl,pCl,mPk', 'l_max_scalars': 2508, 'k_pivot': 0.05, 'N_ur': 2.0328, 'N_ncdm': 1, 'm_ncdm': 0.06, 'T_ncdm': 0.71611, 'N_ncdm_decay_dr': 1, 'quadrature_strategy_ncdm_decay_dr': 3, 'ncdm_fluid_approximation': 3, 'maximum_q_ncdm_decay_dr': 15.0, 'background_method': 0, 'evolver': 1, 'N_momentum_bins_ncdm_decay_dr': 7, 'l_max_ncdm': 13, 'l_max_dr': 13, 'l_max_dr_col': 13, 'omega_b': 0.021243678, 'omega_cdm': 0.1312112, 'Neff_ini_dncdm': 0.2143754, 'log10lifetime_ncdm_decay_dr': 5.413755, 'm_ncdm_decay_dr': 0.1348818, 'H0': 64.61824, 'ln10^{10}A_s': 3.008225, 'n_s': 0.951638, 'tau_reio': 0.03290847, 'P_k_max_1/Mpc': 1.0}
skipping to the next model...
[CHILD][Parent Rank 216] | The following model took too long to complete: 
params: {'lensing': 'yes', 'output': 'tCl,lCl,pCl,mPk', 'l_max_scalars': 2508, 'k_pivot': 0.05, 'N_ur': 2.0328, 'N_ncdm': 1, 'm_ncdm': 0.06, 'T_ncdm': 0.71611, 'N_ncdm_decay_dr': 1, 'quadrature_strategy_ncdm_decay_dr': 3, 'ncdm_fluid_approximation': 3, 'maximum_q_ncdm_decay_dr': 15.0, 'background_method': 0, 'evolver': 1, 'N_momentum_bins_ncdm_decay_dr': 7, 'l_max_ncdm': 13, 'l_max_dr': 13, 'l_max_dr_col': 13, 'omega_b': 0.021243678, 'omega_cdm': 0.1312112, 'Neff_ini_dncdm': 0.2143754, 'log10lifetime_ncdm_decay_dr': 5.413755, 'm_ncdm_decay_dr': 0.1348818, 'H0': 64.61824, 'ln10^{10}A_s': 3.008225, 'n_s': 0.951638, 'tau_reio': 0.03290847, 'P_k_max_1/Mpc': 1.0}

[PARENT][Rank 216] | ERROR: Child process failed during CLASS computation
Model: {'lensing': 'yes', 'output': 'tCl,lCl,pCl,mPk', 'l_max_scalars': 2508, 'k_pivot': 0.05, 'N_ur': 2.0328, 'N_ncdm': 1, 'm_ncdm': 0.06, 'T_ncdm': 0.71611, 'N_ncdm_decay_dr': 1, 'quadrature_strategy_ncdm_decay_dr': 3, 'ncdm_fluid_approximation': 3, 'maximum_q_ncdm_decay_dr': 15.0, 'background_method': 0, 'evolver': 1, 'N_momentum_bins_ncdm_decay_dr': 7, 'l_max_ncdm': 13, 'l_max_dr': 13, 'l_max_dr_col': 13, 'omega_b': 0.021243678, 'omega_cdm': 0.1312112, 'Neff_ini_dncdm': 0.2143754, 'log10lifetime_ncdm_decay_dr': 5.413755, 'm_ncdm_decay_dr': 0.1348818, 'H0': 64.61824, 'ln10^{10}A_s': 3.008225, 'n_s': 0.951638, 'tau_reio': 0.03290847, 'P_k_max_1/Mpc': 1.0}
skipping to the next model...
[CHILD][Parent Rank 7] | The following model took too long to complete: 
params: {'lensing': 'yes', 'output': 'tCl,lCl,pCl,mPk', 'l_max_scalars': 2508, 'k_pivot': 0.05, 'N_ur': 2.0328, 'N_ncdm': 1, 'm_ncdm': 0.06, 'T_ncdm': 0.71611, 'N_ncdm_decay_dr': 1, 'quadrature_strategy_ncdm_decay_dr': 3, 'ncdm_fluid_approximation': 3, 'maximum_q_ncdm_decay_dr': 15.0, 'background_method': 0, 'evolver': 1, 'N_momentum_bins_ncdm_decay_dr': 7, 'l_max_ncdm': 13, 'l_max_dr': 13, 'l_max_dr_col': 13, 'omega_b': 0.021243678, 'omega_cdm': 0.1312112, 'Neff_ini_dncdm': 0.2143754, 'log10lifetime_ncdm_decay_dr': 5.413755, 'm_ncdm_decay_dr': 0.1348818, 'H0': 64.61824, 'ln10^{10}A_s': 3.008225, 'n_s': 0.951638, 'tau_reio': 0.03290847, 'P_k_max_1/Mpc': 1.0}

[PARENT][Rank 7] | ERROR: Child process failed during CLASS computation
Model: {'lensing': 'yes', 'output': 'tCl,lCl,pCl,mPk', 'l_max_scalars': 2508, 'k_pivot': 0.05, 'N_ur': 2.0328, 'N_ncdm': 1, 'm_ncdm': 0.06, 'T_ncdm': 0.71611, 'N_ncdm_decay_dr': 1, 'quadrature_strategy_ncdm_decay_dr': 3, 'ncdm_fluid_approximation': 3, 'maximum_q_ncdm_decay_dr': 15.0, 'background_method': 0, 'evolver': 1, 'N_momentum_bins_ncdm_decay_dr': 7, 'l_max_ncdm': 13, 'l_max_dr': 13, 'l_max_dr_col': 13, 'omega_b': 0.021243678, 'omega_cdm': 0.1312112, 'Neff_ini_dncdm': 0.2143754, 'log10lifetime_ncdm_decay_dr': 5.413755, 'm_ncdm_decay_dr': 0.1348818, 'H0': 64.61824, 'ln10^{10}A_s': 3.008225, 'n_s': 0.951638, 'tau_reio': 0.03290847, 'P_k_max_1/Mpc': 1.0}
skipping to the next model...
[CHILD][Parent Rank 221] | The following model took too long to complete: 
params: {'lensing': 'yes', 'output': 'tCl,lCl,pCl,mPk', 'l_max_scalars': 2508, 'k_pivot': 0.05, 'N_ur': 2.0328, 'N_ncdm': 1, 'm_ncdm': 0.06, 'T_ncdm': 0.71611, 'N_ncdm_decay_dr': 1, 'quadrature_strategy_ncdm_decay_dr': 3, 'ncdm_fluid_approximation': 3, 'maximum_q_ncdm_decay_dr': 15.0, 'background_method': 0, 'evolver': 1, 'N_momentum_bins_ncdm_decay_dr': 7, 'l_max_ncdm': 13, 'l_max_dr': 13, 'l_max_dr_col': 13, 'omega_b': 0.021243678, 'omega_cdm': 0.1312112, 'Neff_ini_dncdm': 0.2143754, 'log10lifetime_ncdm_decay_dr': 5.413755, 'm_ncdm_decay_dr': 0.1348818, 'H0': 64.61824, 'ln10^{10}A_s': 3.008225, 'n_s': 0.951638, 'tau_reio': 0.03290847, 'P_k_max_1/Mpc': 1.0}

[CHILD][Parent Rank 227] | The following model took too long to complete: 
params: {'lensing': 'yes', 'output': 'tCl,lCl,pCl,mPk', 'l_max_scalars': 2508, 'k_pivot': 0.05, 'N_ur': 2.0328, 'N_ncdm': 1, 'm_ncdm': 0.06, 'T_ncdm': 0.71611, 'N_ncdm_decay_dr': 1, 'quadrature_strategy_ncdm_decay_dr': 3, 'ncdm_fluid_approximation': 3, 'maximum_q_ncdm_decay_dr': 15.0, 'background_method': 0, 'evolver': 1, 'N_momentum_bins_ncdm_decay_dr': 7, 'l_max_ncdm': 13, 'l_max_dr': 13, 'l_max_dr_col': 13, 'omega_b': 0.021243678, 'omega_cdm': 0.1312112, 'Neff_ini_dncdm': 0.2143754, 'log10lifetime_ncdm_decay_dr': 5.413755, 'm_ncdm_decay_dr': 0.1348818, 'H0': 64.61824, 'ln10^{10}A_s': 3.008225, 'n_s': 0.951638, 'tau_reio': 0.03290847, 'P_k_max_1/Mpc': 1.0}

[CHILD][Parent Rank 94] | The following model took too long to complete: 
params: {'lensing': 'yes', 'output': 'tCl,lCl,pCl,mPk', 'l_max_scalars': 2508, 'k_pivot': 0.05, 'N_ur': 2.0328, 'N_ncdm': 1, 'm_ncdm': 0.06, 'T_ncdm': 0.71611, 'N_ncdm_decay_dr': 1, 'quadrature_strategy_ncdm_decay_dr': 3, 'ncdm_fluid_approximation': 3, 'maximum_q_ncdm_decay_dr': 15.0, 'background_method': 0, 'evolver': 1, 'N_momentum_bins_ncdm_decay_dr': 7, 'l_max_ncdm': 13, 'l_max_dr': 13, 'l_max_dr_col': 13, 'omega_b': 0.021243678, 'omega_cdm': 0.1312112, 'Neff_ini_dncdm': 0.2143754, 'log10lifetime_ncdm_decay_dr': 5.413755, 'm_ncdm_decay_dr': 0.1348818, 'H0': 64.61824, 'ln10^{10}A_s': 3.008225, 'n_s': 0.951638, 'tau_reio': 0.03290847, 'P_k_max_1/Mpc': 1.0}

[PARENT][Rank 221] | ERROR: Child process failed during CLASS computation
Model: {'lensing': 'yes', 'output': 'tCl,lCl,pCl,mPk', 'l_max_scalars': 2508, 'k_pivot': 0.05, 'N_ur': 2.0328, 'N_ncdm': 1, 'm_ncdm': 0.06, 'T_ncdm': 0.71611, 'N_ncdm_decay_dr': 1, 'quadrature_strategy_ncdm_decay_dr': 3, 'ncdm_fluid_approximation': 3, 'maximum_q_ncdm_decay_dr': 15.0, 'background_method': 0, 'evolver': 1, 'N_momentum_bins_ncdm_decay_dr': 7, 'l_max_ncdm': 13, 'l_max_dr': 13, 'l_max_dr_col': 13, 'omega_b': 0.021243678, 'omega_cdm': 0.1312112, 'Neff_ini_dncdm': 0.2143754, 'log10lifetime_ncdm_decay_dr': 5.413755, 'm_ncdm_decay_dr': 0.1348818, 'H0': 64.61824, 'ln10^{10}A_s': 3.008225, 'n_s': 0.951638, 'tau_reio': 0.03290847, 'P_k_max_1/Mpc': 1.0}
skipping to the next model...
[PARENT][Rank 94] | ERROR: Child process failed during CLASS computation
Model: {'lensing': 'yes', 'output': 'tCl,lCl,pCl,mPk', 'l_max_scalars': 2508, 'k_pivot': 0.05, 'N_ur': 2.0328, 'N_ncdm': 1, 'm_ncdm': 0.06, 'T_ncdm': 0.71611, 'N_ncdm_decay_dr': 1, 'quadrature_strategy_ncdm_decay_dr': 3, 'ncdm_fluid_approximation': 3, 'maximum_q_ncdm_decay_dr': 15.0, 'background_method': 0, 'evolver': 1, 'N_momentum_bins_ncdm_decay_dr': 7, 'l_max_ncdm': 13, 'l_max_dr': 13, 'l_max_dr_col': 13, 'omega_b': 0.021243678, 'omega_cdm': 0.1312112, 'Neff_ini_dncdm': 0.2143754, 'log10lifetime_ncdm_decay_dr': 5.413755, 'm_ncdm_decay_dr': 0.1348818, 'H0': 64.61824, 'ln10^{10}A_s': 3.008225, 'n_s': 0.951638, 'tau_reio': 0.03290847, 'P_k_max_1/Mpc': 1.0}
skipping to the next model...
[PARENT][Rank 227] | ERROR: Child process failed during CLASS computation
Model: {'lensing': 'yes', 'output': 'tCl,lCl,pCl,mPk', 'l_max_scalars': 2508, 'k_pivot': 0.05, 'N_ur': 2.0328, 'N_ncdm': 1, 'm_ncdm': 0.06, 'T_ncdm': 0.71611, 'N_ncdm_decay_dr': 1, 'quadrature_strategy_ncdm_decay_dr': 3, 'ncdm_fluid_approximation': 3, 'maximum_q_ncdm_decay_dr': 15.0, 'background_method': 0, 'evolver': 1, 'N_momentum_bins_ncdm_decay_dr': 7, 'l_max_ncdm': 13, 'l_max_dr': 13, 'l_max_dr_col': 13, 'omega_b': 0.021243678, 'omega_cdm': 0.1312112, 'Neff_ini_dncdm': 0.2143754, 'log10lifetime_ncdm_decay_dr': 5.413755, 'm_ncdm_decay_dr': 0.1348818, 'H0': 64.61824, 'ln10^{10}A_s': 3.008225, 'n_s': 0.951638, 'tau_reio': 0.03290847, 'P_k_max_1/Mpc': 1.0}
skipping to the next model...
[CHILD][Parent Rank 196] | The following model took too long to complete: 
params: {'lensing': 'yes', 'output': 'tCl,lCl,pCl,mPk', 'l_max_scalars': 2508, 'k_pivot': 0.05, 'N_ur': 2.0328, 'N_ncdm': 1, 'm_ncdm': 0.06, 'T_ncdm': 0.71611, 'N_ncdm_decay_dr': 1, 'quadrature_strategy_ncdm_decay_dr': 3, 'ncdm_fluid_approximation': 3, 'maximum_q_ncdm_decay_dr': 15.0, 'background_method': 0, 'evolver': 1, 'N_momentum_bins_ncdm_decay_dr': 7, 'l_max_ncdm': 13, 'l_max_dr': 13, 'l_max_dr_col': 13, 'omega_b': 0.021243678, 'omega_cdm': 0.1312112, 'Neff_ini_dncdm': 0.2143754, 'log10lifetime_ncdm_decay_dr': 5.413755, 'm_ncdm_decay_dr': 0.1348818, 'H0': 64.61824, 'ln10^{10}A_s': 3.008225, 'n_s': 0.951638, 'tau_reio': 0.03290847, 'P_k_max_1/Mpc': 1.0}

[PARENT][Rank 196] | ERROR: Child process failed during CLASS computation
Model: {'lensing': 'yes', 'output': 'tCl,lCl,pCl,mPk', 'l_max_scalars': 2508, 'k_pivot': 0.05, 'N_ur': 2.0328, 'N_ncdm': 1, 'm_ncdm': 0.06, 'T_ncdm': 0.71611, 'N_ncdm_decay_dr': 1, 'quadrature_strategy_ncdm_decay_dr': 3, 'ncdm_fluid_approximation': 3, 'maximum_q_ncdm_decay_dr': 15.0, 'background_method': 0, 'evolver': 1, 'N_momentum_bins_ncdm_decay_dr': 7, 'l_max_ncdm': 13, 'l_max_dr': 13, 'l_max_dr_col': 13, 'omega_b': 0.021243678, 'omega_cdm': 0.1312112, 'Neff_ini_dncdm': 0.2143754, 'log10lifetime_ncdm_decay_dr': 5.413755, 'm_ncdm_decay_dr': 0.1348818, 'H0': 64.61824, 'ln10^{10}A_s': 3.008225, 'n_s': 0.951638, 'tau_reio': 0.03290847, 'P_k_max_1/Mpc': 1.0}
skipping to the next model...
[CHILD][Parent Rank 45] | The following model took too long to complete: 
params: {'lensing': 'yes', 'output': 'tCl,lCl,pCl,mPk', 'l_max_scalars': 2508, 'k_pivot': 0.05, 'N_ur': 2.0328, 'N_ncdm': 1, 'm_ncdm': 0.06, 'T_ncdm': 0.71611, 'N_ncdm_decay_dr': 1, 'quadrature_strategy_ncdm_decay_dr': 3, 'ncdm_fluid_approximation': 3, 'maximum_q_ncdm_decay_dr': 15.0, 'background_method': 0, 'evolver': 1, 'N_momentum_bins_ncdm_decay_dr': 7, 'l_max_ncdm': 13, 'l_max_dr': 13, 'l_max_dr_col': 13, 'omega_b': 0.021243678, 'omega_cdm': 0.1312112, 'Neff_ini_dncdm': 0.2143754, 'log10lifetime_ncdm_decay_dr': 5.413755, 'm_ncdm_decay_dr': 0.1348818, 'H0': 64.61824, 'ln10^{10}A_s': 3.008225, 'n_s': 0.951638, 'tau_reio': 0.03290847, 'P_k_max_1/Mpc': 1.0}

[PARENT][Rank 45] | ERROR: Child process failed during CLASS computation
Model: {'lensing': 'yes', 'output': 'tCl,lCl,pCl,mPk', 'l_max_scalars': 2508, 'k_pivot': 0.05, 'N_ur': 2.0328, 'N_ncdm': 1, 'm_ncdm': 0.06, 'T_ncdm': 0.71611, 'N_ncdm_decay_dr': 1, 'quadrature_strategy_ncdm_decay_dr': 3, 'ncdm_fluid_approximation': 3, 'maximum_q_ncdm_decay_dr': 15.0, 'background_method': 0, 'evolver': 1, 'N_momentum_bins_ncdm_decay_dr': 7, 'l_max_ncdm': 13, 'l_max_dr': 13, 'l_max_dr_col': 13, 'omega_b': 0.021243678, 'omega_cdm': 0.1312112, 'Neff_ini_dncdm': 0.2143754, 'log10lifetime_ncdm_decay_dr': 5.413755, 'm_ncdm_decay_dr': 0.1348818, 'H0': 64.61824, 'ln10^{10}A_s': 3.008225, 'n_s': 0.951638, 'tau_reio': 0.03290847, 'P_k_max_1/Mpc': 1.0}
skipping to the next model...
[CHILD][Parent Rank 156] | The following model took too long to complete: 
params: {'lensing': 'yes', 'output': 'tCl,lCl,pCl,mPk', 'l_max_scalars': 2508, 'k_pivot': 0.05, 'N_ur': 2.0328, 'N_ncdm': 1, 'm_ncdm': 0.06, 'T_ncdm': 0.71611, 'N_ncdm_decay_dr': 1, 'quadrature_strategy_ncdm_decay_dr': 3, 'ncdm_fluid_approximation': 3, 'maximum_q_ncdm_decay_dr': 15.0, 'background_method': 0, 'evolver': 1, 'N_momentum_bins_ncdm_decay_dr': 7, 'l_max_ncdm': 13, 'l_max_dr': 13, 'l_max_dr_col': 13, 'omega_b': 0.021243678, 'omega_cdm': 0.1312112, 'Neff_ini_dncdm': 0.2143754, 'log10lifetime_ncdm_decay_dr': 5.413755, 'm_ncdm_decay_dr': 0.1348818, 'H0': 64.61824, 'ln10^{10}A_s': 3.008225, 'n_s': 0.951638, 'tau_reio': 0.03290847, 'P_k_max_1/Mpc': 1.0}

[PARENT][Rank 156] | ERROR: Child process failed during CLASS computation
Model: {'lensing': 'yes', 'output': 'tCl,lCl,pCl,mPk', 'l_max_scalars': 2508, 'k_pivot': 0.05, 'N_ur': 2.0328, 'N_ncdm': 1, 'm_ncdm': 0.06, 'T_ncdm': 0.71611, 'N_ncdm_decay_dr': 1, 'quadrature_strategy_ncdm_decay_dr': 3, 'ncdm_fluid_approximation': 3, 'maximum_q_ncdm_decay_dr': 15.0, 'background_method': 0, 'evolver': 1, 'N_momentum_bins_ncdm_decay_dr': 7, 'l_max_ncdm': 13, 'l_max_dr': 13, 'l_max_dr_col': 13, 'omega_b': 0.021243678, 'omega_cdm': 0.1312112, 'Neff_ini_dncdm': 0.2143754, 'log10lifetime_ncdm_decay_dr': 5.413755, 'm_ncdm_decay_dr': 0.1348818, 'H0': 64.61824, 'ln10^{10}A_s': 3.008225, 'n_s': 0.951638, 'tau_reio': 0.03290847, 'P_k_max_1/Mpc': 1.0}
skipping to the next model...
[CHILD][Parent Rank 166] | The following model took too long to complete: 
params: {'lensing': 'yes', 'output': 'tCl,lCl,pCl,mPk', 'l_max_scalars': 2508, 'k_pivot': 0.05, 'N_ur': 2.0328, 'N_ncdm': 1, 'm_ncdm': 0.06, 'T_ncdm': 0.71611, 'N_ncdm_decay_dr': 1, 'quadrature_strategy_ncdm_decay_dr': 3, 'ncdm_fluid_approximation': 3, 'maximum_q_ncdm_decay_dr': 15.0, 'background_method': 0, 'evolver': 1, 'N_momentum_bins_ncdm_decay_dr': 7, 'l_max_ncdm': 13, 'l_max_dr': 13, 'l_max_dr_col': 13, 'omega_b': 0.021243678, 'omega_cdm': 0.1312112, 'Neff_ini_dncdm': 0.2143754, 'log10lifetime_ncdm_decay_dr': 5.413755, 'm_ncdm_decay_dr': 0.1348818, 'H0': 64.61824, 'ln10^{10}A_s': 3.008225, 'n_s': 0.951638, 'tau_reio': 0.03290847, 'P_k_max_1/Mpc': 1.0}

[PARENT][Rank 166] | ERROR: Child process failed during CLASS computation
Model: {'lensing': 'yes', 'output': 'tCl,lCl,pCl,mPk', 'l_max_scalars': 2508, 'k_pivot': 0.05, 'N_ur': 2.0328, 'N_ncdm': 1, 'm_ncdm': 0.06, 'T_ncdm': 0.71611, 'N_ncdm_decay_dr': 1, 'quadrature_strategy_ncdm_decay_dr': 3, 'ncdm_fluid_approximation': 3, 'maximum_q_ncdm_decay_dr': 15.0, 'background_method': 0, 'evolver': 1, 'N_momentum_bins_ncdm_decay_dr': 7, 'l_max_ncdm': 13, 'l_max_dr': 13, 'l_max_dr_col': 13, 'omega_b': 0.021243678, 'omega_cdm': 0.1312112, 'Neff_ini_dncdm': 0.2143754, 'log10lifetime_ncdm_decay_dr': 5.413755, 'm_ncdm_decay_dr': 0.1348818, 'H0': 64.61824, 'ln10^{10}A_s': 3.008225, 'n_s': 0.951638, 'tau_reio': 0.03290847, 'P_k_max_1/Mpc': 1.0}
skipping to the next model...
[CHILD][Parent Rank 64] | The following model took too long to complete: 
params: {'lensing': 'yes', 'output': 'tCl,lCl,pCl,mPk', 'l_max_scalars': 2508, 'k_pivot': 0.05, 'N_ur': 2.0328, 'N_ncdm': 1, 'm_ncdm': 0.06, 'T_ncdm': 0.71611, 'N_ncdm_decay_dr': 1, 'quadrature_strategy_ncdm_decay_dr': 3, 'ncdm_fluid_approximation': 3, 'maximum_q_ncdm_decay_dr': 15.0, 'background_method': 0, 'evolver': 1, 'N_momentum_bins_ncdm_decay_dr': 7, 'l_max_ncdm': 13, 'l_max_dr': 13, 'l_max_dr_col': 13, 'omega_b': 0.021243678, 'omega_cdm': 0.1312112, 'Neff_ini_dncdm': 0.2143754, 'log10lifetime_ncdm_decay_dr': 5.413755, 'm_ncdm_decay_dr': 0.1348818, 'H0': 64.61824, 'ln10^{10}A_s': 3.008225, 'n_s': 0.951638, 'tau_reio': 0.03290847, 'P_k_max_1/Mpc': 1.0}

[PARENT][Rank 64] | ERROR: Child process failed during CLASS computation
Model: {'lensing': 'yes', 'output': 'tCl,lCl,pCl,mPk', 'l_max_scalars': 2508, 'k_pivot': 0.05, 'N_ur': 2.0328, 'N_ncdm': 1, 'm_ncdm': 0.06, 'T_ncdm': 0.71611, 'N_ncdm_decay_dr': 1, 'quadrature_strategy_ncdm_decay_dr': 3, 'ncdm_fluid_approximation': 3, 'maximum_q_ncdm_decay_dr': 15.0, 'background_method': 0, 'evolver': 1, 'N_momentum_bins_ncdm_decay_dr': 7, 'l_max_ncdm': 13, 'l_max_dr': 13, 'l_max_dr_col': 13, 'omega_b': 0.021243678, 'omega_cdm': 0.1312112, 'Neff_ini_dncdm': 0.2143754, 'log10lifetime_ncdm_decay_dr': 5.413755, 'm_ncdm_decay_dr': 0.1348818, 'H0': 64.61824, 'ln10^{10}A_s': 3.008225, 'n_s': 0.951638, 'tau_reio': 0.03290847, 'P_k_max_1/Mpc': 1.0}
skipping to the next model...
[CHILD][Parent Rank 37] | The following model took too long to complete: 
params: {'lensing': 'yes', 'output': 'tCl,lCl,pCl,mPk', 'l_max_scalars': 2508, 'k_pivot': 0.05, 'N_ur': 2.0328, 'N_ncdm': 1, 'm_ncdm': 0.06, 'T_ncdm': 0.71611, 'N_ncdm_decay_dr': 1, 'quadrature_strategy_ncdm_decay_dr': 3, 'ncdm_fluid_approximation': 3, 'maximum_q_ncdm_decay_dr': 15.0, 'background_method': 0, 'evolver': 1, 'N_momentum_bins_ncdm_decay_dr': 7, 'l_max_ncdm': 13, 'l_max_dr': 13, 'l_max_dr_col': 13, 'omega_b': 0.021243678, 'omega_cdm': 0.1312112, 'Neff_ini_dncdm': 0.2143754, 'log10lifetime_ncdm_decay_dr': 5.413755, 'm_ncdm_decay_dr': 0.1348818, 'H0': 64.61824, 'ln10^{10}A_s': 3.008225, 'n_s': 0.951638, 'tau_reio': 0.03290847, 'P_k_max_1/Mpc': 1.0}

[PARENT][Rank 37] | ERROR: Child process failed during CLASS computation
Model: {'lensing': 'yes', 'output': 'tCl,lCl,pCl,mPk', 'l_max_scalars': 2508, 'k_pivot': 0.05, 'N_ur': 2.0328, 'N_ncdm': 1, 'm_ncdm': 0.06, 'T_ncdm': 0.71611, 'N_ncdm_decay_dr': 1, 'quadrature_strategy_ncdm_decay_dr': 3, 'ncdm_fluid_approximation': 3, 'maximum_q_ncdm_decay_dr': 15.0, 'background_method': 0, 'evolver': 1, 'N_momentum_bins_ncdm_decay_dr': 7, 'l_max_ncdm': 13, 'l_max_dr': 13, 'l_max_dr_col': 13, 'omega_b': 0.021243678, 'omega_cdm': 0.1312112, 'Neff_ini_dncdm': 0.2143754, 'log10lifetime_ncdm_decay_dr': 5.413755, 'm_ncdm_decay_dr': 0.1348818, 'H0': 64.61824, 'ln10^{10}A_s': 3.008225, 'n_s': 0.951638, 'tau_reio': 0.03290847, 'P_k_max_1/Mpc': 1.0}
skipping to the next model...
[CHILD][Parent Rank 123] | The following model took too long to complete: 
params: {'lensing': 'yes', 'output': 'tCl,lCl,pCl,mPk', 'l_max_scalars': 2508, 'k_pivot': 0.05, 'N_ur': 2.0328, 'N_ncdm': 1, 'm_ncdm': 0.06, 'T_ncdm': 0.71611, 'N_ncdm_decay_dr': 1, 'quadrature_strategy_ncdm_decay_dr': 3, 'ncdm_fluid_approximation': 3, 'maximum_q_ncdm_decay_dr': 15.0, 'background_method': 0, 'evolver': 1, 'N_momentum_bins_ncdm_decay_dr': 7, 'l_max_ncdm': 13, 'l_max_dr': 13, 'l_max_dr_col': 13, 'omega_b': 0.02153148, 'omega_cdm': 0.1277544, 'Neff_ini_dncdm': 0.2259448, 'log10lifetime_ncdm_decay_dr': 5.989926, 'm_ncdm_decay_dr': 0.01776309, 'H0': 66.14936, 'ln10^{10}A_s': 3.042135, 'n_s': 0.9606579, 'tau_reio': 0.05301525, 'P_k_max_1/Mpc': 1.0}

[PARENT][Rank 123] | ERROR: Child process failed during CLASS computation
Model: {'lensing': 'yes', 'output': 'tCl,lCl,pCl,mPk', 'l_max_scalars': 2508, 'k_pivot': 0.05, 'N_ur': 2.0328, 'N_ncdm': 1, 'm_ncdm': 0.06, 'T_ncdm': 0.71611, 'N_ncdm_decay_dr': 1, 'quadrature_strategy_ncdm_decay_dr': 3, 'ncdm_fluid_approximation': 3, 'maximum_q_ncdm_decay_dr': 15.0, 'background_method': 0, 'evolver': 1, 'N_momentum_bins_ncdm_decay_dr': 7, 'l_max_ncdm': 13, 'l_max_dr': 13, 'l_max_dr_col': 13, 'omega_b': 0.02153148, 'omega_cdm': 0.1277544, 'Neff_ini_dncdm': 0.2259448, 'log10lifetime_ncdm_decay_dr': 5.989926, 'm_ncdm_decay_dr': 0.01776309, 'H0': 66.14936, 'ln10^{10}A_s': 3.042135, 'n_s': 0.9606579, 'tau_reio': 0.05301525, 'P_k_max_1/Mpc': 1.0}
skipping to the next model...
[CHILD][Parent Rank 171] | The following model took too long to complete: 
params: {'lensing': 'yes', 'output': 'tCl,lCl,pCl,mPk', 'l_max_scalars': 2508, 'k_pivot': 0.05, 'N_ur': 2.0328, 'N_ncdm': 1, 'm_ncdm': 0.06, 'T_ncdm': 0.71611, 'N_ncdm_decay_dr': 1, 'quadrature_strategy_ncdm_decay_dr': 3, 'ncdm_fluid_approximation': 3, 'maximum_q_ncdm_decay_dr': 15.0, 'background_method': 0, 'evolver': 1, 'N_momentum_bins_ncdm_decay_dr': 7, 'l_max_ncdm': 13, 'l_max_dr': 13, 'l_max_dr_col': 13, 'omega_b': 0.02153148, 'omega_cdm': 0.1277544, 'Neff_ini_dncdm': 0.2259448, 'log10lifetime_ncdm_decay_dr': 5.989926, 'm_ncdm_decay_dr': 0.01776309, 'H0': 66.14936, 'ln10^{10}A_s': 3.042135, 'n_s': 0.9606579, 'tau_reio': 0.05301525, 'P_k_max_1/Mpc': 1.0}

[PARENT][Rank 171] | ERROR: Child process failed during CLASS computation
Model: {'lensing': 'yes', 'output': 'tCl,lCl,pCl,mPk', 'l_max_scalars': 2508, 'k_pivot': 0.05, 'N_ur': 2.0328, 'N_ncdm': 1, 'm_ncdm': 0.06, 'T_ncdm': 0.71611, 'N_ncdm_decay_dr': 1, 'quadrature_strategy_ncdm_decay_dr': 3, 'ncdm_fluid_approximation': 3, 'maximum_q_ncdm_decay_dr': 15.0, 'background_method': 0, 'evolver': 1, 'N_momentum_bins_ncdm_decay_dr': 7, 'l_max_ncdm': 13, 'l_max_dr': 13, 'l_max_dr_col': 13, 'omega_b': 0.02153148, 'omega_cdm': 0.1277544, 'Neff_ini_dncdm': 0.2259448, 'log10lifetime_ncdm_decay_dr': 5.989926, 'm_ncdm_decay_dr': 0.01776309, 'H0': 66.14936, 'ln10^{10}A_s': 3.042135, 'n_s': 0.9606579, 'tau_reio': 0.05301525, 'P_k_max_1/Mpc': 1.0}
skipping to the next model...
[CHILD][Parent Rank 88] | The following model took too long to complete: 
params: {'lensing': 'yes', 'output': 'tCl,lCl,pCl,mPk', 'l_max_scalars': 2508, 'k_pivot': 0.05, 'N_ur': 2.0328, 'N_ncdm': 1, 'm_ncdm': 0.06, 'T_ncdm': 0.71611, 'N_ncdm_decay_dr': 1, 'quadrature_strategy_ncdm_decay_dr': 3, 'ncdm_fluid_approximation': 3, 'maximum_q_ncdm_decay_dr': 15.0, 'background_method': 0, 'evolver': 1, 'N_momentum_bins_ncdm_decay_dr': 7, 'l_max_ncdm': 13, 'l_max_dr': 13, 'l_max_dr_col': 13, 'omega_b': 0.02153148, 'omega_cdm': 0.1277544, 'Neff_ini_dncdm': 0.2259448, 'log10lifetime_ncdm_decay_dr': 5.989926, 'm_ncdm_decay_dr': 0.01776309, 'H0': 66.14936, 'ln10^{10}A_s': 3.042135, 'n_s': 0.9606579, 'tau_reio': 0.05301525, 'P_k_max_1/Mpc': 1.0}

[PARENT][Rank 88] | ERROR: Child process failed during CLASS computation
Model: {'lensing': 'yes', 'output': 'tCl,lCl,pCl,mPk', 'l_max_scalars': 2508, 'k_pivot': 0.05, 'N_ur': 2.0328, 'N_ncdm': 1, 'm_ncdm': 0.06, 'T_ncdm': 0.71611, 'N_ncdm_decay_dr': 1, 'quadrature_strategy_ncdm_decay_dr': 3, 'ncdm_fluid_approximation': 3, 'maximum_q_ncdm_decay_dr': 15.0, 'background_method': 0, 'evolver': 1, 'N_momentum_bins_ncdm_decay_dr': 7, 'l_max_ncdm': 13, 'l_max_dr': 13, 'l_max_dr_col': 13, 'omega_b': 0.02153148, 'omega_cdm': 0.1277544, 'Neff_ini_dncdm': 0.2259448, 'log10lifetime_ncdm_decay_dr': 5.989926, 'm_ncdm_decay_dr': 0.01776309, 'H0': 66.14936, 'ln10^{10}A_s': 3.042135, 'n_s': 0.9606579, 'tau_reio': 0.05301525, 'P_k_max_1/Mpc': 1.0}
skipping to the next model...
[CHILD][Parent Rank 140] | The following model took too long to complete: 
params: {'lensing': 'yes', 'output': 'tCl,lCl,pCl,mPk', 'l_max_scalars': 2508, 'k_pivot': 0.05, 'N_ur': 2.0328, 'N_ncdm': 1, 'm_ncdm': 0.06, 'T_ncdm': 0.71611, 'N_ncdm_decay_dr': 1, 'quadrature_strategy_ncdm_decay_dr': 3, 'ncdm_fluid_approximation': 3, 'maximum_q_ncdm_decay_dr': 15.0, 'background_method': 0, 'evolver': 1, 'N_momentum_bins_ncdm_decay_dr': 7, 'l_max_ncdm': 13, 'l_max_dr': 13, 'l_max_dr_col': 13, 'omega_b': 0.02153148, 'omega_cdm': 0.1277544, 'Neff_ini_dncdm': 0.2259448, 'log10lifetime_ncdm_decay_dr': 5.989926, 'm_ncdm_decay_dr': 0.01776309, 'H0': 66.14936, 'ln10^{10}A_s': 3.042135, 'n_s': 0.9606579, 'tau_reio': 0.05301525, 'P_k_max_1/Mpc': 1.0}

[PARENT][Rank 140] | ERROR: Child process failed during CLASS computation
Model: {'lensing': 'yes', 'output': 'tCl,lCl,pCl,mPk', 'l_max_scalars': 2508, 'k_pivot': 0.05, 'N_ur': 2.0328, 'N_ncdm': 1, 'm_ncdm': 0.06, 'T_ncdm': 0.71611, 'N_ncdm_decay_dr': 1, 'quadrature_strategy_ncdm_decay_dr': 3, 'ncdm_fluid_approximation': 3, 'maximum_q_ncdm_decay_dr': 15.0, 'background_method': 0, 'evolver': 1, 'N_momentum_bins_ncdm_decay_dr': 7, 'l_max_ncdm': 13, 'l_max_dr': 13, 'l_max_dr_col': 13, 'omega_b': 0.02153148, 'omega_cdm': 0.1277544, 'Neff_ini_dncdm': 0.2259448, 'log10lifetime_ncdm_decay_dr': 5.989926, 'm_ncdm_decay_dr': 0.01776309, 'H0': 66.14936, 'ln10^{10}A_s': 3.042135, 'n_s': 0.9606579, 'tau_reio': 0.05301525, 'P_k_max_1/Mpc': 1.0}
skipping to the next model...
[CHILD][Parent Rank 7] | The following model took too long to complete: 
params: {'lensing': 'yes', 'output': 'tCl,lCl,pCl,mPk', 'l_max_scalars': 2508, 'k_pivot': 0.05, 'N_ur': 2.0328, 'N_ncdm': 1, 'm_ncdm': 0.06, 'T_ncdm': 0.71611, 'N_ncdm_decay_dr': 1, 'quadrature_strategy_ncdm_decay_dr': 3, 'ncdm_fluid_approximation': 3, 'maximum_q_ncdm_decay_dr': 15.0, 'background_method': 0, 'evolver': 1, 'N_momentum_bins_ncdm_decay_dr': 7, 'l_max_ncdm': 13, 'l_max_dr': 13, 'l_max_dr_col': 13, 'omega_b': 0.022301061, 'omega_cdm': 0.1276273, 'Neff_ini_dncdm': 0.09729974, 'log10lifetime_ncdm_decay_dr': 4.297407, 'm_ncdm_decay_dr': 0.06941356, 'H0': 66.3237, 'ln10^{10}A_s': 3.02741, 'n_s': 0.9532734, 'tau_reio': 0.04440587, 'P_k_max_1/Mpc': 1.0}

[PARENT][Rank 7] | ERROR: Child process failed during CLASS computation
Model: {'lensing': 'yes', 'output': 'tCl,lCl,pCl,mPk', 'l_max_scalars': 2508, 'k_pivot': 0.05, 'N_ur': 2.0328, 'N_ncdm': 1, 'm_ncdm': 0.06, 'T_ncdm': 0.71611, 'N_ncdm_decay_dr': 1, 'quadrature_strategy_ncdm_decay_dr': 3, 'ncdm_fluid_approximation': 3, 'maximum_q_ncdm_decay_dr': 15.0, 'background_method': 0, 'evolver': 1, 'N_momentum_bins_ncdm_decay_dr': 7, 'l_max_ncdm': 13, 'l_max_dr': 13, 'l_max_dr_col': 13, 'omega_b': 0.022301061, 'omega_cdm': 0.1276273, 'Neff_ini_dncdm': 0.09729974, 'log10lifetime_ncdm_decay_dr': 4.297407, 'm_ncdm_decay_dr': 0.06941356, 'H0': 66.3237, 'ln10^{10}A_s': 3.02741, 'n_s': 0.9532734, 'tau_reio': 0.04440587, 'P_k_max_1/Mpc': 1.0}
skipping to the next model...
[CHILD][Parent Rank 11] | The following model took too long to complete: 
params: {'lensing': 'yes', 'output': 'tCl,lCl,pCl,mPk', 'l_max_scalars': 2508, 'k_pivot': 0.05, 'N_ur': 2.0328, 'N_ncdm': 1, 'm_ncdm': 0.06, 'T_ncdm': 0.71611, 'N_ncdm_decay_dr': 1, 'quadrature_strategy_ncdm_decay_dr': 3, 'ncdm_fluid_approximation': 3, 'maximum_q_ncdm_decay_dr': 15.0, 'background_method': 0, 'evolver': 1, 'N_momentum_bins_ncdm_decay_dr': 7, 'l_max_ncdm': 13, 'l_max_dr': 13, 'l_max_dr_col': 13, 'omega_b': 0.022301061, 'omega_cdm': 0.1276273, 'Neff_ini_dncdm': 0.09729974, 'log10lifetime_ncdm_decay_dr': 4.297407, 'm_ncdm_decay_dr': 0.06941356, 'H0': 66.3237, 'ln10^{10}A_s': 3.02741, 'n_s': 0.9532734, 'tau_reio': 0.04440587, 'P_k_max_1/Mpc': 1.0}

[PARENT][Rank 11] | ERROR: Child process failed during CLASS computation
Model: {'lensing': 'yes', 'output': 'tCl,lCl,pCl,mPk', 'l_max_scalars': 2508, 'k_pivot': 0.05, 'N_ur': 2.0328, 'N_ncdm': 1, 'm_ncdm': 0.06, 'T_ncdm': 0.71611, 'N_ncdm_decay_dr': 1, 'quadrature_strategy_ncdm_decay_dr': 3, 'ncdm_fluid_approximation': 3, 'maximum_q_ncdm_decay_dr': 15.0, 'background_method': 0, 'evolver': 1, 'N_momentum_bins_ncdm_decay_dr': 7, 'l_max_ncdm': 13, 'l_max_dr': 13, 'l_max_dr_col': 13, 'omega_b': 0.022301061, 'omega_cdm': 0.1276273, 'Neff_ini_dncdm': 0.09729974, 'log10lifetime_ncdm_decay_dr': 4.297407, 'm_ncdm_decay_dr': 0.06941356, 'H0': 66.3237, 'ln10^{10}A_s': 3.02741, 'n_s': 0.9532734, 'tau_reio': 0.04440587, 'P_k_max_1/Mpc': 1.0}
skipping to the next model...
[PARENT][Rank 43] | ERROR: Timeout while waiting for response from child process after CLASS computations. Child may be unresponsive.

[PARENT][Rank 63] | ERROR: Timeout while waiting for response from child process after CLASS computations. Child may be unresponsive.

[PARENT][Rank 178] | ERROR: Timeout while waiting for response from child process after CLASS computations. Child may be unresponsive.

[PARENT][Rank 118] | ERROR: Timeout while waiting for response from child process after CLASS computations. Child may be unresponsive.

[CHILD][Parent Rank 63] | The following model took too long to complete: 
params: {'lensing': 'yes', 'output': 'tCl,lCl,pCl,mPk', 'l_max_scalars': 2508, 'k_pivot': 0.05, 'N_ur': 2.0328, 'N_ncdm': 1, 'm_ncdm': 0.06, 'T_ncdm': 0.71611, 'N_ncdm_decay_dr': 1, 'quadrature_strategy_ncdm_decay_dr': 3, 'ncdm_fluid_approximation': 3, 'maximum_q_ncdm_decay_dr': 15.0, 'background_method': 0, 'evolver': 1, 'N_momentum_bins_ncdm_decay_dr': 7, 'l_max_ncdm': 13, 'l_max_dr': 13, 'l_max_dr_col': 13, 'omega_b': 0.023504118, 'omega_cdm': 0.1280692, 'Neff_ini_dncdm': 0.7708044, 'log10lifetime_ncdm_decay_dr': 3.714681, 'm_ncdm_decay_dr': 0.003246424, 'H0': 74.51975, 'ln10^{10}A_s': 3.073693, 'n_s': 0.999251, 'tau_reio': 0.06795126, 'P_k_max_1/Mpc': 1.0}

[PARENT][Rank 63] | ERROR: Child process failed during CLASS computation
Model: {'lensing': 'yes', 'output': 'tCl,lCl,pCl,mPk', 'l_max_scalars': 2508, 'k_pivot': 0.05, 'N_ur': 2.0328, 'N_ncdm': 1, 'm_ncdm': 0.06, 'T_ncdm': 0.71611, 'N_ncdm_decay_dr': 1, 'quadrature_strategy_ncdm_decay_dr': 3, 'ncdm_fluid_approximation': 3, 'maximum_q_ncdm_decay_dr': 15.0, 'background_method': 0, 'evolver': 1, 'N_momentum_bins_ncdm_decay_dr': 7, 'l_max_ncdm': 13, 'l_max_dr': 13, 'l_max_dr_col': 13, 'omega_b': 0.02290752, 'omega_cdm': 0.1272173, 'Neff_ini_dncdm': 0.7699523, 'log10lifetime_ncdm_decay_dr': 5.731816, 'm_ncdm_decay_dr': 2.177862, 'H0': 74.34804, 'ln10^{10}A_s': 3.152174, 'n_s': 0.9862128, 'tau_reio': 0.09020943, 'P_k_max_1/Mpc': 1.0}
skipping to the next model...
[CHILD][Parent Rank 118] | The following model took too long to complete: 
params: {'lensing': 'yes', 'output': 'tCl,lCl,pCl,mPk', 'l_max_scalars': 2508, 'k_pivot': 0.05, 'N_ur': 2.0328, 'N_ncdm': 1, 'm_ncdm': 0.06, 'T_ncdm': 0.71611, 'N_ncdm_decay_dr': 1, 'quadrature_strategy_ncdm_decay_dr': 3, 'ncdm_fluid_approximation': 3, 'maximum_q_ncdm_decay_dr': 15.0, 'background_method': 0, 'evolver': 1, 'N_momentum_bins_ncdm_decay_dr': 7, 'l_max_ncdm': 13, 'l_max_dr': 13, 'l_max_dr_col': 13, 'omega_b': 0.023504118, 'omega_cdm': 0.1280692, 'Neff_ini_dncdm': 0.7708044, 'log10lifetime_ncdm_decay_dr': 3.714681, 'm_ncdm_decay_dr': 0.003246424, 'H0': 74.51975, 'ln10^{10}A_s': 3.073693, 'n_s': 0.999251, 'tau_reio': 0.06795126, 'P_k_max_1/Mpc': 1.0}

[CHILD][Parent Rank 43] | The following model took too long to complete: 
params: {'lensing': 'yes', 'output': 'tCl,lCl,pCl,mPk', 'l_max_scalars': 2508, 'k_pivot': 0.05, 'N_ur': 2.0328, 'N_ncdm': 1, 'm_ncdm': 0.06, 'T_ncdm': 0.71611, 'N_ncdm_decay_dr': 1, 'quadrature_strategy_ncdm_decay_dr': 3, 'ncdm_fluid_approximation': 3, 'maximum_q_ncdm_decay_dr': 15.0, 'background_method': 0, 'evolver': 1, 'N_momentum_bins_ncdm_decay_dr': 7, 'l_max_ncdm': 13, 'l_max_dr': 13, 'l_max_dr_col': 13, 'omega_b': 0.023504118, 'omega_cdm': 0.1280692, 'Neff_ini_dncdm': 0.7708044, 'log10lifetime_ncdm_decay_dr': 3.714681, 'm_ncdm_decay_dr': 0.003246424, 'H0': 74.51975, 'ln10^{10}A_s': 3.073693, 'n_s': 0.999251, 'tau_reio': 0.06795126, 'P_k_max_1/Mpc': 1.0}

[PARENT][Rank 118] | ERROR: Child process failed during CLASS computation
Model: {'lensing': 'yes', 'output': 'tCl,lCl,pCl,mPk', 'l_max_scalars': 2508, 'k_pivot': 0.05, 'N_ur': 2.0328, 'N_ncdm': 1, 'm_ncdm': 0.06, 'T_ncdm': 0.71611, 'N_ncdm_decay_dr': 1, 'quadrature_strategy_ncdm_decay_dr': 3, 'ncdm_fluid_approximation': 3, 'maximum_q_ncdm_decay_dr': 15.0, 'background_method': 0, 'evolver': 1, 'N_momentum_bins_ncdm_decay_dr': 7, 'l_max_ncdm': 13, 'l_max_dr': 13, 'l_max_dr_col': 13, 'omega_b': 0.022664348, 'omega_cdm': 0.1283574, 'Neff_ini_dncdm': 0.5820604, 'log10lifetime_ncdm_decay_dr': 5.951857, 'm_ncdm_decay_dr': 3.273938, 'H0': 73.95739, 'ln10^{10}A_s': 3.144087, 'n_s': 0.9883492, 'tau_reio': 0.08964799, 'P_k_max_1/Mpc': 1.0}
skipping to the next model...
[PARENT][Rank 43] | ERROR: Child process failed during CLASS computation
Model: {'lensing': 'yes', 'output': 'tCl,lCl,pCl,mPk', 'l_max_scalars': 2508, 'k_pivot': 0.05, 'N_ur': 2.0328, 'N_ncdm': 1, 'm_ncdm': 0.06, 'T_ncdm': 0.71611, 'N_ncdm_decay_dr': 1, 'quadrature_strategy_ncdm_decay_dr': 3, 'ncdm_fluid_approximation': 3, 'maximum_q_ncdm_decay_dr': 15.0, 'background_method': 0, 'evolver': 1, 'N_momentum_bins_ncdm_decay_dr': 7, 'l_max_ncdm': 13, 'l_max_dr': 13, 'l_max_dr_col': 13, 'omega_b': 0.02290752, 'omega_cdm': 0.1272173, 'Neff_ini_dncdm': 0.7699523, 'log10lifetime_ncdm_decay_dr': 5.731816, 'm_ncdm_decay_dr': 2.177862, 'H0': 74.34804, 'ln10^{10}A_s': 3.152174, 'n_s': 0.9862128, 'tau_reio': 0.09020943, 'P_k_max_1/Mpc': 1.0}
skipping to the next model...
[CHILD][Parent Rank 178] | The following model took too long to complete: 
params: {'lensing': 'yes', 'output': 'tCl,lCl,pCl,mPk', 'l_max_scalars': 2508, 'k_pivot': 0.05, 'N_ur': 2.0328, 'N_ncdm': 1, 'm_ncdm': 0.06, 'T_ncdm': 0.71611, 'N_ncdm_decay_dr': 1, 'quadrature_strategy_ncdm_decay_dr': 3, 'ncdm_fluid_approximation': 3, 'maximum_q_ncdm_decay_dr': 15.0, 'background_method': 0, 'evolver': 1, 'N_momentum_bins_ncdm_decay_dr': 7, 'l_max_ncdm': 13, 'l_max_dr': 13, 'l_max_dr_col': 13, 'omega_b': 0.023504118, 'omega_cdm': 0.1280692, 'Neff_ini_dncdm': 0.7708044, 'log10lifetime_ncdm_decay_dr': 3.714681, 'm_ncdm_decay_dr': 0.003246424, 'H0': 74.51975, 'ln10^{10}A_s': 3.073693, 'n_s': 0.999251, 'tau_reio': 0.06795126, 'P_k_max_1/Mpc': 1.0}

[PARENT][Rank 178] | ERROR: Child process failed during CLASS computation
Model: {'lensing': 'yes', 'output': 'tCl,lCl,pCl,mPk', 'l_max_scalars': 2508, 'k_pivot': 0.05, 'N_ur': 2.0328, 'N_ncdm': 1, 'm_ncdm': 0.06, 'T_ncdm': 0.71611, 'N_ncdm_decay_dr': 1, 'quadrature_strategy_ncdm_decay_dr': 3, 'ncdm_fluid_approximation': 3, 'maximum_q_ncdm_decay_dr': 15.0, 'background_method': 0, 'evolver': 1, 'N_momentum_bins_ncdm_decay_dr': 7, 'l_max_ncdm': 13, 'l_max_dr': 13, 'l_max_dr_col': 13, 'omega_b': 0.02293551, 'omega_cdm': 0.1275578, 'Neff_ini_dncdm': 0.7532151, 'log10lifetime_ncdm_decay_dr': 5.882605, 'm_ncdm_decay_dr': 1.132225, 'H0': 74.35563, 'ln10^{10}A_s': 3.120094, 'n_s': 0.9881887, 'tau_reio': 0.07480032, 'P_k_max_1/Mpc': 1.0}
skipping to the next model...
[PARENT][Rank 63] | ERROR: Timeout while waiting for PONG response from child process. Child may be unresponsive.
Respawning child process...
[PARENT][Rank 63] | WARNING: Child process died or is unresponsive. Respawning...
[PARENT][Rank 63] | [INFO] Successfully respawned child process.
[PARENT][Rank 43] | ERROR: Timeout while waiting for PONG response from child process. Child may be unresponsive.
Respawning child process...
[PARENT][Rank 43] | WARNING: Child process died or is unresponsive. Respawning...
[PARENT][Rank 43] | [INFO] Successfully respawned child process.
[PARENT][Rank 118] | ERROR: Timeout while waiting for PONG response from child process. Child may be unresponsive.
Respawning child process...
[PARENT][Rank 118] | WARNING: Child process died or is unresponsive. Respawning...
[PARENT][Rank 118] | [INFO] Successfully respawned child process.
[PARENT][Rank 178] | ERROR: Timeout while waiting for PONG response from child process. Child may be unresponsive.
Respawning child process...
[PARENT][Rank 178] | WARNING: Child process died or is unresponsive. Respawning...
[PARENT][Rank 178] | [INFO] Successfully respawned child process.
[CHILD][Parent Rank 118] | ERROR: Timeout while waiting for message.
Exiting safely.
[CHILD][Parent Rank 63] | ERROR: Timeout while waiting for message.
Exiting safely.
[CHILD][Parent Rank 43] | ERROR: Timeout while waiting for message.
Exiting safely.
[CHILD][Parent Rank 178] | ERROR: Timeout while waiting for message.
Exiting safely.
[CHILD][Parent Rank 178] | ERROR: Timeout while waiting for message.
Exiting safely.
[CHILD][Parent Rank 299] | The following model took too long to complete: 
params: {'lensing': 'yes', 'output': 'tCl,lCl,pCl,mPk', 'l_max_scalars': 2508, 'k_pivot': 0.05, 'N_ur': 2.0328, 'N_ncdm': 1, 'm_ncdm': 0.06, 'T_ncdm': 0.71611, 'N_ncdm_decay_dr': 1, 'quadrature_strategy_ncdm_decay_dr': 3, 'ncdm_fluid_approximation': 3, 'maximum_q_ncdm_decay_dr': 15.0, 'background_method': 0, 'evolver': 1, 'N_momentum_bins_ncdm_decay_dr': 7, 'l_max_ncdm': 13, 'l_max_dr': 13, 'l_max_dr_col': 13, 'omega_b': 0.023703529, 'omega_cdm': 0.1224577, 'Neff_ini_dncdm': 0.6832031, 'log10lifetime_ncdm_decay_dr': 4.705378, 'm_ncdm_decay_dr': 0.2765808, 'H0': 76.14181, 'ln10^{10}A_s': 3.10925, 'n_s': 1.006841, 'tau_reio': 0.07293703, 'P_k_max_1/Mpc': 1.0}

[PARENT][Rank 299] | ERROR: Child process failed during CLASS computation
Model: {'lensing': 'yes', 'output': 'tCl,lCl,pCl,mPk', 'l_max_scalars': 2508, 'k_pivot': 0.05, 'N_ur': 2.0328, 'N_ncdm': 1, 'm_ncdm': 0.06, 'T_ncdm': 0.71611, 'N_ncdm_decay_dr': 1, 'quadrature_strategy_ncdm_decay_dr': 3, 'ncdm_fluid_approximation': 3, 'maximum_q_ncdm_decay_dr': 15.0, 'background_method': 0, 'evolver': 1, 'N_momentum_bins_ncdm_decay_dr': 7, 'l_max_ncdm': 13, 'l_max_dr': 13, 'l_max_dr_col': 13, 'omega_b': 0.023703529, 'omega_cdm': 0.1224577, 'Neff_ini_dncdm': 0.6832031, 'log10lifetime_ncdm_decay_dr': 4.705378, 'm_ncdm_decay_dr': 0.2765808, 'H0': 76.14181, 'ln10^{10}A_s': 3.10925, 'n_s': 1.006841, 'tau_reio': 0.07293703, 'P_k_max_1/Mpc': 1.0}
skipping to the next model...
[CHILD][Parent Rank 249] | The following model took too long to complete: 
params: {'lensing': 'yes', 'output': 'tCl,lCl,pCl,mPk', 'l_max_scalars': 2508, 'k_pivot': 0.05, 'N_ur': 2.0328, 'N_ncdm': 1, 'm_ncdm': 0.06, 'T_ncdm': 0.71611, 'N_ncdm_decay_dr': 1, 'quadrature_strategy_ncdm_decay_dr': 3, 'ncdm_fluid_approximation': 3, 'maximum_q_ncdm_decay_dr': 15.0, 'background_method': 0, 'evolver': 1, 'N_momentum_bins_ncdm_decay_dr': 7, 'l_max_ncdm': 13, 'l_max_dr': 13, 'l_max_dr_col': 13, 'omega_b': 0.023703529, 'omega_cdm': 0.1224577, 'Neff_ini_dncdm': 0.6832031, 'log10lifetime_ncdm_decay_dr': 4.705378, 'm_ncdm_decay_dr': 0.2765808, 'H0': 76.14181, 'ln10^{10}A_s': 3.10925, 'n_s': 1.006841, 'tau_reio': 0.07293703, 'P_k_max_1/Mpc': 1.0}

[PARENT][Rank 249] | ERROR: Child process failed during CLASS computation
Model: {'lensing': 'yes', 'output': 'tCl,lCl,pCl,mPk', 'l_max_scalars': 2508, 'k_pivot': 0.05, 'N_ur': 2.0328, 'N_ncdm': 1, 'm_ncdm': 0.06, 'T_ncdm': 0.71611, 'N_ncdm_decay_dr': 1, 'quadrature_strategy_ncdm_decay_dr': 3, 'ncdm_fluid_approximation': 3, 'maximum_q_ncdm_decay_dr': 15.0, 'background_method': 0, 'evolver': 1, 'N_momentum_bins_ncdm_decay_dr': 7, 'l_max_ncdm': 13, 'l_max_dr': 13, 'l_max_dr_col': 13, 'omega_b': 0.023703529, 'omega_cdm': 0.1224577, 'Neff_ini_dncdm': 0.6832031, 'log10lifetime_ncdm_decay_dr': 4.705378, 'm_ncdm_decay_dr': 0.2765808, 'H0': 76.14181, 'ln10^{10}A_s': 3.10925, 'n_s': 1.006841, 'tau_reio': 0.07293703, 'P_k_max_1/Mpc': 1.0}
skipping to the next model...
[CHILD][Parent Rank 251] | The following model took too long to complete: 
params: {'lensing': 'yes', 'output': 'tCl,lCl,pCl,mPk', 'l_max_scalars': 2508, 'k_pivot': 0.05, 'N_ur': 2.0328, 'N_ncdm': 1, 'm_ncdm': 0.06, 'T_ncdm': 0.71611, 'N_ncdm_decay_dr': 1, 'quadrature_strategy_ncdm_decay_dr': 3, 'ncdm_fluid_approximation': 3, 'maximum_q_ncdm_decay_dr': 15.0, 'background_method': 0, 'evolver': 1, 'N_momentum_bins_ncdm_decay_dr': 7, 'l_max_ncdm': 13, 'l_max_dr': 13, 'l_max_dr_col': 13, 'omega_b': 0.023703529, 'omega_cdm': 0.1224577, 'Neff_ini_dncdm': 0.6832031, 'log10lifetime_ncdm_decay_dr': 4.705378, 'm_ncdm_decay_dr': 0.2765808, 'H0': 76.14181, 'ln10^{10}A_s': 3.10925, 'n_s': 1.006841, 'tau_reio': 0.07293703, 'P_k_max_1/Mpc': 1.0}

[PARENT][Rank 251] | ERROR: Child process failed during CLASS computation
Model: {'lensing': 'yes', 'output': 'tCl,lCl,pCl,mPk', 'l_max_scalars': 2508, 'k_pivot': 0.05, 'N_ur': 2.0328, 'N_ncdm': 1, 'm_ncdm': 0.06, 'T_ncdm': 0.71611, 'N_ncdm_decay_dr': 1, 'quadrature_strategy_ncdm_decay_dr': 3, 'ncdm_fluid_approximation': 3, 'maximum_q_ncdm_decay_dr': 15.0, 'background_method': 0, 'evolver': 1, 'N_momentum_bins_ncdm_decay_dr': 7, 'l_max_ncdm': 13, 'l_max_dr': 13, 'l_max_dr_col': 13, 'omega_b': 0.023703529, 'omega_cdm': 0.1224577, 'Neff_ini_dncdm': 0.6832031, 'log10lifetime_ncdm_decay_dr': 4.705378, 'm_ncdm_decay_dr': 0.2765808, 'H0': 76.14181, 'ln10^{10}A_s': 3.10925, 'n_s': 1.006841, 'tau_reio': 0.07293703, 'P_k_max_1/Mpc': 1.0}
skipping to the next model...
[CHILD][Parent Rank 43] | ERROR: Timeout while waiting for message.
Exiting safely.
[CHILD][Parent Rank 323] | The following model took too long to complete: 
params: {'lensing': 'yes', 'output': 'tCl,lCl,pCl,mPk', 'l_max_scalars': 2508, 'k_pivot': 0.05, 'N_ur': 2.0328, 'N_ncdm': 1, 'm_ncdm': 0.06, 'T_ncdm': 0.71611, 'N_ncdm_decay_dr': 1, 'quadrature_strategy_ncdm_decay_dr': 3, 'ncdm_fluid_approximation': 3, 'maximum_q_ncdm_decay_dr': 15.0, 'background_method': 0, 'evolver': 1, 'N_momentum_bins_ncdm_decay_dr': 7, 'l_max_ncdm': 13, 'l_max_dr': 13, 'l_max_dr_col': 13, 'omega_b': 0.023744928, 'omega_cdm': 0.1192725, 'Neff_ini_dncdm': 0.6934882, 'log10lifetime_ncdm_decay_dr': 4.969505, 'm_ncdm_decay_dr': 0.09976664, 'H0': 77.31497, 'ln10^{10}A_s': 3.101807, 'n_s': 1.011762, 'tau_reio': 0.07220362, 'P_k_max_1/Mpc': 1.0}

[CHILD][Parent Rank 118] | ERROR: Timeout while waiting for message.
Exiting safely.
[CHILD][Parent Rank 89] | The following model took too long to complete: 
params: {'lensing': 'yes', 'output': 'tCl,lCl,pCl,mPk', 'l_max_scalars': 2508, 'k_pivot': 0.05, 'N_ur': 2.0328, 'N_ncdm': 1, 'm_ncdm': 0.06, 'T_ncdm': 0.71611, 'N_ncdm_decay_dr': 1, 'quadrature_strategy_ncdm_decay_dr': 3, 'ncdm_fluid_approximation': 3, 'maximum_q_ncdm_decay_dr': 15.0, 'background_method': 0, 'evolver': 1, 'N_momentum_bins_ncdm_decay_dr': 7, 'l_max_ncdm': 13, 'l_max_dr': 13, 'l_max_dr_col': 13, 'omega_b': 0.023703529, 'omega_cdm': 0.1224577, 'Neff_ini_dncdm': 0.6832031, 'log10lifetime_ncdm_decay_dr': 4.705378, 'm_ncdm_decay_dr': 0.2765808, 'H0': 76.14181, 'ln10^{10}A_s': 3.10925, 'n_s': 1.006841, 'tau_reio': 0.07293703, 'P_k_max_1/Mpc': 1.0}

[PARENT][Rank 323] | ERROR: Child process failed during CLASS computation
Model: {'lensing': 'yes', 'output': 'tCl,lCl,pCl,mPk', 'l_max_scalars': 2508, 'k_pivot': 0.05, 'N_ur': 2.0328, 'N_ncdm': 1, 'm_ncdm': 0.06, 'T_ncdm': 0.71611, 'N_ncdm_decay_dr': 1, 'quadrature_strategy_ncdm_decay_dr': 3, 'ncdm_fluid_approximation': 3, 'maximum_q_ncdm_decay_dr': 15.0, 'background_method': 0, 'evolver': 1, 'N_momentum_bins_ncdm_decay_dr': 7, 'l_max_ncdm': 13, 'l_max_dr': 13, 'l_max_dr_col': 13, 'omega_b': 0.023744928, 'omega_cdm': 0.1192725, 'Neff_ini_dncdm': 0.6934882, 'log10lifetime_ncdm_decay_dr': 4.969505, 'm_ncdm_decay_dr': 0.09976664, 'H0': 77.31497, 'ln10^{10}A_s': 3.101807, 'n_s': 1.011762, 'tau_reio': 0.07220362, 'P_k_max_1/Mpc': 1.0}
skipping to the next model...
[PARENT][Rank 89] | ERROR: Child process failed during CLASS computation
Model: {'lensing': 'yes', 'output': 'tCl,lCl,pCl,mPk', 'l_max_scalars': 2508, 'k_pivot': 0.05, 'N_ur': 2.0328, 'N_ncdm': 1, 'm_ncdm': 0.06, 'T_ncdm': 0.71611, 'N_ncdm_decay_dr': 1, 'quadrature_strategy_ncdm_decay_dr': 3, 'ncdm_fluid_approximation': 3, 'maximum_q_ncdm_decay_dr': 15.0, 'background_method': 0, 'evolver': 1, 'N_momentum_bins_ncdm_decay_dr': 7, 'l_max_ncdm': 13, 'l_max_dr': 13, 'l_max_dr_col': 13, 'omega_b': 0.023703529, 'omega_cdm': 0.1224577, 'Neff_ini_dncdm': 0.6832031, 'log10lifetime_ncdm_decay_dr': 4.705378, 'm_ncdm_decay_dr': 0.2765808, 'H0': 76.14181, 'ln10^{10}A_s': 3.10925, 'n_s': 1.006841, 'tau_reio': 0.07293703, 'P_k_max_1/Mpc': 1.0}
skipping to the next model...
[CHILD][Parent Rank 63] | ERROR: Timeout while waiting for message.
Exiting safely.
[PARENT][Rank 178] | ERROR: Unexpected error during PING-PONG check: TimeoutError('Timeout while waiting for child to respond.')Attemping to respawn child process...
[PARENT][Rank 178] | WARNING: Child process died or is unresponsive. Respawning...
[PARENT][Rank 178] | [INFO] Successfully respawned child process.
[PARENT][Rank 43] | ERROR: Unexpected error during PING-PONG check: TimeoutError('Timeout while waiting for child to respond.')Attemping to respawn child process...
[PARENT][Rank 43] | WARNING: Child process died or is unresponsive. Respawning...
[PARENT][Rank 118] | ERROR: Unexpected error during PING-PONG check: TimeoutError('Timeout while waiting for child to respond.')Attemping to respawn child process...
[PARENT][Rank 118] | WARNING: Child process died or is unresponsive. Respawning...
[PARENT][Rank 43] | [INFO] Successfully respawned child process.
[PARENT][Rank 118] | [INFO] Successfully respawned child process.
[PARENT][Rank 63] | ERROR: Unexpected error during PING-PONG check: TimeoutError('Timeout while waiting for child to respond.')Attemping to respawn child process...
[PARENT][Rank 63] | WARNING: Child process died or is unresponsive. Respawning...
[PARENT][Rank 63] | [INFO] Successfully respawned child process.
[CHILD][Parent Rank 308] | ERROR: Timeout while waiting for parent command. returning to PING PONG loop.
[CHILD][Parent Rank 363] | The following model took too long to complete: 
params: {'lensing': 'yes', 'output': 'tCl,lCl,pCl,mPk', 'l_max_scalars': 2508, 'k_pivot': 0.05, 'N_ur': 2.0328, 'N_ncdm': 1, 'm_ncdm': 0.06, 'T_ncdm': 0.71611, 'N_ncdm_decay_dr': 1, 'quadrature_strategy_ncdm_decay_dr': 3, 'ncdm_fluid_approximation': 3, 'maximum_q_ncdm_decay_dr': 15.0, 'background_method': 0, 'evolver': 1, 'N_momentum_bins_ncdm_decay_dr': 7, 'l_max_ncdm': 13, 'l_max_dr': 13, 'l_max_dr_col': 13, 'omega_b': 0.02286143, 'omega_cdm': 0.1330103, 'Neff_ini_dncdm': 0.8954887, 'log10lifetime_ncdm_decay_dr': 4.656288, 'm_ncdm_decay_dr': 0.2414342, 'H0': 72.94621, 'ln10^{10}A_s': 3.158419, 'n_s': 0.9723987, 'tau_reio': 0.0928209, 'P_k_max_1/Mpc': 1.0}

[PARENT][Rank 363] | ERROR: Child process failed during CLASS computation
Model: {'lensing': 'yes', 'output': 'tCl,lCl,pCl,mPk', 'l_max_scalars': 2508, 'k_pivot': 0.05, 'N_ur': 2.0328, 'N_ncdm': 1, 'm_ncdm': 0.06, 'T_ncdm': 0.71611, 'N_ncdm_decay_dr': 1, 'quadrature_strategy_ncdm_decay_dr': 3, 'ncdm_fluid_approximation': 3, 'maximum_q_ncdm_decay_dr': 15.0, 'background_method': 0, 'evolver': 1, 'N_momentum_bins_ncdm_decay_dr': 7, 'l_max_ncdm': 13, 'l_max_dr': 13, 'l_max_dr_col': 13, 'omega_b': 0.02286143, 'omega_cdm': 0.1330103, 'Neff_ini_dncdm': 0.8954887, 'log10lifetime_ncdm_decay_dr': 4.656288, 'm_ncdm_decay_dr': 0.2414342, 'H0': 72.94621, 'ln10^{10}A_s': 3.158419, 'n_s': 0.9723987, 'tau_reio': 0.0928209, 'P_k_max_1/Mpc': 1.0}
skipping to the next model...
[PARENT][Rank 308] | ERROR: Timeout while waiting for response from child process. Child may be unresponsive.
this happened during the likelihood calculation step for the model: {'lensing': 'yes', 'output': 'tCl,lCl,pCl,mPk', 'l_max_scalars': 2508, 'k_pivot': 0.05, 'N_ur': 2.0328, 'N_ncdm': 1, 'm_ncdm': 0.06, 'T_ncdm': 0.71611, 'N_ncdm_decay_dr': 1, 'quadrature_strategy_ncdm_decay_dr': 3, 'ncdm_fluid_approximation': 3, 'maximum_q_ncdm_decay_dr': 15.0, 'background_method': 0, 'evolver': 1, 'N_momentum_bins_ncdm_decay_dr': 7, 'l_max_ncdm': 13, 'l_max_dr': 13, 'l_max_dr_col': 13, 'omega_b': 0.02286143, 'omega_cdm': 0.1330103, 'Neff_ini_dncdm': 0.8954887, 'log10lifetime_ncdm_decay_dr': 4.656288, 'm_ncdm_decay_dr': 0.2414342, 'H0': 72.94621, 'ln10^{10}A_s': 3.158419, 'n_s': 0.9723987, 'tau_reio': 0.0928209, 'P_k_max_1/Mpc': 1.0}
skipping to the next model...
[PARENT][Rank 308] | ERROR: Child process failed during CLASS computation
Model: {'lensing': 'yes', 'output': 'tCl,lCl,pCl,mPk', 'l_max_scalars': 2508, 'k_pivot': 0.05, 'N_ur': 2.0328, 'N_ncdm': 1, 'm_ncdm': 0.06, 'T_ncdm': 0.71611, 'N_ncdm_decay_dr': 1, 'quadrature_strategy_ncdm_decay_dr': 3, 'ncdm_fluid_approximation': 3, 'maximum_q_ncdm_decay_dr': 15.0, 'background_method': 0, 'evolver': 1, 'N_momentum_bins_ncdm_decay_dr': 7, 'l_max_ncdm': 13, 'l_max_dr': 13, 'l_max_dr_col': 13, 'omega_b': 0.02389462, 'omega_cdm': 0.124775, 'Neff_ini_dncdm': 0.6708106, 'log10lifetime_ncdm_decay_dr': 4.780645, 'm_ncdm_decay_dr': 1.0534, 'H0': 74.60083, 'ln10^{10}A_s': 3.082446, 'n_s': 0.9980074, 'tau_reio': 0.07295629, 'P_k_max_1/Mpc': 1.0}
skipping to the next model...
[CHILD][Parent Rank 143] | The following model took too long to complete: 
params: {'lensing': 'yes', 'output': 'tCl,lCl,pCl,mPk', 'l_max_scalars': 2508, 'k_pivot': 0.05, 'N_ur': 2.0328, 'N_ncdm': 1, 'm_ncdm': 0.06, 'T_ncdm': 0.71611, 'N_ncdm_decay_dr': 1, 'quadrature_strategy_ncdm_decay_dr': 3, 'ncdm_fluid_approximation': 3, 'maximum_q_ncdm_decay_dr': 15.0, 'background_method': 0, 'evolver': 1, 'N_momentum_bins_ncdm_decay_dr': 7, 'l_max_ncdm': 13, 'l_max_dr': 13, 'l_max_dr_col': 13, 'omega_b': 0.02289268, 'omega_cdm': 0.1292111, 'Neff_ini_dncdm': 0.7297491, 'log10lifetime_ncdm_decay_dr': 2.422131, 'm_ncdm_decay_dr': 0.04811915, 'H0': 73.39774, 'ln10^{10}A_s': 3.046773, 'n_s': 1.010221, 'tau_reio': 0.05782781, 'P_k_max_1/Mpc': 1.0}

[PARENT][Rank 143] | ERROR: Child process failed during CLASS computation
Model: {'lensing': 'yes', 'output': 'tCl,lCl,pCl,mPk', 'l_max_scalars': 2508, 'k_pivot': 0.05, 'N_ur': 2.0328, 'N_ncdm': 1, 'm_ncdm': 0.06, 'T_ncdm': 0.71611, 'N_ncdm_decay_dr': 1, 'quadrature_strategy_ncdm_decay_dr': 3, 'ncdm_fluid_approximation': 3, 'maximum_q_ncdm_decay_dr': 15.0, 'background_method': 0, 'evolver': 1, 'N_momentum_bins_ncdm_decay_dr': 7, 'l_max_ncdm': 13, 'l_max_dr': 13, 'l_max_dr_col': 13, 'omega_b': 0.02289268, 'omega_cdm': 0.1292111, 'Neff_ini_dncdm': 0.7297491, 'log10lifetime_ncdm_decay_dr': 2.422131, 'm_ncdm_decay_dr': 0.04811915, 'H0': 73.39774, 'ln10^{10}A_s': 3.046773, 'n_s': 1.010221, 'tau_reio': 0.05782781, 'P_k_max_1/Mpc': 1.0}
skipping to the next model...
[PARENT][Rank 308] | ERROR: Child process failed during likelihood calculation
Model: {'lensing': 'yes', 'output': 'tCl,lCl,pCl,mPk', 'l_max_scalars': 2508, 'k_pivot': 0.05, 'N_ur': 2.0328, 'N_ncdm': 1, 'm_ncdm': 0.06, 'T_ncdm': 0.71611, 'N_ncdm_decay_dr': 1, 'quadrature_strategy_ncdm_decay_dr': 3, 'ncdm_fluid_approximation': 3, 'maximum_q_ncdm_decay_dr': 15.0, 'background_method': 0, 'evolver': 1, 'N_momentum_bins_ncdm_decay_dr': 7, 'l_max_ncdm': 13, 'l_max_dr': 13, 'l_max_dr_col': 13, 'omega_b': 0.023796078, 'omega_cdm': 0.1262107, 'Neff_ini_dncdm': 0.6158993, 'log10lifetime_ncdm_decay_dr': 4.071249, 'm_ncdm_decay_dr': 0.02048081, 'H0': 74.05629, 'ln10^{10}A_s': 3.076051, 'n_s': 0.997482, 'tau_reio': 0.06279905, 'P_k_max_1/Mpc': 1.0}
skipping to the next model...
[PARENT][Rank 308] | ERROR: Child process failed during CLASS computation
Model: {'lensing': 'yes', 'output': 'tCl,lCl,pCl,mPk', 'l_max_scalars': 2508, 'k_pivot': 0.05, 'N_ur': 2.0328, 'N_ncdm': 1, 'm_ncdm': 0.06, 'T_ncdm': 0.71611, 'N_ncdm_decay_dr': 1, 'quadrature_strategy_ncdm_decay_dr': 3, 'ncdm_fluid_approximation': 3, 'maximum_q_ncdm_decay_dr': 15.0, 'background_method': 0, 'evolver': 1, 'N_momentum_bins_ncdm_decay_dr': 7, 'l_max_ncdm': 13, 'l_max_dr': 13, 'l_max_dr_col': 13, 'omega_b': 0.02306021, 'omega_cdm': 0.1341107, 'Neff_ini_dncdm': 0.3408338, 'log10lifetime_ncdm_decay_dr': 3.71335, 'm_ncdm_decay_dr': 7.675401, 'H0': 69.17164, 'ln10^{10}A_s': 3.131046, 'n_s': 1.002175, 'tau_reio': 0.09452572, 'P_k_max_1/Mpc': 1.0}
skipping to the next model...
[CHILD][Parent Rank 65] | The following model took too long to complete: 
params: {'lensing': 'yes', 'output': 'tCl,lCl,pCl,mPk', 'l_max_scalars': 2508, 'k_pivot': 0.05, 'N_ur': 2.0328, 'N_ncdm': 1, 'm_ncdm': 0.06, 'T_ncdm': 0.71611, 'N_ncdm_decay_dr': 1, 'quadrature_strategy_ncdm_decay_dr': 3, 'ncdm_fluid_approximation': 3, 'maximum_q_ncdm_decay_dr': 15.0, 'background_method': 0, 'evolver': 1, 'N_momentum_bins_ncdm_decay_dr': 7, 'l_max_ncdm': 13, 'l_max_dr': 13, 'l_max_dr_col': 13, 'omega_b': 0.02376678, 'omega_cdm': 0.1230784, 'Neff_ini_dncdm': 0.5945244, 'log10lifetime_ncdm_decay_dr': 5.105102, 'm_ncdm_decay_dr': 0.2116698, 'H0': 75.11919, 'ln10^{10}A_s': 3.104494, 'n_s': 1.004354, 'tau_reio': 0.08727485, 'P_k_max_1/Mpc': 1.0}

[PARENT][Rank 65] | ERROR: Child process failed during CLASS computation
Model: {'lensing': 'yes', 'output': 'tCl,lCl,pCl,mPk', 'l_max_scalars': 2508, 'k_pivot': 0.05, 'N_ur': 2.0328, 'N_ncdm': 1, 'm_ncdm': 0.06, 'T_ncdm': 0.71611, 'N_ncdm_decay_dr': 1, 'quadrature_strategy_ncdm_decay_dr': 3, 'ncdm_fluid_approximation': 3, 'maximum_q_ncdm_decay_dr': 15.0, 'background_method': 0, 'evolver': 1, 'N_momentum_bins_ncdm_decay_dr': 7, 'l_max_ncdm': 13, 'l_max_dr': 13, 'l_max_dr_col': 13, 'omega_b': 0.02376678, 'omega_cdm': 0.1230784, 'Neff_ini_dncdm': 0.5945244, 'log10lifetime_ncdm_decay_dr': 5.105102, 'm_ncdm_decay_dr': 0.2116698, 'H0': 75.11919, 'ln10^{10}A_s': 3.104494, 'n_s': 1.004354, 'tau_reio': 0.08727485, 'P_k_max_1/Mpc': 1.0}
skipping to the next model...
[CHILD][Parent Rank 53] | The following model took too long to complete: 
params: {'lensing': 'yes', 'output': 'tCl,lCl,pCl,mPk', 'l_max_scalars': 2508, 'k_pivot': 0.05, 'N_ur': 2.0328, 'N_ncdm': 1, 'm_ncdm': 0.06, 'T_ncdm': 0.71611, 'N_ncdm_decay_dr': 1, 'quadrature_strategy_ncdm_decay_dr': 3, 'ncdm_fluid_approximation': 3, 'maximum_q_ncdm_decay_dr': 15.0, 'background_method': 0, 'evolver': 1, 'N_momentum_bins_ncdm_decay_dr': 7, 'l_max_ncdm': 13, 'l_max_dr': 13, 'l_max_dr_col': 13, 'omega_b': 0.023814248, 'omega_cdm': 0.1249092, 'Neff_ini_dncdm': 0.5739013, 'log10lifetime_ncdm_decay_dr': 5.621631, 'm_ncdm_decay_dr': 0.1121778, 'H0': 74.52739, 'ln10^{10}A_s': 3.086937, 'n_s': 1.000276, 'tau_reio': 0.074977, 'P_k_max_1/Mpc': 1.0}

[PARENT][Rank 53] | ERROR: Child process failed during CLASS computation
Model: {'lensing': 'yes', 'output': 'tCl,lCl,pCl,mPk', 'l_max_scalars': 2508, 'k_pivot': 0.05, 'N_ur': 2.0328, 'N_ncdm': 1, 'm_ncdm': 0.06, 'T_ncdm': 0.71611, 'N_ncdm_decay_dr': 1, 'quadrature_strategy_ncdm_decay_dr': 3, 'ncdm_fluid_approximation': 3, 'maximum_q_ncdm_decay_dr': 15.0, 'background_method': 0, 'evolver': 1, 'N_momentum_bins_ncdm_decay_dr': 7, 'l_max_ncdm': 13, 'l_max_dr': 13, 'l_max_dr_col': 13, 'omega_b': 0.023814248, 'omega_cdm': 0.1249092, 'Neff_ini_dncdm': 0.5739013, 'log10lifetime_ncdm_decay_dr': 5.621631, 'm_ncdm_decay_dr': 0.1121778, 'H0': 74.52739, 'ln10^{10}A_s': 3.086937, 'n_s': 1.000276, 'tau_reio': 0.074977, 'P_k_max_1/Mpc': 1.0}
skipping to the next model...
[CHILD][Parent Rank 48] | The following model took too long to complete: 
params: {'lensing': 'yes', 'output': 'tCl,lCl,pCl,mPk', 'l_max_scalars': 2508, 'k_pivot': 0.05, 'N_ur': 2.0328, 'N_ncdm': 1, 'm_ncdm': 0.06, 'T_ncdm': 0.71611, 'N_ncdm_decay_dr': 1, 'quadrature_strategy_ncdm_decay_dr': 3, 'ncdm_fluid_approximation': 3, 'maximum_q_ncdm_decay_dr': 15.0, 'background_method': 0, 'evolver': 1, 'N_momentum_bins_ncdm_decay_dr': 7, 'l_max_ncdm': 13, 'l_max_dr': 13, 'l_max_dr_col': 13, 'omega_b': 0.023814248, 'omega_cdm': 0.1249092, 'Neff_ini_dncdm': 0.5739013, 'log10lifetime_ncdm_decay_dr': 5.621631, 'm_ncdm_decay_dr': 0.1121778, 'H0': 74.52739, 'ln10^{10}A_s': 3.086937, 'n_s': 1.000276, 'tau_reio': 0.074977, 'P_k_max_1/Mpc': 1.0}

[PARENT][Rank 48] | ERROR: Child process failed during CLASS computation
Model: {'lensing': 'yes', 'output': 'tCl,lCl,pCl,mPk', 'l_max_scalars': 2508, 'k_pivot': 0.05, 'N_ur': 2.0328, 'N_ncdm': 1, 'm_ncdm': 0.06, 'T_ncdm': 0.71611, 'N_ncdm_decay_dr': 1, 'quadrature_strategy_ncdm_decay_dr': 3, 'ncdm_fluid_approximation': 3, 'maximum_q_ncdm_decay_dr': 15.0, 'background_method': 0, 'evolver': 1, 'N_momentum_bins_ncdm_decay_dr': 7, 'l_max_ncdm': 13, 'l_max_dr': 13, 'l_max_dr_col': 13, 'omega_b': 0.023814248, 'omega_cdm': 0.1249092, 'Neff_ini_dncdm': 0.5739013, 'log10lifetime_ncdm_decay_dr': 5.621631, 'm_ncdm_decay_dr': 0.1121778, 'H0': 74.52739, 'ln10^{10}A_s': 3.086937, 'n_s': 1.000276, 'tau_reio': 0.074977, 'P_k_max_1/Mpc': 1.0}
skipping to the next model...
[CHILD][Parent Rank 29] | The following model took too long to complete: 
params: {'lensing': 'yes', 'output': 'tCl,lCl,pCl,mPk', 'l_max_scalars': 2508, 'k_pivot': 0.05, 'N_ur': 2.0328, 'N_ncdm': 1, 'm_ncdm': 0.06, 'T_ncdm': 0.71611, 'N_ncdm_decay_dr': 1, 'quadrature_strategy_ncdm_decay_dr': 3, 'ncdm_fluid_approximation': 3, 'maximum_q_ncdm_decay_dr': 15.0, 'background_method': 0, 'evolver': 1, 'N_momentum_bins_ncdm_decay_dr': 7, 'l_max_ncdm': 13, 'l_max_dr': 13, 'l_max_dr_col': 13, 'omega_b': 0.023814248, 'omega_cdm': 0.1249092, 'Neff_ini_dncdm': 0.5739013, 'log10lifetime_ncdm_decay_dr': 5.621631, 'm_ncdm_decay_dr': 0.1121778, 'H0': 74.52739, 'ln10^{10}A_s': 3.086937, 'n_s': 1.000276, 'tau_reio': 0.074977, 'P_k_max_1/Mpc': 1.0}

[PARENT][Rank 29] | ERROR: Child process failed during CLASS computation
Model: {'lensing': 'yes', 'output': 'tCl,lCl,pCl,mPk', 'l_max_scalars': 2508, 'k_pivot': 0.05, 'N_ur': 2.0328, 'N_ncdm': 1, 'm_ncdm': 0.06, 'T_ncdm': 0.71611, 'N_ncdm_decay_dr': 1, 'quadrature_strategy_ncdm_decay_dr': 3, 'ncdm_fluid_approximation': 3, 'maximum_q_ncdm_decay_dr': 15.0, 'background_method': 0, 'evolver': 1, 'N_momentum_bins_ncdm_decay_dr': 7, 'l_max_ncdm': 13, 'l_max_dr': 13, 'l_max_dr_col': 13, 'omega_b': 0.023814248, 'omega_cdm': 0.1249092, 'Neff_ini_dncdm': 0.5739013, 'log10lifetime_ncdm_decay_dr': 5.621631, 'm_ncdm_decay_dr': 0.1121778, 'H0': 74.52739, 'ln10^{10}A_s': 3.086937, 'n_s': 1.000276, 'tau_reio': 0.074977, 'P_k_max_1/Mpc': 1.0}
skipping to the next model...
[CHILD][Parent Rank 12] | The following model took too long to complete: 
params: {'lensing': 'yes', 'output': 'tCl,lCl,pCl,mPk', 'l_max_scalars': 2508, 'k_pivot': 0.05, 'N_ur': 2.0328, 'N_ncdm': 1, 'm_ncdm': 0.06, 'T_ncdm': 0.71611, 'N_ncdm_decay_dr': 1, 'quadrature_strategy_ncdm_decay_dr': 3, 'ncdm_fluid_approximation': 3, 'maximum_q_ncdm_decay_dr': 15.0, 'background_method': 0, 'evolver': 1, 'N_momentum_bins_ncdm_decay_dr': 7, 'l_max_ncdm': 13, 'l_max_dr': 13, 'l_max_dr_col': 13, 'omega_b': 0.023814248, 'omega_cdm': 0.1249092, 'Neff_ini_dncdm': 0.5739013, 'log10lifetime_ncdm_decay_dr': 5.621631, 'm_ncdm_decay_dr': 0.1121778, 'H0': 74.52739, 'ln10^{10}A_s': 3.086937, 'n_s': 1.000276, 'tau_reio': 0.074977, 'P_k_max_1/Mpc': 1.0}

[PARENT][Rank 12] | ERROR: Child process failed during CLASS computation
Model: {'lensing': 'yes', 'output': 'tCl,lCl,pCl,mPk', 'l_max_scalars': 2508, 'k_pivot': 0.05, 'N_ur': 2.0328, 'N_ncdm': 1, 'm_ncdm': 0.06, 'T_ncdm': 0.71611, 'N_ncdm_decay_dr': 1, 'quadrature_strategy_ncdm_decay_dr': 3, 'ncdm_fluid_approximation': 3, 'maximum_q_ncdm_decay_dr': 15.0, 'background_method': 0, 'evolver': 1, 'N_momentum_bins_ncdm_decay_dr': 7, 'l_max_ncdm': 13, 'l_max_dr': 13, 'l_max_dr_col': 13, 'omega_b': 0.023814248, 'omega_cdm': 0.1249092, 'Neff_ini_dncdm': 0.5739013, 'log10lifetime_ncdm_decay_dr': 5.621631, 'm_ncdm_decay_dr': 0.1121778, 'H0': 74.52739, 'ln10^{10}A_s': 3.086937, 'n_s': 1.000276, 'tau_reio': 0.074977, 'P_k_max_1/Mpc': 1.0}
skipping to the next model...
[CHILD][Parent Rank 301] | The following model took too long to complete: 
params: {'lensing': 'yes', 'output': 'tCl,lCl,pCl,mPk', 'l_max_scalars': 2508, 'k_pivot': 0.05, 'N_ur': 2.0328, 'N_ncdm': 1, 'm_ncdm': 0.06, 'T_ncdm': 0.71611, 'N_ncdm_decay_dr': 1, 'quadrature_strategy_ncdm_decay_dr': 3, 'ncdm_fluid_approximation': 3, 'maximum_q_ncdm_decay_dr': 15.0, 'background_method': 0, 'evolver': 1, 'N_momentum_bins_ncdm_decay_dr': 7, 'l_max_ncdm': 13, 'l_max_dr': 13, 'l_max_dr_col': 13, 'omega_b': 0.023796078, 'omega_cdm': 0.1262107, 'Neff_ini_dncdm': 0.6158993, 'log10lifetime_ncdm_decay_dr': 4.071249, 'm_ncdm_decay_dr': 0.02048081, 'H0': 74.05629, 'ln10^{10}A_s': 3.076051, 'n_s': 0.997482, 'tau_reio': 0.06279905, 'P_k_max_1/Mpc': 1.0}

[PARENT][Rank 301] | ERROR: Child process failed during CLASS computation
Model: {'lensing': 'yes', 'output': 'tCl,lCl,pCl,mPk', 'l_max_scalars': 2508, 'k_pivot': 0.05, 'N_ur': 2.0328, 'N_ncdm': 1, 'm_ncdm': 0.06, 'T_ncdm': 0.71611, 'N_ncdm_decay_dr': 1, 'quadrature_strategy_ncdm_decay_dr': 3, 'ncdm_fluid_approximation': 3, 'maximum_q_ncdm_decay_dr': 15.0, 'background_method': 0, 'evolver': 1, 'N_momentum_bins_ncdm_decay_dr': 7, 'l_max_ncdm': 13, 'l_max_dr': 13, 'l_max_dr_col': 13, 'omega_b': 0.023796078, 'omega_cdm': 0.1262107, 'Neff_ini_dncdm': 0.6158993, 'log10lifetime_ncdm_decay_dr': 4.071249, 'm_ncdm_decay_dr': 0.02048081, 'H0': 74.05629, 'ln10^{10}A_s': 3.076051, 'n_s': 0.997482, 'tau_reio': 0.06279905, 'P_k_max_1/Mpc': 1.0}
skipping to the next model...
[CHILD][Parent Rank 235] | The following model took too long to complete: 
params: {'lensing': 'yes', 'output': 'tCl,lCl,pCl,mPk', 'l_max_scalars': 2508, 'k_pivot': 0.05, 'N_ur': 2.0328, 'N_ncdm': 1, 'm_ncdm': 0.06, 'T_ncdm': 0.71611, 'N_ncdm_decay_dr': 1, 'quadrature_strategy_ncdm_decay_dr': 3, 'ncdm_fluid_approximation': 3, 'maximum_q_ncdm_decay_dr': 15.0, 'background_method': 0, 'evolver': 1, 'N_momentum_bins_ncdm_decay_dr': 7, 'l_max_ncdm': 13, 'l_max_dr': 13, 'l_max_dr_col': 13, 'omega_b': 0.023796078, 'omega_cdm': 0.1262107, 'Neff_ini_dncdm': 0.6158993, 'log10lifetime_ncdm_decay_dr': 4.071249, 'm_ncdm_decay_dr': 0.02048081, 'H0': 74.05629, 'ln10^{10}A_s': 3.076051, 'n_s': 0.997482, 'tau_reio': 0.06279905, 'P_k_max_1/Mpc': 1.0}

[PARENT][Rank 235] | ERROR: Child process failed during CLASS computation
Model: {'lensing': 'yes', 'output': 'tCl,lCl,pCl,mPk', 'l_max_scalars': 2508, 'k_pivot': 0.05, 'N_ur': 2.0328, 'N_ncdm': 1, 'm_ncdm': 0.06, 'T_ncdm': 0.71611, 'N_ncdm_decay_dr': 1, 'quadrature_strategy_ncdm_decay_dr': 3, 'ncdm_fluid_approximation': 3, 'maximum_q_ncdm_decay_dr': 15.0, 'background_method': 0, 'evolver': 1, 'N_momentum_bins_ncdm_decay_dr': 7, 'l_max_ncdm': 13, 'l_max_dr': 13, 'l_max_dr_col': 13, 'omega_b': 0.023796078, 'omega_cdm': 0.1262107, 'Neff_ini_dncdm': 0.6158993, 'log10lifetime_ncdm_decay_dr': 4.071249, 'm_ncdm_decay_dr': 0.02048081, 'H0': 74.05629, 'ln10^{10}A_s': 3.076051, 'n_s': 0.997482, 'tau_reio': 0.06279905, 'P_k_max_1/Mpc': 1.0}
skipping to the next model...
[CHILD][Parent Rank 296] | The following model took too long to complete: 
params: {'lensing': 'yes', 'output': 'tCl,lCl,pCl,mPk', 'l_max_scalars': 2508, 'k_pivot': 0.05, 'N_ur': 2.0328, 'N_ncdm': 1, 'm_ncdm': 0.06, 'T_ncdm': 0.71611, 'N_ncdm_decay_dr': 1, 'quadrature_strategy_ncdm_decay_dr': 3, 'ncdm_fluid_approximation': 3, 'maximum_q_ncdm_decay_dr': 15.0, 'background_method': 0, 'evolver': 1, 'N_momentum_bins_ncdm_decay_dr': 7, 'l_max_ncdm': 13, 'l_max_dr': 13, 'l_max_dr_col': 13, 'omega_b': 0.023796078, 'omega_cdm': 0.1262107, 'Neff_ini_dncdm': 0.6158993, 'log10lifetime_ncdm_decay_dr': 4.071249, 'm_ncdm_decay_dr': 0.02048081, 'H0': 74.05629, 'ln10^{10}A_s': 3.076051, 'n_s': 0.997482, 'tau_reio': 0.06279905, 'P_k_max_1/Mpc': 1.0}

[PARENT][Rank 296] | ERROR: Child process failed during CLASS computation
Model: {'lensing': 'yes', 'output': 'tCl,lCl,pCl,mPk', 'l_max_scalars': 2508, 'k_pivot': 0.05, 'N_ur': 2.0328, 'N_ncdm': 1, 'm_ncdm': 0.06, 'T_ncdm': 0.71611, 'N_ncdm_decay_dr': 1, 'quadrature_strategy_ncdm_decay_dr': 3, 'ncdm_fluid_approximation': 3, 'maximum_q_ncdm_decay_dr': 15.0, 'background_method': 0, 'evolver': 1, 'N_momentum_bins_ncdm_decay_dr': 7, 'l_max_ncdm': 13, 'l_max_dr': 13, 'l_max_dr_col': 13, 'omega_b': 0.023796078, 'omega_cdm': 0.1262107, 'Neff_ini_dncdm': 0.6158993, 'log10lifetime_ncdm_decay_dr': 4.071249, 'm_ncdm_decay_dr': 0.02048081, 'H0': 74.05629, 'ln10^{10}A_s': 3.076051, 'n_s': 0.997482, 'tau_reio': 0.06279905, 'P_k_max_1/Mpc': 1.0}
skipping to the next model...
[CHILD][Parent Rank 314] | The following model took too long to complete: 
params: {'lensing': 'yes', 'output': 'tCl,lCl,pCl,mPk', 'l_max_scalars': 2508, 'k_pivot': 0.05, 'N_ur': 2.0328, 'N_ncdm': 1, 'm_ncdm': 0.06, 'T_ncdm': 0.71611, 'N_ncdm_decay_dr': 1, 'quadrature_strategy_ncdm_decay_dr': 3, 'ncdm_fluid_approximation': 3, 'maximum_q_ncdm_decay_dr': 15.0, 'background_method': 0, 'evolver': 1, 'N_momentum_bins_ncdm_decay_dr': 7, 'l_max_ncdm': 13, 'l_max_dr': 13, 'l_max_dr_col': 13, 'omega_b': 0.023796078, 'omega_cdm': 0.1262107, 'Neff_ini_dncdm': 0.6158993, 'log10lifetime_ncdm_decay_dr': 4.071249, 'm_ncdm_decay_dr': 0.02048081, 'H0': 74.05629, 'ln10^{10}A_s': 3.076051, 'n_s': 0.997482, 'tau_reio': 0.06279905, 'P_k_max_1/Mpc': 1.0}

[PARENT][Rank 314] | ERROR: Child process failed during CLASS computation
Model: {'lensing': 'yes', 'output': 'tCl,lCl,pCl,mPk', 'l_max_scalars': 2508, 'k_pivot': 0.05, 'N_ur': 2.0328, 'N_ncdm': 1, 'm_ncdm': 0.06, 'T_ncdm': 0.71611, 'N_ncdm_decay_dr': 1, 'quadrature_strategy_ncdm_decay_dr': 3, 'ncdm_fluid_approximation': 3, 'maximum_q_ncdm_decay_dr': 15.0, 'background_method': 0, 'evolver': 1, 'N_momentum_bins_ncdm_decay_dr': 7, 'l_max_ncdm': 13, 'l_max_dr': 13, 'l_max_dr_col': 13, 'omega_b': 0.023796078, 'omega_cdm': 0.1262107, 'Neff_ini_dncdm': 0.6158993, 'log10lifetime_ncdm_decay_dr': 4.071249, 'm_ncdm_decay_dr': 0.02048081, 'H0': 74.05629, 'ln10^{10}A_s': 3.076051, 'n_s': 0.997482, 'tau_reio': 0.06279905, 'P_k_max_1/Mpc': 1.0}
skipping to the next model...
[CHILD][Parent Rank 275] | The following model took too long to complete: 
params: {'lensing': 'yes', 'output': 'tCl,lCl,pCl,mPk', 'l_max_scalars': 2508, 'k_pivot': 0.05, 'N_ur': 2.0328, 'N_ncdm': 1, 'm_ncdm': 0.06, 'T_ncdm': 0.71611, 'N_ncdm_decay_dr': 1, 'quadrature_strategy_ncdm_decay_dr': 3, 'ncdm_fluid_approximation': 3, 'maximum_q_ncdm_decay_dr': 15.0, 'background_method': 0, 'evolver': 1, 'N_momentum_bins_ncdm_decay_dr': 7, 'l_max_ncdm': 13, 'l_max_dr': 13, 'l_max_dr_col': 13, 'omega_b': 0.023796078, 'omega_cdm': 0.1262107, 'Neff_ini_dncdm': 0.6158993, 'log10lifetime_ncdm_decay_dr': 4.071249, 'm_ncdm_decay_dr': 0.02048081, 'H0': 74.05629, 'ln10^{10}A_s': 3.076051, 'n_s': 0.997482, 'tau_reio': 0.06279905, 'P_k_max_1/Mpc': 1.0}

[PARENT][Rank 275] | ERROR: Child process failed during CLASS computation
Model: {'lensing': 'yes', 'output': 'tCl,lCl,pCl,mPk', 'l_max_scalars': 2508, 'k_pivot': 0.05, 'N_ur': 2.0328, 'N_ncdm': 1, 'm_ncdm': 0.06, 'T_ncdm': 0.71611, 'N_ncdm_decay_dr': 1, 'quadrature_strategy_ncdm_decay_dr': 3, 'ncdm_fluid_approximation': 3, 'maximum_q_ncdm_decay_dr': 15.0, 'background_method': 0, 'evolver': 1, 'N_momentum_bins_ncdm_decay_dr': 7, 'l_max_ncdm': 13, 'l_max_dr': 13, 'l_max_dr_col': 13, 'omega_b': 0.023796078, 'omega_cdm': 0.1262107, 'Neff_ini_dncdm': 0.6158993, 'log10lifetime_ncdm_decay_dr': 4.071249, 'm_ncdm_decay_dr': 0.02048081, 'H0': 74.05629, 'ln10^{10}A_s': 3.076051, 'n_s': 0.997482, 'tau_reio': 0.06279905, 'P_k_max_1/Mpc': 1.0}
skipping to the next model...
[PARENT][Rank 308] | ERROR: Child process failed during likelihood calculation
Model: {'lensing': 'yes', 'output': 'tCl,lCl,pCl,mPk', 'l_max_scalars': 2508, 'k_pivot': 0.05, 'N_ur': 2.0328, 'N_ncdm': 1, 'm_ncdm': 0.06, 'T_ncdm': 0.71611, 'N_ncdm_decay_dr': 1, 'quadrature_strategy_ncdm_decay_dr': 3, 'ncdm_fluid_approximation': 3, 'maximum_q_ncdm_decay_dr': 15.0, 'background_method': 0, 'evolver': 1, 'N_momentum_bins_ncdm_decay_dr': 7, 'l_max_ncdm': 13, 'l_max_dr': 13, 'l_max_dr_col': 13, 'omega_b': 0.02279486, 'omega_cdm': 0.1353701, 'Neff_ini_dncdm': 0.2145254, 'log10lifetime_ncdm_decay_dr': 3.957109, 'm_ncdm_decay_dr': 13.89781, 'H0': 68.36203, 'ln10^{10}A_s': 3.118707, 'n_s': 1.000356, 'tau_reio': 0.08638714, 'P_k_max_1/Mpc': 1.0}
skipping to the next model...
[PARENT][Rank 308] | ERROR: Child process failed during CLASS computation
Model: {'lensing': 'yes', 'output': 'tCl,lCl,pCl,mPk', 'l_max_scalars': 2508, 'k_pivot': 0.05, 'N_ur': 2.0328, 'N_ncdm': 1, 'm_ncdm': 0.06, 'T_ncdm': 0.71611, 'N_ncdm_decay_dr': 1, 'quadrature_strategy_ncdm_decay_dr': 3, 'ncdm_fluid_approximation': 3, 'maximum_q_ncdm_decay_dr': 15.0, 'background_method': 0, 'evolver': 1, 'N_momentum_bins_ncdm_decay_dr': 7, 'l_max_ncdm': 13, 'l_max_dr': 13, 'l_max_dr_col': 13, 'omega_b': 0.02317682, 'omega_cdm': 0.1233561, 'Neff_ini_dncdm': 0.4885324, 'log10lifetime_ncdm_decay_dr': 2.684165, 'm_ncdm_decay_dr': 6.497516, 'H0': 72.73557, 'ln10^{10}A_s': 3.046331, 'n_s': 0.9952576, 'tau_reio': 0.05215812, 'P_k_max_1/Mpc': 1.0}
skipping to the next model...
[PARENT][Rank 308] | ERROR: Child process failed during likelihood calculation
Model: {'lensing': 'yes', 'output': 'tCl,lCl,pCl,mPk', 'l_max_scalars': 2508, 'k_pivot': 0.05, 'N_ur': 2.0328, 'N_ncdm': 1, 'm_ncdm': 0.06, 'T_ncdm': 0.71611, 'N_ncdm_decay_dr': 1, 'quadrature_strategy_ncdm_decay_dr': 3, 'ncdm_fluid_approximation': 3, 'maximum_q_ncdm_decay_dr': 15.0, 'background_method': 0, 'evolver': 1, 'N_momentum_bins_ncdm_decay_dr': 7, 'l_max_ncdm': 13, 'l_max_dr': 13, 'l_max_dr_col': 13, 'omega_b': 0.023094939, 'omega_cdm': 0.1248652, 'Neff_ini_dncdm': 0.5400053, 'log10lifetime_ncdm_decay_dr': 2.895713, 'm_ncdm_decay_dr': 1.450237, 'H0': 72.1428, 'ln10^{10}A_s': 3.049353, 'n_s': 0.9929576, 'tau_reio': 0.05146002, 'P_k_max_1/Mpc': 1.0}
skipping to the next model...
[PARENT][Rank 308] | ERROR: Child process failed during CLASS computation
Model: {'lensing': 'yes', 'output': 'tCl,lCl,pCl,mPk', 'l_max_scalars': 2508, 'k_pivot': 0.05, 'N_ur': 2.0328, 'N_ncdm': 1, 'm_ncdm': 0.06, 'T_ncdm': 0.71611, 'N_ncdm_decay_dr': 1, 'quadrature_strategy_ncdm_decay_dr': 3, 'ncdm_fluid_approximation': 3, 'maximum_q_ncdm_decay_dr': 15.0, 'background_method': 0, 'evolver': 1, 'N_momentum_bins_ncdm_decay_dr': 7, 'l_max_ncdm': 13, 'l_max_dr': 13, 'l_max_dr_col': 13, 'omega_b': 0.022048129, 'omega_cdm': 0.1208085, 'Neff_ini_dncdm': 0.006014393, 'log10lifetime_ncdm_decay_dr': 3.649428, 'm_ncdm_decay_dr': 240.5814, 'H0': 68.19679, 'ln10^{10}A_s': 3.003564, 'n_s': 0.9799997, 'tau_reio': 0.04647602, 'P_k_max_1/Mpc': 1.0}
skipping to the next model...
[PARENT][Rank 308] | ERROR: Child process failed during likelihood calculation
Model: {'lensing': 'yes', 'output': 'tCl,lCl,pCl,mPk', 'l_max_scalars': 2508, 'k_pivot': 0.05, 'N_ur': 2.0328, 'N_ncdm': 1, 'm_ncdm': 0.06, 'T_ncdm': 0.71611, 'N_ncdm_decay_dr': 1, 'quadrature_strategy_ncdm_decay_dr': 3, 'ncdm_fluid_approximation': 3, 'maximum_q_ncdm_decay_dr': 15.0, 'background_method': 0, 'evolver': 1, 'N_momentum_bins_ncdm_decay_dr': 7, 'l_max_ncdm': 13, 'l_max_dr': 13, 'l_max_dr_col': 13, 'omega_b': 0.022048129, 'omega_cdm': 0.1208085, 'Neff_ini_dncdm': 0.006014393, 'log10lifetime_ncdm_decay_dr': 3.649428, 'm_ncdm_decay_dr': 240.5814, 'H0': 68.19679, 'ln10^{10}A_s': 3.003564, 'n_s': 0.9799997, 'tau_reio': 0.04647602, 'P_k_max_1/Mpc': 1.0}
skipping to the next model...
[PARENT][Rank 308] | ERROR: Child process failed during CLASS computation
Model: {'lensing': 'yes', 'output': 'tCl,lCl,pCl,mPk', 'l_max_scalars': 2508, 'k_pivot': 0.05, 'N_ur': 2.0328, 'N_ncdm': 1, 'm_ncdm': 0.06, 'T_ncdm': 0.71611, 'N_ncdm_decay_dr': 1, 'quadrature_strategy_ncdm_decay_dr': 3, 'ncdm_fluid_approximation': 3, 'maximum_q_ncdm_decay_dr': 15.0, 'background_method': 0, 'evolver': 1, 'N_momentum_bins_ncdm_decay_dr': 7, 'l_max_ncdm': 13, 'l_max_dr': 13, 'l_max_dr_col': 13, 'omega_b': 0.022658538, 'omega_cdm': 0.1217519, 'Neff_ini_dncdm': 0.01164721, 'log10lifetime_ncdm_decay_dr': 2.66257, 'm_ncdm_decay_dr': 230.9641, 'H0': 68.20514, 'ln10^{10}A_s': 3.042009, 'n_s': 0.9704408, 'tau_reio': 0.04448576, 'P_k_max_1/Mpc': 1.0}
skipping to the next model...
[PARENT][Rank 308] | ERROR: Child process failed during likelihood calculation
Model: {'lensing': 'yes', 'output': 'tCl,lCl,pCl,mPk', 'l_max_scalars': 2508, 'k_pivot': 0.05, 'N_ur': 2.0328, 'N_ncdm': 1, 'm_ncdm': 0.06, 'T_ncdm': 0.71611, 'N_ncdm_decay_dr': 1, 'quadrature_strategy_ncdm_decay_dr': 3, 'ncdm_fluid_approximation': 3, 'maximum_q_ncdm_decay_dr': 15.0, 'background_method': 0, 'evolver': 1, 'N_momentum_bins_ncdm_decay_dr': 7, 'l_max_ncdm': 13, 'l_max_dr': 13, 'l_max_dr_col': 13, 'omega_b': 0.022658538, 'omega_cdm': 0.1217519, 'Neff_ini_dncdm': 0.01164721, 'log10lifetime_ncdm_decay_dr': 2.66257, 'm_ncdm_decay_dr': 230.9641, 'H0': 68.20514, 'ln10^{10}A_s': 3.042009, 'n_s': 0.9704408, 'tau_reio': 0.04448576, 'P_k_max_1/Mpc': 1.0}
skipping to the next model...
[PARENT][Rank 308] | ERROR: Child process failed during CLASS computation
Model: {'lensing': 'yes', 'output': 'tCl,lCl,pCl,mPk', 'l_max_scalars': 2508, 'k_pivot': 0.05, 'N_ur': 2.0328, 'N_ncdm': 1, 'm_ncdm': 0.06, 'T_ncdm': 0.71611, 'N_ncdm_decay_dr': 1, 'quadrature_strategy_ncdm_decay_dr': 3, 'ncdm_fluid_approximation': 3, 'maximum_q_ncdm_decay_dr': 15.0, 'background_method': 0, 'evolver': 1, 'N_momentum_bins_ncdm_decay_dr': 7, 'l_max_ncdm': 13, 'l_max_dr': 13, 'l_max_dr_col': 13, 'omega_b': 0.02211836, 'omega_cdm': 0.1218711, 'Neff_ini_dncdm': 0.02943742, 'log10lifetime_ncdm_decay_dr': 2.191095, 'm_ncdm_decay_dr': 201.9628, 'H0': 67.96528, 'ln10^{10}A_s': 3.077268, 'n_s': 0.9688355, 'tau_reio': 0.06767495, 'P_k_max_1/Mpc': 1.0}
skipping to the next model...
[PARENT][Rank 308] | ERROR: Child process failed during likelihood calculation
Model: {'lensing': 'yes', 'output': 'tCl,lCl,pCl,mPk', 'l_max_scalars': 2508, 'k_pivot': 0.05, 'N_ur': 2.0328, 'N_ncdm': 1, 'm_ncdm': 0.06, 'T_ncdm': 0.71611, 'N_ncdm_decay_dr': 1, 'quadrature_strategy_ncdm_decay_dr': 3, 'ncdm_fluid_approximation': 3, 'maximum_q_ncdm_decay_dr': 15.0, 'background_method': 0, 'evolver': 1, 'N_momentum_bins_ncdm_decay_dr': 7, 'l_max_ncdm': 13, 'l_max_dr': 13, 'l_max_dr_col': 13, 'omega_b': 0.02189886, 'omega_cdm': 0.1218603, 'Neff_ini_dncdm': 0.03594077, 'log10lifetime_ncdm_decay_dr': 2.042303, 'm_ncdm_decay_dr': 198.1082, 'H0': 67.87081, 'ln10^{10}A_s': 3.067996, 'n_s': 0.9700304, 'tau_reio': 0.06497935, 'P_k_max_1/Mpc': 1.0}
skipping to the next model...
[PARENT][Rank 308] | ERROR: Child process failed during CLASS computation
Model: {'lensing': 'yes', 'output': 'tCl,lCl,pCl,mPk', 'l_max_scalars': 2508, 'k_pivot': 0.05, 'N_ur': 2.0328, 'N_ncdm': 1, 'm_ncdm': 0.06, 'T_ncdm': 0.71611, 'N_ncdm_decay_dr': 1, 'quadrature_strategy_ncdm_decay_dr': 3, 'ncdm_fluid_approximation': 3, 'maximum_q_ncdm_decay_dr': 15.0, 'background_method': 0, 'evolver': 1, 'N_momentum_bins_ncdm_decay_dr': 7, 'l_max_ncdm': 13, 'l_max_dr': 13, 'l_max_dr_col': 13, 'omega_b': 0.022788998, 'omega_cdm': 0.1198632, 'Neff_ini_dncdm': 0.02095169, 'log10lifetime_ncdm_decay_dr': 2.325816, 'm_ncdm_decay_dr': 204.645, 'H0': 69.35228, 'ln10^{10}A_s': 3.05066, 'n_s': 0.9806226, 'tau_reio': 0.05167235, 'P_k_max_1/Mpc': 1.0}
skipping to the next model...
[PARENT][Rank 308] | ERROR: Child process failed during likelihood calculation
Model: {'lensing': 'yes', 'output': 'tCl,lCl,pCl,mPk', 'l_max_scalars': 2508, 'k_pivot': 0.05, 'N_ur': 2.0328, 'N_ncdm': 1, 'm_ncdm': 0.06, 'T_ncdm': 0.71611, 'N_ncdm_decay_dr': 1, 'quadrature_strategy_ncdm_decay_dr': 3, 'ncdm_fluid_approximation': 3, 'maximum_q_ncdm_decay_dr': 15.0, 'background_method': 0, 'evolver': 1, 'N_momentum_bins_ncdm_decay_dr': 7, 'l_max_ncdm': 13, 'l_max_dr': 13, 'l_max_dr_col': 13, 'omega_b': 0.02261935, 'omega_cdm': 0.1189642, 'Neff_ini_dncdm': 0.02234247, 'log10lifetime_ncdm_decay_dr': 2.094206, 'm_ncdm_decay_dr': 209.2367, 'H0': 69.52436, 'ln10^{10}A_s': 3.046892, 'n_s': 0.9815559, 'tau_reio': 0.05191491, 'P_k_max_1/Mpc': 1.0}
skipping to the next model...
[PARENT][Rank 308] | ERROR: Child process failed during CLASS computation
Model: {'lensing': 'yes', 'output': 'tCl,lCl,pCl,mPk', 'l_max_scalars': 2508, 'k_pivot': 0.05, 'N_ur': 2.0328, 'N_ncdm': 1, 'm_ncdm': 0.06, 'T_ncdm': 0.71611, 'N_ncdm_decay_dr': 1, 'quadrature_strategy_ncdm_decay_dr': 3, 'ncdm_fluid_approximation': 3, 'maximum_q_ncdm_decay_dr': 15.0, 'background_method': 0, 'evolver': 1, 'N_momentum_bins_ncdm_decay_dr': 7, 'l_max_ncdm': 13, 'l_max_dr': 13, 'l_max_dr_col': 13, 'omega_b': 0.02243856, 'omega_cdm': 0.1159185, 'Neff_ini_dncdm': 0.02615759, 'log10lifetime_ncdm_decay_dr': 2.281124, 'm_ncdm_decay_dr': 224.8598, 'H0': 70.54712, 'ln10^{10}A_s': 2.97949, 'n_s': 0.9841056, 'tau_reio': 0.03001538, 'P_k_max_1/Mpc': 1.0}
skipping to the next model...
[PARENT][Rank 308] | ERROR: Child process failed during likelihood calculation
Model: {'lensing': 'yes', 'output': 'tCl,lCl,pCl,mPk', 'l_max_scalars': 2508, 'k_pivot': 0.05, 'N_ur': 2.0328, 'N_ncdm': 1, 'm_ncdm': 0.06, 'T_ncdm': 0.71611, 'N_ncdm_decay_dr': 1, 'quadrature_strategy_ncdm_decay_dr': 3, 'ncdm_fluid_approximation': 3, 'maximum_q_ncdm_decay_dr': 15.0, 'background_method': 0, 'evolver': 1, 'N_momentum_bins_ncdm_decay_dr': 7, 'l_max_ncdm': 13, 'l_max_dr': 13, 'l_max_dr_col': 13, 'omega_b': 0.02243856, 'omega_cdm': 0.1159185, 'Neff_ini_dncdm': 0.02615759, 'log10lifetime_ncdm_decay_dr': 2.281124, 'm_ncdm_decay_dr': 224.8598, 'H0': 70.54712, 'ln10^{10}A_s': 2.97949, 'n_s': 0.9841056, 'tau_reio': 0.03001538, 'P_k_max_1/Mpc': 1.0}
skipping to the next model...
[PARENT][Rank 308] | ERROR: Child process failed during CLASS computation
Model: {'lensing': 'yes', 'output': 'tCl,lCl,pCl,mPk', 'l_max_scalars': 2508, 'k_pivot': 0.05, 'N_ur': 2.0328, 'N_ncdm': 1, 'm_ncdm': 0.06, 'T_ncdm': 0.71611, 'N_ncdm_decay_dr': 1, 'quadrature_strategy_ncdm_decay_dr': 3, 'ncdm_fluid_approximation': 3, 'maximum_q_ncdm_decay_dr': 15.0, 'background_method': 0, 'evolver': 1, 'N_momentum_bins_ncdm_decay_dr': 7, 'l_max_ncdm': 13, 'l_max_dr': 13, 'l_max_dr_col': 13, 'omega_b': 0.022472948, 'omega_cdm': 0.1185827, 'Neff_ini_dncdm': 0.0153694, 'log10lifetime_ncdm_decay_dr': 2.246907, 'm_ncdm_decay_dr': 220.2995, 'H0': 69.29453, 'ln10^{10}A_s': 3.01371, 'n_s': 0.9682145, 'tau_reio': 0.04734362, 'P_k_max_1/Mpc': 1.0}
skipping to the next model...
[PARENT][Rank 308] | ERROR: Child process failed during likelihood calculation
Model: {'lensing': 'yes', 'output': 'tCl,lCl,pCl,mPk', 'l_max_scalars': 2508, 'k_pivot': 0.05, 'N_ur': 2.0328, 'N_ncdm': 1, 'm_ncdm': 0.06, 'T_ncdm': 0.71611, 'N_ncdm_decay_dr': 1, 'quadrature_strategy_ncdm_decay_dr': 3, 'ncdm_fluid_approximation': 3, 'maximum_q_ncdm_decay_dr': 15.0, 'background_method': 0, 'evolver': 1, 'N_momentum_bins_ncdm_decay_dr': 7, 'l_max_ncdm': 13, 'l_max_dr': 13, 'l_max_dr_col': 13, 'omega_b': 0.022472948, 'omega_cdm': 0.1185827, 'Neff_ini_dncdm': 0.0153694, 'log10lifetime_ncdm_decay_dr': 2.246907, 'm_ncdm_decay_dr': 220.2995, 'H0': 69.29453, 'ln10^{10}A_s': 3.01371, 'n_s': 0.9682145, 'tau_reio': 0.04734362, 'P_k_max_1/Mpc': 1.0}
skipping to the next model...
[PARENT][Rank 308] | ERROR: Child process failed during CLASS computation
Model: {'lensing': 'yes', 'output': 'tCl,lCl,pCl,mPk', 'l_max_scalars': 2508, 'k_pivot': 0.05, 'N_ur': 2.0328, 'N_ncdm': 1, 'm_ncdm': 0.06, 'T_ncdm': 0.71611, 'N_ncdm_decay_dr': 1, 'quadrature_strategy_ncdm_decay_dr': 3, 'ncdm_fluid_approximation': 3, 'maximum_q_ncdm_decay_dr': 15.0, 'background_method': 0, 'evolver': 1, 'N_momentum_bins_ncdm_decay_dr': 7, 'l_max_ncdm': 13, 'l_max_dr': 13, 'l_max_dr_col': 13, 'omega_b': 0.021603279, 'omega_cdm': 0.1290964, 'Neff_ini_dncdm': 0.009514377, 'log10lifetime_ncdm_decay_dr': 2.50147, 'm_ncdm_decay_dr': 235.7665, 'H0': 64.47227, 'ln10^{10}A_s': 3.082819, 'n_s': 0.9581338, 'tau_reio': 0.06403182, 'P_k_max_1/Mpc': 1.0}
skipping to the next model...
[PARENT][Rank 308] | ERROR: Child process failed during likelihood calculation
Model: {'lensing': 'yes', 'output': 'tCl,lCl,pCl,mPk', 'l_max_scalars': 2508, 'k_pivot': 0.05, 'N_ur': 2.0328, 'N_ncdm': 1, 'm_ncdm': 0.06, 'T_ncdm': 0.71611, 'N_ncdm_decay_dr': 1, 'quadrature_strategy_ncdm_decay_dr': 3, 'ncdm_fluid_approximation': 3, 'maximum_q_ncdm_decay_dr': 15.0, 'background_method': 0, 'evolver': 1, 'N_momentum_bins_ncdm_decay_dr': 7, 'l_max_ncdm': 13, 'l_max_dr': 13, 'l_max_dr_col': 13, 'omega_b': 0.02160958, 'omega_cdm': 0.1296484, 'Neff_ini_dncdm': 0.01370967, 'log10lifetime_ncdm_decay_dr': 2.645389, 'm_ncdm_decay_dr': 238.8527, 'H0': 64.36461, 'ln10^{10}A_s': 3.091281, 'n_s': 0.9582329, 'tau_reio': 0.06648016, 'P_k_max_1/Mpc': 1.0}
skipping to the next model...
[PARENT][Rank 308] | ERROR: Child process failed during CLASS computation
Model: {'lensing': 'yes', 'output': 'tCl,lCl,pCl,mPk', 'l_max_scalars': 2508, 'k_pivot': 0.05, 'N_ur': 2.0328, 'N_ncdm': 1, 'm_ncdm': 0.06, 'T_ncdm': 0.71611, 'N_ncdm_decay_dr': 1, 'quadrature_strategy_ncdm_decay_dr': 3, 'ncdm_fluid_approximation': 3, 'maximum_q_ncdm_decay_dr': 15.0, 'background_method': 0, 'evolver': 1, 'N_momentum_bins_ncdm_decay_dr': 7, 'l_max_ncdm': 13, 'l_max_dr': 13, 'l_max_dr_col': 13, 'omega_b': 0.02279529, 'omega_cdm': 0.1194087, 'Neff_ini_dncdm': 0.02400488, 'log10lifetime_ncdm_decay_dr': 2.508785, 'm_ncdm_decay_dr': 218.8092, 'H0': 69.71364, 'ln10^{10}A_s': 3.074434, 'n_s': 0.9911036, 'tau_reio': 0.06896725, 'P_k_max_1/Mpc': 1.0}
skipping to the next model...
[PARENT][Rank 308] | ERROR: Child process failed during likelihood calculation
Model: {'lensing': 'yes', 'output': 'tCl,lCl,pCl,mPk', 'l_max_scalars': 2508, 'k_pivot': 0.05, 'N_ur': 2.0328, 'N_ncdm': 1, 'm_ncdm': 0.06, 'T_ncdm': 0.71611, 'N_ncdm_decay_dr': 1, 'quadrature_strategy_ncdm_decay_dr': 3, 'ncdm_fluid_approximation': 3, 'maximum_q_ncdm_decay_dr': 15.0, 'background_method': 0, 'evolver': 1, 'N_momentum_bins_ncdm_decay_dr': 7, 'l_max_ncdm': 13, 'l_max_dr': 13, 'l_max_dr_col': 13, 'omega_b': 0.02279529, 'omega_cdm': 0.1194087, 'Neff_ini_dncdm': 0.02400488, 'log10lifetime_ncdm_decay_dr': 2.508785, 'm_ncdm_decay_dr': 218.8092, 'H0': 69.71364, 'ln10^{10}A_s': 3.074434, 'n_s': 0.9911036, 'tau_reio': 0.06896725, 'P_k_max_1/Mpc': 1.0}
skipping to the next model...
[PARENT][Rank 308] | ERROR: Child process failed during CLASS computation
Model: {'lensing': 'yes', 'output': 'tCl,lCl,pCl,mPk', 'l_max_scalars': 2508, 'k_pivot': 0.05, 'N_ur': 2.0328, 'N_ncdm': 1, 'm_ncdm': 0.06, 'T_ncdm': 0.71611, 'N_ncdm_decay_dr': 1, 'quadrature_strategy_ncdm_decay_dr': 3, 'ncdm_fluid_approximation': 3, 'maximum_q_ncdm_decay_dr': 15.0, 'background_method': 0, 'evolver': 1, 'N_momentum_bins_ncdm_decay_dr': 7, 'l_max_ncdm': 13, 'l_max_dr': 13, 'l_max_dr_col': 13, 'omega_b': 0.022011051, 'omega_cdm': 0.1212114, 'Neff_ini_dncdm': 0.006044396, 'log10lifetime_ncdm_decay_dr': 2.366171, 'm_ncdm_decay_dr': 315.0897, 'H0': 66.96239, 'ln10^{10}A_s': 3.182713, 'n_s': 0.9690444, 'tau_reio': 0.1147224, 'P_k_max_1/Mpc': 1.0}
skipping to the next model...
[PARENT][Rank 308] | ERROR: Child process failed during likelihood calculation
Model: {'lensing': 'yes', 'output': 'tCl,lCl,pCl,mPk', 'l_max_scalars': 2508, 'k_pivot': 0.05, 'N_ur': 2.0328, 'N_ncdm': 1, 'm_ncdm': 0.06, 'T_ncdm': 0.71611, 'N_ncdm_decay_dr': 1, 'quadrature_strategy_ncdm_decay_dr': 3, 'ncdm_fluid_approximation': 3, 'maximum_q_ncdm_decay_dr': 15.0, 'background_method': 0, 'evolver': 1, 'N_momentum_bins_ncdm_decay_dr': 7, 'l_max_ncdm': 13, 'l_max_dr': 13, 'l_max_dr_col': 13, 'omega_b': 0.022011051, 'omega_cdm': 0.1212114, 'Neff_ini_dncdm': 0.006044396, 'log10lifetime_ncdm_decay_dr': 2.366171, 'm_ncdm_decay_dr': 315.0897, 'H0': 66.96239, 'ln10^{10}A_s': 3.182713, 'n_s': 0.9690444, 'tau_reio': 0.1147224, 'P_k_max_1/Mpc': 1.0}
skipping to the next model...
[PARENT][Rank 308] | ERROR: Child process failed during CLASS computation
Model: {'lensing': 'yes', 'output': 'tCl,lCl,pCl,mPk', 'l_max_scalars': 2508, 'k_pivot': 0.05, 'N_ur': 2.0328, 'N_ncdm': 1, 'm_ncdm': 0.06, 'T_ncdm': 0.71611, 'N_ncdm_decay_dr': 1, 'quadrature_strategy_ncdm_decay_dr': 3, 'ncdm_fluid_approximation': 3, 'maximum_q_ncdm_decay_dr': 15.0, 'background_method': 0, 'evolver': 1, 'N_momentum_bins_ncdm_decay_dr': 7, 'l_max_ncdm': 13, 'l_max_dr': 13, 'l_max_dr_col': 13, 'omega_b': 0.02273528, 'omega_cdm': 0.1223719, 'Neff_ini_dncdm': 0.009264683, 'log10lifetime_ncdm_decay_dr': 2.596229, 'm_ncdm_decay_dr': 328.438, 'H0': 67.37862, 'ln10^{10}A_s': 3.070865, 'n_s': 0.9950052, 'tau_reio': 0.0500327, 'P_k_max_1/Mpc': 1.0}
skipping to the next model...
[PARENT][Rank 308] | ERROR: Child process failed during likelihood calculation
Model: {'lensing': 'yes', 'output': 'tCl,lCl,pCl,mPk', 'l_max_scalars': 2508, 'k_pivot': 0.05, 'N_ur': 2.0328, 'N_ncdm': 1, 'm_ncdm': 0.06, 'T_ncdm': 0.71611, 'N_ncdm_decay_dr': 1, 'quadrature_strategy_ncdm_decay_dr': 3, 'ncdm_fluid_approximation': 3, 'maximum_q_ncdm_decay_dr': 15.0, 'background_method': 0, 'evolver': 1, 'N_momentum_bins_ncdm_decay_dr': 7, 'l_max_ncdm': 13, 'l_max_dr': 13, 'l_max_dr_col': 13, 'omega_b': 0.022589581, 'omega_cdm': 0.1238106, 'Neff_ini_dncdm': 0.005080507, 'log10lifetime_ncdm_decay_dr': 2.069488, 'm_ncdm_decay_dr': 324.5876, 'H0': 66.72721, 'ln10^{10}A_s': 3.056214, 'n_s': 0.993448, 'tau_reio': 0.04188046, 'P_k_max_1/Mpc': 1.0}
skipping to the next model...
[PARENT][Rank 308] | ERROR: Child process failed during CLASS computation
Model: {'lensing': 'yes', 'output': 'tCl,lCl,pCl,mPk', 'l_max_scalars': 2508, 'k_pivot': 0.05, 'N_ur': 2.0328, 'N_ncdm': 1, 'm_ncdm': 0.06, 'T_ncdm': 0.71611, 'N_ncdm_decay_dr': 1, 'quadrature_strategy_ncdm_decay_dr': 3, 'ncdm_fluid_approximation': 3, 'maximum_q_ncdm_decay_dr': 15.0, 'background_method': 0, 'evolver': 1, 'N_momentum_bins_ncdm_decay_dr': 7, 'l_max_ncdm': 13, 'l_max_dr': 13, 'l_max_dr_col': 13, 'omega_b': 0.02187134, 'omega_cdm': 0.1252569, 'Neff_ini_dncdm': 0.007415576, 'log10lifetime_ncdm_decay_dr': 2.204759, 'm_ncdm_decay_dr': 341.8372, 'H0': 65.6262, 'ln10^{10}A_s': 3.058042, 'n_s': 0.9730038, 'tau_reio': 0.04108783, 'P_k_max_1/Mpc': 1.0}
skipping to the next model...
[PARENT][Rank 308] | ERROR: Child process failed during likelihood calculation
Model: {'lensing': 'yes', 'output': 'tCl,lCl,pCl,mPk', 'l_max_scalars': 2508, 'k_pivot': 0.05, 'N_ur': 2.0328, 'N_ncdm': 1, 'm_ncdm': 0.06, 'T_ncdm': 0.71611, 'N_ncdm_decay_dr': 1, 'quadrature_strategy_ncdm_decay_dr': 3, 'ncdm_fluid_approximation': 3, 'maximum_q_ncdm_decay_dr': 15.0, 'background_method': 0, 'evolver': 1, 'N_momentum_bins_ncdm_decay_dr': 7, 'l_max_ncdm': 13, 'l_max_dr': 13, 'l_max_dr_col': 13, 'omega_b': 0.02181333, 'omega_cdm': 0.1256916, 'Neff_ini_dncdm': 0.01416845, 'log10lifetime_ncdm_decay_dr': 2.048764, 'm_ncdm_decay_dr': 343.4127, 'H0': 65.54431, 'ln10^{10}A_s': 3.058786, 'n_s': 0.9741464, 'tau_reio': 0.0408343, 'P_k_max_1/Mpc': 1.0}
skipping to the next model...
[PARENT][Rank 308] | ERROR: Child process failed during CLASS computation
Model: {'lensing': 'yes', 'output': 'tCl,lCl,pCl,mPk', 'l_max_scalars': 2508, 'k_pivot': 0.05, 'N_ur': 2.0328, 'N_ncdm': 1, 'm_ncdm': 0.06, 'T_ncdm': 0.71611, 'N_ncdm_decay_dr': 1, 'quadrature_strategy_ncdm_decay_dr': 3, 'ncdm_fluid_approximation': 3, 'maximum_q_ncdm_decay_dr': 15.0, 'background_method': 0, 'evolver': 1, 'N_momentum_bins_ncdm_decay_dr': 7, 'l_max_ncdm': 13, 'l_max_dr': 13, 'l_max_dr_col': 13, 'omega_b': 0.022386478, 'omega_cdm': 0.1212787, 'Neff_ini_dncdm': 0.001255549, 'log10lifetime_ncdm_decay_dr': 2.733242, 'm_ncdm_decay_dr': 370.3112, 'H0': 67.26189, 'ln10^{10}A_s': 3.176621, 'n_s': 0.987175, 'tau_reio': 0.1085413, 'P_k_max_1/Mpc': 1.0}
skipping to the next model...
[PARENT][Rank 308] | ERROR: Child process failed during likelihood calculation
Model: {'lensing': 'yes', 'output': 'tCl,lCl,pCl,mPk', 'l_max_scalars': 2508, 'k_pivot': 0.05, 'N_ur': 2.0328, 'N_ncdm': 1, 'm_ncdm': 0.06, 'T_ncdm': 0.71611, 'N_ncdm_decay_dr': 1, 'quadrature_strategy_ncdm_decay_dr': 3, 'ncdm_fluid_approximation': 3, 'maximum_q_ncdm_decay_dr': 15.0, 'background_method': 0, 'evolver': 1, 'N_momentum_bins_ncdm_decay_dr': 7, 'l_max_ncdm': 13, 'l_max_dr': 13, 'l_max_dr_col': 13, 'omega_b': 0.022386478, 'omega_cdm': 0.1212787, 'Neff_ini_dncdm': 0.001255549, 'log10lifetime_ncdm_decay_dr': 2.733242, 'm_ncdm_decay_dr': 370.3112, 'H0': 67.26189, 'ln10^{10}A_s': 3.176621, 'n_s': 0.987175, 'tau_reio': 0.1085413, 'P_k_max_1/Mpc': 1.0}
skipping to the next model...
[PARENT][Rank 308] | ERROR: Child process failed during CLASS computation
Model: {'lensing': 'yes', 'output': 'tCl,lCl,pCl,mPk', 'l_max_scalars': 2508, 'k_pivot': 0.05, 'N_ur': 2.0328, 'N_ncdm': 1, 'm_ncdm': 0.06, 'T_ncdm': 0.71611, 'N_ncdm_decay_dr': 1, 'quadrature_strategy_ncdm_decay_dr': 3, 'ncdm_fluid_approximation': 3, 'maximum_q_ncdm_decay_dr': 15.0, 'background_method': 0, 'evolver': 1, 'N_momentum_bins_ncdm_decay_dr': 7, 'l_max_ncdm': 13, 'l_max_dr': 13, 'l_max_dr_col': 13, 'omega_b': 0.02272731, 'omega_cdm': 0.1198885, 'Neff_ini_dncdm': 0.0009105657, 'log10lifetime_ncdm_decay_dr': 3.483361, 'm_ncdm_decay_dr': 374.3484, 'H0': 68.49744, 'ln10^{10}A_s': 3.140525, 'n_s': 1.000424, 'tau_reio': 0.103819, 'P_k_max_1/Mpc': 1.0}
skipping to the next model...
[PARENT][Rank 308] | ERROR: Child process failed during likelihood calculation
Model: {'lensing': 'yes', 'output': 'tCl,lCl,pCl,mPk', 'l_max_scalars': 2508, 'k_pivot': 0.05, 'N_ur': 2.0328, 'N_ncdm': 1, 'm_ncdm': 0.06, 'T_ncdm': 0.71611, 'N_ncdm_decay_dr': 1, 'quadrature_strategy_ncdm_decay_dr': 3, 'ncdm_fluid_approximation': 3, 'maximum_q_ncdm_decay_dr': 15.0, 'background_method': 0, 'evolver': 1, 'N_momentum_bins_ncdm_decay_dr': 7, 'l_max_ncdm': 13, 'l_max_dr': 13, 'l_max_dr_col': 13, 'omega_b': 0.02272731, 'omega_cdm': 0.1198885, 'Neff_ini_dncdm': 0.0009105657, 'log10lifetime_ncdm_decay_dr': 3.483361, 'm_ncdm_decay_dr': 374.3484, 'H0': 68.49744, 'ln10^{10}A_s': 3.140525, 'n_s': 1.000424, 'tau_reio': 0.103819, 'P_k_max_1/Mpc': 1.0}
skipping to the next model...
[PARENT][Rank 308] | ERROR: Child process failed during CLASS computation
Model: {'lensing': 'yes', 'output': 'tCl,lCl,pCl,mPk', 'l_max_scalars': 2508, 'k_pivot': 0.05, 'N_ur': 2.0328, 'N_ncdm': 1, 'm_ncdm': 0.06, 'T_ncdm': 0.71611, 'N_ncdm_decay_dr': 1, 'quadrature_strategy_ncdm_decay_dr': 3, 'ncdm_fluid_approximation': 3, 'maximum_q_ncdm_decay_dr': 15.0, 'background_method': 0, 'evolver': 1, 'N_momentum_bins_ncdm_decay_dr': 7, 'l_max_ncdm': 13, 'l_max_dr': 13, 'l_max_dr_col': 13, 'omega_b': 0.02282903, 'omega_cdm': 0.1205968, 'Neff_ini_dncdm': 0.003489129, 'log10lifetime_ncdm_decay_dr': 2.460253, 'm_ncdm_decay_dr': 318.0821, 'H0': 67.92731, 'ln10^{10}A_s': 3.112096, 'n_s': 0.9823541, 'tau_reio': 0.08739784, 'P_k_max_1/Mpc': 1.0}
skipping to the next model...
[PARENT][Rank 308] | ERROR: Child process failed during likelihood calculation
Model: {'lensing': 'yes', 'output': 'tCl,lCl,pCl,mPk', 'l_max_scalars': 2508, 'k_pivot': 0.05, 'N_ur': 2.0328, 'N_ncdm': 1, 'm_ncdm': 0.06, 'T_ncdm': 0.71611, 'N_ncdm_decay_dr': 1, 'quadrature_strategy_ncdm_decay_dr': 3, 'ncdm_fluid_approximation': 3, 'maximum_q_ncdm_decay_dr': 15.0, 'background_method': 0, 'evolver': 1, 'N_momentum_bins_ncdm_decay_dr': 7, 'l_max_ncdm': 13, 'l_max_dr': 13, 'l_max_dr_col': 13, 'omega_b': 0.02282022, 'omega_cdm': 0.1211154, 'Neff_ini_dncdm': 0.002407795, 'log10lifetime_ncdm_decay_dr': 3.037419, 'm_ncdm_decay_dr': 318.588, 'H0': 67.67539, 'ln10^{10}A_s': 3.110663, 'n_s': 0.982491, 'tau_reio': 0.08476324, 'P_k_max_1/Mpc': 1.0}
skipping to the next model...
[PARENT][Rank 308] | ERROR: Child process failed during CLASS computation
Model: {'lensing': 'yes', 'output': 'tCl,lCl,pCl,mPk', 'l_max_scalars': 2508, 'k_pivot': 0.05, 'N_ur': 2.0328, 'N_ncdm': 1, 'm_ncdm': 0.06, 'T_ncdm': 0.71611, 'N_ncdm_decay_dr': 1, 'quadrature_strategy_ncdm_decay_dr': 3, 'ncdm_fluid_approximation': 3, 'maximum_q_ncdm_decay_dr': 15.0, 'background_method': 0, 'evolver': 1, 'N_momentum_bins_ncdm_decay_dr': 7, 'l_max_ncdm': 13, 'l_max_dr': 13, 'l_max_dr_col': 13, 'omega_b': 0.02239082, 'omega_cdm': 0.1202527, 'Neff_ini_dncdm': 0.002926159, 'log10lifetime_ncdm_decay_dr': 2.361272, 'm_ncdm_decay_dr': 294.1075, 'H0': 67.44214, 'ln10^{10}A_s': 3.08794, 'n_s': 0.9738187, 'tau_reio': 0.08588758, 'P_k_max_1/Mpc': 1.0}
skipping to the next model...
[PARENT][Rank 308] | ERROR: Child process failed during likelihood calculation
Model: {'lensing': 'yes', 'output': 'tCl,lCl,pCl,mPk', 'l_max_scalars': 2508, 'k_pivot': 0.05, 'N_ur': 2.0328, 'N_ncdm': 1, 'm_ncdm': 0.06, 'T_ncdm': 0.71611, 'N_ncdm_decay_dr': 1, 'quadrature_strategy_ncdm_decay_dr': 3, 'ncdm_fluid_approximation': 3, 'maximum_q_ncdm_decay_dr': 15.0, 'background_method': 0, 'evolver': 1, 'N_momentum_bins_ncdm_decay_dr': 7, 'l_max_ncdm': 13, 'l_max_dr': 13, 'l_max_dr_col': 13, 'omega_b': 0.02239082, 'omega_cdm': 0.1202527, 'Neff_ini_dncdm': 0.002926159, 'log10lifetime_ncdm_decay_dr': 2.361272, 'm_ncdm_decay_dr': 294.1075, 'H0': 67.44214, 'ln10^{10}A_s': 3.08794, 'n_s': 0.9738187, 'tau_reio': 0.08588758, 'P_k_max_1/Mpc': 1.0}
skipping to the next model...
[PARENT][Rank 308] | ERROR: Child process failed during CLASS computation
Model: {'lensing': 'yes', 'output': 'tCl,lCl,pCl,mPk', 'l_max_scalars': 2508, 'k_pivot': 0.05, 'N_ur': 2.0328, 'N_ncdm': 1, 'm_ncdm': 0.06, 'T_ncdm': 0.71611, 'N_ncdm_decay_dr': 1, 'quadrature_strategy_ncdm_decay_dr': 3, 'ncdm_fluid_approximation': 3, 'maximum_q_ncdm_decay_dr': 15.0, 'background_method': 0, 'evolver': 1, 'N_momentum_bins_ncdm_decay_dr': 7, 'l_max_ncdm': 13, 'l_max_dr': 13, 'l_max_dr_col': 13, 'omega_b': 0.02225794, 'omega_cdm': 0.1205938, 'Neff_ini_dncdm': 0.007095904, 'log10lifetime_ncdm_decay_dr': 2.765738, 'm_ncdm_decay_dr': 288.4129, 'H0': 67.77016, 'ln10^{10}A_s': 3.067776, 'n_s': 0.9770663, 'tau_reio': 0.07687302, 'P_k_max_1/Mpc': 1.0}
skipping to the next model...
[PARENT][Rank 308] | ERROR: Child process failed during likelihood calculation
Model: {'lensing': 'yes', 'output': 'tCl,lCl,pCl,mPk', 'l_max_scalars': 2508, 'k_pivot': 0.05, 'N_ur': 2.0328, 'N_ncdm': 1, 'm_ncdm': 0.06, 'T_ncdm': 0.71611, 'N_ncdm_decay_dr': 1, 'quadrature_strategy_ncdm_decay_dr': 3, 'ncdm_fluid_approximation': 3, 'maximum_q_ncdm_decay_dr': 15.0, 'background_method': 0, 'evolver': 1, 'N_momentum_bins_ncdm_decay_dr': 7, 'l_max_ncdm': 13, 'l_max_dr': 13, 'l_max_dr_col': 13, 'omega_b': 0.02225794, 'omega_cdm': 0.1205938, 'Neff_ini_dncdm': 0.007095904, 'log10lifetime_ncdm_decay_dr': 2.765738, 'm_ncdm_decay_dr': 288.4129, 'H0': 67.77016, 'ln10^{10}A_s': 3.067776, 'n_s': 0.9770663, 'tau_reio': 0.07687302, 'P_k_max_1/Mpc': 1.0}
skipping to the next model...
[PARENT][Rank 308] | ERROR: Child process failed during CLASS computation
Model: {'lensing': 'yes', 'output': 'tCl,lCl,pCl,mPk', 'l_max_scalars': 2508, 'k_pivot': 0.05, 'N_ur': 2.0328, 'N_ncdm': 1, 'm_ncdm': 0.06, 'T_ncdm': 0.71611, 'N_ncdm_decay_dr': 1, 'quadrature_strategy_ncdm_decay_dr': 3, 'ncdm_fluid_approximation': 3, 'maximum_q_ncdm_decay_dr': 15.0, 'background_method': 0, 'evolver': 1, 'N_momentum_bins_ncdm_decay_dr': 7, 'l_max_ncdm': 13, 'l_max_dr': 13, 'l_max_dr_col': 13, 'omega_b': 0.02192556, 'omega_cdm': 0.1213664, 'Neff_ini_dncdm': 0.003662174, 'log10lifetime_ncdm_decay_dr': 2.396062, 'm_ncdm_decay_dr': 288.2088, 'H0': 66.84884, 'ln10^{10}A_s': 3.151821, 'n_s': 0.9803014, 'tau_reio': 0.1157352, 'P_k_max_1/Mpc': 1.0}
skipping to the next model...
[PARENT][Rank 308] | ERROR: Child process failed during likelihood calculation
Model: {'lensing': 'yes', 'output': 'tCl,lCl,pCl,mPk', 'l_max_scalars': 2508, 'k_pivot': 0.05, 'N_ur': 2.0328, 'N_ncdm': 1, 'm_ncdm': 0.06, 'T_ncdm': 0.71611, 'N_ncdm_decay_dr': 1, 'quadrature_strategy_ncdm_decay_dr': 3, 'ncdm_fluid_approximation': 3, 'maximum_q_ncdm_decay_dr': 15.0, 'background_method': 0, 'evolver': 1, 'N_momentum_bins_ncdm_decay_dr': 7, 'l_max_ncdm': 13, 'l_max_dr': 13, 'l_max_dr_col': 13, 'omega_b': 0.02192556, 'omega_cdm': 0.1213664, 'Neff_ini_dncdm': 0.003662174, 'log10lifetime_ncdm_decay_dr': 2.396062, 'm_ncdm_decay_dr': 288.2088, 'H0': 66.84884, 'ln10^{10}A_s': 3.151821, 'n_s': 0.9803014, 'tau_reio': 0.1157352, 'P_k_max_1/Mpc': 1.0}
skipping to the next model...
[PARENT][Rank 308] | ERROR: Child process failed during CLASS computation
Model: {'lensing': 'yes', 'output': 'tCl,lCl,pCl,mPk', 'l_max_scalars': 2508, 'k_pivot': 0.05, 'N_ur': 2.0328, 'N_ncdm': 1, 'm_ncdm': 0.06, 'T_ncdm': 0.71611, 'N_ncdm_decay_dr': 1, 'quadrature_strategy_ncdm_decay_dr': 3, 'ncdm_fluid_approximation': 3, 'maximum_q_ncdm_decay_dr': 15.0, 'background_method': 0, 'evolver': 1, 'N_momentum_bins_ncdm_decay_dr': 7, 'l_max_ncdm': 13, 'l_max_dr': 13, 'l_max_dr_col': 13, 'omega_b': 0.022056898, 'omega_cdm': 0.118585, 'Neff_ini_dncdm': 0.03430738, 'log10lifetime_ncdm_decay_dr': 2.317153, 'm_ncdm_decay_dr': 148.2429, 'H0': 68.61432, 'ln10^{10}A_s': 2.975744, 'n_s': 0.9782716, 'tau_reio': 0.017626, 'P_k_max_1/Mpc': 1.0}
skipping to the next model...
[PARENT][Rank 308] | ERROR: Child process failed during likelihood calculation
Model: {'lensing': 'yes', 'output': 'tCl,lCl,pCl,mPk', 'l_max_scalars': 2508, 'k_pivot': 0.05, 'N_ur': 2.0328, 'N_ncdm': 1, 'm_ncdm': 0.06, 'T_ncdm': 0.71611, 'N_ncdm_decay_dr': 1, 'quadrature_strategy_ncdm_decay_dr': 3, 'ncdm_fluid_approximation': 3, 'maximum_q_ncdm_decay_dr': 15.0, 'background_method': 0, 'evolver': 1, 'N_momentum_bins_ncdm_decay_dr': 7, 'l_max_ncdm': 13, 'l_max_dr': 13, 'l_max_dr_col': 13, 'omega_b': 0.02192116, 'omega_cdm': 0.1196286, 'Neff_ini_dncdm': 0.008304406, 'log10lifetime_ncdm_decay_dr': 2.86736, 'm_ncdm_decay_dr': 157.8145, 'H0': 68.09626, 'ln10^{10}A_s': 2.991838, 'n_s': 0.9743828, 'tau_reio': 0.02265537, 'P_k_max_1/Mpc': 1.0}
skipping to the next model...
[PARENT][Rank 308] | ERROR: Child process failed during CLASS computation
Model: {'lensing': 'yes', 'output': 'tCl,lCl,pCl,mPk', 'l_max_scalars': 2508, 'k_pivot': 0.05, 'N_ur': 2.0328, 'N_ncdm': 1, 'm_ncdm': 0.06, 'T_ncdm': 0.71611, 'N_ncdm_decay_dr': 1, 'quadrature_strategy_ncdm_decay_dr': 3, 'ncdm_fluid_approximation': 3, 'maximum_q_ncdm_decay_dr': 15.0, 'background_method': 0, 'evolver': 1, 'N_momentum_bins_ncdm_decay_dr': 7, 'l_max_ncdm': 13, 'l_max_dr': 13, 'l_max_dr_col': 13, 'omega_b': 0.02114262, 'omega_cdm': 0.1285188, 'Neff_ini_dncdm': 0.008434432, 'log10lifetime_ncdm_decay_dr': 3.047664, 'm_ncdm_decay_dr': 159.7702, 'H0': 63.88338, 'ln10^{10}A_s': 3.013591, 'n_s': 0.9655391, 'tau_reio': 0.03542746, 'P_k_max_1/Mpc': 1.0}
skipping to the next model...
[PARENT][Rank 308] | ERROR: Child process failed during likelihood calculation
Model: {'lensing': 'yes', 'output': 'tCl,lCl,pCl,mPk', 'l_max_scalars': 2508, 'k_pivot': 0.05, 'N_ur': 2.0328, 'N_ncdm': 1, 'm_ncdm': 0.06, 'T_ncdm': 0.71611, 'N_ncdm_decay_dr': 1, 'quadrature_strategy_ncdm_decay_dr': 3, 'ncdm_fluid_approximation': 3, 'maximum_q_ncdm_decay_dr': 15.0, 'background_method': 0, 'evolver': 1, 'N_momentum_bins_ncdm_decay_dr': 7, 'l_max_ncdm': 13, 'l_max_dr': 13, 'l_max_dr_col': 13, 'omega_b': 0.02155776, 'omega_cdm': 0.1251868, 'Neff_ini_dncdm': 0.02756383, 'log10lifetime_ncdm_decay_dr': 2.16054, 'm_ncdm_decay_dr': 164.2101, 'H0': 65.50574, 'ln10^{10}A_s': 3.025607, 'n_s': 0.969345, 'tau_reio': 0.04046162, 'P_k_max_1/Mpc': 1.0}
skipping to the next model...
[PARENT][Rank 308] | ERROR: Child process failed during CLASS computation
Model: {'lensing': 'yes', 'output': 'tCl,lCl,pCl,mPk', 'l_max_scalars': 2508, 'k_pivot': 0.05, 'N_ur': 2.0328, 'N_ncdm': 1, 'm_ncdm': 0.06, 'T_ncdm': 0.71611, 'N_ncdm_decay_dr': 1, 'quadrature_strategy_ncdm_decay_dr': 3, 'ncdm_fluid_approximation': 3, 'maximum_q_ncdm_decay_dr': 15.0, 'background_method': 0, 'evolver': 1, 'N_momentum_bins_ncdm_decay_dr': 7, 'l_max_ncdm': 13, 'l_max_dr': 13, 'l_max_dr_col': 13, 'omega_b': 0.022267489, 'omega_cdm': 0.1213586, 'Neff_ini_dncdm': 0.005654698, 'log10lifetime_ncdm_decay_dr': 3.1559, 'm_ncdm_decay_dr': 164.7185, 'H0': 67.67756, 'ln10^{10}A_s': 2.999895, 'n_s': 0.9553009, 'tau_reio': 0.03046489, 'P_k_max_1/Mpc': 1.0}
skipping to the next model...
[PARENT][Rank 308] | ERROR: Child process failed during likelihood calculation
Model: {'lensing': 'yes', 'output': 'tCl,lCl,pCl,mPk', 'l_max_scalars': 2508, 'k_pivot': 0.05, 'N_ur': 2.0328, 'N_ncdm': 1, 'm_ncdm': 0.06, 'T_ncdm': 0.71611, 'N_ncdm_decay_dr': 1, 'quadrature_strategy_ncdm_decay_dr': 3, 'ncdm_fluid_approximation': 3, 'maximum_q_ncdm_decay_dr': 15.0, 'background_method': 0, 'evolver': 1, 'N_momentum_bins_ncdm_decay_dr': 7, 'l_max_ncdm': 13, 'l_max_dr': 13, 'l_max_dr_col': 13, 'omega_b': 0.02228105, 'omega_cdm': 0.1210346, 'Neff_ini_dncdm': 0.007536994, 'log10lifetime_ncdm_decay_dr': 3.331795, 'm_ncdm_decay_dr': 165.2401, 'H0': 67.74351, 'ln10^{10}A_s': 2.995246, 'n_s': 0.9570451, 'tau_reio': 0.02694471, 'P_k_max_1/Mpc': 1.0}
skipping to the next model...
[PARENT][Rank 308] | ERROR: Child process failed during CLASS computation
Model: {'lensing': 'yes', 'output': 'tCl,lCl,pCl,mPk', 'l_max_scalars': 2508, 'k_pivot': 0.05, 'N_ur': 2.0328, 'N_ncdm': 1, 'm_ncdm': 0.06, 'T_ncdm': 0.71611, 'N_ncdm_decay_dr': 1, 'quadrature_strategy_ncdm_decay_dr': 3, 'ncdm_fluid_approximation': 3, 'maximum_q_ncdm_decay_dr': 15.0, 'background_method': 0, 'evolver': 1, 'N_momentum_bins_ncdm_decay_dr': 7, 'l_max_ncdm': 13, 'l_max_dr': 13, 'l_max_dr_col': 13, 'omega_b': 0.02201908, 'omega_cdm': 0.1237631, 'Neff_ini_dncdm': 0.02942516, 'log10lifetime_ncdm_decay_dr': 2.078548, 'm_ncdm_decay_dr': 167.9669, 'H0': 66.73461, 'ln10^{10}A_s': 3.031388, 'n_s': 0.9666268, 'tau_reio': 0.04336963, 'P_k_max_1/Mpc': 1.0}
skipping to the next model...
[PARENT][Rank 308] | ERROR: Child process failed during likelihood calculation
Model: {'lensing': 'yes', 'output': 'tCl,lCl,pCl,mPk', 'l_max_scalars': 2508, 'k_pivot': 0.05, 'N_ur': 2.0328, 'N_ncdm': 1, 'm_ncdm': 0.06, 'T_ncdm': 0.71611, 'N_ncdm_decay_dr': 1, 'quadrature_strategy_ncdm_decay_dr': 3, 'ncdm_fluid_approximation': 3, 'maximum_q_ncdm_decay_dr': 15.0, 'background_method': 0, 'evolver': 1, 'N_momentum_bins_ncdm_decay_dr': 7, 'l_max_ncdm': 13, 'l_max_dr': 13, 'l_max_dr_col': 13, 'omega_b': 0.02215766, 'omega_cdm': 0.1243034, 'Neff_ini_dncdm': 0.01949434, 'log10lifetime_ncdm_decay_dr': 2.192774, 'm_ncdm_decay_dr': 172.7246, 'H0': 66.52849, 'ln10^{10}A_s': 3.039201, 'n_s': 0.9663324, 'tau_reio': 0.05101207, 'P_k_max_1/Mpc': 1.0}
skipping to the next model...
[PARENT][Rank 308] | ERROR: Child process failed during CLASS computation
Model: {'lensing': 'yes', 'output': 'tCl,lCl,pCl,mPk', 'l_max_scalars': 2508, 'k_pivot': 0.05, 'N_ur': 2.0328, 'N_ncdm': 1, 'm_ncdm': 0.06, 'T_ncdm': 0.71611, 'N_ncdm_decay_dr': 1, 'quadrature_strategy_ncdm_decay_dr': 3, 'ncdm_fluid_approximation': 3, 'maximum_q_ncdm_decay_dr': 15.0, 'background_method': 0, 'evolver': 1, 'N_momentum_bins_ncdm_decay_dr': 7, 'l_max_ncdm': 13, 'l_max_dr': 13, 'l_max_dr_col': 13, 'omega_b': 0.02204459, 'omega_cdm': 0.1244614, 'Neff_ini_dncdm': 0.004676791, 'log10lifetime_ncdm_decay_dr': 2.765837, 'm_ncdm_decay_dr': 180.4311, 'H0': 65.70069, 'ln10^{10}A_s': 3.039725, 'n_s': 0.9611732, 'tau_reio': 0.04913786, 'P_k_max_1/Mpc': 1.0}
skipping to the next model...
[PARENT][Rank 308] | ERROR: Child process failed during likelihood calculation
Model: {'lensing': 'yes', 'output': 'tCl,lCl,pCl,mPk', 'l_max_scalars': 2508, 'k_pivot': 0.05, 'N_ur': 2.0328, 'N_ncdm': 1, 'm_ncdm': 0.06, 'T_ncdm': 0.71611, 'N_ncdm_decay_dr': 1, 'quadrature_strategy_ncdm_decay_dr': 3, 'ncdm_fluid_approximation': 3, 'maximum_q_ncdm_decay_dr': 15.0, 'background_method': 0, 'evolver': 1, 'N_momentum_bins_ncdm_decay_dr': 7, 'l_max_ncdm': 13, 'l_max_dr': 13, 'l_max_dr_col': 13, 'omega_b': 0.02227219, 'omega_cdm': 0.1214614, 'Neff_ini_dncdm': 0.003118635, 'log10lifetime_ncdm_decay_dr': 2.793281, 'm_ncdm_decay_dr': 187.8513, 'H0': 67.32318, 'ln10^{10}A_s': 3.041804, 'n_s': 0.9724895, 'tau_reio': 0.05422318, 'P_k_max_1/Mpc': 1.0}
skipping to the next model...
[PARENT][Rank 308] | ERROR: Child process failed during CLASS computation
Model: {'lensing': 'yes', 'output': 'tCl,lCl,pCl,mPk', 'l_max_scalars': 2508, 'k_pivot': 0.05, 'N_ur': 2.0328, 'N_ncdm': 1, 'm_ncdm': 0.06, 'T_ncdm': 0.71611, 'N_ncdm_decay_dr': 1, 'quadrature_strategy_ncdm_decay_dr': 3, 'ncdm_fluid_approximation': 3, 'maximum_q_ncdm_decay_dr': 15.0, 'background_method': 0, 'evolver': 1, 'N_momentum_bins_ncdm_decay_dr': 7, 'l_max_ncdm': 13, 'l_max_dr': 13, 'l_max_dr_col': 13, 'omega_b': 0.022479469, 'omega_cdm': 0.1201787, 'Neff_ini_dncdm': 0.01901117, 'log10lifetime_ncdm_decay_dr': 2.465212, 'm_ncdm_decay_dr': 226.3732, 'H0': 68.30649, 'ln10^{10}A_s': 3.001758, 'n_s': 0.9630944, 'tau_reio': 0.03782147, 'P_k_max_1/Mpc': 1.0}
skipping to the next model...
[PARENT][Rank 308] | ERROR: Child process failed during likelihood calculation
Model: {'lensing': 'yes', 'output': 'tCl,lCl,pCl,mPk', 'l_max_scalars': 2508, 'k_pivot': 0.05, 'N_ur': 2.0328, 'N_ncdm': 1, 'm_ncdm': 0.06, 'T_ncdm': 0.71611, 'N_ncdm_decay_dr': 1, 'quadrature_strategy_ncdm_decay_dr': 3, 'ncdm_fluid_approximation': 3, 'maximum_q_ncdm_decay_dr': 15.0, 'background_method': 0, 'evolver': 1, 'N_momentum_bins_ncdm_decay_dr': 7, 'l_max_ncdm': 13, 'l_max_dr': 13, 'l_max_dr_col': 13, 'omega_b': 0.02214432, 'omega_cdm': 0.12068, 'Neff_ini_dncdm': 0.002571819, 'log10lifetime_ncdm_decay_dr': 2.345698, 'm_ncdm_decay_dr': 223.867, 'H0': 67.69546, 'ln10^{10}A_s': 3.003341, 'n_s': 0.9652219, 'tau_reio': 0.04010731, 'P_k_max_1/Mpc': 1.0}
skipping to the next model...
[PARENT][Rank 308] | ERROR: Child process failed during CLASS computation
Model: {'lensing': 'yes', 'output': 'tCl,lCl,pCl,mPk', 'l_max_scalars': 2508, 'k_pivot': 0.05, 'N_ur': 2.0328, 'N_ncdm': 1, 'm_ncdm': 0.06, 'T_ncdm': 0.71611, 'N_ncdm_decay_dr': 1, 'quadrature_strategy_ncdm_decay_dr': 3, 'ncdm_fluid_approximation': 3, 'maximum_q_ncdm_decay_dr': 15.0, 'background_method': 0, 'evolver': 1, 'N_momentum_bins_ncdm_decay_dr': 7, 'l_max_ncdm': 13, 'l_max_dr': 13, 'l_max_dr_col': 13, 'omega_b': 0.02189306, 'omega_cdm': 0.1146475, 'Neff_ini_dncdm': 6.257272e-05, 'log10lifetime_ncdm_decay_dr': 2.227527, 'm_ncdm_decay_dr': 233.6704, 'H0': 69.47161, 'ln10^{10}A_s': 2.988166, 'n_s': 0.9852288, 'tau_reio': 0.04518971, 'P_k_max_1/Mpc': 1.0}
skipping to the next model...
[Master] [WARNING] Received ABORT command from ranks: {43}.
This is due to the parent failing closing down the child process properly.
Or the child process crashed or was unresponsive at some point.
Exiting through MPI.Abort() to prevent hanging/deadlock.
--------------------------------------------------------------------------
MPI_ABORT was invoked on rank 0 in communicator MPI_COMM_WORLD
with errorcode 1.

NOTE: invoking MPI_ABORT causes Open MPI to kill all MPI processes.
You may or may not see output from other processes, depending on
exactly when Open MPI kills them.
--------------------------------------------------------------------------
--------------------------------------------------------------------------
An MPI communication peer process has unexpectedly disconnected.  This
usually indicates a failure in the peer process (e.g., a crash or
otherwise exiting without calling MPI_FINALIZE first).

Although this local MPI process will likely now behave unpredictably
(it may even hang or crash), the root cause of this problem is the
failure of the peer -- that is what you need to investigate.  For
example, there may be a core file that you can examine.  More
generally: such peer hangups are frequently caused by application bugs
or other external events.

  Local host: s44n20
  Local PID:  3443608
  Peer host:  s44n12
--------------------------------------------------------------------------
[CHILD][Parent Rank 35] | CRITICAL ERROR: Process killed by SIGTERM (Job Cancelled or Terminated)
[CHILD][Parent Rank 6] | CRITICAL ERROR: Process killed by SIGTERM (Job Cancelled or Terminated)
[CHILD][Parent Rank 198] | CRITICAL ERROR: Process killed by SIGTERM (Job Cancelled or Terminated)
[s44n12.grendel.cscaa.dk:3889470] 5 more processes have sent help message help-mpi-btl-tcp.txt / peer hung up
[s44n12.grendel.cscaa.dk:3889470] Set MCA parameter "orte_base_help_aggregate" to 0 to see all help / error messages
WARNING: mpirun failed with exit code 1, but calculations completed successfully. Checking for lingering MPI processes...
No lingering MPI processes found.
Check complete, continuing...
[CHILD][Parent Rank 383] | The following model took too long to complete: 
params: {'lensing': 'yes', 'output': 'tCl,lCl,pCl,mPk', 'l_max_scalars': 2508, 'k_pivot': 0.05, 'N_ur': 2.0328, 'N_ncdm': 1, 'm_ncdm': 0.06, 'T_ncdm': 0.71611, 'N_ncdm_decay_dr': 1, 'quadrature_strategy_ncdm_decay_dr': 3, 'ncdm_fluid_approximation': 3, 'maximum_q_ncdm_decay_dr': 15.0, 'background_method': 0, 'evolver': 1, 'N_momentum_bins_ncdm_decay_dr': 7, 'l_max_ncdm': 13, 'l_max_dr': 13, 'l_max_dr_col': 13, 'omega_b': 0.021892559, 'omega_cdm': 0.1337519, 'Neff_ini_dncdm': 0.2894133, 'log10lifetime_ncdm_decay_dr': 5.501864, 'm_ncdm_decay_dr': 0.07246681, 'H0': 66.02468, 'ln10^{10}A_s': 2.979736, 'n_s': 0.9633713, 'tau_reio': 0.01313933, 'P_k_max_1/Mpc': 1.0}

[CHILD][Parent Rank 274] | The following model took too long to complete: 
params: {'lensing': 'yes', 'output': 'tCl,lCl,pCl,mPk', 'l_max_scalars': 2508, 'k_pivot': 0.05, 'N_ur': 2.0328, 'N_ncdm': 1, 'm_ncdm': 0.06, 'T_ncdm': 0.71611, 'N_ncdm_decay_dr': 1, 'quadrature_strategy_ncdm_decay_dr': 3, 'ncdm_fluid_approximation': 3, 'maximum_q_ncdm_decay_dr': 15.0, 'background_method': 0, 'evolver': 1, 'N_momentum_bins_ncdm_decay_dr': 7, 'l_max_ncdm': 13, 'l_max_dr': 13, 'l_max_dr_col': 13, 'omega_b': 0.021892559, 'omega_cdm': 0.1337519, 'Neff_ini_dncdm': 0.2894133, 'log10lifetime_ncdm_decay_dr': 5.501864, 'm_ncdm_decay_dr': 0.07246681, 'H0': 66.02468, 'ln10^{10}A_s': 2.979736, 'n_s': 0.9633713, 'tau_reio': 0.01313933, 'P_k_max_1/Mpc': 1.0}

[PARENT][Rank 383] | ERROR: Child process failed during CLASS computation
Model: {'lensing': 'yes', 'output': 'tCl,lCl,pCl,mPk', 'l_max_scalars': 2508, 'k_pivot': 0.05, 'N_ur': 2.0328, 'N_ncdm': 1, 'm_ncdm': 0.06, 'T_ncdm': 0.71611, 'N_ncdm_decay_dr': 1, 'quadrature_strategy_ncdm_decay_dr': 3, 'ncdm_fluid_approximation': 3, 'maximum_q_ncdm_decay_dr': 15.0, 'background_method': 0, 'evolver': 1, 'N_momentum_bins_ncdm_decay_dr': 7, 'l_max_ncdm': 13, 'l_max_dr': 13, 'l_max_dr_col': 13, 'omega_b': 0.021892559, 'omega_cdm': 0.1337519, 'Neff_ini_dncdm': 0.2894133, 'log10lifetime_ncdm_decay_dr': 5.501864, 'm_ncdm_decay_dr': 0.07246681, 'H0': 66.02468, 'ln10^{10}A_s': 2.979736, 'n_s': 0.9633713, 'tau_reio': 0.01313933, 'P_k_max_1/Mpc': 1.0}
skipping to the next model...
[PARENT][Rank 274] | ERROR: Child process failed during CLASS computation
Model: {'lensing': 'yes', 'output': 'tCl,lCl,pCl,mPk', 'l_max_scalars': 2508, 'k_pivot': 0.05, 'N_ur': 2.0328, 'N_ncdm': 1, 'm_ncdm': 0.06, 'T_ncdm': 0.71611, 'N_ncdm_decay_dr': 1, 'quadrature_strategy_ncdm_decay_dr': 3, 'ncdm_fluid_approximation': 3, 'maximum_q_ncdm_decay_dr': 15.0, 'background_method': 0, 'evolver': 1, 'N_momentum_bins_ncdm_decay_dr': 7, 'l_max_ncdm': 13, 'l_max_dr': 13, 'l_max_dr_col': 13, 'omega_b': 0.021892559, 'omega_cdm': 0.1337519, 'Neff_ini_dncdm': 0.2894133, 'log10lifetime_ncdm_decay_dr': 5.501864, 'm_ncdm_decay_dr': 0.07246681, 'H0': 66.02468, 'ln10^{10}A_s': 2.979736, 'n_s': 0.9633713, 'tau_reio': 0.01313933, 'P_k_max_1/Mpc': 1.0}
skipping to the next model...
[CHILD][Parent Rank 251] | The following model took too long to complete: 
params: {'lensing': 'yes', 'output': 'tCl,lCl,pCl,mPk', 'l_max_scalars': 2508, 'k_pivot': 0.05, 'N_ur': 2.0328, 'N_ncdm': 1, 'm_ncdm': 0.06, 'T_ncdm': 0.71611, 'N_ncdm_decay_dr': 1, 'quadrature_strategy_ncdm_decay_dr': 3, 'ncdm_fluid_approximation': 3, 'maximum_q_ncdm_decay_dr': 15.0, 'background_method': 0, 'evolver': 1, 'N_momentum_bins_ncdm_decay_dr': 7, 'l_max_ncdm': 13, 'l_max_dr': 13, 'l_max_dr_col': 13, 'omega_b': 0.021892559, 'omega_cdm': 0.1337519, 'Neff_ini_dncdm': 0.2894133, 'log10lifetime_ncdm_decay_dr': 5.501864, 'm_ncdm_decay_dr': 0.07246681, 'H0': 66.02468, 'ln10^{10}A_s': 2.979736, 'n_s': 0.9633713, 'tau_reio': 0.01313933, 'P_k_max_1/Mpc': 1.0}

[PARENT][Rank 251] | ERROR: Child process failed during CLASS computation
Model: {'lensing': 'yes', 'output': 'tCl,lCl,pCl,mPk', 'l_max_scalars': 2508, 'k_pivot': 0.05, 'N_ur': 2.0328, 'N_ncdm': 1, 'm_ncdm': 0.06, 'T_ncdm': 0.71611, 'N_ncdm_decay_dr': 1, 'quadrature_strategy_ncdm_decay_dr': 3, 'ncdm_fluid_approximation': 3, 'maximum_q_ncdm_decay_dr': 15.0, 'background_method': 0, 'evolver': 1, 'N_momentum_bins_ncdm_decay_dr': 7, 'l_max_ncdm': 13, 'l_max_dr': 13, 'l_max_dr_col': 13, 'omega_b': 0.021892559, 'omega_cdm': 0.1337519, 'Neff_ini_dncdm': 0.2894133, 'log10lifetime_ncdm_decay_dr': 5.501864, 'm_ncdm_decay_dr': 0.07246681, 'H0': 66.02468, 'ln10^{10}A_s': 2.979736, 'n_s': 0.9633713, 'tau_reio': 0.01313933, 'P_k_max_1/Mpc': 1.0}
skipping to the next model...
[CHILD][Parent Rank 31] | The following model took too long to complete: 
params: {'lensing': 'yes', 'output': 'tCl,lCl,pCl,mPk', 'l_max_scalars': 2508, 'k_pivot': 0.05, 'N_ur': 2.0328, 'N_ncdm': 1, 'm_ncdm': 0.06, 'T_ncdm': 0.71611, 'N_ncdm_decay_dr': 1, 'quadrature_strategy_ncdm_decay_dr': 3, 'ncdm_fluid_approximation': 3, 'maximum_q_ncdm_decay_dr': 15.0, 'background_method': 0, 'evolver': 1, 'N_momentum_bins_ncdm_decay_dr': 7, 'l_max_ncdm': 13, 'l_max_dr': 13, 'l_max_dr_col': 13, 'omega_b': 0.021892559, 'omega_cdm': 0.1337519, 'Neff_ini_dncdm': 0.2894133, 'log10lifetime_ncdm_decay_dr': 5.501864, 'm_ncdm_decay_dr': 0.07246681, 'H0': 66.02468, 'ln10^{10}A_s': 2.979736, 'n_s': 0.9633713, 'tau_reio': 0.01313933, 'P_k_max_1/Mpc': 1.0}

[PARENT][Rank 31] | ERROR: Child process failed during CLASS computation
Model: {'lensing': 'yes', 'output': 'tCl,lCl,pCl,mPk', 'l_max_scalars': 2508, 'k_pivot': 0.05, 'N_ur': 2.0328, 'N_ncdm': 1, 'm_ncdm': 0.06, 'T_ncdm': 0.71611, 'N_ncdm_decay_dr': 1, 'quadrature_strategy_ncdm_decay_dr': 3, 'ncdm_fluid_approximation': 3, 'maximum_q_ncdm_decay_dr': 15.0, 'background_method': 0, 'evolver': 1, 'N_momentum_bins_ncdm_decay_dr': 7, 'l_max_ncdm': 13, 'l_max_dr': 13, 'l_max_dr_col': 13, 'omega_b': 0.021892559, 'omega_cdm': 0.1337519, 'Neff_ini_dncdm': 0.2894133, 'log10lifetime_ncdm_decay_dr': 5.501864, 'm_ncdm_decay_dr': 0.07246681, 'H0': 66.02468, 'ln10^{10}A_s': 2.979736, 'n_s': 0.9633713, 'tau_reio': 0.01313933, 'P_k_max_1/Mpc': 1.0}
skipping to the next model...
[CHILD][Parent Rank 157] | The following model took too long to complete: 
params: {'lensing': 'yes', 'output': 'tCl,lCl,pCl,mPk', 'l_max_scalars': 2508, 'k_pivot': 0.05, 'N_ur': 2.0328, 'N_ncdm': 1, 'm_ncdm': 0.06, 'T_ncdm': 0.71611, 'N_ncdm_decay_dr': 1, 'quadrature_strategy_ncdm_decay_dr': 3, 'ncdm_fluid_approximation': 3, 'maximum_q_ncdm_decay_dr': 15.0, 'background_method': 0, 'evolver': 1, 'N_momentum_bins_ncdm_decay_dr': 7, 'l_max_ncdm': 13, 'l_max_dr': 13, 'l_max_dr_col': 13, 'omega_b': 0.021854779, 'omega_cdm': 0.1340947, 'Neff_ini_dncdm': 0.412106, 'log10lifetime_ncdm_decay_dr': 5.107047, 'm_ncdm_decay_dr': 0.2328522, 'H0': 65.91107, 'ln10^{10}A_s': 2.974424, 'n_s': 0.9633001, 'tau_reio': 0.01005969, 'P_k_max_1/Mpc': 1.0}

[PARENT][Rank 157] | ERROR: Child process failed during CLASS computation
Model: {'lensing': 'yes', 'output': 'tCl,lCl,pCl,mPk', 'l_max_scalars': 2508, 'k_pivot': 0.05, 'N_ur': 2.0328, 'N_ncdm': 1, 'm_ncdm': 0.06, 'T_ncdm': 0.71611, 'N_ncdm_decay_dr': 1, 'quadrature_strategy_ncdm_decay_dr': 3, 'ncdm_fluid_approximation': 3, 'maximum_q_ncdm_decay_dr': 15.0, 'background_method': 0, 'evolver': 1, 'N_momentum_bins_ncdm_decay_dr': 7, 'l_max_ncdm': 13, 'l_max_dr': 13, 'l_max_dr_col': 13, 'omega_b': 0.021854779, 'omega_cdm': 0.1340947, 'Neff_ini_dncdm': 0.412106, 'log10lifetime_ncdm_decay_dr': 5.107047, 'm_ncdm_decay_dr': 0.2328522, 'H0': 65.91107, 'ln10^{10}A_s': 2.974424, 'n_s': 0.9633001, 'tau_reio': 0.01005969, 'P_k_max_1/Mpc': 1.0}
skipping to the next model...
[CHILD][Parent Rank 199] | The following model took too long to complete: 
params: {'lensing': 'yes', 'output': 'tCl,lCl,pCl,mPk', 'l_max_scalars': 2508, 'k_pivot': 0.05, 'N_ur': 2.0328, 'N_ncdm': 1, 'm_ncdm': 0.06, 'T_ncdm': 0.71611, 'N_ncdm_decay_dr': 1, 'quadrature_strategy_ncdm_decay_dr': 3, 'ncdm_fluid_approximation': 3, 'maximum_q_ncdm_decay_dr': 15.0, 'background_method': 0, 'evolver': 1, 'N_momentum_bins_ncdm_decay_dr': 7, 'l_max_ncdm': 13, 'l_max_dr': 13, 'l_max_dr_col': 13, 'omega_b': 0.022822239, 'omega_cdm': 0.1216169, 'Neff_ini_dncdm': 0.1733304, 'log10lifetime_ncdm_decay_dr': 4.633273, 'm_ncdm_decay_dr': 0.1075201, 'H0': 69.01179, 'ln10^{10}A_s': 3.137514, 'n_s': 0.9764388, 'tau_reio': 0.1035571, 'P_k_max_1/Mpc': 1.0}

[PARENT][Rank 199] | ERROR: Child process failed during CLASS computation
Model: {'lensing': 'yes', 'output': 'tCl,lCl,pCl,mPk', 'l_max_scalars': 2508, 'k_pivot': 0.05, 'N_ur': 2.0328, 'N_ncdm': 1, 'm_ncdm': 0.06, 'T_ncdm': 0.71611, 'N_ncdm_decay_dr': 1, 'quadrature_strategy_ncdm_decay_dr': 3, 'ncdm_fluid_approximation': 3, 'maximum_q_ncdm_decay_dr': 15.0, 'background_method': 0, 'evolver': 1, 'N_momentum_bins_ncdm_decay_dr': 7, 'l_max_ncdm': 13, 'l_max_dr': 13, 'l_max_dr_col': 13, 'omega_b': 0.022822239, 'omega_cdm': 0.1216169, 'Neff_ini_dncdm': 0.1733304, 'log10lifetime_ncdm_decay_dr': 4.633273, 'm_ncdm_decay_dr': 0.1075201, 'H0': 69.01179, 'ln10^{10}A_s': 3.137514, 'n_s': 0.9764388, 'tau_reio': 0.1035571, 'P_k_max_1/Mpc': 1.0}
skipping to the next model...
[CHILD][Parent Rank 125] | The following model took too long to complete: 
params: {'lensing': 'yes', 'output': 'tCl,lCl,pCl,mPk', 'l_max_scalars': 2508, 'k_pivot': 0.05, 'N_ur': 2.0328, 'N_ncdm': 1, 'm_ncdm': 0.06, 'T_ncdm': 0.71611, 'N_ncdm_decay_dr': 1, 'quadrature_strategy_ncdm_decay_dr': 3, 'ncdm_fluid_approximation': 3, 'maximum_q_ncdm_decay_dr': 15.0, 'background_method': 0, 'evolver': 1, 'N_momentum_bins_ncdm_decay_dr': 7, 'l_max_ncdm': 13, 'l_max_dr': 13, 'l_max_dr_col': 13, 'omega_b': 0.022822239, 'omega_cdm': 0.1216169, 'Neff_ini_dncdm': 0.1733304, 'log10lifetime_ncdm_decay_dr': 4.633273, 'm_ncdm_decay_dr': 0.1075201, 'H0': 69.01179, 'ln10^{10}A_s': 3.137514, 'n_s': 0.9764388, 'tau_reio': 0.1035571, 'P_k_max_1/Mpc': 1.0}

[PARENT][Rank 125] | ERROR: Child process failed during CLASS computation
Model: {'lensing': 'yes', 'output': 'tCl,lCl,pCl,mPk', 'l_max_scalars': 2508, 'k_pivot': 0.05, 'N_ur': 2.0328, 'N_ncdm': 1, 'm_ncdm': 0.06, 'T_ncdm': 0.71611, 'N_ncdm_decay_dr': 1, 'quadrature_strategy_ncdm_decay_dr': 3, 'ncdm_fluid_approximation': 3, 'maximum_q_ncdm_decay_dr': 15.0, 'background_method': 0, 'evolver': 1, 'N_momentum_bins_ncdm_decay_dr': 7, 'l_max_ncdm': 13, 'l_max_dr': 13, 'l_max_dr_col': 13, 'omega_b': 0.022822239, 'omega_cdm': 0.1216169, 'Neff_ini_dncdm': 0.1733304, 'log10lifetime_ncdm_decay_dr': 4.633273, 'm_ncdm_decay_dr': 0.1075201, 'H0': 69.01179, 'ln10^{10}A_s': 3.137514, 'n_s': 0.9764388, 'tau_reio': 0.1035571, 'P_k_max_1/Mpc': 1.0}
skipping to the next model...
[CHILD][Parent Rank 124] | The following model took too long to complete: 
params: {'lensing': 'yes', 'output': 'tCl,lCl,pCl,mPk', 'l_max_scalars': 2508, 'k_pivot': 0.05, 'N_ur': 2.0328, 'N_ncdm': 1, 'm_ncdm': 0.06, 'T_ncdm': 0.71611, 'N_ncdm_decay_dr': 1, 'quadrature_strategy_ncdm_decay_dr': 3, 'ncdm_fluid_approximation': 3, 'maximum_q_ncdm_decay_dr': 15.0, 'background_method': 0, 'evolver': 1, 'N_momentum_bins_ncdm_decay_dr': 7, 'l_max_ncdm': 13, 'l_max_dr': 13, 'l_max_dr_col': 13, 'omega_b': 0.022822239, 'omega_cdm': 0.1216169, 'Neff_ini_dncdm': 0.1733304, 'log10lifetime_ncdm_decay_dr': 4.633273, 'm_ncdm_decay_dr': 0.1075201, 'H0': 69.01179, 'ln10^{10}A_s': 3.137514, 'n_s': 0.9764388, 'tau_reio': 0.1035571, 'P_k_max_1/Mpc': 1.0}

[PARENT][Rank 124] | ERROR: Child process failed during CLASS computation
Model: {'lensing': 'yes', 'output': 'tCl,lCl,pCl,mPk', 'l_max_scalars': 2508, 'k_pivot': 0.05, 'N_ur': 2.0328, 'N_ncdm': 1, 'm_ncdm': 0.06, 'T_ncdm': 0.71611, 'N_ncdm_decay_dr': 1, 'quadrature_strategy_ncdm_decay_dr': 3, 'ncdm_fluid_approximation': 3, 'maximum_q_ncdm_decay_dr': 15.0, 'background_method': 0, 'evolver': 1, 'N_momentum_bins_ncdm_decay_dr': 7, 'l_max_ncdm': 13, 'l_max_dr': 13, 'l_max_dr_col': 13, 'omega_b': 0.022822239, 'omega_cdm': 0.1216169, 'Neff_ini_dncdm': 0.1733304, 'log10lifetime_ncdm_decay_dr': 4.633273, 'm_ncdm_decay_dr': 0.1075201, 'H0': 69.01179, 'ln10^{10}A_s': 3.137514, 'n_s': 0.9764388, 'tau_reio': 0.1035571, 'P_k_max_1/Mpc': 1.0}
skipping to the next model...
[CHILD][Parent Rank 170] | The following model took too long to complete: 
params: {'lensing': 'yes', 'output': 'tCl,lCl,pCl,mPk', 'l_max_scalars': 2508, 'k_pivot': 0.05, 'N_ur': 2.0328, 'N_ncdm': 1, 'm_ncdm': 0.06, 'T_ncdm': 0.71611, 'N_ncdm_decay_dr': 1, 'quadrature_strategy_ncdm_decay_dr': 3, 'ncdm_fluid_approximation': 3, 'maximum_q_ncdm_decay_dr': 15.0, 'background_method': 0, 'evolver': 1, 'N_momentum_bins_ncdm_decay_dr': 7, 'l_max_ncdm': 13, 'l_max_dr': 13, 'l_max_dr_col': 13, 'omega_b': 0.022822239, 'omega_cdm': 0.1216169, 'Neff_ini_dncdm': 0.1733304, 'log10lifetime_ncdm_decay_dr': 4.633273, 'm_ncdm_decay_dr': 0.1075201, 'H0': 69.01179, 'ln10^{10}A_s': 3.137514, 'n_s': 0.9764388, 'tau_reio': 0.1035571, 'P_k_max_1/Mpc': 1.0}

[PARENT][Rank 170] | ERROR: Child process failed during CLASS computation
Model: {'lensing': 'yes', 'output': 'tCl,lCl,pCl,mPk', 'l_max_scalars': 2508, 'k_pivot': 0.05, 'N_ur': 2.0328, 'N_ncdm': 1, 'm_ncdm': 0.06, 'T_ncdm': 0.71611, 'N_ncdm_decay_dr': 1, 'quadrature_strategy_ncdm_decay_dr': 3, 'ncdm_fluid_approximation': 3, 'maximum_q_ncdm_decay_dr': 15.0, 'background_method': 0, 'evolver': 1, 'N_momentum_bins_ncdm_decay_dr': 7, 'l_max_ncdm': 13, 'l_max_dr': 13, 'l_max_dr_col': 13, 'omega_b': 0.022822239, 'omega_cdm': 0.1216169, 'Neff_ini_dncdm': 0.1733304, 'log10lifetime_ncdm_decay_dr': 4.633273, 'm_ncdm_decay_dr': 0.1075201, 'H0': 69.01179, 'ln10^{10}A_s': 3.137514, 'n_s': 0.9764388, 'tau_reio': 0.1035571, 'P_k_max_1/Mpc': 1.0}
skipping to the next model...
[CHILD][Parent Rank 166] | The following model took too long to complete: 
params: {'lensing': 'yes', 'output': 'tCl,lCl,pCl,mPk', 'l_max_scalars': 2508, 'k_pivot': 0.05, 'N_ur': 2.0328, 'N_ncdm': 1, 'm_ncdm': 0.06, 'T_ncdm': 0.71611, 'N_ncdm_decay_dr': 1, 'quadrature_strategy_ncdm_decay_dr': 3, 'ncdm_fluid_approximation': 3, 'maximum_q_ncdm_decay_dr': 15.0, 'background_method': 0, 'evolver': 1, 'N_momentum_bins_ncdm_decay_dr': 7, 'l_max_ncdm': 13, 'l_max_dr': 13, 'l_max_dr_col': 13, 'omega_b': 0.022822239, 'omega_cdm': 0.1216169, 'Neff_ini_dncdm': 0.1733304, 'log10lifetime_ncdm_decay_dr': 4.633273, 'm_ncdm_decay_dr': 0.1075201, 'H0': 69.01179, 'ln10^{10}A_s': 3.137514, 'n_s': 0.9764388, 'tau_reio': 0.1035571, 'P_k_max_1/Mpc': 1.0}

[PARENT][Rank 166] | ERROR: Child process failed during CLASS computation
Model: {'lensing': 'yes', 'output': 'tCl,lCl,pCl,mPk', 'l_max_scalars': 2508, 'k_pivot': 0.05, 'N_ur': 2.0328, 'N_ncdm': 1, 'm_ncdm': 0.06, 'T_ncdm': 0.71611, 'N_ncdm_decay_dr': 1, 'quadrature_strategy_ncdm_decay_dr': 3, 'ncdm_fluid_approximation': 3, 'maximum_q_ncdm_decay_dr': 15.0, 'background_method': 0, 'evolver': 1, 'N_momentum_bins_ncdm_decay_dr': 7, 'l_max_ncdm': 13, 'l_max_dr': 13, 'l_max_dr_col': 13, 'omega_b': 0.022822239, 'omega_cdm': 0.1216169, 'Neff_ini_dncdm': 0.1733304, 'log10lifetime_ncdm_decay_dr': 4.633273, 'm_ncdm_decay_dr': 0.1075201, 'H0': 69.01179, 'ln10^{10}A_s': 3.137514, 'n_s': 0.9764388, 'tau_reio': 0.1035571, 'P_k_max_1/Mpc': 1.0}
skipping to the next model...
[CHILD][Parent Rank 163] | The following model took too long to complete: 
params: {'lensing': 'yes', 'output': 'tCl,lCl,pCl,mPk', 'l_max_scalars': 2508, 'k_pivot': 0.05, 'N_ur': 2.0328, 'N_ncdm': 1, 'm_ncdm': 0.06, 'T_ncdm': 0.71611, 'N_ncdm_decay_dr': 1, 'quadrature_strategy_ncdm_decay_dr': 3, 'ncdm_fluid_approximation': 3, 'maximum_q_ncdm_decay_dr': 15.0, 'background_method': 0, 'evolver': 1, 'N_momentum_bins_ncdm_decay_dr': 7, 'l_max_ncdm': 13, 'l_max_dr': 13, 'l_max_dr_col': 13, 'omega_b': 0.022822239, 'omega_cdm': 0.1216169, 'Neff_ini_dncdm': 0.1733304, 'log10lifetime_ncdm_decay_dr': 4.633273, 'm_ncdm_decay_dr': 0.1075201, 'H0': 69.01179, 'ln10^{10}A_s': 3.137514, 'n_s': 0.9764388, 'tau_reio': 0.1035571, 'P_k_max_1/Mpc': 1.0}

[PARENT][Rank 163] | ERROR: Child process failed during CLASS computation
Model: {'lensing': 'yes', 'output': 'tCl,lCl,pCl,mPk', 'l_max_scalars': 2508, 'k_pivot': 0.05, 'N_ur': 2.0328, 'N_ncdm': 1, 'm_ncdm': 0.06, 'T_ncdm': 0.71611, 'N_ncdm_decay_dr': 1, 'quadrature_strategy_ncdm_decay_dr': 3, 'ncdm_fluid_approximation': 3, 'maximum_q_ncdm_decay_dr': 15.0, 'background_method': 0, 'evolver': 1, 'N_momentum_bins_ncdm_decay_dr': 7, 'l_max_ncdm': 13, 'l_max_dr': 13, 'l_max_dr_col': 13, 'omega_b': 0.022822239, 'omega_cdm': 0.1216169, 'Neff_ini_dncdm': 0.1733304, 'log10lifetime_ncdm_decay_dr': 4.633273, 'm_ncdm_decay_dr': 0.1075201, 'H0': 69.01179, 'ln10^{10}A_s': 3.137514, 'n_s': 0.9764388, 'tau_reio': 0.1035571, 'P_k_max_1/Mpc': 1.0}
skipping to the next model...
[CHILD][Parent Rank 179] | The following model took too long to complete: 
params: {'lensing': 'yes', 'output': 'tCl,lCl,pCl,mPk', 'l_max_scalars': 2508, 'k_pivot': 0.05, 'N_ur': 2.0328, 'N_ncdm': 1, 'm_ncdm': 0.06, 'T_ncdm': 0.71611, 'N_ncdm_decay_dr': 1, 'quadrature_strategy_ncdm_decay_dr': 3, 'ncdm_fluid_approximation': 3, 'maximum_q_ncdm_decay_dr': 15.0, 'background_method': 0, 'evolver': 1, 'N_momentum_bins_ncdm_decay_dr': 7, 'l_max_ncdm': 13, 'l_max_dr': 13, 'l_max_dr_col': 13, 'omega_b': 0.022822239, 'omega_cdm': 0.1216169, 'Neff_ini_dncdm': 0.1733304, 'log10lifetime_ncdm_decay_dr': 4.633273, 'm_ncdm_decay_dr': 0.1075201, 'H0': 69.01179, 'ln10^{10}A_s': 3.137514, 'n_s': 0.9764388, 'tau_reio': 0.1035571, 'P_k_max_1/Mpc': 1.0}

[PARENT][Rank 179] | ERROR: Child process failed during CLASS computation
Model: {'lensing': 'yes', 'output': 'tCl,lCl,pCl,mPk', 'l_max_scalars': 2508, 'k_pivot': 0.05, 'N_ur': 2.0328, 'N_ncdm': 1, 'm_ncdm': 0.06, 'T_ncdm': 0.71611, 'N_ncdm_decay_dr': 1, 'quadrature_strategy_ncdm_decay_dr': 3, 'ncdm_fluid_approximation': 3, 'maximum_q_ncdm_decay_dr': 15.0, 'background_method': 0, 'evolver': 1, 'N_momentum_bins_ncdm_decay_dr': 7, 'l_max_ncdm': 13, 'l_max_dr': 13, 'l_max_dr_col': 13, 'omega_b': 0.022822239, 'omega_cdm': 0.1216169, 'Neff_ini_dncdm': 0.1733304, 'log10lifetime_ncdm_decay_dr': 4.633273, 'm_ncdm_decay_dr': 0.1075201, 'H0': 69.01179, 'ln10^{10}A_s': 3.137514, 'n_s': 0.9764388, 'tau_reio': 0.1035571, 'P_k_max_1/Mpc': 1.0}
skipping to the next model...
[CHILD][Parent Rank 153] | The following model took too long to complete: 
params: {'lensing': 'yes', 'output': 'tCl,lCl,pCl,mPk', 'l_max_scalars': 2508, 'k_pivot': 0.05, 'N_ur': 2.0328, 'N_ncdm': 1, 'm_ncdm': 0.06, 'T_ncdm': 0.71611, 'N_ncdm_decay_dr': 1, 'quadrature_strategy_ncdm_decay_dr': 3, 'ncdm_fluid_approximation': 3, 'maximum_q_ncdm_decay_dr': 15.0, 'background_method': 0, 'evolver': 1, 'N_momentum_bins_ncdm_decay_dr': 7, 'l_max_ncdm': 13, 'l_max_dr': 13, 'l_max_dr_col': 13, 'omega_b': 0.022822239, 'omega_cdm': 0.1216169, 'Neff_ini_dncdm': 0.1733304, 'log10lifetime_ncdm_decay_dr': 4.633273, 'm_ncdm_decay_dr': 0.1075201, 'H0': 69.01179, 'ln10^{10}A_s': 3.137514, 'n_s': 0.9764388, 'tau_reio': 0.1035571, 'P_k_max_1/Mpc': 1.0}

[PARENT][Rank 153] | ERROR: Child process failed during CLASS computation
Model: {'lensing': 'yes', 'output': 'tCl,lCl,pCl,mPk', 'l_max_scalars': 2508, 'k_pivot': 0.05, 'N_ur': 2.0328, 'N_ncdm': 1, 'm_ncdm': 0.06, 'T_ncdm': 0.71611, 'N_ncdm_decay_dr': 1, 'quadrature_strategy_ncdm_decay_dr': 3, 'ncdm_fluid_approximation': 3, 'maximum_q_ncdm_decay_dr': 15.0, 'background_method': 0, 'evolver': 1, 'N_momentum_bins_ncdm_decay_dr': 7, 'l_max_ncdm': 13, 'l_max_dr': 13, 'l_max_dr_col': 13, 'omega_b': 0.022822239, 'omega_cdm': 0.1216169, 'Neff_ini_dncdm': 0.1733304, 'log10lifetime_ncdm_decay_dr': 4.633273, 'm_ncdm_decay_dr': 0.1075201, 'H0': 69.01179, 'ln10^{10}A_s': 3.137514, 'n_s': 0.9764388, 'tau_reio': 0.1035571, 'P_k_max_1/Mpc': 1.0}
skipping to the next model...
[CHILD][Parent Rank 356] | The following model took too long to complete: 
params: {'lensing': 'yes', 'output': 'tCl,lCl,pCl,mPk', 'l_max_scalars': 2508, 'k_pivot': 0.05, 'N_ur': 2.0328, 'N_ncdm': 1, 'm_ncdm': 0.06, 'T_ncdm': 0.71611, 'N_ncdm_decay_dr': 1, 'quadrature_strategy_ncdm_decay_dr': 3, 'ncdm_fluid_approximation': 3, 'maximum_q_ncdm_decay_dr': 15.0, 'background_method': 0, 'evolver': 1, 'N_momentum_bins_ncdm_decay_dr': 7, 'l_max_ncdm': 13, 'l_max_dr': 13, 'l_max_dr_col': 13, 'omega_b': 0.02257337, 'omega_cdm': 0.1211522, 'Neff_ini_dncdm': 0.1709365, 'log10lifetime_ncdm_decay_dr': 4.148689, 'm_ncdm_decay_dr': 0.0930063, 'H0': 69.17599, 'ln10^{10}A_s': 2.999053, 'n_s': 0.9829581, 'tau_reio': 0.04716557, 'P_k_max_1/Mpc': 1.0}

[CHILD][Parent Rank 351] | The following model took too long to complete: 
params: {'lensing': 'yes', 'output': 'tCl,lCl,pCl,mPk', 'l_max_scalars': 2508, 'k_pivot': 0.05, 'N_ur': 2.0328, 'N_ncdm': 1, 'm_ncdm': 0.06, 'T_ncdm': 0.71611, 'N_ncdm_decay_dr': 1, 'quadrature_strategy_ncdm_decay_dr': 3, 'ncdm_fluid_approximation': 3, 'maximum_q_ncdm_decay_dr': 15.0, 'background_method': 0, 'evolver': 1, 'N_momentum_bins_ncdm_decay_dr': 7, 'l_max_ncdm': 13, 'l_max_dr': 13, 'l_max_dr_col': 13, 'omega_b': 0.02257337, 'omega_cdm': 0.1211522, 'Neff_ini_dncdm': 0.1709365, 'log10lifetime_ncdm_decay_dr': 4.148689, 'm_ncdm_decay_dr': 0.0930063, 'H0': 69.17599, 'ln10^{10}A_s': 2.999053, 'n_s': 0.9829581, 'tau_reio': 0.04716557, 'P_k_max_1/Mpc': 1.0}

[PARENT][Rank 356] | ERROR: Child process failed during CLASS computation
Model: {'lensing': 'yes', 'output': 'tCl,lCl,pCl,mPk', 'l_max_scalars': 2508, 'k_pivot': 0.05, 'N_ur': 2.0328, 'N_ncdm': 1, 'm_ncdm': 0.06, 'T_ncdm': 0.71611, 'N_ncdm_decay_dr': 1, 'quadrature_strategy_ncdm_decay_dr': 3, 'ncdm_fluid_approximation': 3, 'maximum_q_ncdm_decay_dr': 15.0, 'background_method': 0, 'evolver': 1, 'N_momentum_bins_ncdm_decay_dr': 7, 'l_max_ncdm': 13, 'l_max_dr': 13, 'l_max_dr_col': 13, 'omega_b': 0.02257337, 'omega_cdm': 0.1211522, 'Neff_ini_dncdm': 0.1709365, 'log10lifetime_ncdm_decay_dr': 4.148689, 'm_ncdm_decay_dr': 0.0930063, 'H0': 69.17599, 'ln10^{10}A_s': 2.999053, 'n_s': 0.9829581, 'tau_reio': 0.04716557, 'P_k_max_1/Mpc': 1.0}
skipping to the next model...
[PARENT][Rank 351] | ERROR: Child process failed during CLASS computation
Model: {'lensing': 'yes', 'output': 'tCl,lCl,pCl,mPk', 'l_max_scalars': 2508, 'k_pivot': 0.05, 'N_ur': 2.0328, 'N_ncdm': 1, 'm_ncdm': 0.06, 'T_ncdm': 0.71611, 'N_ncdm_decay_dr': 1, 'quadrature_strategy_ncdm_decay_dr': 3, 'ncdm_fluid_approximation': 3, 'maximum_q_ncdm_decay_dr': 15.0, 'background_method': 0, 'evolver': 1, 'N_momentum_bins_ncdm_decay_dr': 7, 'l_max_ncdm': 13, 'l_max_dr': 13, 'l_max_dr_col': 13, 'omega_b': 0.02257337, 'omega_cdm': 0.1211522, 'Neff_ini_dncdm': 0.1709365, 'log10lifetime_ncdm_decay_dr': 4.148689, 'm_ncdm_decay_dr': 0.0930063, 'H0': 69.17599, 'ln10^{10}A_s': 2.999053, 'n_s': 0.9829581, 'tau_reio': 0.04716557, 'P_k_max_1/Mpc': 1.0}
skipping to the next model...
[CHILD][Parent Rank 361] | The following model took too long to complete: 
params: {'lensing': 'yes', 'output': 'tCl,lCl,pCl,mPk', 'l_max_scalars': 2508, 'k_pivot': 0.05, 'N_ur': 2.0328, 'N_ncdm': 1, 'm_ncdm': 0.06, 'T_ncdm': 0.71611, 'N_ncdm_decay_dr': 1, 'quadrature_strategy_ncdm_decay_dr': 3, 'ncdm_fluid_approximation': 3, 'maximum_q_ncdm_decay_dr': 15.0, 'background_method': 0, 'evolver': 1, 'N_momentum_bins_ncdm_decay_dr': 7, 'l_max_ncdm': 13, 'l_max_dr': 13, 'l_max_dr_col': 13, 'omega_b': 0.02257337, 'omega_cdm': 0.1211522, 'Neff_ini_dncdm': 0.1709365, 'log10lifetime_ncdm_decay_dr': 4.148689, 'm_ncdm_decay_dr': 0.0930063, 'H0': 69.17599, 'ln10^{10}A_s': 2.999053, 'n_s': 0.9829581, 'tau_reio': 0.04716557, 'P_k_max_1/Mpc': 1.0}

[CHILD][Parent Rank 362] | The following model took too long to complete: 
params: {'lensing': 'yes', 'output': 'tCl,lCl,pCl,mPk', 'l_max_scalars': 2508, 'k_pivot': 0.05, 'N_ur': 2.0328, 'N_ncdm': 1, 'm_ncdm': 0.06, 'T_ncdm': 0.71611, 'N_ncdm_decay_dr': 1, 'quadrature_strategy_ncdm_decay_dr': 3, 'ncdm_fluid_approximation': 3, 'maximum_q_ncdm_decay_dr': 15.0, 'background_method': 0, 'evolver': 1, 'N_momentum_bins_ncdm_decay_dr': 7, 'l_max_ncdm': 13, 'l_max_dr': 13, 'l_max_dr_col': 13, 'omega_b': 0.02257337, 'omega_cdm': 0.1211522, 'Neff_ini_dncdm': 0.1709365, 'log10lifetime_ncdm_decay_dr': 4.148689, 'm_ncdm_decay_dr': 0.0930063, 'H0': 69.17599, 'ln10^{10}A_s': 2.999053, 'n_s': 0.9829581, 'tau_reio': 0.04716557, 'P_k_max_1/Mpc': 1.0}

[PARENT][Rank 362] | ERROR: Child process failed during CLASS computation
Model: {'lensing': 'yes', 'output': 'tCl,lCl,pCl,mPk', 'l_max_scalars': 2508, 'k_pivot': 0.05, 'N_ur': 2.0328, 'N_ncdm': 1, 'm_ncdm': 0.06, 'T_ncdm': 0.71611, 'N_ncdm_decay_dr': 1, 'quadrature_strategy_ncdm_decay_dr': 3, 'ncdm_fluid_approximation': 3, 'maximum_q_ncdm_decay_dr': 15.0, 'background_method': 0, 'evolver': 1, 'N_momentum_bins_ncdm_decay_dr': 7, 'l_max_ncdm': 13, 'l_max_dr': 13, 'l_max_dr_col': 13, 'omega_b': 0.02257337, 'omega_cdm': 0.1211522, 'Neff_ini_dncdm': 0.1709365, 'log10lifetime_ncdm_decay_dr': 4.148689, 'm_ncdm_decay_dr': 0.0930063, 'H0': 69.17599, 'ln10^{10}A_s': 2.999053, 'n_s': 0.9829581, 'tau_reio': 0.04716557, 'P_k_max_1/Mpc': 1.0}
skipping to the next model...
[PARENT][Rank 361] | ERROR: Child process failed during CLASS computation
Model: {'lensing': 'yes', 'output': 'tCl,lCl,pCl,mPk', 'l_max_scalars': 2508, 'k_pivot': 0.05, 'N_ur': 2.0328, 'N_ncdm': 1, 'm_ncdm': 0.06, 'T_ncdm': 0.71611, 'N_ncdm_decay_dr': 1, 'quadrature_strategy_ncdm_decay_dr': 3, 'ncdm_fluid_approximation': 3, 'maximum_q_ncdm_decay_dr': 15.0, 'background_method': 0, 'evolver': 1, 'N_momentum_bins_ncdm_decay_dr': 7, 'l_max_ncdm': 13, 'l_max_dr': 13, 'l_max_dr_col': 13, 'omega_b': 0.02257337, 'omega_cdm': 0.1211522, 'Neff_ini_dncdm': 0.1709365, 'log10lifetime_ncdm_decay_dr': 4.148689, 'm_ncdm_decay_dr': 0.0930063, 'H0': 69.17599, 'ln10^{10}A_s': 2.999053, 'n_s': 0.9829581, 'tau_reio': 0.04716557, 'P_k_max_1/Mpc': 1.0}
skipping to the next model...
[CHILD][Parent Rank 340] | The following model took too long to complete: 
params: {'lensing': 'yes', 'output': 'tCl,lCl,pCl,mPk', 'l_max_scalars': 2508, 'k_pivot': 0.05, 'N_ur': 2.0328, 'N_ncdm': 1, 'm_ncdm': 0.06, 'T_ncdm': 0.71611, 'N_ncdm_decay_dr': 1, 'quadrature_strategy_ncdm_decay_dr': 3, 'ncdm_fluid_approximation': 3, 'maximum_q_ncdm_decay_dr': 15.0, 'background_method': 0, 'evolver': 1, 'N_momentum_bins_ncdm_decay_dr': 7, 'l_max_ncdm': 13, 'l_max_dr': 13, 'l_max_dr_col': 13, 'omega_b': 0.02257337, 'omega_cdm': 0.1211522, 'Neff_ini_dncdm': 0.1709365, 'log10lifetime_ncdm_decay_dr': 4.148689, 'm_ncdm_decay_dr': 0.0930063, 'H0': 69.17599, 'ln10^{10}A_s': 2.999053, 'n_s': 0.9829581, 'tau_reio': 0.04716557, 'P_k_max_1/Mpc': 1.0}

[PARENT][Rank 340] | ERROR: Child process failed during CLASS computation
Model: {'lensing': 'yes', 'output': 'tCl,lCl,pCl,mPk', 'l_max_scalars': 2508, 'k_pivot': 0.05, 'N_ur': 2.0328, 'N_ncdm': 1, 'm_ncdm': 0.06, 'T_ncdm': 0.71611, 'N_ncdm_decay_dr': 1, 'quadrature_strategy_ncdm_decay_dr': 3, 'ncdm_fluid_approximation': 3, 'maximum_q_ncdm_decay_dr': 15.0, 'background_method': 0, 'evolver': 1, 'N_momentum_bins_ncdm_decay_dr': 7, 'l_max_ncdm': 13, 'l_max_dr': 13, 'l_max_dr_col': 13, 'omega_b': 0.02257337, 'omega_cdm': 0.1211522, 'Neff_ini_dncdm': 0.1709365, 'log10lifetime_ncdm_decay_dr': 4.148689, 'm_ncdm_decay_dr': 0.0930063, 'H0': 69.17599, 'ln10^{10}A_s': 2.999053, 'n_s': 0.9829581, 'tau_reio': 0.04716557, 'P_k_max_1/Mpc': 1.0}
skipping to the next model...
[CHILD][Parent Rank 342] | The following model took too long to complete: 
params: {'lensing': 'yes', 'output': 'tCl,lCl,pCl,mPk', 'l_max_scalars': 2508, 'k_pivot': 0.05, 'N_ur': 2.0328, 'N_ncdm': 1, 'm_ncdm': 0.06, 'T_ncdm': 0.71611, 'N_ncdm_decay_dr': 1, 'quadrature_strategy_ncdm_decay_dr': 3, 'ncdm_fluid_approximation': 3, 'maximum_q_ncdm_decay_dr': 15.0, 'background_method': 0, 'evolver': 1, 'N_momentum_bins_ncdm_decay_dr': 7, 'l_max_ncdm': 13, 'l_max_dr': 13, 'l_max_dr_col': 13, 'omega_b': 0.02257337, 'omega_cdm': 0.1211522, 'Neff_ini_dncdm': 0.1709365, 'log10lifetime_ncdm_decay_dr': 4.148689, 'm_ncdm_decay_dr': 0.0930063, 'H0': 69.17599, 'ln10^{10}A_s': 2.999053, 'n_s': 0.9829581, 'tau_reio': 0.04716557, 'P_k_max_1/Mpc': 1.0}

[PARENT][Rank 342] | ERROR: Child process failed during CLASS computation
Model: {'lensing': 'yes', 'output': 'tCl,lCl,pCl,mPk', 'l_max_scalars': 2508, 'k_pivot': 0.05, 'N_ur': 2.0328, 'N_ncdm': 1, 'm_ncdm': 0.06, 'T_ncdm': 0.71611, 'N_ncdm_decay_dr': 1, 'quadrature_strategy_ncdm_decay_dr': 3, 'ncdm_fluid_approximation': 3, 'maximum_q_ncdm_decay_dr': 15.0, 'background_method': 0, 'evolver': 1, 'N_momentum_bins_ncdm_decay_dr': 7, 'l_max_ncdm': 13, 'l_max_dr': 13, 'l_max_dr_col': 13, 'omega_b': 0.02257337, 'omega_cdm': 0.1211522, 'Neff_ini_dncdm': 0.1709365, 'log10lifetime_ncdm_decay_dr': 4.148689, 'm_ncdm_decay_dr': 0.0930063, 'H0': 69.17599, 'ln10^{10}A_s': 2.999053, 'n_s': 0.9829581, 'tau_reio': 0.04716557, 'P_k_max_1/Mpc': 1.0}
skipping to the next model...
[CHILD][Parent Rank 241] | The following model took too long to complete: 
params: {'lensing': 'yes', 'output': 'tCl,lCl,pCl,mPk', 'l_max_scalars': 2508, 'k_pivot': 0.05, 'N_ur': 2.0328, 'N_ncdm': 1, 'm_ncdm': 0.06, 'T_ncdm': 0.71611, 'N_ncdm_decay_dr': 1, 'quadrature_strategy_ncdm_decay_dr': 3, 'ncdm_fluid_approximation': 3, 'maximum_q_ncdm_decay_dr': 15.0, 'background_method': 0, 'evolver': 1, 'N_momentum_bins_ncdm_decay_dr': 7, 'l_max_ncdm': 13, 'l_max_dr': 13, 'l_max_dr_col': 13, 'omega_b': 0.02257337, 'omega_cdm': 0.1211522, 'Neff_ini_dncdm': 0.1709365, 'log10lifetime_ncdm_decay_dr': 4.148689, 'm_ncdm_decay_dr': 0.0930063, 'H0': 69.17599, 'ln10^{10}A_s': 2.999053, 'n_s': 0.9829581, 'tau_reio': 0.04716557, 'P_k_max_1/Mpc': 1.0}

[PARENT][Rank 241] | ERROR: Child process failed during CLASS computation
Model: {'lensing': 'yes', 'output': 'tCl,lCl,pCl,mPk', 'l_max_scalars': 2508, 'k_pivot': 0.05, 'N_ur': 2.0328, 'N_ncdm': 1, 'm_ncdm': 0.06, 'T_ncdm': 0.71611, 'N_ncdm_decay_dr': 1, 'quadrature_strategy_ncdm_decay_dr': 3, 'ncdm_fluid_approximation': 3, 'maximum_q_ncdm_decay_dr': 15.0, 'background_method': 0, 'evolver': 1, 'N_momentum_bins_ncdm_decay_dr': 7, 'l_max_ncdm': 13, 'l_max_dr': 13, 'l_max_dr_col': 13, 'omega_b': 0.02257337, 'omega_cdm': 0.1211522, 'Neff_ini_dncdm': 0.1709365, 'log10lifetime_ncdm_decay_dr': 4.148689, 'm_ncdm_decay_dr': 0.0930063, 'H0': 69.17599, 'ln10^{10}A_s': 2.999053, 'n_s': 0.9829581, 'tau_reio': 0.04716557, 'P_k_max_1/Mpc': 1.0}
skipping to the next model...
[CHILD][Parent Rank 251] | The following model took too long to complete: 
params: {'lensing': 'yes', 'output': 'tCl,lCl,pCl,mPk', 'l_max_scalars': 2508, 'k_pivot': 0.05, 'N_ur': 2.0328, 'N_ncdm': 1, 'm_ncdm': 0.06, 'T_ncdm': 0.71611, 'N_ncdm_decay_dr': 1, 'quadrature_strategy_ncdm_decay_dr': 3, 'ncdm_fluid_approximation': 3, 'maximum_q_ncdm_decay_dr': 15.0, 'background_method': 0, 'evolver': 1, 'N_momentum_bins_ncdm_decay_dr': 7, 'l_max_ncdm': 13, 'l_max_dr': 13, 'l_max_dr_col': 13, 'omega_b': 0.02257337, 'omega_cdm': 0.1211522, 'Neff_ini_dncdm': 0.1709365, 'log10lifetime_ncdm_decay_dr': 4.148689, 'm_ncdm_decay_dr': 0.0930063, 'H0': 69.17599, 'ln10^{10}A_s': 2.999053, 'n_s': 0.9829581, 'tau_reio': 0.04716557, 'P_k_max_1/Mpc': 1.0}

[PARENT][Rank 251] | ERROR: Child process failed during CLASS computation
Model: {'lensing': 'yes', 'output': 'tCl,lCl,pCl,mPk', 'l_max_scalars': 2508, 'k_pivot': 0.05, 'N_ur': 2.0328, 'N_ncdm': 1, 'm_ncdm': 0.06, 'T_ncdm': 0.71611, 'N_ncdm_decay_dr': 1, 'quadrature_strategy_ncdm_decay_dr': 3, 'ncdm_fluid_approximation': 3, 'maximum_q_ncdm_decay_dr': 15.0, 'background_method': 0, 'evolver': 1, 'N_momentum_bins_ncdm_decay_dr': 7, 'l_max_ncdm': 13, 'l_max_dr': 13, 'l_max_dr_col': 13, 'omega_b': 0.02257337, 'omega_cdm': 0.1211522, 'Neff_ini_dncdm': 0.1709365, 'log10lifetime_ncdm_decay_dr': 4.148689, 'm_ncdm_decay_dr': 0.0930063, 'H0': 69.17599, 'ln10^{10}A_s': 2.999053, 'n_s': 0.9829581, 'tau_reio': 0.04716557, 'P_k_max_1/Mpc': 1.0}
skipping to the next model...
[CHILD][Parent Rank 292] | The following model took too long to complete: 
params: {'lensing': 'yes', 'output': 'tCl,lCl,pCl,mPk', 'l_max_scalars': 2508, 'k_pivot': 0.05, 'N_ur': 2.0328, 'N_ncdm': 1, 'm_ncdm': 0.06, 'T_ncdm': 0.71611, 'N_ncdm_decay_dr': 1, 'quadrature_strategy_ncdm_decay_dr': 3, 'ncdm_fluid_approximation': 3, 'maximum_q_ncdm_decay_dr': 15.0, 'background_method': 0, 'evolver': 1, 'N_momentum_bins_ncdm_decay_dr': 7, 'l_max_ncdm': 13, 'l_max_dr': 13, 'l_max_dr_col': 13, 'omega_b': 0.022415498, 'omega_cdm': 0.1198194, 'Neff_ini_dncdm': 0.2706303, 'log10lifetime_ncdm_decay_dr': 3.765369, 'm_ncdm_decay_dr': 0.03558994, 'H0': 70.35367, 'ln10^{10}A_s': 3.087978, 'n_s': 0.9812726, 'tau_reio': 0.07348674, 'P_k_max_1/Mpc': 1.0}

[PARENT][Rank 292] | ERROR: Child process failed during CLASS computation
Model: {'lensing': 'yes', 'output': 'tCl,lCl,pCl,mPk', 'l_max_scalars': 2508, 'k_pivot': 0.05, 'N_ur': 2.0328, 'N_ncdm': 1, 'm_ncdm': 0.06, 'T_ncdm': 0.71611, 'N_ncdm_decay_dr': 1, 'quadrature_strategy_ncdm_decay_dr': 3, 'ncdm_fluid_approximation': 3, 'maximum_q_ncdm_decay_dr': 15.0, 'background_method': 0, 'evolver': 1, 'N_momentum_bins_ncdm_decay_dr': 7, 'l_max_ncdm': 13, 'l_max_dr': 13, 'l_max_dr_col': 13, 'omega_b': 0.022415498, 'omega_cdm': 0.1198194, 'Neff_ini_dncdm': 0.2706303, 'log10lifetime_ncdm_decay_dr': 3.765369, 'm_ncdm_decay_dr': 0.03558994, 'H0': 70.35367, 'ln10^{10}A_s': 3.087978, 'n_s': 0.9812726, 'tau_reio': 0.07348674, 'P_k_max_1/Mpc': 1.0}
skipping to the next model...
[PARENT][Rank 99] | ERROR: Timeout while waiting for response from child process after CLASS computations. Child may be unresponsive.

[PARENT][Rank 102] | ERROR: Timeout while waiting for response from child process after CLASS computations. Child may be unresponsive.

[PARENT][Rank 93] | ERROR: Timeout while waiting for response from child process after CLASS computations. Child may be unresponsive.

[CHILD][Parent Rank 93] | The following model took too long to complete: 
params: {'lensing': 'yes', 'output': 'tCl,lCl,pCl,mPk', 'l_max_scalars': 2508, 'k_pivot': 0.05, 'N_ur': 2.0328, 'N_ncdm': 1, 'm_ncdm': 0.06, 'T_ncdm': 0.71611, 'N_ncdm_decay_dr': 1, 'quadrature_strategy_ncdm_decay_dr': 3, 'ncdm_fluid_approximation': 3, 'maximum_q_ncdm_decay_dr': 15.0, 'background_method': 0, 'evolver': 1, 'N_momentum_bins_ncdm_decay_dr': 7, 'l_max_ncdm': 13, 'l_max_dr': 13, 'l_max_dr_col': 13, 'omega_b': 0.02228393, 'omega_cdm': 0.1191874, 'Neff_ini_dncdm': 0.2616121, 'log10lifetime_ncdm_decay_dr': 2.181005, 'm_ncdm_decay_dr': 0.00161128, 'H0': 70.83175, 'ln10^{10}A_s': 3.121519, 'n_s': 0.9933396, 'tau_reio': 0.09234584, 'P_k_max_1/Mpc': 1.0}

[PARENT][Rank 93] | ERROR: Child process failed during CLASS computation
Model: {'lensing': 'yes', 'output': 'tCl,lCl,pCl,mPk', 'l_max_scalars': 2508, 'k_pivot': 0.05, 'N_ur': 2.0328, 'N_ncdm': 1, 'm_ncdm': 0.06, 'T_ncdm': 0.71611, 'N_ncdm_decay_dr': 1, 'quadrature_strategy_ncdm_decay_dr': 3, 'ncdm_fluid_approximation': 3, 'maximum_q_ncdm_decay_dr': 15.0, 'background_method': 0, 'evolver': 1, 'N_momentum_bins_ncdm_decay_dr': 7, 'l_max_ncdm': 13, 'l_max_dr': 13, 'l_max_dr_col': 13, 'omega_b': 0.02311135, 'omega_cdm': 0.1185113, 'Neff_ini_dncdm': 0.0002153638, 'log10lifetime_ncdm_decay_dr': 3.226294, 'm_ncdm_decay_dr': 244.6692, 'H0': 68.49079, 'ln10^{10}A_s': 2.969117, 'n_s': 0.9658796, 'tau_reio': 0.01500003, 'P_k_max_1/Mpc': 1.0}
skipping to the next model...
[CHILD][Parent Rank 102] | The following model took too long to complete: 
params: {'lensing': 'yes', 'output': 'tCl,lCl,pCl,mPk', 'l_max_scalars': 2508, 'k_pivot': 0.05, 'N_ur': 2.0328, 'N_ncdm': 1, 'm_ncdm': 0.06, 'T_ncdm': 0.71611, 'N_ncdm_decay_dr': 1, 'quadrature_strategy_ncdm_decay_dr': 3, 'ncdm_fluid_approximation': 3, 'maximum_q_ncdm_decay_dr': 15.0, 'background_method': 0, 'evolver': 1, 'N_momentum_bins_ncdm_decay_dr': 7, 'l_max_ncdm': 13, 'l_max_dr': 13, 'l_max_dr_col': 13, 'omega_b': 0.02228393, 'omega_cdm': 0.1191874, 'Neff_ini_dncdm': 0.2616121, 'log10lifetime_ncdm_decay_dr': 2.181005, 'm_ncdm_decay_dr': 0.00161128, 'H0': 70.83175, 'ln10^{10}A_s': 3.121519, 'n_s': 0.9933396, 'tau_reio': 0.09234584, 'P_k_max_1/Mpc': 1.0}

[PARENT][Rank 102] | ERROR: Child process failed during CLASS computation
Model: {'lensing': 'yes', 'output': 'tCl,lCl,pCl,mPk', 'l_max_scalars': 2508, 'k_pivot': 0.05, 'N_ur': 2.0328, 'N_ncdm': 1, 'm_ncdm': 0.06, 'T_ncdm': 0.71611, 'N_ncdm_decay_dr': 1, 'quadrature_strategy_ncdm_decay_dr': 3, 'ncdm_fluid_approximation': 3, 'maximum_q_ncdm_decay_dr': 15.0, 'background_method': 0, 'evolver': 1, 'N_momentum_bins_ncdm_decay_dr': 7, 'l_max_ncdm': 13, 'l_max_dr': 13, 'l_max_dr_col': 13, 'omega_b': 0.02311135, 'omega_cdm': 0.1185113, 'Neff_ini_dncdm': 0.0002153638, 'log10lifetime_ncdm_decay_dr': 3.226294, 'm_ncdm_decay_dr': 244.6692, 'H0': 68.49079, 'ln10^{10}A_s': 2.969117, 'n_s': 0.9658796, 'tau_reio': 0.01500003, 'P_k_max_1/Mpc': 1.0}
skipping to the next model...
[CHILD][Parent Rank 99] | The following model took too long to complete: 
params: {'lensing': 'yes', 'output': 'tCl,lCl,pCl,mPk', 'l_max_scalars': 2508, 'k_pivot': 0.05, 'N_ur': 2.0328, 'N_ncdm': 1, 'm_ncdm': 0.06, 'T_ncdm': 0.71611, 'N_ncdm_decay_dr': 1, 'quadrature_strategy_ncdm_decay_dr': 3, 'ncdm_fluid_approximation': 3, 'maximum_q_ncdm_decay_dr': 15.0, 'background_method': 0, 'evolver': 1, 'N_momentum_bins_ncdm_decay_dr': 7, 'l_max_ncdm': 13, 'l_max_dr': 13, 'l_max_dr_col': 13, 'omega_b': 0.02228393, 'omega_cdm': 0.1191874, 'Neff_ini_dncdm': 0.2616121, 'log10lifetime_ncdm_decay_dr': 2.181005, 'm_ncdm_decay_dr': 0.00161128, 'H0': 70.83175, 'ln10^{10}A_s': 3.121519, 'n_s': 0.9933396, 'tau_reio': 0.09234584, 'P_k_max_1/Mpc': 1.0}

[PARENT][Rank 99] | ERROR: Child process failed during CLASS computation
Model: {'lensing': 'yes', 'output': 'tCl,lCl,pCl,mPk', 'l_max_scalars': 2508, 'k_pivot': 0.05, 'N_ur': 2.0328, 'N_ncdm': 1, 'm_ncdm': 0.06, 'T_ncdm': 0.71611, 'N_ncdm_decay_dr': 1, 'quadrature_strategy_ncdm_decay_dr': 3, 'ncdm_fluid_approximation': 3, 'maximum_q_ncdm_decay_dr': 15.0, 'background_method': 0, 'evolver': 1, 'N_momentum_bins_ncdm_decay_dr': 7, 'l_max_ncdm': 13, 'l_max_dr': 13, 'l_max_dr_col': 13, 'omega_b': 0.02311135, 'omega_cdm': 0.1185113, 'Neff_ini_dncdm': 0.0002153638, 'log10lifetime_ncdm_decay_dr': 3.226294, 'm_ncdm_decay_dr': 244.6692, 'H0': 68.49079, 'ln10^{10}A_s': 2.969117, 'n_s': 0.9658796, 'tau_reio': 0.01500003, 'P_k_max_1/Mpc': 1.0}
skipping to the next model...
[PARENT][Rank 93] | ERROR: Timeout while waiting for PONG response from child process. Child may be unresponsive.
Respawning child process...
[PARENT][Rank 93] | WARNING: Child process died or is unresponsive. Respawning...
[PARENT][Rank 102] | ERROR: Timeout while waiting for PONG response from child process. Child may be unresponsive.
Respawning child process...
[PARENT][Rank 102] | WARNING: Child process died or is unresponsive. Respawning...
[PARENT][Rank 93] | [INFO] Successfully respawned child process.
[PARENT][Rank 102] | [INFO] Successfully respawned child process.
[PARENT][Rank 99] | ERROR: Timeout while waiting for PONG response from child process. Child may be unresponsive.
Respawning child process...
[PARENT][Rank 99] | WARNING: Child process died or is unresponsive. Respawning...
[PARENT][Rank 99] | [INFO] Successfully respawned child process.
[CHILD][Parent Rank 93] | ERROR: Timeout while waiting for message.
Exiting safely.
[CHILD][Parent Rank 102] | ERROR: Timeout while waiting for message.
Exiting safely.
[CHILD][Parent Rank 99] | ERROR: Timeout while waiting for message.
Exiting safely.
[CHILD][Parent Rank 102] | ERROR: Timeout while waiting for message.
Exiting safely.
[CHILD][Parent Rank 99] | ERROR: Timeout while waiting for message.
Exiting safely.
[CHILD][Parent Rank 93] | ERROR: Timeout while waiting for message.
Exiting safely.
[PARENT][Rank 99] | ERROR: Unexpected error during PING-PONG check: TimeoutError('Timeout while waiting for child to respond.')Attemping to respawn child process...
[PARENT][Rank 99] | WARNING: Child process died or is unresponsive. Respawning...
[PARENT][Rank 102] | ERROR: Unexpected error during PING-PONG check: TimeoutError('Timeout while waiting for child to respond.')Attemping to respawn child process...
[PARENT][Rank 102] | WARNING: Child process died or is unresponsive. Respawning...
[PARENT][Rank 99] | [INFO] Successfully respawned child process.
[PARENT][Rank 102] | [INFO] Successfully respawned child process.
[PARENT][Rank 93] | ERROR: Unexpected error during PING-PONG check: TimeoutError('Timeout while waiting for child to respond.')Attemping to respawn child process...
[PARENT][Rank 93] | WARNING: Child process died or is unresponsive. Respawning...
[PARENT][Rank 93] | [INFO] Successfully respawned child process.
[Master] [WARNING] Received ABORT command from ranks: {102}.
This is due to the parent failing closing down the child process properly.
Or the child process crashed or was unresponsive at some point.
Exiting through MPI.Abort() to prevent hanging/deadlock.
--------------------------------------------------------------------------
MPI_ABORT was invoked on rank 0 in communicator MPI_COMM_WORLD
with errorcode 1.

NOTE: invoking MPI_ABORT causes Open MPI to kill all MPI processes.
You may or may not see output from other processes, depending on
exactly when Open MPI kills them.
--------------------------------------------------------------------------
--------------------------------------------------------------------------
An MPI communication peer process has unexpectedly disconnected.  This
usually indicates a failure in the peer process (e.g., a crash or
otherwise exiting without calling MPI_FINALIZE first).

Although this local MPI process will likely now behave unpredictably
(it may even hang or crash), the root cause of this problem is the
failure of the peer -- that is what you need to investigate.  For
example, there may be a core file that you can examine.  More
generally: such peer hangups are frequently caused by application bugs
or other external events.

  Local host: s44n14
  Local PID:  21446
  Peer host:  s44n12
--------------------------------------------------------------------------
[s44n12.grendel.cscaa.dk:132443] 1 more process has sent help message help-mpi-btl-tcp.txt / peer hung up
[s44n12.grendel.cscaa.dk:132443] Set MCA parameter "orte_base_help_aggregate" to 0 to see all help / error messages
WARNING: mpirun failed with exit code 1, but calculations completed successfully. Checking for lingering MPI processes...
No lingering MPI processes found.
Check complete, continuing...
[CHILD][Parent Rank 34] | The following model took too long to complete: 
params: {'lensing': 'yes', 'output': 'tCl,lCl,pCl,mPk', 'l_max_scalars': 2508, 'k_pivot': 0.05, 'N_ur': 2.0328, 'N_ncdm': 1, 'm_ncdm': 0.06, 'T_ncdm': 0.71611, 'N_ncdm_decay_dr': 1, 'quadrature_strategy_ncdm_decay_dr': 3, 'ncdm_fluid_approximation': 3, 'maximum_q_ncdm_decay_dr': 15.0, 'background_method': 0, 'evolver': 1, 'N_momentum_bins_ncdm_decay_dr': 7, 'l_max_ncdm': 13, 'l_max_dr': 13, 'l_max_dr_col': 13, 'omega_b': 0.023330359, 'omega_cdm': 0.1343891, 'Neff_ini_dncdm': 1.210457, 'log10lifetime_ncdm_decay_dr': 4.272127, 'm_ncdm_decay_dr': 0.1084816, 'H0': 75.57377, 'ln10^{10}A_s': 3.013663, 'n_s': 1.007683, 'tau_reio': 0.02001136, 'P_k_max_1/Mpc': 1.0}

[PARENT][Rank 34] | ERROR: Child process failed during CLASS computation
Model: {'lensing': 'yes', 'output': 'tCl,lCl,pCl,mPk', 'l_max_scalars': 2508, 'k_pivot': 0.05, 'N_ur': 2.0328, 'N_ncdm': 1, 'm_ncdm': 0.06, 'T_ncdm': 0.71611, 'N_ncdm_decay_dr': 1, 'quadrature_strategy_ncdm_decay_dr': 3, 'ncdm_fluid_approximation': 3, 'maximum_q_ncdm_decay_dr': 15.0, 'background_method': 0, 'evolver': 1, 'N_momentum_bins_ncdm_decay_dr': 7, 'l_max_ncdm': 13, 'l_max_dr': 13, 'l_max_dr_col': 13, 'omega_b': 0.023330359, 'omega_cdm': 0.1343891, 'Neff_ini_dncdm': 1.210457, 'log10lifetime_ncdm_decay_dr': 4.272127, 'm_ncdm_decay_dr': 0.1084816, 'H0': 75.57377, 'ln10^{10}A_s': 3.013663, 'n_s': 1.007683, 'tau_reio': 0.02001136, 'P_k_max_1/Mpc': 1.0}
skipping to the next model...
[CHILD][Parent Rank 19] | The following model took too long to complete: 
params: {'lensing': 'yes', 'output': 'tCl,lCl,pCl,mPk', 'l_max_scalars': 2508, 'k_pivot': 0.05, 'N_ur': 2.0328, 'N_ncdm': 1, 'm_ncdm': 0.06, 'T_ncdm': 0.71611, 'N_ncdm_decay_dr': 1, 'quadrature_strategy_ncdm_decay_dr': 3, 'ncdm_fluid_approximation': 3, 'maximum_q_ncdm_decay_dr': 15.0, 'background_method': 0, 'evolver': 1, 'N_momentum_bins_ncdm_decay_dr': 7, 'l_max_ncdm': 13, 'l_max_dr': 13, 'l_max_dr_col': 13, 'omega_b': 0.023330359, 'omega_cdm': 0.1343891, 'Neff_ini_dncdm': 1.210457, 'log10lifetime_ncdm_decay_dr': 4.272127, 'm_ncdm_decay_dr': 0.1084816, 'H0': 75.57377, 'ln10^{10}A_s': 3.013663, 'n_s': 1.007683, 'tau_reio': 0.02001136, 'P_k_max_1/Mpc': 1.0}

[PARENT][Rank 19] | ERROR: Child process failed during CLASS computation
Model: {'lensing': 'yes', 'output': 'tCl,lCl,pCl,mPk', 'l_max_scalars': 2508, 'k_pivot': 0.05, 'N_ur': 2.0328, 'N_ncdm': 1, 'm_ncdm': 0.06, 'T_ncdm': 0.71611, 'N_ncdm_decay_dr': 1, 'quadrature_strategy_ncdm_decay_dr': 3, 'ncdm_fluid_approximation': 3, 'maximum_q_ncdm_decay_dr': 15.0, 'background_method': 0, 'evolver': 1, 'N_momentum_bins_ncdm_decay_dr': 7, 'l_max_ncdm': 13, 'l_max_dr': 13, 'l_max_dr_col': 13, 'omega_b': 0.023330359, 'omega_cdm': 0.1343891, 'Neff_ini_dncdm': 1.210457, 'log10lifetime_ncdm_decay_dr': 4.272127, 'm_ncdm_decay_dr': 0.1084816, 'H0': 75.57377, 'ln10^{10}A_s': 3.013663, 'n_s': 1.007683, 'tau_reio': 0.02001136, 'P_k_max_1/Mpc': 1.0}
skipping to the next model...
[CHILD][Parent Rank 10] | The following model took too long to complete: 
params: {'lensing': 'yes', 'output': 'tCl,lCl,pCl,mPk', 'l_max_scalars': 2508, 'k_pivot': 0.05, 'N_ur': 2.0328, 'N_ncdm': 1, 'm_ncdm': 0.06, 'T_ncdm': 0.71611, 'N_ncdm_decay_dr': 1, 'quadrature_strategy_ncdm_decay_dr': 3, 'ncdm_fluid_approximation': 3, 'maximum_q_ncdm_decay_dr': 15.0, 'background_method': 0, 'evolver': 1, 'N_momentum_bins_ncdm_decay_dr': 7, 'l_max_ncdm': 13, 'l_max_dr': 13, 'l_max_dr_col': 13, 'omega_b': 0.023330359, 'omega_cdm': 0.1343891, 'Neff_ini_dncdm': 1.210457, 'log10lifetime_ncdm_decay_dr': 4.272127, 'm_ncdm_decay_dr': 0.1084816, 'H0': 75.57377, 'ln10^{10}A_s': 3.013663, 'n_s': 1.007683, 'tau_reio': 0.02001136, 'P_k_max_1/Mpc': 1.0}

[PARENT][Rank 10] | ERROR: Child process failed during CLASS computation
Model: {'lensing': 'yes', 'output': 'tCl,lCl,pCl,mPk', 'l_max_scalars': 2508, 'k_pivot': 0.05, 'N_ur': 2.0328, 'N_ncdm': 1, 'm_ncdm': 0.06, 'T_ncdm': 0.71611, 'N_ncdm_decay_dr': 1, 'quadrature_strategy_ncdm_decay_dr': 3, 'ncdm_fluid_approximation': 3, 'maximum_q_ncdm_decay_dr': 15.0, 'background_method': 0, 'evolver': 1, 'N_momentum_bins_ncdm_decay_dr': 7, 'l_max_ncdm': 13, 'l_max_dr': 13, 'l_max_dr_col': 13, 'omega_b': 0.023330359, 'omega_cdm': 0.1343891, 'Neff_ini_dncdm': 1.210457, 'log10lifetime_ncdm_decay_dr': 4.272127, 'm_ncdm_decay_dr': 0.1084816, 'H0': 75.57377, 'ln10^{10}A_s': 3.013663, 'n_s': 1.007683, 'tau_reio': 0.02001136, 'P_k_max_1/Mpc': 1.0}
skipping to the next model...
[CHILD][Parent Rank 338] | The following model took too long to complete: 
params: {'lensing': 'yes', 'output': 'tCl,lCl,pCl,mPk', 'l_max_scalars': 2508, 'k_pivot': 0.05, 'N_ur': 2.0328, 'N_ncdm': 1, 'm_ncdm': 0.06, 'T_ncdm': 0.71611, 'N_ncdm_decay_dr': 1, 'quadrature_strategy_ncdm_decay_dr': 3, 'ncdm_fluid_approximation': 3, 'maximum_q_ncdm_decay_dr': 15.0, 'background_method': 0, 'evolver': 1, 'N_momentum_bins_ncdm_decay_dr': 7, 'l_max_ncdm': 13, 'l_max_dr': 13, 'l_max_dr_col': 13, 'omega_b': 0.02324012, 'omega_cdm': 0.1338838, 'Neff_ini_dncdm': 1.116294, 'log10lifetime_ncdm_decay_dr': 4.340972, 'm_ncdm_decay_dr': 0.02443606, 'H0': 75.67153, 'ln10^{10}A_s': 3.001577, 'n_s': 1.008168, 'tau_reio': 0.01657641, 'P_k_max_1/Mpc': 1.0}

[PARENT][Rank 338] | ERROR: Child process failed during CLASS computation
Model: {'lensing': 'yes', 'output': 'tCl,lCl,pCl,mPk', 'l_max_scalars': 2508, 'k_pivot': 0.05, 'N_ur': 2.0328, 'N_ncdm': 1, 'm_ncdm': 0.06, 'T_ncdm': 0.71611, 'N_ncdm_decay_dr': 1, 'quadrature_strategy_ncdm_decay_dr': 3, 'ncdm_fluid_approximation': 3, 'maximum_q_ncdm_decay_dr': 15.0, 'background_method': 0, 'evolver': 1, 'N_momentum_bins_ncdm_decay_dr': 7, 'l_max_ncdm': 13, 'l_max_dr': 13, 'l_max_dr_col': 13, 'omega_b': 0.02324012, 'omega_cdm': 0.1338838, 'Neff_ini_dncdm': 1.116294, 'log10lifetime_ncdm_decay_dr': 4.340972, 'm_ncdm_decay_dr': 0.02443606, 'H0': 75.67153, 'ln10^{10}A_s': 3.001577, 'n_s': 1.008168, 'tau_reio': 0.01657641, 'P_k_max_1/Mpc': 1.0}
skipping to the next model...
[CHILD][Parent Rank 243] | The following model took too long to complete: 
params: {'lensing': 'yes', 'output': 'tCl,lCl,pCl,mPk', 'l_max_scalars': 2508, 'k_pivot': 0.05, 'N_ur': 2.0328, 'N_ncdm': 1, 'm_ncdm': 0.06, 'T_ncdm': 0.71611, 'N_ncdm_decay_dr': 1, 'quadrature_strategy_ncdm_decay_dr': 3, 'ncdm_fluid_approximation': 3, 'maximum_q_ncdm_decay_dr': 15.0, 'background_method': 0, 'evolver': 1, 'N_momentum_bins_ncdm_decay_dr': 7, 'l_max_ncdm': 13, 'l_max_dr': 13, 'l_max_dr_col': 13, 'omega_b': 0.02267504, 'omega_cdm': 0.1383074, 'Neff_ini_dncdm': 1.151056, 'log10lifetime_ncdm_decay_dr': 4.058038, 'm_ncdm_decay_dr': 0.1212585, 'H0': 73.64093, 'ln10^{10}A_s': 3.004055, 'n_s': 1.006872, 'tau_reio': 0.01393747, 'P_k_max_1/Mpc': 1.0}

[PARENT][Rank 243] | ERROR: Child process failed during CLASS computation
Model: {'lensing': 'yes', 'output': 'tCl,lCl,pCl,mPk', 'l_max_scalars': 2508, 'k_pivot': 0.05, 'N_ur': 2.0328, 'N_ncdm': 1, 'm_ncdm': 0.06, 'T_ncdm': 0.71611, 'N_ncdm_decay_dr': 1, 'quadrature_strategy_ncdm_decay_dr': 3, 'ncdm_fluid_approximation': 3, 'maximum_q_ncdm_decay_dr': 15.0, 'background_method': 0, 'evolver': 1, 'N_momentum_bins_ncdm_decay_dr': 7, 'l_max_ncdm': 13, 'l_max_dr': 13, 'l_max_dr_col': 13, 'omega_b': 0.02267504, 'omega_cdm': 0.1383074, 'Neff_ini_dncdm': 1.151056, 'log10lifetime_ncdm_decay_dr': 4.058038, 'm_ncdm_decay_dr': 0.1212585, 'H0': 73.64093, 'ln10^{10}A_s': 3.004055, 'n_s': 1.006872, 'tau_reio': 0.01393747, 'P_k_max_1/Mpc': 1.0}
skipping to the next model...
[CHILD][Parent Rank 3] | The following model took too long to complete: 
params: {'lensing': 'yes', 'output': 'tCl,lCl,pCl,mPk', 'l_max_scalars': 2508, 'k_pivot': 0.05, 'N_ur': 2.0328, 'N_ncdm': 1, 'm_ncdm': 0.06, 'T_ncdm': 0.71611, 'N_ncdm_decay_dr': 1, 'quadrature_strategy_ncdm_decay_dr': 3, 'ncdm_fluid_approximation': 3, 'maximum_q_ncdm_decay_dr': 15.0, 'background_method': 0, 'evolver': 1, 'N_momentum_bins_ncdm_decay_dr': 7, 'l_max_ncdm': 13, 'l_max_dr': 13, 'l_max_dr_col': 13, 'omega_b': 0.02273018, 'omega_cdm': 0.137591, 'Neff_ini_dncdm': 1.059211, 'log10lifetime_ncdm_decay_dr': 4.361678, 'm_ncdm_decay_dr': 0.185037, 'H0': 72.62662, 'ln10^{10}A_s': 3.069622, 'n_s': 0.9909921, 'tau_reio': 0.03962944, 'P_k_max_1/Mpc': 1.0}

[PARENT][Rank 3] | ERROR: Child process failed during CLASS computation
Model: {'lensing': 'yes', 'output': 'tCl,lCl,pCl,mPk', 'l_max_scalars': 2508, 'k_pivot': 0.05, 'N_ur': 2.0328, 'N_ncdm': 1, 'm_ncdm': 0.06, 'T_ncdm': 0.71611, 'N_ncdm_decay_dr': 1, 'quadrature_strategy_ncdm_decay_dr': 3, 'ncdm_fluid_approximation': 3, 'maximum_q_ncdm_decay_dr': 15.0, 'background_method': 0, 'evolver': 1, 'N_momentum_bins_ncdm_decay_dr': 7, 'l_max_ncdm': 13, 'l_max_dr': 13, 'l_max_dr_col': 13, 'omega_b': 0.02273018, 'omega_cdm': 0.137591, 'Neff_ini_dncdm': 1.059211, 'log10lifetime_ncdm_decay_dr': 4.361678, 'm_ncdm_decay_dr': 0.185037, 'H0': 72.62662, 'ln10^{10}A_s': 3.069622, 'n_s': 0.9909921, 'tau_reio': 0.03962944, 'P_k_max_1/Mpc': 1.0}
skipping to the next model...
[CHILD][Parent Rank 17] | The following model took too long to complete: 
params: {'lensing': 'yes', 'output': 'tCl,lCl,pCl,mPk', 'l_max_scalars': 2508, 'k_pivot': 0.05, 'N_ur': 2.0328, 'N_ncdm': 1, 'm_ncdm': 0.06, 'T_ncdm': 0.71611, 'N_ncdm_decay_dr': 1, 'quadrature_strategy_ncdm_decay_dr': 3, 'ncdm_fluid_approximation': 3, 'maximum_q_ncdm_decay_dr': 15.0, 'background_method': 0, 'evolver': 1, 'N_momentum_bins_ncdm_decay_dr': 7, 'l_max_ncdm': 13, 'l_max_dr': 13, 'l_max_dr_col': 13, 'omega_b': 0.023036549, 'omega_cdm': 0.1331944, 'Neff_ini_dncdm': 1.086417, 'log10lifetime_ncdm_decay_dr': 4.998997, 'm_ncdm_decay_dr': 0.1924173, 'H0': 75.31406, 'ln10^{10}A_s': 3.087936, 'n_s': 1.005987, 'tau_reio': 0.06718801, 'P_k_max_1/Mpc': 1.0}

[PARENT][Rank 17] | ERROR: Child process failed during CLASS computation
Model: {'lensing': 'yes', 'output': 'tCl,lCl,pCl,mPk', 'l_max_scalars': 2508, 'k_pivot': 0.05, 'N_ur': 2.0328, 'N_ncdm': 1, 'm_ncdm': 0.06, 'T_ncdm': 0.71611, 'N_ncdm_decay_dr': 1, 'quadrature_strategy_ncdm_decay_dr': 3, 'ncdm_fluid_approximation': 3, 'maximum_q_ncdm_decay_dr': 15.0, 'background_method': 0, 'evolver': 1, 'N_momentum_bins_ncdm_decay_dr': 7, 'l_max_ncdm': 13, 'l_max_dr': 13, 'l_max_dr_col': 13, 'omega_b': 0.023036549, 'omega_cdm': 0.1331944, 'Neff_ini_dncdm': 1.086417, 'log10lifetime_ncdm_decay_dr': 4.998997, 'm_ncdm_decay_dr': 0.1924173, 'H0': 75.31406, 'ln10^{10}A_s': 3.087936, 'n_s': 1.005987, 'tau_reio': 0.06718801, 'P_k_max_1/Mpc': 1.0}
skipping to the next model...
[CHILD][Parent Rank 26] | The following model took too long to complete: 
params: {'lensing': 'yes', 'output': 'tCl,lCl,pCl,mPk', 'l_max_scalars': 2508, 'k_pivot': 0.05, 'N_ur': 2.0328, 'N_ncdm': 1, 'm_ncdm': 0.06, 'T_ncdm': 0.71611, 'N_ncdm_decay_dr': 1, 'quadrature_strategy_ncdm_decay_dr': 3, 'ncdm_fluid_approximation': 3, 'maximum_q_ncdm_decay_dr': 15.0, 'background_method': 0, 'evolver': 1, 'N_momentum_bins_ncdm_decay_dr': 7, 'l_max_ncdm': 13, 'l_max_dr': 13, 'l_max_dr_col': 13, 'omega_b': 0.023036549, 'omega_cdm': 0.1331944, 'Neff_ini_dncdm': 1.086417, 'log10lifetime_ncdm_decay_dr': 4.998997, 'm_ncdm_decay_dr': 0.1924173, 'H0': 75.31406, 'ln10^{10}A_s': 3.087936, 'n_s': 1.005987, 'tau_reio': 0.06718801, 'P_k_max_1/Mpc': 1.0}

[PARENT][Rank 26] | ERROR: Child process failed during CLASS computation
Model: {'lensing': 'yes', 'output': 'tCl,lCl,pCl,mPk', 'l_max_scalars': 2508, 'k_pivot': 0.05, 'N_ur': 2.0328, 'N_ncdm': 1, 'm_ncdm': 0.06, 'T_ncdm': 0.71611, 'N_ncdm_decay_dr': 1, 'quadrature_strategy_ncdm_decay_dr': 3, 'ncdm_fluid_approximation': 3, 'maximum_q_ncdm_decay_dr': 15.0, 'background_method': 0, 'evolver': 1, 'N_momentum_bins_ncdm_decay_dr': 7, 'l_max_ncdm': 13, 'l_max_dr': 13, 'l_max_dr_col': 13, 'omega_b': 0.023036549, 'omega_cdm': 0.1331944, 'Neff_ini_dncdm': 1.086417, 'log10lifetime_ncdm_decay_dr': 4.998997, 'm_ncdm_decay_dr': 0.1924173, 'H0': 75.31406, 'ln10^{10}A_s': 3.087936, 'n_s': 1.005987, 'tau_reio': 0.06718801, 'P_k_max_1/Mpc': 1.0}
skipping to the next model...
[CHILD][Parent Rank 291] | The following model took too long to complete: 
params: {'lensing': 'yes', 'output': 'tCl,lCl,pCl,mPk', 'l_max_scalars': 2508, 'k_pivot': 0.05, 'N_ur': 2.0328, 'N_ncdm': 1, 'm_ncdm': 0.06, 'T_ncdm': 0.71611, 'N_ncdm_decay_dr': 1, 'quadrature_strategy_ncdm_decay_dr': 3, 'ncdm_fluid_approximation': 3, 'maximum_q_ncdm_decay_dr': 15.0, 'background_method': 0, 'evolver': 1, 'N_momentum_bins_ncdm_decay_dr': 7, 'l_max_ncdm': 13, 'l_max_dr': 13, 'l_max_dr_col': 13, 'omega_b': 0.02311391, 'omega_cdm': 0.1370981, 'Neff_ini_dncdm': 0.8462032, 'log10lifetime_ncdm_decay_dr': 4.293641, 'm_ncdm_decay_dr': 0.2230096, 'H0': 70.72362, 'ln10^{10}A_s': 3.153281, 'n_s': 0.9915251, 'tau_reio': 0.08409823, 'P_k_max_1/Mpc': 1.0}

[CHILD][Parent Rank 384] | The following model took too long to complete: 
params: {'lensing': 'yes', 'output': 'tCl,lCl,pCl,mPk', 'l_max_scalars': 2508, 'k_pivot': 0.05, 'N_ur': 2.0328, 'N_ncdm': 1, 'm_ncdm': 0.06, 'T_ncdm': 0.71611, 'N_ncdm_decay_dr': 1, 'quadrature_strategy_ncdm_decay_dr': 3, 'ncdm_fluid_approximation': 3, 'maximum_q_ncdm_decay_dr': 15.0, 'background_method': 0, 'evolver': 1, 'N_momentum_bins_ncdm_decay_dr': 7, 'l_max_ncdm': 13, 'l_max_dr': 13, 'l_max_dr_col': 13, 'omega_b': 0.02311391, 'omega_cdm': 0.1370981, 'Neff_ini_dncdm': 0.8462032, 'log10lifetime_ncdm_decay_dr': 4.293641, 'm_ncdm_decay_dr': 0.2230096, 'H0': 70.72362, 'ln10^{10}A_s': 3.153281, 'n_s': 0.9915251, 'tau_reio': 0.08409823, 'P_k_max_1/Mpc': 1.0}

[PARENT][Rank 291] | ERROR: Child process failed during CLASS computation
Model: {'lensing': 'yes', 'output': 'tCl,lCl,pCl,mPk', 'l_max_scalars': 2508, 'k_pivot': 0.05, 'N_ur': 2.0328, 'N_ncdm': 1, 'm_ncdm': 0.06, 'T_ncdm': 0.71611, 'N_ncdm_decay_dr': 1, 'quadrature_strategy_ncdm_decay_dr': 3, 'ncdm_fluid_approximation': 3, 'maximum_q_ncdm_decay_dr': 15.0, 'background_method': 0, 'evolver': 1, 'N_momentum_bins_ncdm_decay_dr': 7, 'l_max_ncdm': 13, 'l_max_dr': 13, 'l_max_dr_col': 13, 'omega_b': 0.02311391, 'omega_cdm': 0.1370981, 'Neff_ini_dncdm': 0.8462032, 'log10lifetime_ncdm_decay_dr': 4.293641, 'm_ncdm_decay_dr': 0.2230096, 'H0': 70.72362, 'ln10^{10}A_s': 3.153281, 'n_s': 0.9915251, 'tau_reio': 0.08409823, 'P_k_max_1/Mpc': 1.0}
skipping to the next model...
[PARENT][Rank 384] | ERROR: Child process failed during CLASS computation
Model: {'lensing': 'yes', 'output': 'tCl,lCl,pCl,mPk', 'l_max_scalars': 2508, 'k_pivot': 0.05, 'N_ur': 2.0328, 'N_ncdm': 1, 'm_ncdm': 0.06, 'T_ncdm': 0.71611, 'N_ncdm_decay_dr': 1, 'quadrature_strategy_ncdm_decay_dr': 3, 'ncdm_fluid_approximation': 3, 'maximum_q_ncdm_decay_dr': 15.0, 'background_method': 0, 'evolver': 1, 'N_momentum_bins_ncdm_decay_dr': 7, 'l_max_ncdm': 13, 'l_max_dr': 13, 'l_max_dr_col': 13, 'omega_b': 0.02311391, 'omega_cdm': 0.1370981, 'Neff_ini_dncdm': 0.8462032, 'log10lifetime_ncdm_decay_dr': 4.293641, 'm_ncdm_decay_dr': 0.2230096, 'H0': 70.72362, 'ln10^{10}A_s': 3.153281, 'n_s': 0.9915251, 'tau_reio': 0.08409823, 'P_k_max_1/Mpc': 1.0}
skipping to the next model...
[CHILD][Parent Rank 293] | The following model took too long to complete: 
params: {'lensing': 'yes', 'output': 'tCl,lCl,pCl,mPk', 'l_max_scalars': 2508, 'k_pivot': 0.05, 'N_ur': 2.0328, 'N_ncdm': 1, 'm_ncdm': 0.06, 'T_ncdm': 0.71611, 'N_ncdm_decay_dr': 1, 'quadrature_strategy_ncdm_decay_dr': 3, 'ncdm_fluid_approximation': 3, 'maximum_q_ncdm_decay_dr': 15.0, 'background_method': 0, 'evolver': 1, 'N_momentum_bins_ncdm_decay_dr': 7, 'l_max_ncdm': 13, 'l_max_dr': 13, 'l_max_dr_col': 13, 'omega_b': 0.02311391, 'omega_cdm': 0.1370981, 'Neff_ini_dncdm': 0.8462032, 'log10lifetime_ncdm_decay_dr': 4.293641, 'm_ncdm_decay_dr': 0.2230096, 'H0': 70.72362, 'ln10^{10}A_s': 3.153281, 'n_s': 0.9915251, 'tau_reio': 0.08409823, 'P_k_max_1/Mpc': 1.0}

[PARENT][Rank 293] | ERROR: Child process failed during CLASS computation
Model: {'lensing': 'yes', 'output': 'tCl,lCl,pCl,mPk', 'l_max_scalars': 2508, 'k_pivot': 0.05, 'N_ur': 2.0328, 'N_ncdm': 1, 'm_ncdm': 0.06, 'T_ncdm': 0.71611, 'N_ncdm_decay_dr': 1, 'quadrature_strategy_ncdm_decay_dr': 3, 'ncdm_fluid_approximation': 3, 'maximum_q_ncdm_decay_dr': 15.0, 'background_method': 0, 'evolver': 1, 'N_momentum_bins_ncdm_decay_dr': 7, 'l_max_ncdm': 13, 'l_max_dr': 13, 'l_max_dr_col': 13, 'omega_b': 0.02311391, 'omega_cdm': 0.1370981, 'Neff_ini_dncdm': 0.8462032, 'log10lifetime_ncdm_decay_dr': 4.293641, 'm_ncdm_decay_dr': 0.2230096, 'H0': 70.72362, 'ln10^{10}A_s': 3.153281, 'n_s': 0.9915251, 'tau_reio': 0.08409823, 'P_k_max_1/Mpc': 1.0}
skipping to the next model...
[CHILD][Parent Rank 106] | The following model took too long to complete: 
params: {'lensing': 'yes', 'output': 'tCl,lCl,pCl,mPk', 'l_max_scalars': 2508, 'k_pivot': 0.05, 'N_ur': 2.0328, 'N_ncdm': 1, 'm_ncdm': 0.06, 'T_ncdm': 0.71611, 'N_ncdm_decay_dr': 1, 'quadrature_strategy_ncdm_decay_dr': 3, 'ncdm_fluid_approximation': 3, 'maximum_q_ncdm_decay_dr': 15.0, 'background_method': 0, 'evolver': 1, 'N_momentum_bins_ncdm_decay_dr': 7, 'l_max_ncdm': 13, 'l_max_dr': 13, 'l_max_dr_col': 13, 'omega_b': 0.02284908, 'omega_cdm': 0.1346028, 'Neff_ini_dncdm': 0.7704668, 'log10lifetime_ncdm_decay_dr': 4.010056, 'm_ncdm_decay_dr': 0.01194495, 'H0': 71.24058, 'ln10^{10}A_s': 3.239599, 'n_s': 0.9880911, 'tau_reio': 0.1244884, 'P_k_max_1/Mpc': 1.0}

[PARENT][Rank 106] | ERROR: Child process failed during CLASS computation
Model: {'lensing': 'yes', 'output': 'tCl,lCl,pCl,mPk', 'l_max_scalars': 2508, 'k_pivot': 0.05, 'N_ur': 2.0328, 'N_ncdm': 1, 'm_ncdm': 0.06, 'T_ncdm': 0.71611, 'N_ncdm_decay_dr': 1, 'quadrature_strategy_ncdm_decay_dr': 3, 'ncdm_fluid_approximation': 3, 'maximum_q_ncdm_decay_dr': 15.0, 'background_method': 0, 'evolver': 1, 'N_momentum_bins_ncdm_decay_dr': 7, 'l_max_ncdm': 13, 'l_max_dr': 13, 'l_max_dr_col': 13, 'omega_b': 0.02284908, 'omega_cdm': 0.1346028, 'Neff_ini_dncdm': 0.7704668, 'log10lifetime_ncdm_decay_dr': 4.010056, 'm_ncdm_decay_dr': 0.01194495, 'H0': 71.24058, 'ln10^{10}A_s': 3.239599, 'n_s': 0.9880911, 'tau_reio': 0.1244884, 'P_k_max_1/Mpc': 1.0}
skipping to the next model...
[CHILD][Parent Rank 95] | The following model took too long to complete: 
params: {'lensing': 'yes', 'output': 'tCl,lCl,pCl,mPk', 'l_max_scalars': 2508, 'k_pivot': 0.05, 'N_ur': 2.0328, 'N_ncdm': 1, 'm_ncdm': 0.06, 'T_ncdm': 0.71611, 'N_ncdm_decay_dr': 1, 'quadrature_strategy_ncdm_decay_dr': 3, 'ncdm_fluid_approximation': 3, 'maximum_q_ncdm_decay_dr': 15.0, 'background_method': 0, 'evolver': 1, 'N_momentum_bins_ncdm_decay_dr': 7, 'l_max_ncdm': 13, 'l_max_dr': 13, 'l_max_dr_col': 13, 'omega_b': 0.02284908, 'omega_cdm': 0.1346028, 'Neff_ini_dncdm': 0.7704668, 'log10lifetime_ncdm_decay_dr': 4.010056, 'm_ncdm_decay_dr': 0.01194495, 'H0': 71.24058, 'ln10^{10}A_s': 3.239599, 'n_s': 0.9880911, 'tau_reio': 0.1244884, 'P_k_max_1/Mpc': 1.0}

[PARENT][Rank 95] | ERROR: Child process failed during CLASS computation
Model: {'lensing': 'yes', 'output': 'tCl,lCl,pCl,mPk', 'l_max_scalars': 2508, 'k_pivot': 0.05, 'N_ur': 2.0328, 'N_ncdm': 1, 'm_ncdm': 0.06, 'T_ncdm': 0.71611, 'N_ncdm_decay_dr': 1, 'quadrature_strategy_ncdm_decay_dr': 3, 'ncdm_fluid_approximation': 3, 'maximum_q_ncdm_decay_dr': 15.0, 'background_method': 0, 'evolver': 1, 'N_momentum_bins_ncdm_decay_dr': 7, 'l_max_ncdm': 13, 'l_max_dr': 13, 'l_max_dr_col': 13, 'omega_b': 0.02284908, 'omega_cdm': 0.1346028, 'Neff_ini_dncdm': 0.7704668, 'log10lifetime_ncdm_decay_dr': 4.010056, 'm_ncdm_decay_dr': 0.01194495, 'H0': 71.24058, 'ln10^{10}A_s': 3.239599, 'n_s': 0.9880911, 'tau_reio': 0.1244884, 'P_k_max_1/Mpc': 1.0}
skipping to the next model...
[CHILD][Parent Rank 142] | The following model took too long to complete: 
params: {'lensing': 'yes', 'output': 'tCl,lCl,pCl,mPk', 'l_max_scalars': 2508, 'k_pivot': 0.05, 'N_ur': 2.0328, 'N_ncdm': 1, 'm_ncdm': 0.06, 'T_ncdm': 0.71611, 'N_ncdm_decay_dr': 1, 'quadrature_strategy_ncdm_decay_dr': 3, 'ncdm_fluid_approximation': 3, 'maximum_q_ncdm_decay_dr': 15.0, 'background_method': 0, 'evolver': 1, 'N_momentum_bins_ncdm_decay_dr': 7, 'l_max_ncdm': 13, 'l_max_dr': 13, 'l_max_dr_col': 13, 'omega_b': 0.02329632, 'omega_cdm': 0.1287346, 'Neff_ini_dncdm': 0.7297389, 'log10lifetime_ncdm_decay_dr': 3.95993, 'm_ncdm_decay_dr': 0.1855231, 'H0': 72.86703, 'ln10^{10}A_s': 3.068947, 'n_s': 0.9903544, 'tau_reio': 0.05189336, 'P_k_max_1/Mpc': 1.0}

[PARENT][Rank 142] | ERROR: Child process failed during CLASS computation
Model: {'lensing': 'yes', 'output': 'tCl,lCl,pCl,mPk', 'l_max_scalars': 2508, 'k_pivot': 0.05, 'N_ur': 2.0328, 'N_ncdm': 1, 'm_ncdm': 0.06, 'T_ncdm': 0.71611, 'N_ncdm_decay_dr': 1, 'quadrature_strategy_ncdm_decay_dr': 3, 'ncdm_fluid_approximation': 3, 'maximum_q_ncdm_decay_dr': 15.0, 'background_method': 0, 'evolver': 1, 'N_momentum_bins_ncdm_decay_dr': 7, 'l_max_ncdm': 13, 'l_max_dr': 13, 'l_max_dr_col': 13, 'omega_b': 0.02329632, 'omega_cdm': 0.1287346, 'Neff_ini_dncdm': 0.7297389, 'log10lifetime_ncdm_decay_dr': 3.95993, 'm_ncdm_decay_dr': 0.1855231, 'H0': 72.86703, 'ln10^{10}A_s': 3.068947, 'n_s': 0.9903544, 'tau_reio': 0.05189336, 'P_k_max_1/Mpc': 1.0}
skipping to the next model...
[PARENT][Rank 328] | ERROR: Timeout while waiting for response from child process after CLASS computations. Child may be unresponsive.

[PARENT][Rank 331] | ERROR: Timeout while waiting for response from child process after CLASS computations. Child may be unresponsive.

[PARENT][Rank 341] | ERROR: Timeout while waiting for response from child process after CLASS computations. Child may be unresponsive.

[PARENT][Rank 355] | ERROR: Timeout while waiting for response from child process after CLASS computations. Child may be unresponsive.

[PARENT][Rank 362] | ERROR: Timeout while waiting for response from child process after CLASS computations. Child may be unresponsive.

[PARENT][Rank 363] | ERROR: Timeout while waiting for response from child process after CLASS computations. Child may be unresponsive.

[CHILD][Parent Rank 328] | The following model took too long to complete: 
params: {'lensing': 'yes', 'output': 'tCl,lCl,pCl,mPk', 'l_max_scalars': 2508, 'k_pivot': 0.05, 'N_ur': 2.0328, 'N_ncdm': 1, 'm_ncdm': 0.06, 'T_ncdm': 0.71611, 'N_ncdm_decay_dr': 1, 'quadrature_strategy_ncdm_decay_dr': 3, 'ncdm_fluid_approximation': 3, 'maximum_q_ncdm_decay_dr': 15.0, 'background_method': 0, 'evolver': 1, 'N_momentum_bins_ncdm_decay_dr': 7, 'l_max_ncdm': 13, 'l_max_dr': 13, 'l_max_dr_col': 13, 'omega_b': 0.0234375, 'omega_cdm': 0.1264956, 'Neff_ini_dncdm': 0.6968915, 'log10lifetime_ncdm_decay_dr': 3.906077, 'm_ncdm_decay_dr': 0.005832677, 'H0': 73.83259, 'ln10^{10}A_s': 3.070484, 'n_s': 0.9935206, 'tau_reio': 0.05503466, 'P_k_max_1/Mpc': 1.0}

[PARENT][Rank 328] | ERROR: Child process failed during CLASS computation
Model: {'lensing': 'yes', 'output': 'tCl,lCl,pCl,mPk', 'l_max_scalars': 2508, 'k_pivot': 0.05, 'N_ur': 2.0328, 'N_ncdm': 1, 'm_ncdm': 0.06, 'T_ncdm': 0.71611, 'N_ncdm_decay_dr': 1, 'quadrature_strategy_ncdm_decay_dr': 3, 'ncdm_fluid_approximation': 3, 'maximum_q_ncdm_decay_dr': 15.0, 'background_method': 0, 'evolver': 1, 'N_momentum_bins_ncdm_decay_dr': 7, 'l_max_ncdm': 13, 'l_max_dr': 13, 'l_max_dr_col': 13, 'omega_b': 0.02177948, 'omega_cdm': 0.1378505, 'Neff_ini_dncdm': 0.7168981, 'log10lifetime_ncdm_decay_dr': 2.685657, 'm_ncdm_decay_dr': 5.503518, 'H0': 69.26279, 'ln10^{10}A_s': 3.128468, 'n_s': 0.9897681, 'tau_reio': 0.06862111, 'P_k_max_1/Mpc': 1.0}
skipping to the next model...
[CHILD][Parent Rank 331] | The following model took too long to complete: 
params: {'lensing': 'yes', 'output': 'tCl,lCl,pCl,mPk', 'l_max_scalars': 2508, 'k_pivot': 0.05, 'N_ur': 2.0328, 'N_ncdm': 1, 'm_ncdm': 0.06, 'T_ncdm': 0.71611, 'N_ncdm_decay_dr': 1, 'quadrature_strategy_ncdm_decay_dr': 3, 'ncdm_fluid_approximation': 3, 'maximum_q_ncdm_decay_dr': 15.0, 'background_method': 0, 'evolver': 1, 'N_momentum_bins_ncdm_decay_dr': 7, 'l_max_ncdm': 13, 'l_max_dr': 13, 'l_max_dr_col': 13, 'omega_b': 0.0234375, 'omega_cdm': 0.1264956, 'Neff_ini_dncdm': 0.6968915, 'log10lifetime_ncdm_decay_dr': 3.906077, 'm_ncdm_decay_dr': 0.005832677, 'H0': 73.83259, 'ln10^{10}A_s': 3.070484, 'n_s': 0.9935206, 'tau_reio': 0.05503466, 'P_k_max_1/Mpc': 1.0}

[PARENT][Rank 331] | ERROR: Child process failed during CLASS computation
Model: {'lensing': 'yes', 'output': 'tCl,lCl,pCl,mPk', 'l_max_scalars': 2508, 'k_pivot': 0.05, 'N_ur': 2.0328, 'N_ncdm': 1, 'm_ncdm': 0.06, 'T_ncdm': 0.71611, 'N_ncdm_decay_dr': 1, 'quadrature_strategy_ncdm_decay_dr': 3, 'ncdm_fluid_approximation': 3, 'maximum_q_ncdm_decay_dr': 15.0, 'background_method': 0, 'evolver': 1, 'N_momentum_bins_ncdm_decay_dr': 7, 'l_max_ncdm': 13, 'l_max_dr': 13, 'l_max_dr_col': 13, 'omega_b': 0.02177948, 'omega_cdm': 0.1378505, 'Neff_ini_dncdm': 0.7168981, 'log10lifetime_ncdm_decay_dr': 2.685657, 'm_ncdm_decay_dr': 5.503518, 'H0': 69.26279, 'ln10^{10}A_s': 3.128468, 'n_s': 0.9897681, 'tau_reio': 0.06862111, 'P_k_max_1/Mpc': 1.0}
skipping to the next model...
[CHILD][Parent Rank 341] | The following model took too long to complete: 
params: {'lensing': 'yes', 'output': 'tCl,lCl,pCl,mPk', 'l_max_scalars': 2508, 'k_pivot': 0.05, 'N_ur': 2.0328, 'N_ncdm': 1, 'm_ncdm': 0.06, 'T_ncdm': 0.71611, 'N_ncdm_decay_dr': 1, 'quadrature_strategy_ncdm_decay_dr': 3, 'ncdm_fluid_approximation': 3, 'maximum_q_ncdm_decay_dr': 15.0, 'background_method': 0, 'evolver': 1, 'N_momentum_bins_ncdm_decay_dr': 7, 'l_max_ncdm': 13, 'l_max_dr': 13, 'l_max_dr_col': 13, 'omega_b': 0.0234375, 'omega_cdm': 0.1264956, 'Neff_ini_dncdm': 0.6968915, 'log10lifetime_ncdm_decay_dr': 3.906077, 'm_ncdm_decay_dr': 0.005832677, 'H0': 73.83259, 'ln10^{10}A_s': 3.070484, 'n_s': 0.9935206, 'tau_reio': 0.05503466, 'P_k_max_1/Mpc': 1.0}

[CHILD][Parent Rank 363] | The following model took too long to complete: 
params: {'lensing': 'yes', 'output': 'tCl,lCl,pCl,mPk', 'l_max_scalars': 2508, 'k_pivot': 0.05, 'N_ur': 2.0328, 'N_ncdm': 1, 'm_ncdm': 0.06, 'T_ncdm': 0.71611, 'N_ncdm_decay_dr': 1, 'quadrature_strategy_ncdm_decay_dr': 3, 'ncdm_fluid_approximation': 3, 'maximum_q_ncdm_decay_dr': 15.0, 'background_method': 0, 'evolver': 1, 'N_momentum_bins_ncdm_decay_dr': 7, 'l_max_ncdm': 13, 'l_max_dr': 13, 'l_max_dr_col': 13, 'omega_b': 0.0234375, 'omega_cdm': 0.1264956, 'Neff_ini_dncdm': 0.6968915, 'log10lifetime_ncdm_decay_dr': 3.906077, 'm_ncdm_decay_dr': 0.005832677, 'H0': 73.83259, 'ln10^{10}A_s': 3.070484, 'n_s': 0.9935206, 'tau_reio': 0.05503466, 'P_k_max_1/Mpc': 1.0}

[PARENT][Rank 341] | ERROR: Child process failed during CLASS computation
Model: {'lensing': 'yes', 'output': 'tCl,lCl,pCl,mPk', 'l_max_scalars': 2508, 'k_pivot': 0.05, 'N_ur': 2.0328, 'N_ncdm': 1, 'm_ncdm': 0.06, 'T_ncdm': 0.71611, 'N_ncdm_decay_dr': 1, 'quadrature_strategy_ncdm_decay_dr': 3, 'ncdm_fluid_approximation': 3, 'maximum_q_ncdm_decay_dr': 15.0, 'background_method': 0, 'evolver': 1, 'N_momentum_bins_ncdm_decay_dr': 7, 'l_max_ncdm': 13, 'l_max_dr': 13, 'l_max_dr_col': 13, 'omega_b': 0.02177948, 'omega_cdm': 0.1378505, 'Neff_ini_dncdm': 0.7168981, 'log10lifetime_ncdm_decay_dr': 2.685657, 'm_ncdm_decay_dr': 5.503518, 'H0': 69.26279, 'ln10^{10}A_s': 3.128468, 'n_s': 0.9897681, 'tau_reio': 0.06862111, 'P_k_max_1/Mpc': 1.0}
skipping to the next model...
[PARENT][Rank 363] | ERROR: Child process failed during CLASS computation
Model: {'lensing': 'yes', 'output': 'tCl,lCl,pCl,mPk', 'l_max_scalars': 2508, 'k_pivot': 0.05, 'N_ur': 2.0328, 'N_ncdm': 1, 'm_ncdm': 0.06, 'T_ncdm': 0.71611, 'N_ncdm_decay_dr': 1, 'quadrature_strategy_ncdm_decay_dr': 3, 'ncdm_fluid_approximation': 3, 'maximum_q_ncdm_decay_dr': 15.0, 'background_method': 0, 'evolver': 1, 'N_momentum_bins_ncdm_decay_dr': 7, 'l_max_ncdm': 13, 'l_max_dr': 13, 'l_max_dr_col': 13, 'omega_b': 0.02178354, 'omega_cdm': 0.1392253, 'Neff_ini_dncdm': 0.4908095, 'log10lifetime_ncdm_decay_dr': 2.880961, 'm_ncdm_decay_dr': 17.7971, 'H0': 68.8394, 'ln10^{10}A_s': 3.117659, 'n_s': 0.9797385, 'tau_reio': 0.06386392, 'P_k_max_1/Mpc': 1.0}
skipping to the next model...
[CHILD][Parent Rank 355] | The following model took too long to complete: 
params: {'lensing': 'yes', 'output': 'tCl,lCl,pCl,mPk', 'l_max_scalars': 2508, 'k_pivot': 0.05, 'N_ur': 2.0328, 'N_ncdm': 1, 'm_ncdm': 0.06, 'T_ncdm': 0.71611, 'N_ncdm_decay_dr': 1, 'quadrature_strategy_ncdm_decay_dr': 3, 'ncdm_fluid_approximation': 3, 'maximum_q_ncdm_decay_dr': 15.0, 'background_method': 0, 'evolver': 1, 'N_momentum_bins_ncdm_decay_dr': 7, 'l_max_ncdm': 13, 'l_max_dr': 13, 'l_max_dr_col': 13, 'omega_b': 0.0234375, 'omega_cdm': 0.1264956, 'Neff_ini_dncdm': 0.6968915, 'log10lifetime_ncdm_decay_dr': 3.906077, 'm_ncdm_decay_dr': 0.005832677, 'H0': 73.83259, 'ln10^{10}A_s': 3.070484, 'n_s': 0.9935206, 'tau_reio': 0.05503466, 'P_k_max_1/Mpc': 1.0}

[PARENT][Rank 355] | ERROR: Child process failed during CLASS computation
Model: {'lensing': 'yes', 'output': 'tCl,lCl,pCl,mPk', 'l_max_scalars': 2508, 'k_pivot': 0.05, 'N_ur': 2.0328, 'N_ncdm': 1, 'm_ncdm': 0.06, 'T_ncdm': 0.71611, 'N_ncdm_decay_dr': 1, 'quadrature_strategy_ncdm_decay_dr': 3, 'ncdm_fluid_approximation': 3, 'maximum_q_ncdm_decay_dr': 15.0, 'background_method': 0, 'evolver': 1, 'N_momentum_bins_ncdm_decay_dr': 7, 'l_max_ncdm': 13, 'l_max_dr': 13, 'l_max_dr_col': 13, 'omega_b': 0.021800488, 'omega_cdm': 0.1373648, 'Neff_ini_dncdm': 0.7037546, 'log10lifetime_ncdm_decay_dr': 2.811567, 'm_ncdm_decay_dr': 6.401453, 'H0': 69.44126, 'ln10^{10}A_s': 3.126884, 'n_s': 0.9883799, 'tau_reio': 0.0692648, 'P_k_max_1/Mpc': 1.0}
skipping to the next model...
[CHILD][Parent Rank 362] | The following model took too long to complete: 
params: {'lensing': 'yes', 'output': 'tCl,lCl,pCl,mPk', 'l_max_scalars': 2508, 'k_pivot': 0.05, 'N_ur': 2.0328, 'N_ncdm': 1, 'm_ncdm': 0.06, 'T_ncdm': 0.71611, 'N_ncdm_decay_dr': 1, 'quadrature_strategy_ncdm_decay_dr': 3, 'ncdm_fluid_approximation': 3, 'maximum_q_ncdm_decay_dr': 15.0, 'background_method': 0, 'evolver': 1, 'N_momentum_bins_ncdm_decay_dr': 7, 'l_max_ncdm': 13, 'l_max_dr': 13, 'l_max_dr_col': 13, 'omega_b': 0.0234375, 'omega_cdm': 0.1264956, 'Neff_ini_dncdm': 0.6968915, 'log10lifetime_ncdm_decay_dr': 3.906077, 'm_ncdm_decay_dr': 0.005832677, 'H0': 73.83259, 'ln10^{10}A_s': 3.070484, 'n_s': 0.9935206, 'tau_reio': 0.05503466, 'P_k_max_1/Mpc': 1.0}

[PARENT][Rank 362] | ERROR: Child process failed during CLASS computation
Model: {'lensing': 'yes', 'output': 'tCl,lCl,pCl,mPk', 'l_max_scalars': 2508, 'k_pivot': 0.05, 'N_ur': 2.0328, 'N_ncdm': 1, 'm_ncdm': 0.06, 'T_ncdm': 0.71611, 'N_ncdm_decay_dr': 1, 'quadrature_strategy_ncdm_decay_dr': 3, 'ncdm_fluid_approximation': 3, 'maximum_q_ncdm_decay_dr': 15.0, 'background_method': 0, 'evolver': 1, 'N_momentum_bins_ncdm_decay_dr': 7, 'l_max_ncdm': 13, 'l_max_dr': 13, 'l_max_dr_col': 13, 'omega_b': 0.02178354, 'omega_cdm': 0.1392253, 'Neff_ini_dncdm': 0.4908095, 'log10lifetime_ncdm_decay_dr': 2.880961, 'm_ncdm_decay_dr': 17.7971, 'H0': 68.8394, 'ln10^{10}A_s': 3.117659, 'n_s': 0.9797385, 'tau_reio': 0.06386392, 'P_k_max_1/Mpc': 1.0}
skipping to the next model...
[PARENT][Rank 341] | ERROR: Timeout while waiting for PONG response from child process. Child may be unresponsive.
Respawning child process...
[PARENT][Rank 341] | WARNING: Child process died or is unresponsive. Respawning...
[PARENT][Rank 328] | ERROR: Timeout while waiting for PONG response from child process. Child may be unresponsive.
Respawning child process...
[PARENT][Rank 362] | ERROR: Timeout while waiting for PONG response from child process. Child may be unresponsive.
Respawning child process...
[PARENT][Rank 362] | WARNING: Child process died or is unresponsive. Respawning...
[PARENT][Rank 331] | ERROR: Timeout while waiting for PONG response from child process. Child may be unresponsive.
Respawning child process...
[PARENT][Rank 331] | WARNING: Child process died or is unresponsive. Respawning...
[PARENT][Rank 363] | ERROR: Timeout while waiting for PONG response from child process. Child may be unresponsive.
Respawning child process...
[PARENT][Rank 363] | WARNING: Child process died or is unresponsive. Respawning...
[PARENT][Rank 328] | WARNING: Child process died or is unresponsive. Respawning...
[PARENT][Rank 355] | ERROR: Timeout while waiting for PONG response from child process. Child may be unresponsive.
Respawning child process...
[PARENT][Rank 355] | WARNING: Child process died or is unresponsive. Respawning...
[PARENT][Rank 355] | [INFO] Successfully respawned child process.
[PARENT][Rank 341] | [INFO] Successfully respawned child process.
[PARENT][Rank 362] | [INFO] Successfully respawned child process.
[PARENT][Rank 363] | [INFO] Successfully respawned child process.
[PARENT][Rank 328] | [INFO] Successfully respawned child process.
[PARENT][Rank 331] | [INFO] Successfully respawned child process.
[CHILD][Parent Rank 328] | ERROR: Timeout while waiting for message.
Exiting safely.
[CHILD][Parent Rank 331] | ERROR: Timeout while waiting for message.
Exiting safely.
[CHILD][Parent Rank 363] | ERROR: Timeout while waiting for message.
Exiting safely.
[CHILD][Parent Rank 362] | ERROR: Timeout while waiting for message.
Exiting safely.
[CHILD][Parent Rank 355] | ERROR: Timeout while waiting for message.
Exiting safely.
[CHILD][Parent Rank 341] | ERROR: Timeout while waiting for message.
Exiting safely.
[PARENT][Rank 375] | ERROR: Timeout while waiting for response from child process after CLASS computations. Child may be unresponsive.

[PARENT][Rank 367] | ERROR: Timeout while waiting for response from child process after CLASS computations. Child may be unresponsive.

[PARENT][Rank 259] | ERROR: Timeout while waiting for response from child process after CLASS computations. Child may be unresponsive.

[PARENT][Rank 42] | ERROR: Timeout while waiting for response from child process after CLASS computations. Child may be unresponsive.

[PARENT][Rank 384] | ERROR: Timeout while waiting for response from child process after CLASS computations. Child may be unresponsive.

[CHILD][Parent Rank 39] | The following model took too long to complete: 
params: {'lensing': 'yes', 'output': 'tCl,lCl,pCl,mPk', 'l_max_scalars': 2508, 'k_pivot': 0.05, 'N_ur': 2.0328, 'N_ncdm': 1, 'm_ncdm': 0.06, 'T_ncdm': 0.71611, 'N_ncdm_decay_dr': 1, 'quadrature_strategy_ncdm_decay_dr': 3, 'ncdm_fluid_approximation': 3, 'maximum_q_ncdm_decay_dr': 15.0, 'background_method': 0, 'evolver': 1, 'N_momentum_bins_ncdm_decay_dr': 7, 'l_max_ncdm': 13, 'l_max_dr': 13, 'l_max_dr_col': 13, 'omega_b': 0.02340671, 'omega_cdm': 0.1307691, 'Neff_ini_dncdm': 0.9176616, 'log10lifetime_ncdm_decay_dr': 3.148328, 'm_ncdm_decay_dr': 0.0233186, 'H0': 74.2516, 'ln10^{10}A_s': 3.101662, 'n_s': 1.009218, 'tau_reio': 0.08527634, 'P_k_max_1/Mpc': 1.0}

[PARENT][Rank 39] | ERROR: Child process failed during CLASS computation
Model: {'lensing': 'yes', 'output': 'tCl,lCl,pCl,mPk', 'l_max_scalars': 2508, 'k_pivot': 0.05, 'N_ur': 2.0328, 'N_ncdm': 1, 'm_ncdm': 0.06, 'T_ncdm': 0.71611, 'N_ncdm_decay_dr': 1, 'quadrature_strategy_ncdm_decay_dr': 3, 'ncdm_fluid_approximation': 3, 'maximum_q_ncdm_decay_dr': 15.0, 'background_method': 0, 'evolver': 1, 'N_momentum_bins_ncdm_decay_dr': 7, 'l_max_ncdm': 13, 'l_max_dr': 13, 'l_max_dr_col': 13, 'omega_b': 0.02340671, 'omega_cdm': 0.1307691, 'Neff_ini_dncdm': 0.9176616, 'log10lifetime_ncdm_decay_dr': 3.148328, 'm_ncdm_decay_dr': 0.0233186, 'H0': 74.2516, 'ln10^{10}A_s': 3.101662, 'n_s': 1.009218, 'tau_reio': 0.08527634, 'P_k_max_1/Mpc': 1.0}
skipping to the next model...
[CHILD][Parent Rank 49] | The following model took too long to complete: 
params: {'lensing': 'yes', 'output': 'tCl,lCl,pCl,mPk', 'l_max_scalars': 2508, 'k_pivot': 0.05, 'N_ur': 2.0328, 'N_ncdm': 1, 'm_ncdm': 0.06, 'T_ncdm': 0.71611, 'N_ncdm_decay_dr': 1, 'quadrature_strategy_ncdm_decay_dr': 3, 'ncdm_fluid_approximation': 3, 'maximum_q_ncdm_decay_dr': 15.0, 'background_method': 0, 'evolver': 1, 'N_momentum_bins_ncdm_decay_dr': 7, 'l_max_ncdm': 13, 'l_max_dr': 13, 'l_max_dr_col': 13, 'omega_b': 0.02340671, 'omega_cdm': 0.1307691, 'Neff_ini_dncdm': 0.9176616, 'log10lifetime_ncdm_decay_dr': 3.148328, 'm_ncdm_decay_dr': 0.0233186, 'H0': 74.2516, 'ln10^{10}A_s': 3.101662, 'n_s': 1.009218, 'tau_reio': 0.08527634, 'P_k_max_1/Mpc': 1.0}

[PARENT][Rank 49] | ERROR: Child process failed during CLASS computation
Model: {'lensing': 'yes', 'output': 'tCl,lCl,pCl,mPk', 'l_max_scalars': 2508, 'k_pivot': 0.05, 'N_ur': 2.0328, 'N_ncdm': 1, 'm_ncdm': 0.06, 'T_ncdm': 0.71611, 'N_ncdm_decay_dr': 1, 'quadrature_strategy_ncdm_decay_dr': 3, 'ncdm_fluid_approximation': 3, 'maximum_q_ncdm_decay_dr': 15.0, 'background_method': 0, 'evolver': 1, 'N_momentum_bins_ncdm_decay_dr': 7, 'l_max_ncdm': 13, 'l_max_dr': 13, 'l_max_dr_col': 13, 'omega_b': 0.02340671, 'omega_cdm': 0.1307691, 'Neff_ini_dncdm': 0.9176616, 'log10lifetime_ncdm_decay_dr': 3.148328, 'm_ncdm_decay_dr': 0.0233186, 'H0': 74.2516, 'ln10^{10}A_s': 3.101662, 'n_s': 1.009218, 'tau_reio': 0.08527634, 'P_k_max_1/Mpc': 1.0}
skipping to the next model...
[PARENT][Rank 367] | ERROR: Timeout while waiting for PONG response from child process. Child may be unresponsive.
Respawning child process...
[PARENT][Rank 367] | WARNING: Child process died or is unresponsive. Respawning...
[PARENT][Rank 375] | ERROR: Timeout while waiting for PONG response from child process. Child may be unresponsive.
Respawning child process...
[PARENT][Rank 375] | WARNING: Child process died or is unresponsive. Respawning...
[PARENT][Rank 384] | ERROR: Timeout while waiting for PONG response from child process. Child may be unresponsive.
Respawning child process...
[PARENT][Rank 384] | WARNING: Child process died or is unresponsive. Respawning...
[PARENT][Rank 42] | ERROR: Timeout while waiting for PONG response from child process. Child may be unresponsive.
Respawning child process...
[PARENT][Rank 259] | ERROR: Timeout while waiting for PONG response from child process. Child may be unresponsive.
Respawning child process...
[PARENT][Rank 42] | WARNING: Child process died or is unresponsive. Respawning...
[PARENT][Rank 259] | WARNING: Child process died or is unresponsive. Respawning...
[PARENT][Rank 384] | [INFO] Successfully respawned child process.
[PARENT][Rank 367] | [INFO] Successfully respawned child process.
[PARENT][Rank 375] | [INFO] Successfully respawned child process.
[CHILD][Parent Rank 367] | The following model took too long to complete: 
params: {'lensing': 'yes', 'output': 'tCl,lCl,pCl,mPk', 'l_max_scalars': 2508, 'k_pivot': 0.05, 'N_ur': 2.0328, 'N_ncdm': 1, 'm_ncdm': 0.06, 'T_ncdm': 0.71611, 'N_ncdm_decay_dr': 1, 'quadrature_strategy_ncdm_decay_dr': 3, 'ncdm_fluid_approximation': 3, 'maximum_q_ncdm_decay_dr': 15.0, 'background_method': 0, 'evolver': 1, 'N_momentum_bins_ncdm_decay_dr': 7, 'l_max_ncdm': 13, 'l_max_dr': 13, 'l_max_dr_col': 13, 'omega_b': 0.022759398, 'omega_cdm': 0.127472, 'Neff_ini_dncdm': 0.8584422, 'log10lifetime_ncdm_decay_dr': 4.796039, 'm_ncdm_decay_dr': 0.00116749, 'H0': 74.6392, 'ln10^{10}A_s': 3.101019, 'n_s': 1.002703, 'tau_reio': 0.08785635, 'P_k_max_1/Mpc': 1.0}

[CHILD][Parent Rank 259] | The following model took too long to complete: 
params: {'lensing': 'yes', 'output': 'tCl,lCl,pCl,mPk', 'l_max_scalars': 2508, 'k_pivot': 0.05, 'N_ur': 2.0328, 'N_ncdm': 1, 'm_ncdm': 0.06, 'T_ncdm': 0.71611, 'N_ncdm_decay_dr': 1, 'quadrature_strategy_ncdm_decay_dr': 3, 'ncdm_fluid_approximation': 3, 'maximum_q_ncdm_decay_dr': 15.0, 'background_method': 0, 'evolver': 1, 'N_momentum_bins_ncdm_decay_dr': 7, 'l_max_ncdm': 13, 'l_max_dr': 13, 'l_max_dr_col': 13, 'omega_b': 0.022759398, 'omega_cdm': 0.127472, 'Neff_ini_dncdm': 0.8584422, 'log10lifetime_ncdm_decay_dr': 4.796039, 'm_ncdm_decay_dr': 0.00116749, 'H0': 74.6392, 'ln10^{10}A_s': 3.101019, 'n_s': 1.002703, 'tau_reio': 0.08785635, 'P_k_max_1/Mpc': 1.0}

[CHILD][Parent Rank 375] | The following model took too long to complete: 
params: {'lensing': 'yes', 'output': 'tCl,lCl,pCl,mPk', 'l_max_scalars': 2508, 'k_pivot': 0.05, 'N_ur': 2.0328, 'N_ncdm': 1, 'm_ncdm': 0.06, 'T_ncdm': 0.71611, 'N_ncdm_decay_dr': 1, 'quadrature_strategy_ncdm_decay_dr': 3, 'ncdm_fluid_approximation': 3, 'maximum_q_ncdm_decay_dr': 15.0, 'background_method': 0, 'evolver': 1, 'N_momentum_bins_ncdm_decay_dr': 7, 'l_max_ncdm': 13, 'l_max_dr': 13, 'l_max_dr_col': 13, 'omega_b': 0.022759398, 'omega_cdm': 0.127472, 'Neff_ini_dncdm': 0.8584422, 'log10lifetime_ncdm_decay_dr': 4.796039, 'm_ncdm_decay_dr': 0.00116749, 'H0': 74.6392, 'ln10^{10}A_s': 3.101019, 'n_s': 1.002703, 'tau_reio': 0.08785635, 'P_k_max_1/Mpc': 1.0}

[CHILD][Parent Rank 384] | The following model took too long to complete: 
params: {'lensing': 'yes', 'output': 'tCl,lCl,pCl,mPk', 'l_max_scalars': 2508, 'k_pivot': 0.05, 'N_ur': 2.0328, 'N_ncdm': 1, 'm_ncdm': 0.06, 'T_ncdm': 0.71611, 'N_ncdm_decay_dr': 1, 'quadrature_strategy_ncdm_decay_dr': 3, 'ncdm_fluid_approximation': 3, 'maximum_q_ncdm_decay_dr': 15.0, 'background_method': 0, 'evolver': 1, 'N_momentum_bins_ncdm_decay_dr': 7, 'l_max_ncdm': 13, 'l_max_dr': 13, 'l_max_dr_col': 13, 'omega_b': 0.022759398, 'omega_cdm': 0.127472, 'Neff_ini_dncdm': 0.8584422, 'log10lifetime_ncdm_decay_dr': 4.796039, 'm_ncdm_decay_dr': 0.00116749, 'H0': 74.6392, 'ln10^{10}A_s': 3.101019, 'n_s': 1.002703, 'tau_reio': 0.08785635, 'P_k_max_1/Mpc': 1.0}

[PARENT][Rank 259] | [INFO] Successfully respawned child process.
[CHILD][Parent Rank 42] | The following model took too long to complete: 
params: {'lensing': 'yes', 'output': 'tCl,lCl,pCl,mPk', 'l_max_scalars': 2508, 'k_pivot': 0.05, 'N_ur': 2.0328, 'N_ncdm': 1, 'm_ncdm': 0.06, 'T_ncdm': 0.71611, 'N_ncdm_decay_dr': 1, 'quadrature_strategy_ncdm_decay_dr': 3, 'ncdm_fluid_approximation': 3, 'maximum_q_ncdm_decay_dr': 15.0, 'background_method': 0, 'evolver': 1, 'N_momentum_bins_ncdm_decay_dr': 7, 'l_max_ncdm': 13, 'l_max_dr': 13, 'l_max_dr_col': 13, 'omega_b': 0.022759398, 'omega_cdm': 0.127472, 'Neff_ini_dncdm': 0.8584422, 'log10lifetime_ncdm_decay_dr': 4.796039, 'm_ncdm_decay_dr': 0.00116749, 'H0': 74.6392, 'ln10^{10}A_s': 3.101019, 'n_s': 1.002703, 'tau_reio': 0.08785635, 'P_k_max_1/Mpc': 1.0}

[PARENT][Rank 42] | [INFO] Successfully respawned child process.
[CHILD][Parent Rank 367] | ERROR: Timeout while waiting for message.
Exiting safely.
[CHILD][Parent Rank 259] | ERROR: Timeout while waiting for message.
Exiting safely.
[CHILD][Parent Rank 375] | ERROR: Timeout while waiting for message.
Exiting safely.
[CHILD][Parent Rank 384] | ERROR: Timeout while waiting for message.
Exiting safely.
[CHILD][Parent Rank 42] | ERROR: Timeout while waiting for message.
Exiting safely.
[PARENT][Rank 20] | ERROR: Timeout while waiting for response from child process after CLASS computations. Child may be unresponsive.

[PARENT][Rank 52] | ERROR: Timeout while waiting for response from child process after CLASS computations. Child may be unresponsive.

[CHILD][Parent Rank 20] | The following model took too long to complete: 
params: {'lensing': 'yes', 'output': 'tCl,lCl,pCl,mPk', 'l_max_scalars': 2508, 'k_pivot': 0.05, 'N_ur': 2.0328, 'N_ncdm': 1, 'm_ncdm': 0.06, 'T_ncdm': 0.71611, 'N_ncdm_decay_dr': 1, 'quadrature_strategy_ncdm_decay_dr': 3, 'ncdm_fluid_approximation': 3, 'maximum_q_ncdm_decay_dr': 15.0, 'background_method': 0, 'evolver': 1, 'N_momentum_bins_ncdm_decay_dr': 7, 'l_max_ncdm': 13, 'l_max_dr': 13, 'l_max_dr_col': 13, 'omega_b': 0.02356014, 'omega_cdm': 0.1285251, 'Neff_ini_dncdm': 0.9631586, 'log10lifetime_ncdm_decay_dr': 2.548458, 'm_ncdm_decay_dr': 0.005678073, 'H0': 75.80938, 'ln10^{10}A_s': 3.157608, 'n_s': 1.000629, 'tau_reio': 0.110175, 'P_k_max_1/Mpc': 1.0}

[CHILD][Parent Rank 52] | The following model took too long to complete: 
params: {'lensing': 'yes', 'output': 'tCl,lCl,pCl,mPk', 'l_max_scalars': 2508, 'k_pivot': 0.05, 'N_ur': 2.0328, 'N_ncdm': 1, 'm_ncdm': 0.06, 'T_ncdm': 0.71611, 'N_ncdm_decay_dr': 1, 'quadrature_strategy_ncdm_decay_dr': 3, 'ncdm_fluid_approximation': 3, 'maximum_q_ncdm_decay_dr': 15.0, 'background_method': 0, 'evolver': 1, 'N_momentum_bins_ncdm_decay_dr': 7, 'l_max_ncdm': 13, 'l_max_dr': 13, 'l_max_dr_col': 13, 'omega_b': 0.02356014, 'omega_cdm': 0.1285251, 'Neff_ini_dncdm': 0.9631586, 'log10lifetime_ncdm_decay_dr': 2.548458, 'm_ncdm_decay_dr': 0.005678073, 'H0': 75.80938, 'ln10^{10}A_s': 3.157608, 'n_s': 1.000629, 'tau_reio': 0.110175, 'P_k_max_1/Mpc': 1.0}

[PARENT][Rank 20] | ERROR: Child process failed during CLASS computation
Model: {'lensing': 'yes', 'output': 'tCl,lCl,pCl,mPk', 'l_max_scalars': 2508, 'k_pivot': 0.05, 'N_ur': 2.0328, 'N_ncdm': 1, 'm_ncdm': 0.06, 'T_ncdm': 0.71611, 'N_ncdm_decay_dr': 1, 'quadrature_strategy_ncdm_decay_dr': 3, 'ncdm_fluid_approximation': 3, 'maximum_q_ncdm_decay_dr': 15.0, 'background_method': 0, 'evolver': 1, 'N_momentum_bins_ncdm_decay_dr': 7, 'l_max_ncdm': 13, 'l_max_dr': 13, 'l_max_dr_col': 13, 'omega_b': 0.02363975, 'omega_cdm': 0.1301287, 'Neff_ini_dncdm': 0.6272071, 'log10lifetime_ncdm_decay_dr': 3.074289, 'm_ncdm_decay_dr': 10.4145, 'H0': 74.79631, 'ln10^{10}A_s': 3.078299, 'n_s': 1.007995, 'tau_reio': 0.04725513, 'P_k_max_1/Mpc': 1.0}
skipping to the next model...
[PARENT][Rank 52] | ERROR: Child process failed during CLASS computation
Model: {'lensing': 'yes', 'output': 'tCl,lCl,pCl,mPk', 'l_max_scalars': 2508, 'k_pivot': 0.05, 'N_ur': 2.0328, 'N_ncdm': 1, 'm_ncdm': 0.06, 'T_ncdm': 0.71611, 'N_ncdm_decay_dr': 1, 'quadrature_strategy_ncdm_decay_dr': 3, 'ncdm_fluid_approximation': 3, 'maximum_q_ncdm_decay_dr': 15.0, 'background_method': 0, 'evolver': 1, 'N_momentum_bins_ncdm_decay_dr': 7, 'l_max_ncdm': 13, 'l_max_dr': 13, 'l_max_dr_col': 13, 'omega_b': 0.02379336, 'omega_cdm': 0.1289605, 'Neff_ini_dncdm': 0.6529121, 'log10lifetime_ncdm_decay_dr': 3.36324, 'm_ncdm_decay_dr': 7.468489, 'H0': 75.29486, 'ln10^{10}A_s': 3.076347, 'n_s': 1.00456, 'tau_reio': 0.04653028, 'P_k_max_1/Mpc': 1.0}
skipping to the next model...
[PARENT][Rank 20] | ERROR: Timeout while waiting for PONG response from child process. Child may be unresponsive.
Respawning child process...
[PARENT][Rank 20] | WARNING: Child process died or is unresponsive. Respawning...
[PARENT][Rank 52] | ERROR: Timeout while waiting for PONG response from child process. Child may be unresponsive.
Respawning child process...
[PARENT][Rank 52] | WARNING: Child process died or is unresponsive. Respawning...
[PARENT][Rank 20] | [INFO] Successfully respawned child process.
[PARENT][Rank 52] | [INFO] Successfully respawned child process.
[CHILD][Parent Rank 52] | ERROR: Timeout while waiting for message.
Exiting safely.
[CHILD][Parent Rank 20] | ERROR: Timeout while waiting for message.
Exiting safely.
[CHILD][Parent Rank 203] | The following model took too long to complete: 
params: {'lensing': 'yes', 'output': 'tCl,lCl,pCl,mPk', 'l_max_scalars': 2508, 'k_pivot': 0.05, 'N_ur': 2.0328, 'N_ncdm': 1, 'm_ncdm': 0.06, 'T_ncdm': 0.71611, 'N_ncdm_decay_dr': 1, 'quadrature_strategy_ncdm_decay_dr': 3, 'ncdm_fluid_approximation': 3, 'maximum_q_ncdm_decay_dr': 15.0, 'background_method': 0, 'evolver': 1, 'N_momentum_bins_ncdm_decay_dr': 7, 'l_max_ncdm': 13, 'l_max_dr': 13, 'l_max_dr_col': 13, 'omega_b': 0.02328516, 'omega_cdm': 0.1333263, 'Neff_ini_dncdm': 0.9108884, 'log10lifetime_ncdm_decay_dr': 4.655342, 'm_ncdm_decay_dr': 0.095014, 'H0': 73.05801, 'ln10^{10}A_s': 3.168917, 'n_s': 0.9986659, 'tau_reio': 0.08161385, 'P_k_max_1/Mpc': 1.0}

[PARENT][Rank 203] | ERROR: Child process failed during CLASS computation
Model: {'lensing': 'yes', 'output': 'tCl,lCl,pCl,mPk', 'l_max_scalars': 2508, 'k_pivot': 0.05, 'N_ur': 2.0328, 'N_ncdm': 1, 'm_ncdm': 0.06, 'T_ncdm': 0.71611, 'N_ncdm_decay_dr': 1, 'quadrature_strategy_ncdm_decay_dr': 3, 'ncdm_fluid_approximation': 3, 'maximum_q_ncdm_decay_dr': 15.0, 'background_method': 0, 'evolver': 1, 'N_momentum_bins_ncdm_decay_dr': 7, 'l_max_ncdm': 13, 'l_max_dr': 13, 'l_max_dr_col': 13, 'omega_b': 0.02328516, 'omega_cdm': 0.1333263, 'Neff_ini_dncdm': 0.9108884, 'log10lifetime_ncdm_decay_dr': 4.655342, 'm_ncdm_decay_dr': 0.095014, 'H0': 73.05801, 'ln10^{10}A_s': 3.168917, 'n_s': 0.9986659, 'tau_reio': 0.08161385, 'P_k_max_1/Mpc': 1.0}
skipping to the next model...
[CHILD][Parent Rank 99] | The following model took too long to complete: 
params: {'lensing': 'yes', 'output': 'tCl,lCl,pCl,mPk', 'l_max_scalars': 2508, 'k_pivot': 0.05, 'N_ur': 2.0328, 'N_ncdm': 1, 'm_ncdm': 0.06, 'T_ncdm': 0.71611, 'N_ncdm_decay_dr': 1, 'quadrature_strategy_ncdm_decay_dr': 3, 'ncdm_fluid_approximation': 3, 'maximum_q_ncdm_decay_dr': 15.0, 'background_method': 0, 'evolver': 1, 'N_momentum_bins_ncdm_decay_dr': 7, 'l_max_ncdm': 13, 'l_max_dr': 13, 'l_max_dr_col': 13, 'omega_b': 0.023089139, 'omega_cdm': 0.1301408, 'Neff_ini_dncdm': 0.7101726, 'log10lifetime_ncdm_decay_dr': 3.629005, 'm_ncdm_decay_dr': 0.0509676, 'H0': 72.3013, 'ln10^{10}A_s': 3.092769, 'n_s': 0.9999638, 'tau_reio': 0.07429927, 'P_k_max_1/Mpc': 1.0}

[PARENT][Rank 99] | ERROR: Child process failed during CLASS computation
Model: {'lensing': 'yes', 'output': 'tCl,lCl,pCl,mPk', 'l_max_scalars': 2508, 'k_pivot': 0.05, 'N_ur': 2.0328, 'N_ncdm': 1, 'm_ncdm': 0.06, 'T_ncdm': 0.71611, 'N_ncdm_decay_dr': 1, 'quadrature_strategy_ncdm_decay_dr': 3, 'ncdm_fluid_approximation': 3, 'maximum_q_ncdm_decay_dr': 15.0, 'background_method': 0, 'evolver': 1, 'N_momentum_bins_ncdm_decay_dr': 7, 'l_max_ncdm': 13, 'l_max_dr': 13, 'l_max_dr_col': 13, 'omega_b': 0.023089139, 'omega_cdm': 0.1301408, 'Neff_ini_dncdm': 0.7101726, 'log10lifetime_ncdm_decay_dr': 3.629005, 'm_ncdm_decay_dr': 0.0509676, 'H0': 72.3013, 'ln10^{10}A_s': 3.092769, 'n_s': 0.9999638, 'tau_reio': 0.07429927, 'P_k_max_1/Mpc': 1.0}
skipping to the next model...
[CHILD][Parent Rank 103] | The following model took too long to complete: 
params: {'lensing': 'yes', 'output': 'tCl,lCl,pCl,mPk', 'l_max_scalars': 2508, 'k_pivot': 0.05, 'N_ur': 2.0328, 'N_ncdm': 1, 'm_ncdm': 0.06, 'T_ncdm': 0.71611, 'N_ncdm_decay_dr': 1, 'quadrature_strategy_ncdm_decay_dr': 3, 'ncdm_fluid_approximation': 3, 'maximum_q_ncdm_decay_dr': 15.0, 'background_method': 0, 'evolver': 1, 'N_momentum_bins_ncdm_decay_dr': 7, 'l_max_ncdm': 13, 'l_max_dr': 13, 'l_max_dr_col': 13, 'omega_b': 0.023089139, 'omega_cdm': 0.1301408, 'Neff_ini_dncdm': 0.7101726, 'log10lifetime_ncdm_decay_dr': 3.629005, 'm_ncdm_decay_dr': 0.0509676, 'H0': 72.3013, 'ln10^{10}A_s': 3.092769, 'n_s': 0.9999638, 'tau_reio': 0.07429927, 'P_k_max_1/Mpc': 1.0}

[PARENT][Rank 103] | ERROR: Child process failed during CLASS computation
Model: {'lensing': 'yes', 'output': 'tCl,lCl,pCl,mPk', 'l_max_scalars': 2508, 'k_pivot': 0.05, 'N_ur': 2.0328, 'N_ncdm': 1, 'm_ncdm': 0.06, 'T_ncdm': 0.71611, 'N_ncdm_decay_dr': 1, 'quadrature_strategy_ncdm_decay_dr': 3, 'ncdm_fluid_approximation': 3, 'maximum_q_ncdm_decay_dr': 15.0, 'background_method': 0, 'evolver': 1, 'N_momentum_bins_ncdm_decay_dr': 7, 'l_max_ncdm': 13, 'l_max_dr': 13, 'l_max_dr_col': 13, 'omega_b': 0.023089139, 'omega_cdm': 0.1301408, 'Neff_ini_dncdm': 0.7101726, 'log10lifetime_ncdm_decay_dr': 3.629005, 'm_ncdm_decay_dr': 0.0509676, 'H0': 72.3013, 'ln10^{10}A_s': 3.092769, 'n_s': 0.9999638, 'tau_reio': 0.07429927, 'P_k_max_1/Mpc': 1.0}
skipping to the next model...
[CHILD][Parent Rank 395] | The following model took too long to complete: 
params: {'lensing': 'yes', 'output': 'tCl,lCl,pCl,mPk', 'l_max_scalars': 2508, 'k_pivot': 0.05, 'N_ur': 2.0328, 'N_ncdm': 1, 'm_ncdm': 0.06, 'T_ncdm': 0.71611, 'N_ncdm_decay_dr': 1, 'quadrature_strategy_ncdm_decay_dr': 3, 'ncdm_fluid_approximation': 3, 'maximum_q_ncdm_decay_dr': 15.0, 'background_method': 0, 'evolver': 1, 'N_momentum_bins_ncdm_decay_dr': 7, 'l_max_ncdm': 13, 'l_max_dr': 13, 'l_max_dr_col': 13, 'omega_b': 0.023089139, 'omega_cdm': 0.1301408, 'Neff_ini_dncdm': 0.7101726, 'log10lifetime_ncdm_decay_dr': 3.629005, 'm_ncdm_decay_dr': 0.0509676, 'H0': 72.3013, 'ln10^{10}A_s': 3.092769, 'n_s': 0.9999638, 'tau_reio': 0.07429927, 'P_k_max_1/Mpc': 1.0}

[PARENT][Rank 395] | ERROR: Child process failed during CLASS computation
Model: {'lensing': 'yes', 'output': 'tCl,lCl,pCl,mPk', 'l_max_scalars': 2508, 'k_pivot': 0.05, 'N_ur': 2.0328, 'N_ncdm': 1, 'm_ncdm': 0.06, 'T_ncdm': 0.71611, 'N_ncdm_decay_dr': 1, 'quadrature_strategy_ncdm_decay_dr': 3, 'ncdm_fluid_approximation': 3, 'maximum_q_ncdm_decay_dr': 15.0, 'background_method': 0, 'evolver': 1, 'N_momentum_bins_ncdm_decay_dr': 7, 'l_max_ncdm': 13, 'l_max_dr': 13, 'l_max_dr_col': 13, 'omega_b': 0.023089139, 'omega_cdm': 0.1301408, 'Neff_ini_dncdm': 0.7101726, 'log10lifetime_ncdm_decay_dr': 3.629005, 'm_ncdm_decay_dr': 0.0509676, 'H0': 72.3013, 'ln10^{10}A_s': 3.092769, 'n_s': 0.9999638, 'tau_reio': 0.07429927, 'P_k_max_1/Mpc': 1.0}
skipping to the next model...
[CHILD][Parent Rank 46] | The following model took too long to complete: 
params: {'lensing': 'yes', 'output': 'tCl,lCl,pCl,mPk', 'l_max_scalars': 2508, 'k_pivot': 0.05, 'N_ur': 2.0328, 'N_ncdm': 1, 'm_ncdm': 0.06, 'T_ncdm': 0.71611, 'N_ncdm_decay_dr': 1, 'quadrature_strategy_ncdm_decay_dr': 3, 'ncdm_fluid_approximation': 3, 'maximum_q_ncdm_decay_dr': 15.0, 'background_method': 0, 'evolver': 1, 'N_momentum_bins_ncdm_decay_dr': 7, 'l_max_ncdm': 13, 'l_max_dr': 13, 'l_max_dr_col': 13, 'omega_b': 0.023089139, 'omega_cdm': 0.1301408, 'Neff_ini_dncdm': 0.7101726, 'log10lifetime_ncdm_decay_dr': 3.629005, 'm_ncdm_decay_dr': 0.0509676, 'H0': 72.3013, 'ln10^{10}A_s': 3.092769, 'n_s': 0.9999638, 'tau_reio': 0.07429927, 'P_k_max_1/Mpc': 1.0}

[PARENT][Rank 46] | ERROR: Child process failed during CLASS computation
Model: {'lensing': 'yes', 'output': 'tCl,lCl,pCl,mPk', 'l_max_scalars': 2508, 'k_pivot': 0.05, 'N_ur': 2.0328, 'N_ncdm': 1, 'm_ncdm': 0.06, 'T_ncdm': 0.71611, 'N_ncdm_decay_dr': 1, 'quadrature_strategy_ncdm_decay_dr': 3, 'ncdm_fluid_approximation': 3, 'maximum_q_ncdm_decay_dr': 15.0, 'background_method': 0, 'evolver': 1, 'N_momentum_bins_ncdm_decay_dr': 7, 'l_max_ncdm': 13, 'l_max_dr': 13, 'l_max_dr_col': 13, 'omega_b': 0.023089139, 'omega_cdm': 0.1301408, 'Neff_ini_dncdm': 0.7101726, 'log10lifetime_ncdm_decay_dr': 3.629005, 'm_ncdm_decay_dr': 0.0509676, 'H0': 72.3013, 'ln10^{10}A_s': 3.092769, 'n_s': 0.9999638, 'tau_reio': 0.07429927, 'P_k_max_1/Mpc': 1.0}
skipping to the next model...
[CHILD][Parent Rank 312] | The following model took too long to complete: 
params: {'lensing': 'yes', 'output': 'tCl,lCl,pCl,mPk', 'l_max_scalars': 2508, 'k_pivot': 0.05, 'N_ur': 2.0328, 'N_ncdm': 1, 'm_ncdm': 0.06, 'T_ncdm': 0.71611, 'N_ncdm_decay_dr': 1, 'quadrature_strategy_ncdm_decay_dr': 3, 'ncdm_fluid_approximation': 3, 'maximum_q_ncdm_decay_dr': 15.0, 'background_method': 0, 'evolver': 1, 'N_momentum_bins_ncdm_decay_dr': 7, 'l_max_ncdm': 13, 'l_max_dr': 13, 'l_max_dr_col': 13, 'omega_b': 0.023089139, 'omega_cdm': 0.1301408, 'Neff_ini_dncdm': 0.7101726, 'log10lifetime_ncdm_decay_dr': 3.629005, 'm_ncdm_decay_dr': 0.0509676, 'H0': 72.3013, 'ln10^{10}A_s': 3.092769, 'n_s': 0.9999638, 'tau_reio': 0.07429927, 'P_k_max_1/Mpc': 1.0}

[CHILD][Parent Rank 105] | The following model took too long to complete: 
params: {'lensing': 'yes', 'output': 'tCl,lCl,pCl,mPk', 'l_max_scalars': 2508, 'k_pivot': 0.05, 'N_ur': 2.0328, 'N_ncdm': 1, 'm_ncdm': 0.06, 'T_ncdm': 0.71611, 'N_ncdm_decay_dr': 1, 'quadrature_strategy_ncdm_decay_dr': 3, 'ncdm_fluid_approximation': 3, 'maximum_q_ncdm_decay_dr': 15.0, 'background_method': 0, 'evolver': 1, 'N_momentum_bins_ncdm_decay_dr': 7, 'l_max_ncdm': 13, 'l_max_dr': 13, 'l_max_dr_col': 13, 'omega_b': 0.023089139, 'omega_cdm': 0.1301408, 'Neff_ini_dncdm': 0.7101726, 'log10lifetime_ncdm_decay_dr': 3.629005, 'm_ncdm_decay_dr': 0.0509676, 'H0': 72.3013, 'ln10^{10}A_s': 3.092769, 'n_s': 0.9999638, 'tau_reio': 0.07429927, 'P_k_max_1/Mpc': 1.0}

[PARENT][Rank 312] | ERROR: Child process failed during CLASS computation
Model: {'lensing': 'yes', 'output': 'tCl,lCl,pCl,mPk', 'l_max_scalars': 2508, 'k_pivot': 0.05, 'N_ur': 2.0328, 'N_ncdm': 1, 'm_ncdm': 0.06, 'T_ncdm': 0.71611, 'N_ncdm_decay_dr': 1, 'quadrature_strategy_ncdm_decay_dr': 3, 'ncdm_fluid_approximation': 3, 'maximum_q_ncdm_decay_dr': 15.0, 'background_method': 0, 'evolver': 1, 'N_momentum_bins_ncdm_decay_dr': 7, 'l_max_ncdm': 13, 'l_max_dr': 13, 'l_max_dr_col': 13, 'omega_b': 0.023089139, 'omega_cdm': 0.1301408, 'Neff_ini_dncdm': 0.7101726, 'log10lifetime_ncdm_decay_dr': 3.629005, 'm_ncdm_decay_dr': 0.0509676, 'H0': 72.3013, 'ln10^{10}A_s': 3.092769, 'n_s': 0.9999638, 'tau_reio': 0.07429927, 'P_k_max_1/Mpc': 1.0}
skipping to the next model...
[PARENT][Rank 105] | ERROR: Child process failed during CLASS computation
Model: {'lensing': 'yes', 'output': 'tCl,lCl,pCl,mPk', 'l_max_scalars': 2508, 'k_pivot': 0.05, 'N_ur': 2.0328, 'N_ncdm': 1, 'm_ncdm': 0.06, 'T_ncdm': 0.71611, 'N_ncdm_decay_dr': 1, 'quadrature_strategy_ncdm_decay_dr': 3, 'ncdm_fluid_approximation': 3, 'maximum_q_ncdm_decay_dr': 15.0, 'background_method': 0, 'evolver': 1, 'N_momentum_bins_ncdm_decay_dr': 7, 'l_max_ncdm': 13, 'l_max_dr': 13, 'l_max_dr_col': 13, 'omega_b': 0.023089139, 'omega_cdm': 0.1301408, 'Neff_ini_dncdm': 0.7101726, 'log10lifetime_ncdm_decay_dr': 3.629005, 'm_ncdm_decay_dr': 0.0509676, 'H0': 72.3013, 'ln10^{10}A_s': 3.092769, 'n_s': 0.9999638, 'tau_reio': 0.07429927, 'P_k_max_1/Mpc': 1.0}
skipping to the next model...
[CHILD][Parent Rank 394] | The following model took too long to complete: 
params: {'lensing': 'yes', 'output': 'tCl,lCl,pCl,mPk', 'l_max_scalars': 2508, 'k_pivot': 0.05, 'N_ur': 2.0328, 'N_ncdm': 1, 'm_ncdm': 0.06, 'T_ncdm': 0.71611, 'N_ncdm_decay_dr': 1, 'quadrature_strategy_ncdm_decay_dr': 3, 'ncdm_fluid_approximation': 3, 'maximum_q_ncdm_decay_dr': 15.0, 'background_method': 0, 'evolver': 1, 'N_momentum_bins_ncdm_decay_dr': 7, 'l_max_ncdm': 13, 'l_max_dr': 13, 'l_max_dr_col': 13, 'omega_b': 0.023089139, 'omega_cdm': 0.1301408, 'Neff_ini_dncdm': 0.7101726, 'log10lifetime_ncdm_decay_dr': 3.629005, 'm_ncdm_decay_dr': 0.0509676, 'H0': 72.3013, 'ln10^{10}A_s': 3.092769, 'n_s': 0.9999638, 'tau_reio': 0.07429927, 'P_k_max_1/Mpc': 1.0}

[PARENT][Rank 394] | ERROR: Child process failed during CLASS computation
Model: {'lensing': 'yes', 'output': 'tCl,lCl,pCl,mPk', 'l_max_scalars': 2508, 'k_pivot': 0.05, 'N_ur': 2.0328, 'N_ncdm': 1, 'm_ncdm': 0.06, 'T_ncdm': 0.71611, 'N_ncdm_decay_dr': 1, 'quadrature_strategy_ncdm_decay_dr': 3, 'ncdm_fluid_approximation': 3, 'maximum_q_ncdm_decay_dr': 15.0, 'background_method': 0, 'evolver': 1, 'N_momentum_bins_ncdm_decay_dr': 7, 'l_max_ncdm': 13, 'l_max_dr': 13, 'l_max_dr_col': 13, 'omega_b': 0.023089139, 'omega_cdm': 0.1301408, 'Neff_ini_dncdm': 0.7101726, 'log10lifetime_ncdm_decay_dr': 3.629005, 'm_ncdm_decay_dr': 0.0509676, 'H0': 72.3013, 'ln10^{10}A_s': 3.092769, 'n_s': 0.9999638, 'tau_reio': 0.07429927, 'P_k_max_1/Mpc': 1.0}
skipping to the next model...
[CHILD][Parent Rank 17] | The following model took too long to complete: 
params: {'lensing': 'yes', 'output': 'tCl,lCl,pCl,mPk', 'l_max_scalars': 2508, 'k_pivot': 0.05, 'N_ur': 2.0328, 'N_ncdm': 1, 'm_ncdm': 0.06, 'T_ncdm': 0.71611, 'N_ncdm_decay_dr': 1, 'quadrature_strategy_ncdm_decay_dr': 3, 'ncdm_fluid_approximation': 3, 'maximum_q_ncdm_decay_dr': 15.0, 'background_method': 0, 'evolver': 1, 'N_momentum_bins_ncdm_decay_dr': 7, 'l_max_ncdm': 13, 'l_max_dr': 13, 'l_max_dr_col': 13, 'omega_b': 0.023089139, 'omega_cdm': 0.1301408, 'Neff_ini_dncdm': 0.7101726, 'log10lifetime_ncdm_decay_dr': 3.629005, 'm_ncdm_decay_dr': 0.0509676, 'H0': 72.3013, 'ln10^{10}A_s': 3.092769, 'n_s': 0.9999638, 'tau_reio': 0.07429927, 'P_k_max_1/Mpc': 1.0}

[PARENT][Rank 17] | ERROR: Child process failed during CLASS computation
Model: {'lensing': 'yes', 'output': 'tCl,lCl,pCl,mPk', 'l_max_scalars': 2508, 'k_pivot': 0.05, 'N_ur': 2.0328, 'N_ncdm': 1, 'm_ncdm': 0.06, 'T_ncdm': 0.71611, 'N_ncdm_decay_dr': 1, 'quadrature_strategy_ncdm_decay_dr': 3, 'ncdm_fluid_approximation': 3, 'maximum_q_ncdm_decay_dr': 15.0, 'background_method': 0, 'evolver': 1, 'N_momentum_bins_ncdm_decay_dr': 7, 'l_max_ncdm': 13, 'l_max_dr': 13, 'l_max_dr_col': 13, 'omega_b': 0.023089139, 'omega_cdm': 0.1301408, 'Neff_ini_dncdm': 0.7101726, 'log10lifetime_ncdm_decay_dr': 3.629005, 'm_ncdm_decay_dr': 0.0509676, 'H0': 72.3013, 'ln10^{10}A_s': 3.092769, 'n_s': 0.9999638, 'tau_reio': 0.07429927, 'P_k_max_1/Mpc': 1.0}
skipping to the next model...
[CHILD][Parent Rank 363] | The following model took too long to complete: 
params: {'lensing': 'yes', 'output': 'tCl,lCl,pCl,mPk', 'l_max_scalars': 2508, 'k_pivot': 0.05, 'N_ur': 2.0328, 'N_ncdm': 1, 'm_ncdm': 0.06, 'T_ncdm': 0.71611, 'N_ncdm_decay_dr': 1, 'quadrature_strategy_ncdm_decay_dr': 3, 'ncdm_fluid_approximation': 3, 'maximum_q_ncdm_decay_dr': 15.0, 'background_method': 0, 'evolver': 1, 'N_momentum_bins_ncdm_decay_dr': 7, 'l_max_ncdm': 13, 'l_max_dr': 13, 'l_max_dr_col': 13, 'omega_b': 0.023089139, 'omega_cdm': 0.1301408, 'Neff_ini_dncdm': 0.7101726, 'log10lifetime_ncdm_decay_dr': 3.629005, 'm_ncdm_decay_dr': 0.0509676, 'H0': 72.3013, 'ln10^{10}A_s': 3.092769, 'n_s': 0.9999638, 'tau_reio': 0.07429927, 'P_k_max_1/Mpc': 1.0}

[PARENT][Rank 363] | ERROR: Child process failed during CLASS computation
Model: {'lensing': 'yes', 'output': 'tCl,lCl,pCl,mPk', 'l_max_scalars': 2508, 'k_pivot': 0.05, 'N_ur': 2.0328, 'N_ncdm': 1, 'm_ncdm': 0.06, 'T_ncdm': 0.71611, 'N_ncdm_decay_dr': 1, 'quadrature_strategy_ncdm_decay_dr': 3, 'ncdm_fluid_approximation': 3, 'maximum_q_ncdm_decay_dr': 15.0, 'background_method': 0, 'evolver': 1, 'N_momentum_bins_ncdm_decay_dr': 7, 'l_max_ncdm': 13, 'l_max_dr': 13, 'l_max_dr_col': 13, 'omega_b': 0.023089139, 'omega_cdm': 0.1301408, 'Neff_ini_dncdm': 0.7101726, 'log10lifetime_ncdm_decay_dr': 3.629005, 'm_ncdm_decay_dr': 0.0509676, 'H0': 72.3013, 'ln10^{10}A_s': 3.092769, 'n_s': 0.9999638, 'tau_reio': 0.07429927, 'P_k_max_1/Mpc': 1.0}
skipping to the next model...
[CHILD][Parent Rank 349] | The following model took too long to complete: 
params: {'lensing': 'yes', 'output': 'tCl,lCl,pCl,mPk', 'l_max_scalars': 2508, 'k_pivot': 0.05, 'N_ur': 2.0328, 'N_ncdm': 1, 'm_ncdm': 0.06, 'T_ncdm': 0.71611, 'N_ncdm_decay_dr': 1, 'quadrature_strategy_ncdm_decay_dr': 3, 'ncdm_fluid_approximation': 3, 'maximum_q_ncdm_decay_dr': 15.0, 'background_method': 0, 'evolver': 1, 'N_momentum_bins_ncdm_decay_dr': 7, 'l_max_ncdm': 13, 'l_max_dr': 13, 'l_max_dr_col': 13, 'omega_b': 0.023089139, 'omega_cdm': 0.1301408, 'Neff_ini_dncdm': 0.7101726, 'log10lifetime_ncdm_decay_dr': 3.629005, 'm_ncdm_decay_dr': 0.0509676, 'H0': 72.3013, 'ln10^{10}A_s': 3.092769, 'n_s': 0.9999638, 'tau_reio': 0.07429927, 'P_k_max_1/Mpc': 1.0}

[PARENT][Rank 349] | ERROR: Child process failed during CLASS computation
Model: {'lensing': 'yes', 'output': 'tCl,lCl,pCl,mPk', 'l_max_scalars': 2508, 'k_pivot': 0.05, 'N_ur': 2.0328, 'N_ncdm': 1, 'm_ncdm': 0.06, 'T_ncdm': 0.71611, 'N_ncdm_decay_dr': 1, 'quadrature_strategy_ncdm_decay_dr': 3, 'ncdm_fluid_approximation': 3, 'maximum_q_ncdm_decay_dr': 15.0, 'background_method': 0, 'evolver': 1, 'N_momentum_bins_ncdm_decay_dr': 7, 'l_max_ncdm': 13, 'l_max_dr': 13, 'l_max_dr_col': 13, 'omega_b': 0.023089139, 'omega_cdm': 0.1301408, 'Neff_ini_dncdm': 0.7101726, 'log10lifetime_ncdm_decay_dr': 3.629005, 'm_ncdm_decay_dr': 0.0509676, 'H0': 72.3013, 'ln10^{10}A_s': 3.092769, 'n_s': 0.9999638, 'tau_reio': 0.07429927, 'P_k_max_1/Mpc': 1.0}
skipping to the next model...
[CHILD][Parent Rank 379] | The following model took too long to complete: 
params: {'lensing': 'yes', 'output': 'tCl,lCl,pCl,mPk', 'l_max_scalars': 2508, 'k_pivot': 0.05, 'N_ur': 2.0328, 'N_ncdm': 1, 'm_ncdm': 0.06, 'T_ncdm': 0.71611, 'N_ncdm_decay_dr': 1, 'quadrature_strategy_ncdm_decay_dr': 3, 'ncdm_fluid_approximation': 3, 'maximum_q_ncdm_decay_dr': 15.0, 'background_method': 0, 'evolver': 1, 'N_momentum_bins_ncdm_decay_dr': 7, 'l_max_ncdm': 13, 'l_max_dr': 13, 'l_max_dr_col': 13, 'omega_b': 0.023089139, 'omega_cdm': 0.1301408, 'Neff_ini_dncdm': 0.7101726, 'log10lifetime_ncdm_decay_dr': 3.629005, 'm_ncdm_decay_dr': 0.0509676, 'H0': 72.3013, 'ln10^{10}A_s': 3.092769, 'n_s': 0.9999638, 'tau_reio': 0.07429927, 'P_k_max_1/Mpc': 1.0}

[PARENT][Rank 379] | ERROR: Child process failed during CLASS computation
Model: {'lensing': 'yes', 'output': 'tCl,lCl,pCl,mPk', 'l_max_scalars': 2508, 'k_pivot': 0.05, 'N_ur': 2.0328, 'N_ncdm': 1, 'm_ncdm': 0.06, 'T_ncdm': 0.71611, 'N_ncdm_decay_dr': 1, 'quadrature_strategy_ncdm_decay_dr': 3, 'ncdm_fluid_approximation': 3, 'maximum_q_ncdm_decay_dr': 15.0, 'background_method': 0, 'evolver': 1, 'N_momentum_bins_ncdm_decay_dr': 7, 'l_max_ncdm': 13, 'l_max_dr': 13, 'l_max_dr_col': 13, 'omega_b': 0.023089139, 'omega_cdm': 0.1301408, 'Neff_ini_dncdm': 0.7101726, 'log10lifetime_ncdm_decay_dr': 3.629005, 'm_ncdm_decay_dr': 0.0509676, 'H0': 72.3013, 'ln10^{10}A_s': 3.092769, 'n_s': 0.9999638, 'tau_reio': 0.07429927, 'P_k_max_1/Mpc': 1.0}
skipping to the next model...
[CHILD][Parent Rank 393] | The following model took too long to complete: 
params: {'lensing': 'yes', 'output': 'tCl,lCl,pCl,mPk', 'l_max_scalars': 2508, 'k_pivot': 0.05, 'N_ur': 2.0328, 'N_ncdm': 1, 'm_ncdm': 0.06, 'T_ncdm': 0.71611, 'N_ncdm_decay_dr': 1, 'quadrature_strategy_ncdm_decay_dr': 3, 'ncdm_fluid_approximation': 3, 'maximum_q_ncdm_decay_dr': 15.0, 'background_method': 0, 'evolver': 1, 'N_momentum_bins_ncdm_decay_dr': 7, 'l_max_ncdm': 13, 'l_max_dr': 13, 'l_max_dr_col': 13, 'omega_b': 0.023089139, 'omega_cdm': 0.1301408, 'Neff_ini_dncdm': 0.7101726, 'log10lifetime_ncdm_decay_dr': 3.629005, 'm_ncdm_decay_dr': 0.0509676, 'H0': 72.3013, 'ln10^{10}A_s': 3.092769, 'n_s': 0.9999638, 'tau_reio': 0.07429927, 'P_k_max_1/Mpc': 1.0}

[PARENT][Rank 393] | ERROR: Child process failed during CLASS computation
Model: {'lensing': 'yes', 'output': 'tCl,lCl,pCl,mPk', 'l_max_scalars': 2508, 'k_pivot': 0.05, 'N_ur': 2.0328, 'N_ncdm': 1, 'm_ncdm': 0.06, 'T_ncdm': 0.71611, 'N_ncdm_decay_dr': 1, 'quadrature_strategy_ncdm_decay_dr': 3, 'ncdm_fluid_approximation': 3, 'maximum_q_ncdm_decay_dr': 15.0, 'background_method': 0, 'evolver': 1, 'N_momentum_bins_ncdm_decay_dr': 7, 'l_max_ncdm': 13, 'l_max_dr': 13, 'l_max_dr_col': 13, 'omega_b': 0.023089139, 'omega_cdm': 0.1301408, 'Neff_ini_dncdm': 0.7101726, 'log10lifetime_ncdm_decay_dr': 3.629005, 'm_ncdm_decay_dr': 0.0509676, 'H0': 72.3013, 'ln10^{10}A_s': 3.092769, 'n_s': 0.9999638, 'tau_reio': 0.07429927, 'P_k_max_1/Mpc': 1.0}
skipping to the next model...
[CHILD][Parent Rank 78] | The following model took too long to complete: 
params: {'lensing': 'yes', 'output': 'tCl,lCl,pCl,mPk', 'l_max_scalars': 2508, 'k_pivot': 0.05, 'N_ur': 2.0328, 'N_ncdm': 1, 'm_ncdm': 0.06, 'T_ncdm': 0.71611, 'N_ncdm_decay_dr': 1, 'quadrature_strategy_ncdm_decay_dr': 3, 'ncdm_fluid_approximation': 3, 'maximum_q_ncdm_decay_dr': 15.0, 'background_method': 0, 'evolver': 1, 'N_momentum_bins_ncdm_decay_dr': 7, 'l_max_ncdm': 13, 'l_max_dr': 13, 'l_max_dr_col': 13, 'omega_b': 0.02269649, 'omega_cdm': 0.1280032, 'Neff_ini_dncdm': 0.6462659, 'log10lifetime_ncdm_decay_dr': 4.710666, 'm_ncdm_decay_dr': 0.1791647, 'H0': 72.51015, 'ln10^{10}A_s': 3.091283, 'n_s': 0.9878163, 'tau_reio': 0.07568358, 'P_k_max_1/Mpc': 1.0}

[PARENT][Rank 78] | ERROR: Child process failed during CLASS computation
Model: {'lensing': 'yes', 'output': 'tCl,lCl,pCl,mPk', 'l_max_scalars': 2508, 'k_pivot': 0.05, 'N_ur': 2.0328, 'N_ncdm': 1, 'm_ncdm': 0.06, 'T_ncdm': 0.71611, 'N_ncdm_decay_dr': 1, 'quadrature_strategy_ncdm_decay_dr': 3, 'ncdm_fluid_approximation': 3, 'maximum_q_ncdm_decay_dr': 15.0, 'background_method': 0, 'evolver': 1, 'N_momentum_bins_ncdm_decay_dr': 7, 'l_max_ncdm': 13, 'l_max_dr': 13, 'l_max_dr_col': 13, 'omega_b': 0.02269649, 'omega_cdm': 0.1280032, 'Neff_ini_dncdm': 0.6462659, 'log10lifetime_ncdm_decay_dr': 4.710666, 'm_ncdm_decay_dr': 0.1791647, 'H0': 72.51015, 'ln10^{10}A_s': 3.091283, 'n_s': 0.9878163, 'tau_reio': 0.07568358, 'P_k_max_1/Mpc': 1.0}
skipping to the next model...
[CHILD][Parent Rank 170] | The following model took too long to complete: 
params: {'lensing': 'yes', 'output': 'tCl,lCl,pCl,mPk', 'l_max_scalars': 2508, 'k_pivot': 0.05, 'N_ur': 2.0328, 'N_ncdm': 1, 'm_ncdm': 0.06, 'T_ncdm': 0.71611, 'N_ncdm_decay_dr': 1, 'quadrature_strategy_ncdm_decay_dr': 3, 'ncdm_fluid_approximation': 3, 'maximum_q_ncdm_decay_dr': 15.0, 'background_method': 0, 'evolver': 1, 'N_momentum_bins_ncdm_decay_dr': 7, 'l_max_ncdm': 13, 'l_max_dr': 13, 'l_max_dr_col': 13, 'omega_b': 0.0227794, 'omega_cdm': 0.127208, 'Neff_ini_dncdm': 0.6103904, 'log10lifetime_ncdm_decay_dr': 4.709603, 'm_ncdm_decay_dr': 0.2820521, 'H0': 72.25057, 'ln10^{10}A_s': 3.139684, 'n_s': 0.9909185, 'tau_reio': 0.1046123, 'P_k_max_1/Mpc': 1.0}

[CHILD][Parent Rank 166] | The following model took too long to complete: 
params: {'lensing': 'yes', 'output': 'tCl,lCl,pCl,mPk', 'l_max_scalars': 2508, 'k_pivot': 0.05, 'N_ur': 2.0328, 'N_ncdm': 1, 'm_ncdm': 0.06, 'T_ncdm': 0.71611, 'N_ncdm_decay_dr': 1, 'quadrature_strategy_ncdm_decay_dr': 3, 'ncdm_fluid_approximation': 3, 'maximum_q_ncdm_decay_dr': 15.0, 'background_method': 0, 'evolver': 1, 'N_momentum_bins_ncdm_decay_dr': 7, 'l_max_ncdm': 13, 'l_max_dr': 13, 'l_max_dr_col': 13, 'omega_b': 0.0227794, 'omega_cdm': 0.127208, 'Neff_ini_dncdm': 0.6103904, 'log10lifetime_ncdm_decay_dr': 4.709603, 'm_ncdm_decay_dr': 0.2820521, 'H0': 72.25057, 'ln10^{10}A_s': 3.139684, 'n_s': 0.9909185, 'tau_reio': 0.1046123, 'P_k_max_1/Mpc': 1.0}

[PARENT][Rank 170] | ERROR: Child process failed during CLASS computation
Model: {'lensing': 'yes', 'output': 'tCl,lCl,pCl,mPk', 'l_max_scalars': 2508, 'k_pivot': 0.05, 'N_ur': 2.0328, 'N_ncdm': 1, 'm_ncdm': 0.06, 'T_ncdm': 0.71611, 'N_ncdm_decay_dr': 1, 'quadrature_strategy_ncdm_decay_dr': 3, 'ncdm_fluid_approximation': 3, 'maximum_q_ncdm_decay_dr': 15.0, 'background_method': 0, 'evolver': 1, 'N_momentum_bins_ncdm_decay_dr': 7, 'l_max_ncdm': 13, 'l_max_dr': 13, 'l_max_dr_col': 13, 'omega_b': 0.0227794, 'omega_cdm': 0.127208, 'Neff_ini_dncdm': 0.6103904, 'log10lifetime_ncdm_decay_dr': 4.709603, 'm_ncdm_decay_dr': 0.2820521, 'H0': 72.25057, 'ln10^{10}A_s': 3.139684, 'n_s': 0.9909185, 'tau_reio': 0.1046123, 'P_k_max_1/Mpc': 1.0}
skipping to the next model...
[PARENT][Rank 166] | ERROR: Child process failed during CLASS computation
Model: {'lensing': 'yes', 'output': 'tCl,lCl,pCl,mPk', 'l_max_scalars': 2508, 'k_pivot': 0.05, 'N_ur': 2.0328, 'N_ncdm': 1, 'm_ncdm': 0.06, 'T_ncdm': 0.71611, 'N_ncdm_decay_dr': 1, 'quadrature_strategy_ncdm_decay_dr': 3, 'ncdm_fluid_approximation': 3, 'maximum_q_ncdm_decay_dr': 15.0, 'background_method': 0, 'evolver': 1, 'N_momentum_bins_ncdm_decay_dr': 7, 'l_max_ncdm': 13, 'l_max_dr': 13, 'l_max_dr_col': 13, 'omega_b': 0.0227794, 'omega_cdm': 0.127208, 'Neff_ini_dncdm': 0.6103904, 'log10lifetime_ncdm_decay_dr': 4.709603, 'm_ncdm_decay_dr': 0.2820521, 'H0': 72.25057, 'ln10^{10}A_s': 3.139684, 'n_s': 0.9909185, 'tau_reio': 0.1046123, 'P_k_max_1/Mpc': 1.0}
skipping to the next model...
[CHILD][Parent Rank 18] | The following model took too long to complete: 
params: {'lensing': 'yes', 'output': 'tCl,lCl,pCl,mPk', 'l_max_scalars': 2508, 'k_pivot': 0.05, 'N_ur': 2.0328, 'N_ncdm': 1, 'm_ncdm': 0.06, 'T_ncdm': 0.71611, 'N_ncdm_decay_dr': 1, 'quadrature_strategy_ncdm_decay_dr': 3, 'ncdm_fluid_approximation': 3, 'maximum_q_ncdm_decay_dr': 15.0, 'background_method': 0, 'evolver': 1, 'N_momentum_bins_ncdm_decay_dr': 7, 'l_max_ncdm': 13, 'l_max_dr': 13, 'l_max_dr_col': 13, 'omega_b': 0.022688469, 'omega_cdm': 0.1304016, 'Neff_ini_dncdm': 0.7575584, 'log10lifetime_ncdm_decay_dr': 5.75412, 'm_ncdm_decay_dr': 0.02889424, 'H0': 71.16039, 'ln10^{10}A_s': 3.118838, 'n_s': 0.9827992, 'tau_reio': 0.08955373, 'P_k_max_1/Mpc': 1.0}

[PARENT][Rank 18] | ERROR: Child process failed during CLASS computation
Model: {'lensing': 'yes', 'output': 'tCl,lCl,pCl,mPk', 'l_max_scalars': 2508, 'k_pivot': 0.05, 'N_ur': 2.0328, 'N_ncdm': 1, 'm_ncdm': 0.06, 'T_ncdm': 0.71611, 'N_ncdm_decay_dr': 1, 'quadrature_strategy_ncdm_decay_dr': 3, 'ncdm_fluid_approximation': 3, 'maximum_q_ncdm_decay_dr': 15.0, 'background_method': 0, 'evolver': 1, 'N_momentum_bins_ncdm_decay_dr': 7, 'l_max_ncdm': 13, 'l_max_dr': 13, 'l_max_dr_col': 13, 'omega_b': 0.022688469, 'omega_cdm': 0.1304016, 'Neff_ini_dncdm': 0.7575584, 'log10lifetime_ncdm_decay_dr': 5.75412, 'm_ncdm_decay_dr': 0.02889424, 'H0': 71.16039, 'ln10^{10}A_s': 3.118838, 'n_s': 0.9827992, 'tau_reio': 0.08955373, 'P_k_max_1/Mpc': 1.0}
skipping to the next model...
[CHILD][Parent Rank 29] | The following model took too long to complete: 
params: {'lensing': 'yes', 'output': 'tCl,lCl,pCl,mPk', 'l_max_scalars': 2508, 'k_pivot': 0.05, 'N_ur': 2.0328, 'N_ncdm': 1, 'm_ncdm': 0.06, 'T_ncdm': 0.71611, 'N_ncdm_decay_dr': 1, 'quadrature_strategy_ncdm_decay_dr': 3, 'ncdm_fluid_approximation': 3, 'maximum_q_ncdm_decay_dr': 15.0, 'background_method': 0, 'evolver': 1, 'N_momentum_bins_ncdm_decay_dr': 7, 'l_max_ncdm': 13, 'l_max_dr': 13, 'l_max_dr_col': 13, 'omega_b': 0.022688469, 'omega_cdm': 0.1304016, 'Neff_ini_dncdm': 0.7575584, 'log10lifetime_ncdm_decay_dr': 5.75412, 'm_ncdm_decay_dr': 0.02889424, 'H0': 71.16039, 'ln10^{10}A_s': 3.118838, 'n_s': 0.9827992, 'tau_reio': 0.08955373, 'P_k_max_1/Mpc': 1.0}

[PARENT][Rank 29] | ERROR: Child process failed during CLASS computation
Model: {'lensing': 'yes', 'output': 'tCl,lCl,pCl,mPk', 'l_max_scalars': 2508, 'k_pivot': 0.05, 'N_ur': 2.0328, 'N_ncdm': 1, 'm_ncdm': 0.06, 'T_ncdm': 0.71611, 'N_ncdm_decay_dr': 1, 'quadrature_strategy_ncdm_decay_dr': 3, 'ncdm_fluid_approximation': 3, 'maximum_q_ncdm_decay_dr': 15.0, 'background_method': 0, 'evolver': 1, 'N_momentum_bins_ncdm_decay_dr': 7, 'l_max_ncdm': 13, 'l_max_dr': 13, 'l_max_dr_col': 13, 'omega_b': 0.022688469, 'omega_cdm': 0.1304016, 'Neff_ini_dncdm': 0.7575584, 'log10lifetime_ncdm_decay_dr': 5.75412, 'm_ncdm_decay_dr': 0.02889424, 'H0': 71.16039, 'ln10^{10}A_s': 3.118838, 'n_s': 0.9827992, 'tau_reio': 0.08955373, 'P_k_max_1/Mpc': 1.0}
skipping to the next model...
[CHILD][Parent Rank 11] | The following model took too long to complete: 
params: {'lensing': 'yes', 'output': 'tCl,lCl,pCl,mPk', 'l_max_scalars': 2508, 'k_pivot': 0.05, 'N_ur': 2.0328, 'N_ncdm': 1, 'm_ncdm': 0.06, 'T_ncdm': 0.71611, 'N_ncdm_decay_dr': 1, 'quadrature_strategy_ncdm_decay_dr': 3, 'ncdm_fluid_approximation': 3, 'maximum_q_ncdm_decay_dr': 15.0, 'background_method': 0, 'evolver': 1, 'N_momentum_bins_ncdm_decay_dr': 7, 'l_max_ncdm': 13, 'l_max_dr': 13, 'l_max_dr_col': 13, 'omega_b': 0.022688469, 'omega_cdm': 0.1304016, 'Neff_ini_dncdm': 0.7575584, 'log10lifetime_ncdm_decay_dr': 5.75412, 'm_ncdm_decay_dr': 0.02889424, 'H0': 71.16039, 'ln10^{10}A_s': 3.118838, 'n_s': 0.9827992, 'tau_reio': 0.08955373, 'P_k_max_1/Mpc': 1.0}

[PARENT][Rank 11] | ERROR: Child process failed during CLASS computation
Model: {'lensing': 'yes', 'output': 'tCl,lCl,pCl,mPk', 'l_max_scalars': 2508, 'k_pivot': 0.05, 'N_ur': 2.0328, 'N_ncdm': 1, 'm_ncdm': 0.06, 'T_ncdm': 0.71611, 'N_ncdm_decay_dr': 1, 'quadrature_strategy_ncdm_decay_dr': 3, 'ncdm_fluid_approximation': 3, 'maximum_q_ncdm_decay_dr': 15.0, 'background_method': 0, 'evolver': 1, 'N_momentum_bins_ncdm_decay_dr': 7, 'l_max_ncdm': 13, 'l_max_dr': 13, 'l_max_dr_col': 13, 'omega_b': 0.022688469, 'omega_cdm': 0.1304016, 'Neff_ini_dncdm': 0.7575584, 'log10lifetime_ncdm_decay_dr': 5.75412, 'm_ncdm_decay_dr': 0.02889424, 'H0': 71.16039, 'ln10^{10}A_s': 3.118838, 'n_s': 0.9827992, 'tau_reio': 0.08955373, 'P_k_max_1/Mpc': 1.0}
skipping to the next model...
[CHILD][Parent Rank 16] | The following model took too long to complete: 
params: {'lensing': 'yes', 'output': 'tCl,lCl,pCl,mPk', 'l_max_scalars': 2508, 'k_pivot': 0.05, 'N_ur': 2.0328, 'N_ncdm': 1, 'm_ncdm': 0.06, 'T_ncdm': 0.71611, 'N_ncdm_decay_dr': 1, 'quadrature_strategy_ncdm_decay_dr': 3, 'ncdm_fluid_approximation': 3, 'maximum_q_ncdm_decay_dr': 15.0, 'background_method': 0, 'evolver': 1, 'N_momentum_bins_ncdm_decay_dr': 7, 'l_max_ncdm': 13, 'l_max_dr': 13, 'l_max_dr_col': 13, 'omega_b': 0.022688469, 'omega_cdm': 0.1304016, 'Neff_ini_dncdm': 0.7575584, 'log10lifetime_ncdm_decay_dr': 5.75412, 'm_ncdm_decay_dr': 0.02889424, 'H0': 71.16039, 'ln10^{10}A_s': 3.118838, 'n_s': 0.9827992, 'tau_reio': 0.08955373, 'P_k_max_1/Mpc': 1.0}

[CHILD][Parent Rank 14] | The following model took too long to complete: 
params: {'lensing': 'yes', 'output': 'tCl,lCl,pCl,mPk', 'l_max_scalars': 2508, 'k_pivot': 0.05, 'N_ur': 2.0328, 'N_ncdm': 1, 'm_ncdm': 0.06, 'T_ncdm': 0.71611, 'N_ncdm_decay_dr': 1, 'quadrature_strategy_ncdm_decay_dr': 3, 'ncdm_fluid_approximation': 3, 'maximum_q_ncdm_decay_dr': 15.0, 'background_method': 0, 'evolver': 1, 'N_momentum_bins_ncdm_decay_dr': 7, 'l_max_ncdm': 13, 'l_max_dr': 13, 'l_max_dr_col': 13, 'omega_b': 0.022688469, 'omega_cdm': 0.1304016, 'Neff_ini_dncdm': 0.7575584, 'log10lifetime_ncdm_decay_dr': 5.75412, 'm_ncdm_decay_dr': 0.02889424, 'H0': 71.16039, 'ln10^{10}A_s': 3.118838, 'n_s': 0.9827992, 'tau_reio': 0.08955373, 'P_k_max_1/Mpc': 1.0}

[CHILD][Parent Rank 4] | The following model took too long to complete: 
params: {'lensing': 'yes', 'output': 'tCl,lCl,pCl,mPk', 'l_max_scalars': 2508, 'k_pivot': 0.05, 'N_ur': 2.0328, 'N_ncdm': 1, 'm_ncdm': 0.06, 'T_ncdm': 0.71611, 'N_ncdm_decay_dr': 1, 'quadrature_strategy_ncdm_decay_dr': 3, 'ncdm_fluid_approximation': 3, 'maximum_q_ncdm_decay_dr': 15.0, 'background_method': 0, 'evolver': 1, 'N_momentum_bins_ncdm_decay_dr': 7, 'l_max_ncdm': 13, 'l_max_dr': 13, 'l_max_dr_col': 13, 'omega_b': 0.022688469, 'omega_cdm': 0.1304016, 'Neff_ini_dncdm': 0.7575584, 'log10lifetime_ncdm_decay_dr': 5.75412, 'm_ncdm_decay_dr': 0.02889424, 'H0': 71.16039, 'ln10^{10}A_s': 3.118838, 'n_s': 0.9827992, 'tau_reio': 0.08955373, 'P_k_max_1/Mpc': 1.0}

[PARENT][Rank 16] | ERROR: Child process failed during CLASS computation
Model: {'lensing': 'yes', 'output': 'tCl,lCl,pCl,mPk', 'l_max_scalars': 2508, 'k_pivot': 0.05, 'N_ur': 2.0328, 'N_ncdm': 1, 'm_ncdm': 0.06, 'T_ncdm': 0.71611, 'N_ncdm_decay_dr': 1, 'quadrature_strategy_ncdm_decay_dr': 3, 'ncdm_fluid_approximation': 3, 'maximum_q_ncdm_decay_dr': 15.0, 'background_method': 0, 'evolver': 1, 'N_momentum_bins_ncdm_decay_dr': 7, 'l_max_ncdm': 13, 'l_max_dr': 13, 'l_max_dr_col': 13, 'omega_b': 0.022688469, 'omega_cdm': 0.1304016, 'Neff_ini_dncdm': 0.7575584, 'log10lifetime_ncdm_decay_dr': 5.75412, 'm_ncdm_decay_dr': 0.02889424, 'H0': 71.16039, 'ln10^{10}A_s': 3.118838, 'n_s': 0.9827992, 'tau_reio': 0.08955373, 'P_k_max_1/Mpc': 1.0}
skipping to the next model...
[PARENT][Rank 14] | ERROR: Child process failed during CLASS computation
Model: {'lensing': 'yes', 'output': 'tCl,lCl,pCl,mPk', 'l_max_scalars': 2508, 'k_pivot': 0.05, 'N_ur': 2.0328, 'N_ncdm': 1, 'm_ncdm': 0.06, 'T_ncdm': 0.71611, 'N_ncdm_decay_dr': 1, 'quadrature_strategy_ncdm_decay_dr': 3, 'ncdm_fluid_approximation': 3, 'maximum_q_ncdm_decay_dr': 15.0, 'background_method': 0, 'evolver': 1, 'N_momentum_bins_ncdm_decay_dr': 7, 'l_max_ncdm': 13, 'l_max_dr': 13, 'l_max_dr_col': 13, 'omega_b': 0.022688469, 'omega_cdm': 0.1304016, 'Neff_ini_dncdm': 0.7575584, 'log10lifetime_ncdm_decay_dr': 5.75412, 'm_ncdm_decay_dr': 0.02889424, 'H0': 71.16039, 'ln10^{10}A_s': 3.118838, 'n_s': 0.9827992, 'tau_reio': 0.08955373, 'P_k_max_1/Mpc': 1.0}
skipping to the next model...
[PARENT][Rank 4] | ERROR: Child process failed during CLASS computation
Model: {'lensing': 'yes', 'output': 'tCl,lCl,pCl,mPk', 'l_max_scalars': 2508, 'k_pivot': 0.05, 'N_ur': 2.0328, 'N_ncdm': 1, 'm_ncdm': 0.06, 'T_ncdm': 0.71611, 'N_ncdm_decay_dr': 1, 'quadrature_strategy_ncdm_decay_dr': 3, 'ncdm_fluid_approximation': 3, 'maximum_q_ncdm_decay_dr': 15.0, 'background_method': 0, 'evolver': 1, 'N_momentum_bins_ncdm_decay_dr': 7, 'l_max_ncdm': 13, 'l_max_dr': 13, 'l_max_dr_col': 13, 'omega_b': 0.022688469, 'omega_cdm': 0.1304016, 'Neff_ini_dncdm': 0.7575584, 'log10lifetime_ncdm_decay_dr': 5.75412, 'm_ncdm_decay_dr': 0.02889424, 'H0': 71.16039, 'ln10^{10}A_s': 3.118838, 'n_s': 0.9827992, 'tau_reio': 0.08955373, 'P_k_max_1/Mpc': 1.0}
skipping to the next model...
[CHILD][Parent Rank 13] | The following model took too long to complete: 
params: {'lensing': 'yes', 'output': 'tCl,lCl,pCl,mPk', 'l_max_scalars': 2508, 'k_pivot': 0.05, 'N_ur': 2.0328, 'N_ncdm': 1, 'm_ncdm': 0.06, 'T_ncdm': 0.71611, 'N_ncdm_decay_dr': 1, 'quadrature_strategy_ncdm_decay_dr': 3, 'ncdm_fluid_approximation': 3, 'maximum_q_ncdm_decay_dr': 15.0, 'background_method': 0, 'evolver': 1, 'N_momentum_bins_ncdm_decay_dr': 7, 'l_max_ncdm': 13, 'l_max_dr': 13, 'l_max_dr_col': 13, 'omega_b': 0.022688469, 'omega_cdm': 0.1304016, 'Neff_ini_dncdm': 0.7575584, 'log10lifetime_ncdm_decay_dr': 5.75412, 'm_ncdm_decay_dr': 0.02889424, 'H0': 71.16039, 'ln10^{10}A_s': 3.118838, 'n_s': 0.9827992, 'tau_reio': 0.08955373, 'P_k_max_1/Mpc': 1.0}

[PARENT][Rank 13] | ERROR: Child process failed during CLASS computation
Model: {'lensing': 'yes', 'output': 'tCl,lCl,pCl,mPk', 'l_max_scalars': 2508, 'k_pivot': 0.05, 'N_ur': 2.0328, 'N_ncdm': 1, 'm_ncdm': 0.06, 'T_ncdm': 0.71611, 'N_ncdm_decay_dr': 1, 'quadrature_strategy_ncdm_decay_dr': 3, 'ncdm_fluid_approximation': 3, 'maximum_q_ncdm_decay_dr': 15.0, 'background_method': 0, 'evolver': 1, 'N_momentum_bins_ncdm_decay_dr': 7, 'l_max_ncdm': 13, 'l_max_dr': 13, 'l_max_dr_col': 13, 'omega_b': 0.022688469, 'omega_cdm': 0.1304016, 'Neff_ini_dncdm': 0.7575584, 'log10lifetime_ncdm_decay_dr': 5.75412, 'm_ncdm_decay_dr': 0.02889424, 'H0': 71.16039, 'ln10^{10}A_s': 3.118838, 'n_s': 0.9827992, 'tau_reio': 0.08955373, 'P_k_max_1/Mpc': 1.0}
skipping to the next model...
[CHILD][Parent Rank 188] | The following model took too long to complete: 
params: {'lensing': 'yes', 'output': 'tCl,lCl,pCl,mPk', 'l_max_scalars': 2508, 'k_pivot': 0.05, 'N_ur': 2.0328, 'N_ncdm': 1, 'm_ncdm': 0.06, 'T_ncdm': 0.71611, 'N_ncdm_decay_dr': 1, 'quadrature_strategy_ncdm_decay_dr': 3, 'ncdm_fluid_approximation': 3, 'maximum_q_ncdm_decay_dr': 15.0, 'background_method': 0, 'evolver': 1, 'N_momentum_bins_ncdm_decay_dr': 7, 'l_max_ncdm': 13, 'l_max_dr': 13, 'l_max_dr_col': 13, 'omega_b': 0.0227794, 'omega_cdm': 0.127208, 'Neff_ini_dncdm': 0.6103904, 'log10lifetime_ncdm_decay_dr': 4.709603, 'm_ncdm_decay_dr': 0.2820521, 'H0': 72.25057, 'ln10^{10}A_s': 3.139684, 'n_s': 0.9909185, 'tau_reio': 0.1046123, 'P_k_max_1/Mpc': 1.0}

[PARENT][Rank 188] | ERROR: Child process failed during CLASS computation
Model: {'lensing': 'yes', 'output': 'tCl,lCl,pCl,mPk', 'l_max_scalars': 2508, 'k_pivot': 0.05, 'N_ur': 2.0328, 'N_ncdm': 1, 'm_ncdm': 0.06, 'T_ncdm': 0.71611, 'N_ncdm_decay_dr': 1, 'quadrature_strategy_ncdm_decay_dr': 3, 'ncdm_fluid_approximation': 3, 'maximum_q_ncdm_decay_dr': 15.0, 'background_method': 0, 'evolver': 1, 'N_momentum_bins_ncdm_decay_dr': 7, 'l_max_ncdm': 13, 'l_max_dr': 13, 'l_max_dr_col': 13, 'omega_b': 0.0227794, 'omega_cdm': 0.127208, 'Neff_ini_dncdm': 0.6103904, 'log10lifetime_ncdm_decay_dr': 4.709603, 'm_ncdm_decay_dr': 0.2820521, 'H0': 72.25057, 'ln10^{10}A_s': 3.139684, 'n_s': 0.9909185, 'tau_reio': 0.1046123, 'P_k_max_1/Mpc': 1.0}
skipping to the next model...
[Master] [WARNING] Received ABORT command from ranks: {259}.
This is due to the parent failing closing down the child process properly.
Or the child process crashed or was unresponsive at some point.
Exiting through MPI.Abort() to prevent hanging/deadlock.
--------------------------------------------------------------------------
MPI_ABORT was invoked on rank 0 in communicator MPI_COMM_WORLD
with errorcode 1.

NOTE: invoking MPI_ABORT causes Open MPI to kill all MPI processes.
You may or may not see output from other processes, depending on
exactly when Open MPI kills them.
--------------------------------------------------------------------------
--------------------------------------------------------------------------
An MPI communication peer process has unexpectedly disconnected.  This
usually indicates a failure in the peer process (e.g., a crash or
otherwise exiting without calling MPI_FINALIZE first).

Although this local MPI process will likely now behave unpredictably
(it may even hang or crash), the root cause of this problem is the
failure of the peer -- that is what you need to investigate.  For
example, there may be a core file that you can examine.  More
generally: such peer hangups are frequently caused by application bugs
or other external events.

  Local host: s44n14
  Local PID:  29825
  Peer host:  s44n12
--------------------------------------------------------------------------
--------------------------------------------------------------------------
WARNING: Open MPI failed to TCP connect to a peer MPI process.  This
should not happen.

Your Open MPI job may now hang or fail.

  Local host: s44n14
  PID:        29825
  Message:    connect() to 10.10.44.12:1052 failed
  Error:      Operation now in progress (115)
--------------------------------------------------------------------------
[s44n20][[41589,1],363][btl_tcp_frag.c:135:mca_btl_tcp_frag_send] mca_btl_tcp_frag_send: writev failed: Connection reset by peer (104)
[s44n20][[41589,1],363][btl_tcp_endpoint.c:1065:mca_btl_tcp_endpoint_send_handler] invalid connection state (2)
[s44n20][[41589,1],336][btl_tcp_frag.c:135:mca_btl_tcp_frag_send] mca_btl_tcp_frag_send: writev failed: Connection reset by peer (104)
[s44n20][[41589,1],336][btl_tcp_endpoint.c:1065:mca_btl_tcp_endpoint_send_handler] invalid connection state (2)
[CHILD][Parent Rank 339] | CRITICAL ERROR: Process killed by SIGTERM (Job Cancelled or Terminated)
[CHILD][Parent Rank 106] | CRITICAL ERROR: Process killed by SIGTERM (Job Cancelled or Terminated)
[s44n12.grendel.cscaa.dk:347150] 9 more processes have sent help message help-mpi-btl-tcp.txt / peer hung up
[s44n12.grendel.cscaa.dk:347150] Set MCA parameter "orte_base_help_aggregate" to 0 to see all help / error messages
[s44n12.grendel.cscaa.dk:347150] 4 more processes have sent help message help-mpi-btl-tcp.txt / client connect fail
WARNING: mpirun failed with exit code 1, but calculations completed successfully. Checking for lingering MPI processes...
No lingering MPI processes found.
Check complete, continuing...
[CHILD][Parent Rank 190] | The following model took too long to complete: 
params: {'lensing': 'yes', 'output': 'tCl,lCl,pCl,mPk', 'l_max_scalars': 2508, 'k_pivot': 0.05, 'N_ur': 2.0328, 'N_ncdm': 1, 'm_ncdm': 0.06, 'T_ncdm': 0.71611, 'N_ncdm_decay_dr': 1, 'quadrature_strategy_ncdm_decay_dr': 3, 'ncdm_fluid_approximation': 3, 'maximum_q_ncdm_decay_dr': 15.0, 'background_method': 0, 'evolver': 1, 'N_momentum_bins_ncdm_decay_dr': 7, 'l_max_ncdm': 13, 'l_max_dr': 13, 'l_max_dr_col': 13, 'omega_b': 0.022421999, 'omega_cdm': 0.1315456, 'Neff_ini_dncdm': 0.04646897, 'log10lifetime_ncdm_decay_dr': 2.136189, 'm_ncdm_decay_dr': 300.4901, 'H0': 66.60572, 'ln10^{10}A_s': 3.046901, 'n_s': 0.9606615, 'tau_reio': 0.04366669, 'P_k_max_1/Mpc': 1.0}

[PARENT][Rank 190] | ERROR: Child process failed during CLASS computation
Model: {'lensing': 'yes', 'output': 'tCl,lCl,pCl,mPk', 'l_max_scalars': 2508, 'k_pivot': 0.05, 'N_ur': 2.0328, 'N_ncdm': 1, 'm_ncdm': 0.06, 'T_ncdm': 0.71611, 'N_ncdm_decay_dr': 1, 'quadrature_strategy_ncdm_decay_dr': 3, 'ncdm_fluid_approximation': 3, 'maximum_q_ncdm_decay_dr': 15.0, 'background_method': 0, 'evolver': 1, 'N_momentum_bins_ncdm_decay_dr': 7, 'l_max_ncdm': 13, 'l_max_dr': 13, 'l_max_dr_col': 13, 'omega_b': 0.022421999, 'omega_cdm': 0.1315456, 'Neff_ini_dncdm': 0.04646897, 'log10lifetime_ncdm_decay_dr': 2.136189, 'm_ncdm_decay_dr': 300.4901, 'H0': 66.60572, 'ln10^{10}A_s': 3.046901, 'n_s': 0.9606615, 'tau_reio': 0.04366669, 'P_k_max_1/Mpc': 1.0}
skipping to the next model...
[CHILD][Parent Rank 191] | The following model took too long to complete: 
params: {'lensing': 'yes', 'output': 'tCl,lCl,pCl,mPk', 'l_max_scalars': 2508, 'k_pivot': 0.05, 'N_ur': 2.0328, 'N_ncdm': 1, 'm_ncdm': 0.06, 'T_ncdm': 0.71611, 'N_ncdm_decay_dr': 1, 'quadrature_strategy_ncdm_decay_dr': 3, 'ncdm_fluid_approximation': 3, 'maximum_q_ncdm_decay_dr': 15.0, 'background_method': 0, 'evolver': 1, 'N_momentum_bins_ncdm_decay_dr': 7, 'l_max_ncdm': 13, 'l_max_dr': 13, 'l_max_dr_col': 13, 'omega_b': 0.02279285, 'omega_cdm': 0.1415916, 'Neff_ini_dncdm': 0.4727925, 'log10lifetime_ncdm_decay_dr': 2.001188, 'm_ncdm_decay_dr': 93.90008, 'H0': 71.70676, 'ln10^{10}A_s': 3.029736, 'n_s': 0.988188, 'tau_reio': 0.04224205, 'P_k_max_1/Mpc': 1.0}

[PARENT][Rank 191] | ERROR: Child process failed during CLASS computation
Model: {'lensing': 'yes', 'output': 'tCl,lCl,pCl,mPk', 'l_max_scalars': 2508, 'k_pivot': 0.05, 'N_ur': 2.0328, 'N_ncdm': 1, 'm_ncdm': 0.06, 'T_ncdm': 0.71611, 'N_ncdm_decay_dr': 1, 'quadrature_strategy_ncdm_decay_dr': 3, 'ncdm_fluid_approximation': 3, 'maximum_q_ncdm_decay_dr': 15.0, 'background_method': 0, 'evolver': 1, 'N_momentum_bins_ncdm_decay_dr': 7, 'l_max_ncdm': 13, 'l_max_dr': 13, 'l_max_dr_col': 13, 'omega_b': 0.02279285, 'omega_cdm': 0.1415916, 'Neff_ini_dncdm': 0.4727925, 'log10lifetime_ncdm_decay_dr': 2.001188, 'm_ncdm_decay_dr': 93.90008, 'H0': 71.70676, 'ln10^{10}A_s': 3.029736, 'n_s': 0.988188, 'tau_reio': 0.04224205, 'P_k_max_1/Mpc': 1.0}
skipping to the next model...
[PARENT][Rank 195] | ERROR: Timeout while waiting for response from child process after CLASS computations. Child may be unresponsive.

[CHILD][Parent Rank 195] | The following model took too long to complete: 
params: {'lensing': 'yes', 'output': 'tCl,lCl,pCl,mPk', 'l_max_scalars': 2508, 'k_pivot': 0.05, 'N_ur': 2.0328, 'N_ncdm': 1, 'm_ncdm': 0.06, 'T_ncdm': 0.71611, 'N_ncdm_decay_dr': 1, 'quadrature_strategy_ncdm_decay_dr': 3, 'ncdm_fluid_approximation': 3, 'maximum_q_ncdm_decay_dr': 15.0, 'background_method': 0, 'evolver': 1, 'N_momentum_bins_ncdm_decay_dr': 7, 'l_max_ncdm': 13, 'l_max_dr': 13, 'l_max_dr_col': 13, 'omega_b': 0.022887869, 'omega_cdm': 0.1307573, 'Neff_ini_dncdm': 0.5573826, 'log10lifetime_ncdm_decay_dr': 2.890561, 'm_ncdm_decay_dr': 11.30744, 'H0': 71.99899, 'ln10^{10}A_s': 3.086059, 'n_s': 0.9733908, 'tau_reio': 0.06974936, 'P_k_max_1/Mpc': 1.0}

[PARENT][Rank 195] | ERROR: Child process failed during CLASS computation
Model: {'lensing': 'yes', 'output': 'tCl,lCl,pCl,mPk', 'l_max_scalars': 2508, 'k_pivot': 0.05, 'N_ur': 2.0328, 'N_ncdm': 1, 'm_ncdm': 0.06, 'T_ncdm': 0.71611, 'N_ncdm_decay_dr': 1, 'quadrature_strategy_ncdm_decay_dr': 3, 'ncdm_fluid_approximation': 3, 'maximum_q_ncdm_decay_dr': 15.0, 'background_method': 0, 'evolver': 1, 'N_momentum_bins_ncdm_decay_dr': 7, 'l_max_ncdm': 13, 'l_max_dr': 13, 'l_max_dr_col': 13, 'omega_b': 0.02193855, 'omega_cdm': 0.1252569, 'Neff_ini_dncdm': 0.006380615, 'log10lifetime_ncdm_decay_dr': 3.651617, 'm_ncdm_decay_dr': 127.0045, 'H0': 66.07489, 'ln10^{10}A_s': 3.004802, 'n_s': 0.9559821, 'tau_reio': 0.02591417, 'P_k_max_1/Mpc': 1.0}
skipping to the next model...
[PARENT][Rank 195] | ERROR: Timeout while waiting for PONG response from child process. Child may be unresponsive.
Respawning child process...
[PARENT][Rank 195] | WARNING: Child process died or is unresponsive. Respawning...
[PARENT][Rank 195] | [INFO] Successfully respawned child process.
[CHILD][Parent Rank 195] | ERROR: Timeout while waiting for message.
Exiting safely.
[PARENT][Rank 190] | ERROR: Timeout while waiting for response from child process after CLASS computations. Child may be unresponsive.

[CHILD][Parent Rank 190] | The following model took too long to complete: 
params: {'lensing': 'yes', 'output': 'tCl,lCl,pCl,mPk', 'l_max_scalars': 2508, 'k_pivot': 0.05, 'N_ur': 2.0328, 'N_ncdm': 1, 'm_ncdm': 0.06, 'T_ncdm': 0.71611, 'N_ncdm_decay_dr': 1, 'quadrature_strategy_ncdm_decay_dr': 3, 'ncdm_fluid_approximation': 3, 'maximum_q_ncdm_decay_dr': 15.0, 'background_method': 0, 'evolver': 1, 'N_momentum_bins_ncdm_decay_dr': 7, 'l_max_ncdm': 13, 'l_max_dr': 13, 'l_max_dr_col': 13, 'omega_b': 0.023507768, 'omega_cdm': 0.1173408, 'Neff_ini_dncdm': 0.03636287, 'log10lifetime_ncdm_decay_dr': 2.274002, 'm_ncdm_decay_dr': 201.748, 'H0': 71.66901, 'ln10^{10}A_s': 3.045686, 'n_s': 0.9852933, 'tau_reio': 0.06973863, 'P_k_max_1/Mpc': 1.0}

[PARENT][Rank 190] | ERROR: Child process failed during CLASS computation
Model: {'lensing': 'yes', 'output': 'tCl,lCl,pCl,mPk', 'l_max_scalars': 2508, 'k_pivot': 0.05, 'N_ur': 2.0328, 'N_ncdm': 1, 'm_ncdm': 0.06, 'T_ncdm': 0.71611, 'N_ncdm_decay_dr': 1, 'quadrature_strategy_ncdm_decay_dr': 3, 'ncdm_fluid_approximation': 3, 'maximum_q_ncdm_decay_dr': 15.0, 'background_method': 0, 'evolver': 1, 'N_momentum_bins_ncdm_decay_dr': 7, 'l_max_ncdm': 13, 'l_max_dr': 13, 'l_max_dr_col': 13, 'omega_b': 0.02236426, 'omega_cdm': 0.1244435, 'Neff_ini_dncdm': 0.07033729, 'log10lifetime_ncdm_decay_dr': 3.476043, 'm_ncdm_decay_dr': 2.139706, 'H0': 66.67745, 'ln10^{10}A_s': 2.9588, 'n_s': 0.9600527, 'tau_reio': 0.01742329, 'P_k_max_1/Mpc': 1.0}
skipping to the next model...
[PARENT][Rank 190] | ERROR: Timeout while waiting for PONG response from child process. Child may be unresponsive.
Respawning child process...
[PARENT][Rank 190] | WARNING: Child process died or is unresponsive. Respawning...
[PARENT][Rank 190] | [INFO] Successfully respawned child process.
[CHILD][Parent Rank 190] | ERROR: Timeout while waiting for message.
Exiting safely.
[CHILD][Parent Rank 389] | The following model took too long to complete: 
params: {'lensing': 'yes', 'output': 'tCl,lCl,pCl,mPk', 'l_max_scalars': 2508, 'k_pivot': 0.05, 'N_ur': 2.0328, 'N_ncdm': 1, 'm_ncdm': 0.06, 'T_ncdm': 0.71611, 'N_ncdm_decay_dr': 1, 'quadrature_strategy_ncdm_decay_dr': 3, 'ncdm_fluid_approximation': 3, 'maximum_q_ncdm_decay_dr': 15.0, 'background_method': 0, 'evolver': 1, 'N_momentum_bins_ncdm_decay_dr': 7, 'l_max_ncdm': 13, 'l_max_dr': 13, 'l_max_dr_col': 13, 'omega_b': 0.023187948, 'omega_cdm': 0.1153233, 'Neff_ini_dncdm': 0.2460938, 'log10lifetime_ncdm_decay_dr': 3.86758, 'm_ncdm_decay_dr': 0.06007395, 'H0': 72.83479, 'ln10^{10}A_s': 3.028644, 'n_s': 0.989628, 'tau_reio': 0.04932693, 'P_k_max_1/Mpc': 1.0}

[PARENT][Rank 389] | ERROR: Child process failed during CLASS computation
Model: {'lensing': 'yes', 'output': 'tCl,lCl,pCl,mPk', 'l_max_scalars': 2508, 'k_pivot': 0.05, 'N_ur': 2.0328, 'N_ncdm': 1, 'm_ncdm': 0.06, 'T_ncdm': 0.71611, 'N_ncdm_decay_dr': 1, 'quadrature_strategy_ncdm_decay_dr': 3, 'ncdm_fluid_approximation': 3, 'maximum_q_ncdm_decay_dr': 15.0, 'background_method': 0, 'evolver': 1, 'N_momentum_bins_ncdm_decay_dr': 7, 'l_max_ncdm': 13, 'l_max_dr': 13, 'l_max_dr_col': 13, 'omega_b': 0.023187948, 'omega_cdm': 0.1153233, 'Neff_ini_dncdm': 0.2460938, 'log10lifetime_ncdm_decay_dr': 3.86758, 'm_ncdm_decay_dr': 0.06007395, 'H0': 72.83479, 'ln10^{10}A_s': 3.028644, 'n_s': 0.989628, 'tau_reio': 0.04932693, 'P_k_max_1/Mpc': 1.0}
skipping to the next model...
[CHILD][Parent Rank 299] | The following model took too long to complete: 
params: {'lensing': 'yes', 'output': 'tCl,lCl,pCl,mPk', 'l_max_scalars': 2508, 'k_pivot': 0.05, 'N_ur': 2.0328, 'N_ncdm': 1, 'm_ncdm': 0.06, 'T_ncdm': 0.71611, 'N_ncdm_decay_dr': 1, 'quadrature_strategy_ncdm_decay_dr': 3, 'ncdm_fluid_approximation': 3, 'maximum_q_ncdm_decay_dr': 15.0, 'background_method': 0, 'evolver': 1, 'N_momentum_bins_ncdm_decay_dr': 7, 'l_max_ncdm': 13, 'l_max_dr': 13, 'l_max_dr_col': 13, 'omega_b': 0.023187948, 'omega_cdm': 0.1153233, 'Neff_ini_dncdm': 0.2460938, 'log10lifetime_ncdm_decay_dr': 3.86758, 'm_ncdm_decay_dr': 0.06007395, 'H0': 72.83479, 'ln10^{10}A_s': 3.028644, 'n_s': 0.989628, 'tau_reio': 0.04932693, 'P_k_max_1/Mpc': 1.0}

[CHILD][Parent Rank 332] | The following model took too long to complete: 
params: {'lensing': 'yes', 'output': 'tCl,lCl,pCl,mPk', 'l_max_scalars': 2508, 'k_pivot': 0.05, 'N_ur': 2.0328, 'N_ncdm': 1, 'm_ncdm': 0.06, 'T_ncdm': 0.71611, 'N_ncdm_decay_dr': 1, 'quadrature_strategy_ncdm_decay_dr': 3, 'ncdm_fluid_approximation': 3, 'maximum_q_ncdm_decay_dr': 15.0, 'background_method': 0, 'evolver': 1, 'N_momentum_bins_ncdm_decay_dr': 7, 'l_max_ncdm': 13, 'l_max_dr': 13, 'l_max_dr_col': 13, 'omega_b': 0.023187948, 'omega_cdm': 0.1153233, 'Neff_ini_dncdm': 0.2460938, 'log10lifetime_ncdm_decay_dr': 3.86758, 'm_ncdm_decay_dr': 0.06007395, 'H0': 72.83479, 'ln10^{10}A_s': 3.028644, 'n_s': 0.989628, 'tau_reio': 0.04932693, 'P_k_max_1/Mpc': 1.0}

[PARENT][Rank 299] | ERROR: Child process failed during CLASS computation
Model: {'lensing': 'yes', 'output': 'tCl,lCl,pCl,mPk', 'l_max_scalars': 2508, 'k_pivot': 0.05, 'N_ur': 2.0328, 'N_ncdm': 1, 'm_ncdm': 0.06, 'T_ncdm': 0.71611, 'N_ncdm_decay_dr': 1, 'quadrature_strategy_ncdm_decay_dr': 3, 'ncdm_fluid_approximation': 3, 'maximum_q_ncdm_decay_dr': 15.0, 'background_method': 0, 'evolver': 1, 'N_momentum_bins_ncdm_decay_dr': 7, 'l_max_ncdm': 13, 'l_max_dr': 13, 'l_max_dr_col': 13, 'omega_b': 0.023187948, 'omega_cdm': 0.1153233, 'Neff_ini_dncdm': 0.2460938, 'log10lifetime_ncdm_decay_dr': 3.86758, 'm_ncdm_decay_dr': 0.06007395, 'H0': 72.83479, 'ln10^{10}A_s': 3.028644, 'n_s': 0.989628, 'tau_reio': 0.04932693, 'P_k_max_1/Mpc': 1.0}
skipping to the next model...
[PARENT][Rank 332] | ERROR: Child process failed during CLASS computation
Model: {'lensing': 'yes', 'output': 'tCl,lCl,pCl,mPk', 'l_max_scalars': 2508, 'k_pivot': 0.05, 'N_ur': 2.0328, 'N_ncdm': 1, 'm_ncdm': 0.06, 'T_ncdm': 0.71611, 'N_ncdm_decay_dr': 1, 'quadrature_strategy_ncdm_decay_dr': 3, 'ncdm_fluid_approximation': 3, 'maximum_q_ncdm_decay_dr': 15.0, 'background_method': 0, 'evolver': 1, 'N_momentum_bins_ncdm_decay_dr': 7, 'l_max_ncdm': 13, 'l_max_dr': 13, 'l_max_dr_col': 13, 'omega_b': 0.023187948, 'omega_cdm': 0.1153233, 'Neff_ini_dncdm': 0.2460938, 'log10lifetime_ncdm_decay_dr': 3.86758, 'm_ncdm_decay_dr': 0.06007395, 'H0': 72.83479, 'ln10^{10}A_s': 3.028644, 'n_s': 0.989628, 'tau_reio': 0.04932693, 'P_k_max_1/Mpc': 1.0}
skipping to the next model...
[CHILD][Parent Rank 51] | The following model took too long to complete: 
params: {'lensing': 'yes', 'output': 'tCl,lCl,pCl,mPk', 'l_max_scalars': 2508, 'k_pivot': 0.05, 'N_ur': 2.0328, 'N_ncdm': 1, 'm_ncdm': 0.06, 'T_ncdm': 0.71611, 'N_ncdm_decay_dr': 1, 'quadrature_strategy_ncdm_decay_dr': 3, 'ncdm_fluid_approximation': 3, 'maximum_q_ncdm_decay_dr': 15.0, 'background_method': 0, 'evolver': 1, 'N_momentum_bins_ncdm_decay_dr': 7, 'l_max_ncdm': 13, 'l_max_dr': 13, 'l_max_dr_col': 13, 'omega_b': 0.023187948, 'omega_cdm': 0.1153233, 'Neff_ini_dncdm': 0.2460938, 'log10lifetime_ncdm_decay_dr': 3.86758, 'm_ncdm_decay_dr': 0.06007395, 'H0': 72.83479, 'ln10^{10}A_s': 3.028644, 'n_s': 0.989628, 'tau_reio': 0.04932693, 'P_k_max_1/Mpc': 1.0}

[PARENT][Rank 51] | ERROR: Child process failed during CLASS computation
Model: {'lensing': 'yes', 'output': 'tCl,lCl,pCl,mPk', 'l_max_scalars': 2508, 'k_pivot': 0.05, 'N_ur': 2.0328, 'N_ncdm': 1, 'm_ncdm': 0.06, 'T_ncdm': 0.71611, 'N_ncdm_decay_dr': 1, 'quadrature_strategy_ncdm_decay_dr': 3, 'ncdm_fluid_approximation': 3, 'maximum_q_ncdm_decay_dr': 15.0, 'background_method': 0, 'evolver': 1, 'N_momentum_bins_ncdm_decay_dr': 7, 'l_max_ncdm': 13, 'l_max_dr': 13, 'l_max_dr_col': 13, 'omega_b': 0.023187948, 'omega_cdm': 0.1153233, 'Neff_ini_dncdm': 0.2460938, 'log10lifetime_ncdm_decay_dr': 3.86758, 'm_ncdm_decay_dr': 0.06007395, 'H0': 72.83479, 'ln10^{10}A_s': 3.028644, 'n_s': 0.989628, 'tau_reio': 0.04932693, 'P_k_max_1/Mpc': 1.0}
skipping to the next model...
[CHILD][Parent Rank 211] | The following model took too long to complete: 
params: {'lensing': 'yes', 'output': 'tCl,lCl,pCl,mPk', 'l_max_scalars': 2508, 'k_pivot': 0.05, 'N_ur': 2.0328, 'N_ncdm': 1, 'm_ncdm': 0.06, 'T_ncdm': 0.71611, 'N_ncdm_decay_dr': 1, 'quadrature_strategy_ncdm_decay_dr': 3, 'ncdm_fluid_approximation': 3, 'maximum_q_ncdm_decay_dr': 15.0, 'background_method': 0, 'evolver': 1, 'N_momentum_bins_ncdm_decay_dr': 7, 'l_max_ncdm': 13, 'l_max_dr': 13, 'l_max_dr_col': 13, 'omega_b': 0.023187948, 'omega_cdm': 0.1153233, 'Neff_ini_dncdm': 0.2460938, 'log10lifetime_ncdm_decay_dr': 3.86758, 'm_ncdm_decay_dr': 0.06007395, 'H0': 72.83479, 'ln10^{10}A_s': 3.028644, 'n_s': 0.989628, 'tau_reio': 0.04932693, 'P_k_max_1/Mpc': 1.0}

[PARENT][Rank 211] | ERROR: Child process failed during CLASS computation
Model: {'lensing': 'yes', 'output': 'tCl,lCl,pCl,mPk', 'l_max_scalars': 2508, 'k_pivot': 0.05, 'N_ur': 2.0328, 'N_ncdm': 1, 'm_ncdm': 0.06, 'T_ncdm': 0.71611, 'N_ncdm_decay_dr': 1, 'quadrature_strategy_ncdm_decay_dr': 3, 'ncdm_fluid_approximation': 3, 'maximum_q_ncdm_decay_dr': 15.0, 'background_method': 0, 'evolver': 1, 'N_momentum_bins_ncdm_decay_dr': 7, 'l_max_ncdm': 13, 'l_max_dr': 13, 'l_max_dr_col': 13, 'omega_b': 0.023187948, 'omega_cdm': 0.1153233, 'Neff_ini_dncdm': 0.2460938, 'log10lifetime_ncdm_decay_dr': 3.86758, 'm_ncdm_decay_dr': 0.06007395, 'H0': 72.83479, 'ln10^{10}A_s': 3.028644, 'n_s': 0.989628, 'tau_reio': 0.04932693, 'P_k_max_1/Mpc': 1.0}
skipping to the next model...
[CHILD][Parent Rank 228] | The following model took too long to complete: 
params: {'lensing': 'yes', 'output': 'tCl,lCl,pCl,mPk', 'l_max_scalars': 2508, 'k_pivot': 0.05, 'N_ur': 2.0328, 'N_ncdm': 1, 'm_ncdm': 0.06, 'T_ncdm': 0.71611, 'N_ncdm_decay_dr': 1, 'quadrature_strategy_ncdm_decay_dr': 3, 'ncdm_fluid_approximation': 3, 'maximum_q_ncdm_decay_dr': 15.0, 'background_method': 0, 'evolver': 1, 'N_momentum_bins_ncdm_decay_dr': 7, 'l_max_ncdm': 13, 'l_max_dr': 13, 'l_max_dr_col': 13, 'omega_b': 0.023187948, 'omega_cdm': 0.1153233, 'Neff_ini_dncdm': 0.2460938, 'log10lifetime_ncdm_decay_dr': 3.86758, 'm_ncdm_decay_dr': 0.06007395, 'H0': 72.83479, 'ln10^{10}A_s': 3.028644, 'n_s': 0.989628, 'tau_reio': 0.04932693, 'P_k_max_1/Mpc': 1.0}

[PARENT][Rank 228] | ERROR: Child process failed during CLASS computation
Model: {'lensing': 'yes', 'output': 'tCl,lCl,pCl,mPk', 'l_max_scalars': 2508, 'k_pivot': 0.05, 'N_ur': 2.0328, 'N_ncdm': 1, 'm_ncdm': 0.06, 'T_ncdm': 0.71611, 'N_ncdm_decay_dr': 1, 'quadrature_strategy_ncdm_decay_dr': 3, 'ncdm_fluid_approximation': 3, 'maximum_q_ncdm_decay_dr': 15.0, 'background_method': 0, 'evolver': 1, 'N_momentum_bins_ncdm_decay_dr': 7, 'l_max_ncdm': 13, 'l_max_dr': 13, 'l_max_dr_col': 13, 'omega_b': 0.023187948, 'omega_cdm': 0.1153233, 'Neff_ini_dncdm': 0.2460938, 'log10lifetime_ncdm_decay_dr': 3.86758, 'm_ncdm_decay_dr': 0.06007395, 'H0': 72.83479, 'ln10^{10}A_s': 3.028644, 'n_s': 0.989628, 'tau_reio': 0.04932693, 'P_k_max_1/Mpc': 1.0}
skipping to the next model...
[CHILD][Parent Rank 7] | The following model took too long to complete: 
params: {'lensing': 'yes', 'output': 'tCl,lCl,pCl,mPk', 'l_max_scalars': 2508, 'k_pivot': 0.05, 'N_ur': 2.0328, 'N_ncdm': 1, 'm_ncdm': 0.06, 'T_ncdm': 0.71611, 'N_ncdm_decay_dr': 1, 'quadrature_strategy_ncdm_decay_dr': 3, 'ncdm_fluid_approximation': 3, 'maximum_q_ncdm_decay_dr': 15.0, 'background_method': 0, 'evolver': 1, 'N_momentum_bins_ncdm_decay_dr': 7, 'l_max_ncdm': 13, 'l_max_dr': 13, 'l_max_dr_col': 13, 'omega_b': 0.023187948, 'omega_cdm': 0.1153233, 'Neff_ini_dncdm': 0.2460938, 'log10lifetime_ncdm_decay_dr': 3.86758, 'm_ncdm_decay_dr': 0.06007395, 'H0': 72.83479, 'ln10^{10}A_s': 3.028644, 'n_s': 0.989628, 'tau_reio': 0.04932693, 'P_k_max_1/Mpc': 1.0}

[PARENT][Rank 7] | ERROR: Child process failed during CLASS computation
Model: {'lensing': 'yes', 'output': 'tCl,lCl,pCl,mPk', 'l_max_scalars': 2508, 'k_pivot': 0.05, 'N_ur': 2.0328, 'N_ncdm': 1, 'm_ncdm': 0.06, 'T_ncdm': 0.71611, 'N_ncdm_decay_dr': 1, 'quadrature_strategy_ncdm_decay_dr': 3, 'ncdm_fluid_approximation': 3, 'maximum_q_ncdm_decay_dr': 15.0, 'background_method': 0, 'evolver': 1, 'N_momentum_bins_ncdm_decay_dr': 7, 'l_max_ncdm': 13, 'l_max_dr': 13, 'l_max_dr_col': 13, 'omega_b': 0.023187948, 'omega_cdm': 0.1153233, 'Neff_ini_dncdm': 0.2460938, 'log10lifetime_ncdm_decay_dr': 3.86758, 'm_ncdm_decay_dr': 0.06007395, 'H0': 72.83479, 'ln10^{10}A_s': 3.028644, 'n_s': 0.989628, 'tau_reio': 0.04932693, 'P_k_max_1/Mpc': 1.0}
skipping to the next model...
[CHILD][Parent Rank 303] | The following model took too long to complete: 
params: {'lensing': 'yes', 'output': 'tCl,lCl,pCl,mPk', 'l_max_scalars': 2508, 'k_pivot': 0.05, 'N_ur': 2.0328, 'N_ncdm': 1, 'm_ncdm': 0.06, 'T_ncdm': 0.71611, 'N_ncdm_decay_dr': 1, 'quadrature_strategy_ncdm_decay_dr': 3, 'ncdm_fluid_approximation': 3, 'maximum_q_ncdm_decay_dr': 15.0, 'background_method': 0, 'evolver': 1, 'N_momentum_bins_ncdm_decay_dr': 7, 'l_max_ncdm': 13, 'l_max_dr': 13, 'l_max_dr_col': 13, 'omega_b': 0.023187948, 'omega_cdm': 0.1153233, 'Neff_ini_dncdm': 0.2460938, 'log10lifetime_ncdm_decay_dr': 3.86758, 'm_ncdm_decay_dr': 0.06007395, 'H0': 72.83479, 'ln10^{10}A_s': 3.028644, 'n_s': 0.989628, 'tau_reio': 0.04932693, 'P_k_max_1/Mpc': 1.0}

[PARENT][Rank 303] | ERROR: Child process failed during CLASS computation
Model: {'lensing': 'yes', 'output': 'tCl,lCl,pCl,mPk', 'l_max_scalars': 2508, 'k_pivot': 0.05, 'N_ur': 2.0328, 'N_ncdm': 1, 'm_ncdm': 0.06, 'T_ncdm': 0.71611, 'N_ncdm_decay_dr': 1, 'quadrature_strategy_ncdm_decay_dr': 3, 'ncdm_fluid_approximation': 3, 'maximum_q_ncdm_decay_dr': 15.0, 'background_method': 0, 'evolver': 1, 'N_momentum_bins_ncdm_decay_dr': 7, 'l_max_ncdm': 13, 'l_max_dr': 13, 'l_max_dr_col': 13, 'omega_b': 0.023187948, 'omega_cdm': 0.1153233, 'Neff_ini_dncdm': 0.2460938, 'log10lifetime_ncdm_decay_dr': 3.86758, 'm_ncdm_decay_dr': 0.06007395, 'H0': 72.83479, 'ln10^{10}A_s': 3.028644, 'n_s': 0.989628, 'tau_reio': 0.04932693, 'P_k_max_1/Mpc': 1.0}
skipping to the next model...
[CHILD][Parent Rank 88] | The following model took too long to complete: 
params: {'lensing': 'yes', 'output': 'tCl,lCl,pCl,mPk', 'l_max_scalars': 2508, 'k_pivot': 0.05, 'N_ur': 2.0328, 'N_ncdm': 1, 'm_ncdm': 0.06, 'T_ncdm': 0.71611, 'N_ncdm_decay_dr': 1, 'quadrature_strategy_ncdm_decay_dr': 3, 'ncdm_fluid_approximation': 3, 'maximum_q_ncdm_decay_dr': 15.0, 'background_method': 0, 'evolver': 1, 'N_momentum_bins_ncdm_decay_dr': 7, 'l_max_ncdm': 13, 'l_max_dr': 13, 'l_max_dr_col': 13, 'omega_b': 0.023187948, 'omega_cdm': 0.1153233, 'Neff_ini_dncdm': 0.2460938, 'log10lifetime_ncdm_decay_dr': 3.86758, 'm_ncdm_decay_dr': 0.06007395, 'H0': 72.83479, 'ln10^{10}A_s': 3.028644, 'n_s': 0.989628, 'tau_reio': 0.04932693, 'P_k_max_1/Mpc': 1.0}

[PARENT][Rank 88] | ERROR: Child process failed during CLASS computation
Model: {'lensing': 'yes', 'output': 'tCl,lCl,pCl,mPk', 'l_max_scalars': 2508, 'k_pivot': 0.05, 'N_ur': 2.0328, 'N_ncdm': 1, 'm_ncdm': 0.06, 'T_ncdm': 0.71611, 'N_ncdm_decay_dr': 1, 'quadrature_strategy_ncdm_decay_dr': 3, 'ncdm_fluid_approximation': 3, 'maximum_q_ncdm_decay_dr': 15.0, 'background_method': 0, 'evolver': 1, 'N_momentum_bins_ncdm_decay_dr': 7, 'l_max_ncdm': 13, 'l_max_dr': 13, 'l_max_dr_col': 13, 'omega_b': 0.023187948, 'omega_cdm': 0.1153233, 'Neff_ini_dncdm': 0.2460938, 'log10lifetime_ncdm_decay_dr': 3.86758, 'm_ncdm_decay_dr': 0.06007395, 'H0': 72.83479, 'ln10^{10}A_s': 3.028644, 'n_s': 0.989628, 'tau_reio': 0.04932693, 'P_k_max_1/Mpc': 1.0}
skipping to the next model...
[CHILD][Parent Rank 155] | The following model took too long to complete: 
params: {'lensing': 'yes', 'output': 'tCl,lCl,pCl,mPk', 'l_max_scalars': 2508, 'k_pivot': 0.05, 'N_ur': 2.0328, 'N_ncdm': 1, 'm_ncdm': 0.06, 'T_ncdm': 0.71611, 'N_ncdm_decay_dr': 1, 'quadrature_strategy_ncdm_decay_dr': 3, 'ncdm_fluid_approximation': 3, 'maximum_q_ncdm_decay_dr': 15.0, 'background_method': 0, 'evolver': 1, 'N_momentum_bins_ncdm_decay_dr': 7, 'l_max_ncdm': 13, 'l_max_dr': 13, 'l_max_dr_col': 13, 'omega_b': 0.023187948, 'omega_cdm': 0.1153233, 'Neff_ini_dncdm': 0.2460938, 'log10lifetime_ncdm_decay_dr': 3.86758, 'm_ncdm_decay_dr': 0.06007395, 'H0': 72.83479, 'ln10^{10}A_s': 3.028644, 'n_s': 0.989628, 'tau_reio': 0.04932693, 'P_k_max_1/Mpc': 1.0}

[PARENT][Rank 155] | ERROR: Child process failed during CLASS computation
Model: {'lensing': 'yes', 'output': 'tCl,lCl,pCl,mPk', 'l_max_scalars': 2508, 'k_pivot': 0.05, 'N_ur': 2.0328, 'N_ncdm': 1, 'm_ncdm': 0.06, 'T_ncdm': 0.71611, 'N_ncdm_decay_dr': 1, 'quadrature_strategy_ncdm_decay_dr': 3, 'ncdm_fluid_approximation': 3, 'maximum_q_ncdm_decay_dr': 15.0, 'background_method': 0, 'evolver': 1, 'N_momentum_bins_ncdm_decay_dr': 7, 'l_max_ncdm': 13, 'l_max_dr': 13, 'l_max_dr_col': 13, 'omega_b': 0.023187948, 'omega_cdm': 0.1153233, 'Neff_ini_dncdm': 0.2460938, 'log10lifetime_ncdm_decay_dr': 3.86758, 'm_ncdm_decay_dr': 0.06007395, 'H0': 72.83479, 'ln10^{10}A_s': 3.028644, 'n_s': 0.989628, 'tau_reio': 0.04932693, 'P_k_max_1/Mpc': 1.0}
skipping to the next model...
[CHILD][Parent Rank 392] | The following model took too long to complete: 
params: {'lensing': 'yes', 'output': 'tCl,lCl,pCl,mPk', 'l_max_scalars': 2508, 'k_pivot': 0.05, 'N_ur': 2.0328, 'N_ncdm': 1, 'm_ncdm': 0.06, 'T_ncdm': 0.71611, 'N_ncdm_decay_dr': 1, 'quadrature_strategy_ncdm_decay_dr': 3, 'ncdm_fluid_approximation': 3, 'maximum_q_ncdm_decay_dr': 15.0, 'background_method': 0, 'evolver': 1, 'N_momentum_bins_ncdm_decay_dr': 7, 'l_max_ncdm': 13, 'l_max_dr': 13, 'l_max_dr_col': 13, 'omega_b': 0.0226952, 'omega_cdm': 0.1162258, 'Neff_ini_dncdm': 0.08725523, 'log10lifetime_ncdm_decay_dr': 5.378688, 'm_ncdm_decay_dr': 0.05640855, 'H0': 70.55418, 'ln10^{10}A_s': 3.194805, 'n_s': 0.980093, 'tau_reio': 0.1289221, 'P_k_max_1/Mpc': 1.0}

[PARENT][Rank 392] | ERROR: Child process failed during CLASS computation
Model: {'lensing': 'yes', 'output': 'tCl,lCl,pCl,mPk', 'l_max_scalars': 2508, 'k_pivot': 0.05, 'N_ur': 2.0328, 'N_ncdm': 1, 'm_ncdm': 0.06, 'T_ncdm': 0.71611, 'N_ncdm_decay_dr': 1, 'quadrature_strategy_ncdm_decay_dr': 3, 'ncdm_fluid_approximation': 3, 'maximum_q_ncdm_decay_dr': 15.0, 'background_method': 0, 'evolver': 1, 'N_momentum_bins_ncdm_decay_dr': 7, 'l_max_ncdm': 13, 'l_max_dr': 13, 'l_max_dr_col': 13, 'omega_b': 0.0226952, 'omega_cdm': 0.1162258, 'Neff_ini_dncdm': 0.08725523, 'log10lifetime_ncdm_decay_dr': 5.378688, 'm_ncdm_decay_dr': 0.05640855, 'H0': 70.55418, 'ln10^{10}A_s': 3.194805, 'n_s': 0.980093, 'tau_reio': 0.1289221, 'P_k_max_1/Mpc': 1.0}
skipping to the next model...
[CHILD][Parent Rank 92] | The following model took too long to complete: 
params: {'lensing': 'yes', 'output': 'tCl,lCl,pCl,mPk', 'l_max_scalars': 2508, 'k_pivot': 0.05, 'N_ur': 2.0328, 'N_ncdm': 1, 'm_ncdm': 0.06, 'T_ncdm': 0.71611, 'N_ncdm_decay_dr': 1, 'quadrature_strategy_ncdm_decay_dr': 3, 'ncdm_fluid_approximation': 3, 'maximum_q_ncdm_decay_dr': 15.0, 'background_method': 0, 'evolver': 1, 'N_momentum_bins_ncdm_decay_dr': 7, 'l_max_ncdm': 13, 'l_max_dr': 13, 'l_max_dr_col': 13, 'omega_b': 0.0226952, 'omega_cdm': 0.1162258, 'Neff_ini_dncdm': 0.08725523, 'log10lifetime_ncdm_decay_dr': 5.378688, 'm_ncdm_decay_dr': 0.05640855, 'H0': 70.55418, 'ln10^{10}A_s': 3.194805, 'n_s': 0.980093, 'tau_reio': 0.1289221, 'P_k_max_1/Mpc': 1.0}

[CHILD][Parent Rank 239] | The following model took too long to complete: 
params: {'lensing': 'yes', 'output': 'tCl,lCl,pCl,mPk', 'l_max_scalars': 2508, 'k_pivot': 0.05, 'N_ur': 2.0328, 'N_ncdm': 1, 'm_ncdm': 0.06, 'T_ncdm': 0.71611, 'N_ncdm_decay_dr': 1, 'quadrature_strategy_ncdm_decay_dr': 3, 'ncdm_fluid_approximation': 3, 'maximum_q_ncdm_decay_dr': 15.0, 'background_method': 0, 'evolver': 1, 'N_momentum_bins_ncdm_decay_dr': 7, 'l_max_ncdm': 13, 'l_max_dr': 13, 'l_max_dr_col': 13, 'omega_b': 0.0226952, 'omega_cdm': 0.1162258, 'Neff_ini_dncdm': 0.08725523, 'log10lifetime_ncdm_decay_dr': 5.378688, 'm_ncdm_decay_dr': 0.05640855, 'H0': 70.55418, 'ln10^{10}A_s': 3.194805, 'n_s': 0.980093, 'tau_reio': 0.1289221, 'P_k_max_1/Mpc': 1.0}

[PARENT][Rank 92] | ERROR: Child process failed during CLASS computation
Model: {'lensing': 'yes', 'output': 'tCl,lCl,pCl,mPk', 'l_max_scalars': 2508, 'k_pivot': 0.05, 'N_ur': 2.0328, 'N_ncdm': 1, 'm_ncdm': 0.06, 'T_ncdm': 0.71611, 'N_ncdm_decay_dr': 1, 'quadrature_strategy_ncdm_decay_dr': 3, 'ncdm_fluid_approximation': 3, 'maximum_q_ncdm_decay_dr': 15.0, 'background_method': 0, 'evolver': 1, 'N_momentum_bins_ncdm_decay_dr': 7, 'l_max_ncdm': 13, 'l_max_dr': 13, 'l_max_dr_col': 13, 'omega_b': 0.0226952, 'omega_cdm': 0.1162258, 'Neff_ini_dncdm': 0.08725523, 'log10lifetime_ncdm_decay_dr': 5.378688, 'm_ncdm_decay_dr': 0.05640855, 'H0': 70.55418, 'ln10^{10}A_s': 3.194805, 'n_s': 0.980093, 'tau_reio': 0.1289221, 'P_k_max_1/Mpc': 1.0}
skipping to the next model...
[PARENT][Rank 239] | ERROR: Child process failed during CLASS computation
Model: {'lensing': 'yes', 'output': 'tCl,lCl,pCl,mPk', 'l_max_scalars': 2508, 'k_pivot': 0.05, 'N_ur': 2.0328, 'N_ncdm': 1, 'm_ncdm': 0.06, 'T_ncdm': 0.71611, 'N_ncdm_decay_dr': 1, 'quadrature_strategy_ncdm_decay_dr': 3, 'ncdm_fluid_approximation': 3, 'maximum_q_ncdm_decay_dr': 15.0, 'background_method': 0, 'evolver': 1, 'N_momentum_bins_ncdm_decay_dr': 7, 'l_max_ncdm': 13, 'l_max_dr': 13, 'l_max_dr_col': 13, 'omega_b': 0.0226952, 'omega_cdm': 0.1162258, 'Neff_ini_dncdm': 0.08725523, 'log10lifetime_ncdm_decay_dr': 5.378688, 'm_ncdm_decay_dr': 0.05640855, 'H0': 70.55418, 'ln10^{10}A_s': 3.194805, 'n_s': 0.980093, 'tau_reio': 0.1289221, 'P_k_max_1/Mpc': 1.0}
skipping to the next model...
[CHILD][Parent Rank 95] | The following model took too long to complete: 
params: {'lensing': 'yes', 'output': 'tCl,lCl,pCl,mPk', 'l_max_scalars': 2508, 'k_pivot': 0.05, 'N_ur': 2.0328, 'N_ncdm': 1, 'm_ncdm': 0.06, 'T_ncdm': 0.71611, 'N_ncdm_decay_dr': 1, 'quadrature_strategy_ncdm_decay_dr': 3, 'ncdm_fluid_approximation': 3, 'maximum_q_ncdm_decay_dr': 15.0, 'background_method': 0, 'evolver': 1, 'N_momentum_bins_ncdm_decay_dr': 7, 'l_max_ncdm': 13, 'l_max_dr': 13, 'l_max_dr_col': 13, 'omega_b': 0.0226952, 'omega_cdm': 0.1162258, 'Neff_ini_dncdm': 0.08725523, 'log10lifetime_ncdm_decay_dr': 5.378688, 'm_ncdm_decay_dr': 0.05640855, 'H0': 70.55418, 'ln10^{10}A_s': 3.194805, 'n_s': 0.980093, 'tau_reio': 0.1289221, 'P_k_max_1/Mpc': 1.0}

[CHILD][Parent Rank 49] | The following model took too long to complete: 
params: {'lensing': 'yes', 'output': 'tCl,lCl,pCl,mPk', 'l_max_scalars': 2508, 'k_pivot': 0.05, 'N_ur': 2.0328, 'N_ncdm': 1, 'm_ncdm': 0.06, 'T_ncdm': 0.71611, 'N_ncdm_decay_dr': 1, 'quadrature_strategy_ncdm_decay_dr': 3, 'ncdm_fluid_approximation': 3, 'maximum_q_ncdm_decay_dr': 15.0, 'background_method': 0, 'evolver': 1, 'N_momentum_bins_ncdm_decay_dr': 7, 'l_max_ncdm': 13, 'l_max_dr': 13, 'l_max_dr_col': 13, 'omega_b': 0.0226952, 'omega_cdm': 0.1162258, 'Neff_ini_dncdm': 0.08725523, 'log10lifetime_ncdm_decay_dr': 5.378688, 'm_ncdm_decay_dr': 0.05640855, 'H0': 70.55418, 'ln10^{10}A_s': 3.194805, 'n_s': 0.980093, 'tau_reio': 0.1289221, 'P_k_max_1/Mpc': 1.0}

[PARENT][Rank 95] | ERROR: Child process failed during CLASS computation
Model: {'lensing': 'yes', 'output': 'tCl,lCl,pCl,mPk', 'l_max_scalars': 2508, 'k_pivot': 0.05, 'N_ur': 2.0328, 'N_ncdm': 1, 'm_ncdm': 0.06, 'T_ncdm': 0.71611, 'N_ncdm_decay_dr': 1, 'quadrature_strategy_ncdm_decay_dr': 3, 'ncdm_fluid_approximation': 3, 'maximum_q_ncdm_decay_dr': 15.0, 'background_method': 0, 'evolver': 1, 'N_momentum_bins_ncdm_decay_dr': 7, 'l_max_ncdm': 13, 'l_max_dr': 13, 'l_max_dr_col': 13, 'omega_b': 0.0226952, 'omega_cdm': 0.1162258, 'Neff_ini_dncdm': 0.08725523, 'log10lifetime_ncdm_decay_dr': 5.378688, 'm_ncdm_decay_dr': 0.05640855, 'H0': 70.55418, 'ln10^{10}A_s': 3.194805, 'n_s': 0.980093, 'tau_reio': 0.1289221, 'P_k_max_1/Mpc': 1.0}
skipping to the next model...
[PARENT][Rank 49] | ERROR: Child process failed during CLASS computation
Model: {'lensing': 'yes', 'output': 'tCl,lCl,pCl,mPk', 'l_max_scalars': 2508, 'k_pivot': 0.05, 'N_ur': 2.0328, 'N_ncdm': 1, 'm_ncdm': 0.06, 'T_ncdm': 0.71611, 'N_ncdm_decay_dr': 1, 'quadrature_strategy_ncdm_decay_dr': 3, 'ncdm_fluid_approximation': 3, 'maximum_q_ncdm_decay_dr': 15.0, 'background_method': 0, 'evolver': 1, 'N_momentum_bins_ncdm_decay_dr': 7, 'l_max_ncdm': 13, 'l_max_dr': 13, 'l_max_dr_col': 13, 'omega_b': 0.0226952, 'omega_cdm': 0.1162258, 'Neff_ini_dncdm': 0.08725523, 'log10lifetime_ncdm_decay_dr': 5.378688, 'm_ncdm_decay_dr': 0.05640855, 'H0': 70.55418, 'ln10^{10}A_s': 3.194805, 'n_s': 0.980093, 'tau_reio': 0.1289221, 'P_k_max_1/Mpc': 1.0}
skipping to the next model...
[CHILD][Parent Rank 333] | The following model took too long to complete: 
params: {'lensing': 'yes', 'output': 'tCl,lCl,pCl,mPk', 'l_max_scalars': 2508, 'k_pivot': 0.05, 'N_ur': 2.0328, 'N_ncdm': 1, 'm_ncdm': 0.06, 'T_ncdm': 0.71611, 'N_ncdm_decay_dr': 1, 'quadrature_strategy_ncdm_decay_dr': 3, 'ncdm_fluid_approximation': 3, 'maximum_q_ncdm_decay_dr': 15.0, 'background_method': 0, 'evolver': 1, 'N_momentum_bins_ncdm_decay_dr': 7, 'l_max_ncdm': 13, 'l_max_dr': 13, 'l_max_dr_col': 13, 'omega_b': 0.0226952, 'omega_cdm': 0.1162258, 'Neff_ini_dncdm': 0.08725523, 'log10lifetime_ncdm_decay_dr': 5.378688, 'm_ncdm_decay_dr': 0.05640855, 'H0': 70.55418, 'ln10^{10}A_s': 3.194805, 'n_s': 0.980093, 'tau_reio': 0.1289221, 'P_k_max_1/Mpc': 1.0}

[PARENT][Rank 333] | ERROR: Child process failed during CLASS computation
Model: {'lensing': 'yes', 'output': 'tCl,lCl,pCl,mPk', 'l_max_scalars': 2508, 'k_pivot': 0.05, 'N_ur': 2.0328, 'N_ncdm': 1, 'm_ncdm': 0.06, 'T_ncdm': 0.71611, 'N_ncdm_decay_dr': 1, 'quadrature_strategy_ncdm_decay_dr': 3, 'ncdm_fluid_approximation': 3, 'maximum_q_ncdm_decay_dr': 15.0, 'background_method': 0, 'evolver': 1, 'N_momentum_bins_ncdm_decay_dr': 7, 'l_max_ncdm': 13, 'l_max_dr': 13, 'l_max_dr_col': 13, 'omega_b': 0.0226952, 'omega_cdm': 0.1162258, 'Neff_ini_dncdm': 0.08725523, 'log10lifetime_ncdm_decay_dr': 5.378688, 'm_ncdm_decay_dr': 0.05640855, 'H0': 70.55418, 'ln10^{10}A_s': 3.194805, 'n_s': 0.980093, 'tau_reio': 0.1289221, 'P_k_max_1/Mpc': 1.0}
skipping to the next model...
[CHILD][Parent Rank 311] | The following model took too long to complete: 
params: {'lensing': 'yes', 'output': 'tCl,lCl,pCl,mPk', 'l_max_scalars': 2508, 'k_pivot': 0.05, 'N_ur': 2.0328, 'N_ncdm': 1, 'm_ncdm': 0.06, 'T_ncdm': 0.71611, 'N_ncdm_decay_dr': 1, 'quadrature_strategy_ncdm_decay_dr': 3, 'ncdm_fluid_approximation': 3, 'maximum_q_ncdm_decay_dr': 15.0, 'background_method': 0, 'evolver': 1, 'N_momentum_bins_ncdm_decay_dr': 7, 'l_max_ncdm': 13, 'l_max_dr': 13, 'l_max_dr_col': 13, 'omega_b': 0.0226952, 'omega_cdm': 0.1162258, 'Neff_ini_dncdm': 0.08725523, 'log10lifetime_ncdm_decay_dr': 5.378688, 'm_ncdm_decay_dr': 0.05640855, 'H0': 70.55418, 'ln10^{10}A_s': 3.194805, 'n_s': 0.980093, 'tau_reio': 0.1289221, 'P_k_max_1/Mpc': 1.0}

[PARENT][Rank 311] | ERROR: Child process failed during CLASS computation
Model: {'lensing': 'yes', 'output': 'tCl,lCl,pCl,mPk', 'l_max_scalars': 2508, 'k_pivot': 0.05, 'N_ur': 2.0328, 'N_ncdm': 1, 'm_ncdm': 0.06, 'T_ncdm': 0.71611, 'N_ncdm_decay_dr': 1, 'quadrature_strategy_ncdm_decay_dr': 3, 'ncdm_fluid_approximation': 3, 'maximum_q_ncdm_decay_dr': 15.0, 'background_method': 0, 'evolver': 1, 'N_momentum_bins_ncdm_decay_dr': 7, 'l_max_ncdm': 13, 'l_max_dr': 13, 'l_max_dr_col': 13, 'omega_b': 0.0226952, 'omega_cdm': 0.1162258, 'Neff_ini_dncdm': 0.08725523, 'log10lifetime_ncdm_decay_dr': 5.378688, 'm_ncdm_decay_dr': 0.05640855, 'H0': 70.55418, 'ln10^{10}A_s': 3.194805, 'n_s': 0.980093, 'tau_reio': 0.1289221, 'P_k_max_1/Mpc': 1.0}
skipping to the next model...
[CHILD][Parent Rank 305] | The following model took too long to complete: 
params: {'lensing': 'yes', 'output': 'tCl,lCl,pCl,mPk', 'l_max_scalars': 2508, 'k_pivot': 0.05, 'N_ur': 2.0328, 'N_ncdm': 1, 'm_ncdm': 0.06, 'T_ncdm': 0.71611, 'N_ncdm_decay_dr': 1, 'quadrature_strategy_ncdm_decay_dr': 3, 'ncdm_fluid_approximation': 3, 'maximum_q_ncdm_decay_dr': 15.0, 'background_method': 0, 'evolver': 1, 'N_momentum_bins_ncdm_decay_dr': 7, 'l_max_ncdm': 13, 'l_max_dr': 13, 'l_max_dr_col': 13, 'omega_b': 0.0226952, 'omega_cdm': 0.1162258, 'Neff_ini_dncdm': 0.08725523, 'log10lifetime_ncdm_decay_dr': 5.378688, 'm_ncdm_decay_dr': 0.05640855, 'H0': 70.55418, 'ln10^{10}A_s': 3.194805, 'n_s': 0.980093, 'tau_reio': 0.1289221, 'P_k_max_1/Mpc': 1.0}

[CHILD][Parent Rank 326] | The following model took too long to complete: 
params: {'lensing': 'yes', 'output': 'tCl,lCl,pCl,mPk', 'l_max_scalars': 2508, 'k_pivot': 0.05, 'N_ur': 2.0328, 'N_ncdm': 1, 'm_ncdm': 0.06, 'T_ncdm': 0.71611, 'N_ncdm_decay_dr': 1, 'quadrature_strategy_ncdm_decay_dr': 3, 'ncdm_fluid_approximation': 3, 'maximum_q_ncdm_decay_dr': 15.0, 'background_method': 0, 'evolver': 1, 'N_momentum_bins_ncdm_decay_dr': 7, 'l_max_ncdm': 13, 'l_max_dr': 13, 'l_max_dr_col': 13, 'omega_b': 0.0226952, 'omega_cdm': 0.1162258, 'Neff_ini_dncdm': 0.08725523, 'log10lifetime_ncdm_decay_dr': 5.378688, 'm_ncdm_decay_dr': 0.05640855, 'H0': 70.55418, 'ln10^{10}A_s': 3.194805, 'n_s': 0.980093, 'tau_reio': 0.1289221, 'P_k_max_1/Mpc': 1.0}

[PARENT][Rank 326] | ERROR: Child process failed during CLASS computation
Model: {'lensing': 'yes', 'output': 'tCl,lCl,pCl,mPk', 'l_max_scalars': 2508, 'k_pivot': 0.05, 'N_ur': 2.0328, 'N_ncdm': 1, 'm_ncdm': 0.06, 'T_ncdm': 0.71611, 'N_ncdm_decay_dr': 1, 'quadrature_strategy_ncdm_decay_dr': 3, 'ncdm_fluid_approximation': 3, 'maximum_q_ncdm_decay_dr': 15.0, 'background_method': 0, 'evolver': 1, 'N_momentum_bins_ncdm_decay_dr': 7, 'l_max_ncdm': 13, 'l_max_dr': 13, 'l_max_dr_col': 13, 'omega_b': 0.0226952, 'omega_cdm': 0.1162258, 'Neff_ini_dncdm': 0.08725523, 'log10lifetime_ncdm_decay_dr': 5.378688, 'm_ncdm_decay_dr': 0.05640855, 'H0': 70.55418, 'ln10^{10}A_s': 3.194805, 'n_s': 0.980093, 'tau_reio': 0.1289221, 'P_k_max_1/Mpc': 1.0}
skipping to the next model...
[PARENT][Rank 305] | ERROR: Child process failed during CLASS computation
Model: {'lensing': 'yes', 'output': 'tCl,lCl,pCl,mPk', 'l_max_scalars': 2508, 'k_pivot': 0.05, 'N_ur': 2.0328, 'N_ncdm': 1, 'm_ncdm': 0.06, 'T_ncdm': 0.71611, 'N_ncdm_decay_dr': 1, 'quadrature_strategy_ncdm_decay_dr': 3, 'ncdm_fluid_approximation': 3, 'maximum_q_ncdm_decay_dr': 15.0, 'background_method': 0, 'evolver': 1, 'N_momentum_bins_ncdm_decay_dr': 7, 'l_max_ncdm': 13, 'l_max_dr': 13, 'l_max_dr_col': 13, 'omega_b': 0.0226952, 'omega_cdm': 0.1162258, 'Neff_ini_dncdm': 0.08725523, 'log10lifetime_ncdm_decay_dr': 5.378688, 'm_ncdm_decay_dr': 0.05640855, 'H0': 70.55418, 'ln10^{10}A_s': 3.194805, 'n_s': 0.980093, 'tau_reio': 0.1289221, 'P_k_max_1/Mpc': 1.0}
skipping to the next model...
[CHILD][Parent Rank 256] | The following model took too long to complete: 
params: {'lensing': 'yes', 'output': 'tCl,lCl,pCl,mPk', 'l_max_scalars': 2508, 'k_pivot': 0.05, 'N_ur': 2.0328, 'N_ncdm': 1, 'm_ncdm': 0.06, 'T_ncdm': 0.71611, 'N_ncdm_decay_dr': 1, 'quadrature_strategy_ncdm_decay_dr': 3, 'ncdm_fluid_approximation': 3, 'maximum_q_ncdm_decay_dr': 15.0, 'background_method': 0, 'evolver': 1, 'N_momentum_bins_ncdm_decay_dr': 7, 'l_max_ncdm': 13, 'l_max_dr': 13, 'l_max_dr_col': 13, 'omega_b': 0.0226952, 'omega_cdm': 0.1162258, 'Neff_ini_dncdm': 0.08725523, 'log10lifetime_ncdm_decay_dr': 5.378688, 'm_ncdm_decay_dr': 0.05640855, 'H0': 70.55418, 'ln10^{10}A_s': 3.194805, 'n_s': 0.980093, 'tau_reio': 0.1289221, 'P_k_max_1/Mpc': 1.0}

[PARENT][Rank 256] | ERROR: Child process failed during CLASS computation
Model: {'lensing': 'yes', 'output': 'tCl,lCl,pCl,mPk', 'l_max_scalars': 2508, 'k_pivot': 0.05, 'N_ur': 2.0328, 'N_ncdm': 1, 'm_ncdm': 0.06, 'T_ncdm': 0.71611, 'N_ncdm_decay_dr': 1, 'quadrature_strategy_ncdm_decay_dr': 3, 'ncdm_fluid_approximation': 3, 'maximum_q_ncdm_decay_dr': 15.0, 'background_method': 0, 'evolver': 1, 'N_momentum_bins_ncdm_decay_dr': 7, 'l_max_ncdm': 13, 'l_max_dr': 13, 'l_max_dr_col': 13, 'omega_b': 0.0226952, 'omega_cdm': 0.1162258, 'Neff_ini_dncdm': 0.08725523, 'log10lifetime_ncdm_decay_dr': 5.378688, 'm_ncdm_decay_dr': 0.05640855, 'H0': 70.55418, 'ln10^{10}A_s': 3.194805, 'n_s': 0.980093, 'tau_reio': 0.1289221, 'P_k_max_1/Mpc': 1.0}
skipping to the next model...
[CHILD][Parent Rank 356] | The following model took too long to complete: 
params: {'lensing': 'yes', 'output': 'tCl,lCl,pCl,mPk', 'l_max_scalars': 2508, 'k_pivot': 0.05, 'N_ur': 2.0328, 'N_ncdm': 1, 'm_ncdm': 0.06, 'T_ncdm': 0.71611, 'N_ncdm_decay_dr': 1, 'quadrature_strategy_ncdm_decay_dr': 3, 'ncdm_fluid_approximation': 3, 'maximum_q_ncdm_decay_dr': 15.0, 'background_method': 0, 'evolver': 1, 'N_momentum_bins_ncdm_decay_dr': 7, 'l_max_ncdm': 13, 'l_max_dr': 13, 'l_max_dr_col': 13, 'omega_b': 0.0226952, 'omega_cdm': 0.1162258, 'Neff_ini_dncdm': 0.08725523, 'log10lifetime_ncdm_decay_dr': 5.378688, 'm_ncdm_decay_dr': 0.05640855, 'H0': 70.55418, 'ln10^{10}A_s': 3.194805, 'n_s': 0.980093, 'tau_reio': 0.1289221, 'P_k_max_1/Mpc': 1.0}

[PARENT][Rank 356] | ERROR: Child process failed during CLASS computation
Model: {'lensing': 'yes', 'output': 'tCl,lCl,pCl,mPk', 'l_max_scalars': 2508, 'k_pivot': 0.05, 'N_ur': 2.0328, 'N_ncdm': 1, 'm_ncdm': 0.06, 'T_ncdm': 0.71611, 'N_ncdm_decay_dr': 1, 'quadrature_strategy_ncdm_decay_dr': 3, 'ncdm_fluid_approximation': 3, 'maximum_q_ncdm_decay_dr': 15.0, 'background_method': 0, 'evolver': 1, 'N_momentum_bins_ncdm_decay_dr': 7, 'l_max_ncdm': 13, 'l_max_dr': 13, 'l_max_dr_col': 13, 'omega_b': 0.0226952, 'omega_cdm': 0.1162258, 'Neff_ini_dncdm': 0.08725523, 'log10lifetime_ncdm_decay_dr': 5.378688, 'm_ncdm_decay_dr': 0.05640855, 'H0': 70.55418, 'ln10^{10}A_s': 3.194805, 'n_s': 0.980093, 'tau_reio': 0.1289221, 'P_k_max_1/Mpc': 1.0}
skipping to the next model...
[CHILD][Parent Rank 287] | The following model took too long to complete: 
params: {'lensing': 'yes', 'output': 'tCl,lCl,pCl,mPk', 'l_max_scalars': 2508, 'k_pivot': 0.05, 'N_ur': 2.0328, 'N_ncdm': 1, 'm_ncdm': 0.06, 'T_ncdm': 0.71611, 'N_ncdm_decay_dr': 1, 'quadrature_strategy_ncdm_decay_dr': 3, 'ncdm_fluid_approximation': 3, 'maximum_q_ncdm_decay_dr': 15.0, 'background_method': 0, 'evolver': 1, 'N_momentum_bins_ncdm_decay_dr': 7, 'l_max_ncdm': 13, 'l_max_dr': 13, 'l_max_dr_col': 13, 'omega_b': 0.0226952, 'omega_cdm': 0.1162258, 'Neff_ini_dncdm': 0.08725523, 'log10lifetime_ncdm_decay_dr': 5.378688, 'm_ncdm_decay_dr': 0.05640855, 'H0': 70.55418, 'ln10^{10}A_s': 3.194805, 'n_s': 0.980093, 'tau_reio': 0.1289221, 'P_k_max_1/Mpc': 1.0}

[CHILD][Parent Rank 4] | The following model took too long to complete: 
params: {'lensing': 'yes', 'output': 'tCl,lCl,pCl,mPk', 'l_max_scalars': 2508, 'k_pivot': 0.05, 'N_ur': 2.0328, 'N_ncdm': 1, 'm_ncdm': 0.06, 'T_ncdm': 0.71611, 'N_ncdm_decay_dr': 1, 'quadrature_strategy_ncdm_decay_dr': 3, 'ncdm_fluid_approximation': 3, 'maximum_q_ncdm_decay_dr': 15.0, 'background_method': 0, 'evolver': 1, 'N_momentum_bins_ncdm_decay_dr': 7, 'l_max_ncdm': 13, 'l_max_dr': 13, 'l_max_dr_col': 13, 'omega_b': 0.0226952, 'omega_cdm': 0.1162258, 'Neff_ini_dncdm': 0.08725523, 'log10lifetime_ncdm_decay_dr': 5.378688, 'm_ncdm_decay_dr': 0.05640855, 'H0': 70.55418, 'ln10^{10}A_s': 3.194805, 'n_s': 0.980093, 'tau_reio': 0.1289221, 'P_k_max_1/Mpc': 1.0}

[PARENT][Rank 287] | ERROR: Child process failed during CLASS computation
Model: {'lensing': 'yes', 'output': 'tCl,lCl,pCl,mPk', 'l_max_scalars': 2508, 'k_pivot': 0.05, 'N_ur': 2.0328, 'N_ncdm': 1, 'm_ncdm': 0.06, 'T_ncdm': 0.71611, 'N_ncdm_decay_dr': 1, 'quadrature_strategy_ncdm_decay_dr': 3, 'ncdm_fluid_approximation': 3, 'maximum_q_ncdm_decay_dr': 15.0, 'background_method': 0, 'evolver': 1, 'N_momentum_bins_ncdm_decay_dr': 7, 'l_max_ncdm': 13, 'l_max_dr': 13, 'l_max_dr_col': 13, 'omega_b': 0.0226952, 'omega_cdm': 0.1162258, 'Neff_ini_dncdm': 0.08725523, 'log10lifetime_ncdm_decay_dr': 5.378688, 'm_ncdm_decay_dr': 0.05640855, 'H0': 70.55418, 'ln10^{10}A_s': 3.194805, 'n_s': 0.980093, 'tau_reio': 0.1289221, 'P_k_max_1/Mpc': 1.0}
skipping to the next model...
[PARENT][Rank 4] | ERROR: Child process failed during CLASS computation
Model: {'lensing': 'yes', 'output': 'tCl,lCl,pCl,mPk', 'l_max_scalars': 2508, 'k_pivot': 0.05, 'N_ur': 2.0328, 'N_ncdm': 1, 'm_ncdm': 0.06, 'T_ncdm': 0.71611, 'N_ncdm_decay_dr': 1, 'quadrature_strategy_ncdm_decay_dr': 3, 'ncdm_fluid_approximation': 3, 'maximum_q_ncdm_decay_dr': 15.0, 'background_method': 0, 'evolver': 1, 'N_momentum_bins_ncdm_decay_dr': 7, 'l_max_ncdm': 13, 'l_max_dr': 13, 'l_max_dr_col': 13, 'omega_b': 0.0226952, 'omega_cdm': 0.1162258, 'Neff_ini_dncdm': 0.08725523, 'log10lifetime_ncdm_decay_dr': 5.378688, 'm_ncdm_decay_dr': 0.05640855, 'H0': 70.55418, 'ln10^{10}A_s': 3.194805, 'n_s': 0.980093, 'tau_reio': 0.1289221, 'P_k_max_1/Mpc': 1.0}
skipping to the next model...
[CHILD][Parent Rank 86] | The following model took too long to complete: 
params: {'lensing': 'yes', 'output': 'tCl,lCl,pCl,mPk', 'l_max_scalars': 2508, 'k_pivot': 0.05, 'N_ur': 2.0328, 'N_ncdm': 1, 'm_ncdm': 0.06, 'T_ncdm': 0.71611, 'N_ncdm_decay_dr': 1, 'quadrature_strategy_ncdm_decay_dr': 3, 'ncdm_fluid_approximation': 3, 'maximum_q_ncdm_decay_dr': 15.0, 'background_method': 0, 'evolver': 1, 'N_momentum_bins_ncdm_decay_dr': 7, 'l_max_ncdm': 13, 'l_max_dr': 13, 'l_max_dr_col': 13, 'omega_b': 0.0226952, 'omega_cdm': 0.1162258, 'Neff_ini_dncdm': 0.08725523, 'log10lifetime_ncdm_decay_dr': 5.378688, 'm_ncdm_decay_dr': 0.05640855, 'H0': 70.55418, 'ln10^{10}A_s': 3.194805, 'n_s': 0.980093, 'tau_reio': 0.1289221, 'P_k_max_1/Mpc': 1.0}

[PARENT][Rank 86] | ERROR: Child process failed during CLASS computation
Model: {'lensing': 'yes', 'output': 'tCl,lCl,pCl,mPk', 'l_max_scalars': 2508, 'k_pivot': 0.05, 'N_ur': 2.0328, 'N_ncdm': 1, 'm_ncdm': 0.06, 'T_ncdm': 0.71611, 'N_ncdm_decay_dr': 1, 'quadrature_strategy_ncdm_decay_dr': 3, 'ncdm_fluid_approximation': 3, 'maximum_q_ncdm_decay_dr': 15.0, 'background_method': 0, 'evolver': 1, 'N_momentum_bins_ncdm_decay_dr': 7, 'l_max_ncdm': 13, 'l_max_dr': 13, 'l_max_dr_col': 13, 'omega_b': 0.0226952, 'omega_cdm': 0.1162258, 'Neff_ini_dncdm': 0.08725523, 'log10lifetime_ncdm_decay_dr': 5.378688, 'm_ncdm_decay_dr': 0.05640855, 'H0': 70.55418, 'ln10^{10}A_s': 3.194805, 'n_s': 0.980093, 'tau_reio': 0.1289221, 'P_k_max_1/Mpc': 1.0}
skipping to the next model...
[CHILD][Parent Rank 180] | The following model took too long to complete: 
params: {'lensing': 'yes', 'output': 'tCl,lCl,pCl,mPk', 'l_max_scalars': 2508, 'k_pivot': 0.05, 'N_ur': 2.0328, 'N_ncdm': 1, 'm_ncdm': 0.06, 'T_ncdm': 0.71611, 'N_ncdm_decay_dr': 1, 'quadrature_strategy_ncdm_decay_dr': 3, 'ncdm_fluid_approximation': 3, 'maximum_q_ncdm_decay_dr': 15.0, 'background_method': 0, 'evolver': 1, 'N_momentum_bins_ncdm_decay_dr': 7, 'l_max_ncdm': 13, 'l_max_dr': 13, 'l_max_dr_col': 13, 'omega_b': 0.0226952, 'omega_cdm': 0.1162258, 'Neff_ini_dncdm': 0.08725523, 'log10lifetime_ncdm_decay_dr': 5.378688, 'm_ncdm_decay_dr': 0.05640855, 'H0': 70.55418, 'ln10^{10}A_s': 3.194805, 'n_s': 0.980093, 'tau_reio': 0.1289221, 'P_k_max_1/Mpc': 1.0}

[PARENT][Rank 180] | ERROR: Child process failed during CLASS computation
Model: {'lensing': 'yes', 'output': 'tCl,lCl,pCl,mPk', 'l_max_scalars': 2508, 'k_pivot': 0.05, 'N_ur': 2.0328, 'N_ncdm': 1, 'm_ncdm': 0.06, 'T_ncdm': 0.71611, 'N_ncdm_decay_dr': 1, 'quadrature_strategy_ncdm_decay_dr': 3, 'ncdm_fluid_approximation': 3, 'maximum_q_ncdm_decay_dr': 15.0, 'background_method': 0, 'evolver': 1, 'N_momentum_bins_ncdm_decay_dr': 7, 'l_max_ncdm': 13, 'l_max_dr': 13, 'l_max_dr_col': 13, 'omega_b': 0.0226952, 'omega_cdm': 0.1162258, 'Neff_ini_dncdm': 0.08725523, 'log10lifetime_ncdm_decay_dr': 5.378688, 'm_ncdm_decay_dr': 0.05640855, 'H0': 70.55418, 'ln10^{10}A_s': 3.194805, 'n_s': 0.980093, 'tau_reio': 0.1289221, 'P_k_max_1/Mpc': 1.0}
skipping to the next model...
[CHILD][Parent Rank 296] | The following model took too long to complete: 
params: {'lensing': 'yes', 'output': 'tCl,lCl,pCl,mPk', 'l_max_scalars': 2508, 'k_pivot': 0.05, 'N_ur': 2.0328, 'N_ncdm': 1, 'm_ncdm': 0.06, 'T_ncdm': 0.71611, 'N_ncdm_decay_dr': 1, 'quadrature_strategy_ncdm_decay_dr': 3, 'ncdm_fluid_approximation': 3, 'maximum_q_ncdm_decay_dr': 15.0, 'background_method': 0, 'evolver': 1, 'N_momentum_bins_ncdm_decay_dr': 7, 'l_max_ncdm': 13, 'l_max_dr': 13, 'l_max_dr_col': 13, 'omega_b': 0.0226952, 'omega_cdm': 0.1162258, 'Neff_ini_dncdm': 0.08725523, 'log10lifetime_ncdm_decay_dr': 5.378688, 'm_ncdm_decay_dr': 0.05640855, 'H0': 70.55418, 'ln10^{10}A_s': 3.194805, 'n_s': 0.980093, 'tau_reio': 0.1289221, 'P_k_max_1/Mpc': 1.0}

[PARENT][Rank 296] | ERROR: Child process failed during CLASS computation
Model: {'lensing': 'yes', 'output': 'tCl,lCl,pCl,mPk', 'l_max_scalars': 2508, 'k_pivot': 0.05, 'N_ur': 2.0328, 'N_ncdm': 1, 'm_ncdm': 0.06, 'T_ncdm': 0.71611, 'N_ncdm_decay_dr': 1, 'quadrature_strategy_ncdm_decay_dr': 3, 'ncdm_fluid_approximation': 3, 'maximum_q_ncdm_decay_dr': 15.0, 'background_method': 0, 'evolver': 1, 'N_momentum_bins_ncdm_decay_dr': 7, 'l_max_ncdm': 13, 'l_max_dr': 13, 'l_max_dr_col': 13, 'omega_b': 0.0226952, 'omega_cdm': 0.1162258, 'Neff_ini_dncdm': 0.08725523, 'log10lifetime_ncdm_decay_dr': 5.378688, 'm_ncdm_decay_dr': 0.05640855, 'H0': 70.55418, 'ln10^{10}A_s': 3.194805, 'n_s': 0.980093, 'tau_reio': 0.1289221, 'P_k_max_1/Mpc': 1.0}
skipping to the next model...
[CHILD][Parent Rank 248] | The following model took too long to complete: 
params: {'lensing': 'yes', 'output': 'tCl,lCl,pCl,mPk', 'l_max_scalars': 2508, 'k_pivot': 0.05, 'N_ur': 2.0328, 'N_ncdm': 1, 'm_ncdm': 0.06, 'T_ncdm': 0.71611, 'N_ncdm_decay_dr': 1, 'quadrature_strategy_ncdm_decay_dr': 3, 'ncdm_fluid_approximation': 3, 'maximum_q_ncdm_decay_dr': 15.0, 'background_method': 0, 'evolver': 1, 'N_momentum_bins_ncdm_decay_dr': 7, 'l_max_ncdm': 13, 'l_max_dr': 13, 'l_max_dr_col': 13, 'omega_b': 0.02289242, 'omega_cdm': 0.1283326, 'Neff_ini_dncdm': 0.7920901, 'log10lifetime_ncdm_decay_dr': 4.990695, 'm_ncdm_decay_dr': 0.2118596, 'H0': 72.81552, 'ln10^{10}A_s': 3.080739, 'n_s': 0.9906584, 'tau_reio': 0.05933486, 'P_k_max_1/Mpc': 1.0}

[PARENT][Rank 248] | ERROR: Child process failed during CLASS computation
Model: {'lensing': 'yes', 'output': 'tCl,lCl,pCl,mPk', 'l_max_scalars': 2508, 'k_pivot': 0.05, 'N_ur': 2.0328, 'N_ncdm': 1, 'm_ncdm': 0.06, 'T_ncdm': 0.71611, 'N_ncdm_decay_dr': 1, 'quadrature_strategy_ncdm_decay_dr': 3, 'ncdm_fluid_approximation': 3, 'maximum_q_ncdm_decay_dr': 15.0, 'background_method': 0, 'evolver': 1, 'N_momentum_bins_ncdm_decay_dr': 7, 'l_max_ncdm': 13, 'l_max_dr': 13, 'l_max_dr_col': 13, 'omega_b': 0.02289242, 'omega_cdm': 0.1283326, 'Neff_ini_dncdm': 0.7920901, 'log10lifetime_ncdm_decay_dr': 4.990695, 'm_ncdm_decay_dr': 0.2118596, 'H0': 72.81552, 'ln10^{10}A_s': 3.080739, 'n_s': 0.9906584, 'tau_reio': 0.05933486, 'P_k_max_1/Mpc': 1.0}
skipping to the next model...
[CHILD][Parent Rank 267] | The following model took too long to complete: 
params: {'lensing': 'yes', 'output': 'tCl,lCl,pCl,mPk', 'l_max_scalars': 2508, 'k_pivot': 0.05, 'N_ur': 2.0328, 'N_ncdm': 1, 'm_ncdm': 0.06, 'T_ncdm': 0.71611, 'N_ncdm_decay_dr': 1, 'quadrature_strategy_ncdm_decay_dr': 3, 'ncdm_fluid_approximation': 3, 'maximum_q_ncdm_decay_dr': 15.0, 'background_method': 0, 'evolver': 1, 'N_momentum_bins_ncdm_decay_dr': 7, 'l_max_ncdm': 13, 'l_max_dr': 13, 'l_max_dr_col': 13, 'omega_b': 0.02289242, 'omega_cdm': 0.1283326, 'Neff_ini_dncdm': 0.7920901, 'log10lifetime_ncdm_decay_dr': 4.990695, 'm_ncdm_decay_dr': 0.2118596, 'H0': 72.81552, 'ln10^{10}A_s': 3.080739, 'n_s': 0.9906584, 'tau_reio': 0.05933486, 'P_k_max_1/Mpc': 1.0}

[CHILD][Parent Rank 298] | The following model took too long to complete: 
params: {'lensing': 'yes', 'output': 'tCl,lCl,pCl,mPk', 'l_max_scalars': 2508, 'k_pivot': 0.05, 'N_ur': 2.0328, 'N_ncdm': 1, 'm_ncdm': 0.06, 'T_ncdm': 0.71611, 'N_ncdm_decay_dr': 1, 'quadrature_strategy_ncdm_decay_dr': 3, 'ncdm_fluid_approximation': 3, 'maximum_q_ncdm_decay_dr': 15.0, 'background_method': 0, 'evolver': 1, 'N_momentum_bins_ncdm_decay_dr': 7, 'l_max_ncdm': 13, 'l_max_dr': 13, 'l_max_dr_col': 13, 'omega_b': 0.02289242, 'omega_cdm': 0.1283326, 'Neff_ini_dncdm': 0.7920901, 'log10lifetime_ncdm_decay_dr': 4.990695, 'm_ncdm_decay_dr': 0.2118596, 'H0': 72.81552, 'ln10^{10}A_s': 3.080739, 'n_s': 0.9906584, 'tau_reio': 0.05933486, 'P_k_max_1/Mpc': 1.0}

[PARENT][Rank 298] | ERROR: Child process failed during CLASS computation
Model: {'lensing': 'yes', 'output': 'tCl,lCl,pCl,mPk', 'l_max_scalars': 2508, 'k_pivot': 0.05, 'N_ur': 2.0328, 'N_ncdm': 1, 'm_ncdm': 0.06, 'T_ncdm': 0.71611, 'N_ncdm_decay_dr': 1, 'quadrature_strategy_ncdm_decay_dr': 3, 'ncdm_fluid_approximation': 3, 'maximum_q_ncdm_decay_dr': 15.0, 'background_method': 0, 'evolver': 1, 'N_momentum_bins_ncdm_decay_dr': 7, 'l_max_ncdm': 13, 'l_max_dr': 13, 'l_max_dr_col': 13, 'omega_b': 0.02289242, 'omega_cdm': 0.1283326, 'Neff_ini_dncdm': 0.7920901, 'log10lifetime_ncdm_decay_dr': 4.990695, 'm_ncdm_decay_dr': 0.2118596, 'H0': 72.81552, 'ln10^{10}A_s': 3.080739, 'n_s': 0.9906584, 'tau_reio': 0.05933486, 'P_k_max_1/Mpc': 1.0}
skipping to the next model...
[PARENT][Rank 267] | ERROR: Child process failed during CLASS computation
Model: {'lensing': 'yes', 'output': 'tCl,lCl,pCl,mPk', 'l_max_scalars': 2508, 'k_pivot': 0.05, 'N_ur': 2.0328, 'N_ncdm': 1, 'm_ncdm': 0.06, 'T_ncdm': 0.71611, 'N_ncdm_decay_dr': 1, 'quadrature_strategy_ncdm_decay_dr': 3, 'ncdm_fluid_approximation': 3, 'maximum_q_ncdm_decay_dr': 15.0, 'background_method': 0, 'evolver': 1, 'N_momentum_bins_ncdm_decay_dr': 7, 'l_max_ncdm': 13, 'l_max_dr': 13, 'l_max_dr_col': 13, 'omega_b': 0.02289242, 'omega_cdm': 0.1283326, 'Neff_ini_dncdm': 0.7920901, 'log10lifetime_ncdm_decay_dr': 4.990695, 'm_ncdm_decay_dr': 0.2118596, 'H0': 72.81552, 'ln10^{10}A_s': 3.080739, 'n_s': 0.9906584, 'tau_reio': 0.05933486, 'P_k_max_1/Mpc': 1.0}
skipping to the next model...
[CHILD][Parent Rank 157] | The following model took too long to complete: 
params: {'lensing': 'yes', 'output': 'tCl,lCl,pCl,mPk', 'l_max_scalars': 2508, 'k_pivot': 0.05, 'N_ur': 2.0328, 'N_ncdm': 1, 'm_ncdm': 0.06, 'T_ncdm': 0.71611, 'N_ncdm_decay_dr': 1, 'quadrature_strategy_ncdm_decay_dr': 3, 'ncdm_fluid_approximation': 3, 'maximum_q_ncdm_decay_dr': 15.0, 'background_method': 0, 'evolver': 1, 'N_momentum_bins_ncdm_decay_dr': 7, 'l_max_ncdm': 13, 'l_max_dr': 13, 'l_max_dr_col': 13, 'omega_b': 0.02289242, 'omega_cdm': 0.1283326, 'Neff_ini_dncdm': 0.7920901, 'log10lifetime_ncdm_decay_dr': 4.990695, 'm_ncdm_decay_dr': 0.2118596, 'H0': 72.81552, 'ln10^{10}A_s': 3.080739, 'n_s': 0.9906584, 'tau_reio': 0.05933486, 'P_k_max_1/Mpc': 1.0}

[PARENT][Rank 157] | ERROR: Child process failed during CLASS computation
Model: {'lensing': 'yes', 'output': 'tCl,lCl,pCl,mPk', 'l_max_scalars': 2508, 'k_pivot': 0.05, 'N_ur': 2.0328, 'N_ncdm': 1, 'm_ncdm': 0.06, 'T_ncdm': 0.71611, 'N_ncdm_decay_dr': 1, 'quadrature_strategy_ncdm_decay_dr': 3, 'ncdm_fluid_approximation': 3, 'maximum_q_ncdm_decay_dr': 15.0, 'background_method': 0, 'evolver': 1, 'N_momentum_bins_ncdm_decay_dr': 7, 'l_max_ncdm': 13, 'l_max_dr': 13, 'l_max_dr_col': 13, 'omega_b': 0.02289242, 'omega_cdm': 0.1283326, 'Neff_ini_dncdm': 0.7920901, 'log10lifetime_ncdm_decay_dr': 4.990695, 'm_ncdm_decay_dr': 0.2118596, 'H0': 72.81552, 'ln10^{10}A_s': 3.080739, 'n_s': 0.9906584, 'tau_reio': 0.05933486, 'P_k_max_1/Mpc': 1.0}
skipping to the next model...
[CHILD][Parent Rank 344] | The following model took too long to complete: 
params: {'lensing': 'yes', 'output': 'tCl,lCl,pCl,mPk', 'l_max_scalars': 2508, 'k_pivot': 0.05, 'N_ur': 2.0328, 'N_ncdm': 1, 'm_ncdm': 0.06, 'T_ncdm': 0.71611, 'N_ncdm_decay_dr': 1, 'quadrature_strategy_ncdm_decay_dr': 3, 'ncdm_fluid_approximation': 3, 'maximum_q_ncdm_decay_dr': 15.0, 'background_method': 0, 'evolver': 1, 'N_momentum_bins_ncdm_decay_dr': 7, 'l_max_ncdm': 13, 'l_max_dr': 13, 'l_max_dr_col': 13, 'omega_b': 0.02289242, 'omega_cdm': 0.1283326, 'Neff_ini_dncdm': 0.7920901, 'log10lifetime_ncdm_decay_dr': 4.990695, 'm_ncdm_decay_dr': 0.2118596, 'H0': 72.81552, 'ln10^{10}A_s': 3.080739, 'n_s': 0.9906584, 'tau_reio': 0.05933486, 'P_k_max_1/Mpc': 1.0}

[PARENT][Rank 344] | ERROR: Child process failed during CLASS computation
Model: {'lensing': 'yes', 'output': 'tCl,lCl,pCl,mPk', 'l_max_scalars': 2508, 'k_pivot': 0.05, 'N_ur': 2.0328, 'N_ncdm': 1, 'm_ncdm': 0.06, 'T_ncdm': 0.71611, 'N_ncdm_decay_dr': 1, 'quadrature_strategy_ncdm_decay_dr': 3, 'ncdm_fluid_approximation': 3, 'maximum_q_ncdm_decay_dr': 15.0, 'background_method': 0, 'evolver': 1, 'N_momentum_bins_ncdm_decay_dr': 7, 'l_max_ncdm': 13, 'l_max_dr': 13, 'l_max_dr_col': 13, 'omega_b': 0.02289242, 'omega_cdm': 0.1283326, 'Neff_ini_dncdm': 0.7920901, 'log10lifetime_ncdm_decay_dr': 4.990695, 'm_ncdm_decay_dr': 0.2118596, 'H0': 72.81552, 'ln10^{10}A_s': 3.080739, 'n_s': 0.9906584, 'tau_reio': 0.05933486, 'P_k_max_1/Mpc': 1.0}
skipping to the next model...
[CHILD][Parent Rank 330] | The following model took too long to complete: 
params: {'lensing': 'yes', 'output': 'tCl,lCl,pCl,mPk', 'l_max_scalars': 2508, 'k_pivot': 0.05, 'N_ur': 2.0328, 'N_ncdm': 1, 'm_ncdm': 0.06, 'T_ncdm': 0.71611, 'N_ncdm_decay_dr': 1, 'quadrature_strategy_ncdm_decay_dr': 3, 'ncdm_fluid_approximation': 3, 'maximum_q_ncdm_decay_dr': 15.0, 'background_method': 0, 'evolver': 1, 'N_momentum_bins_ncdm_decay_dr': 7, 'l_max_ncdm': 13, 'l_max_dr': 13, 'l_max_dr_col': 13, 'omega_b': 0.02289242, 'omega_cdm': 0.1283326, 'Neff_ini_dncdm': 0.7920901, 'log10lifetime_ncdm_decay_dr': 4.990695, 'm_ncdm_decay_dr': 0.2118596, 'H0': 72.81552, 'ln10^{10}A_s': 3.080739, 'n_s': 0.9906584, 'tau_reio': 0.05933486, 'P_k_max_1/Mpc': 1.0}

[PARENT][Rank 330] | ERROR: Child process failed during CLASS computation
Model: {'lensing': 'yes', 'output': 'tCl,lCl,pCl,mPk', 'l_max_scalars': 2508, 'k_pivot': 0.05, 'N_ur': 2.0328, 'N_ncdm': 1, 'm_ncdm': 0.06, 'T_ncdm': 0.71611, 'N_ncdm_decay_dr': 1, 'quadrature_strategy_ncdm_decay_dr': 3, 'ncdm_fluid_approximation': 3, 'maximum_q_ncdm_decay_dr': 15.0, 'background_method': 0, 'evolver': 1, 'N_momentum_bins_ncdm_decay_dr': 7, 'l_max_ncdm': 13, 'l_max_dr': 13, 'l_max_dr_col': 13, 'omega_b': 0.02289242, 'omega_cdm': 0.1283326, 'Neff_ini_dncdm': 0.7920901, 'log10lifetime_ncdm_decay_dr': 4.990695, 'm_ncdm_decay_dr': 0.2118596, 'H0': 72.81552, 'ln10^{10}A_s': 3.080739, 'n_s': 0.9906584, 'tau_reio': 0.05933486, 'P_k_max_1/Mpc': 1.0}
skipping to the next model...
[CHILD][Parent Rank 349] | The following model took too long to complete: 
params: {'lensing': 'yes', 'output': 'tCl,lCl,pCl,mPk', 'l_max_scalars': 2508, 'k_pivot': 0.05, 'N_ur': 2.0328, 'N_ncdm': 1, 'm_ncdm': 0.06, 'T_ncdm': 0.71611, 'N_ncdm_decay_dr': 1, 'quadrature_strategy_ncdm_decay_dr': 3, 'ncdm_fluid_approximation': 3, 'maximum_q_ncdm_decay_dr': 15.0, 'background_method': 0, 'evolver': 1, 'N_momentum_bins_ncdm_decay_dr': 7, 'l_max_ncdm': 13, 'l_max_dr': 13, 'l_max_dr_col': 13, 'omega_b': 0.02289242, 'omega_cdm': 0.1283326, 'Neff_ini_dncdm': 0.7920901, 'log10lifetime_ncdm_decay_dr': 4.990695, 'm_ncdm_decay_dr': 0.2118596, 'H0': 72.81552, 'ln10^{10}A_s': 3.080739, 'n_s': 0.9906584, 'tau_reio': 0.05933486, 'P_k_max_1/Mpc': 1.0}

[PARENT][Rank 349] | ERROR: Child process failed during CLASS computation
Model: {'lensing': 'yes', 'output': 'tCl,lCl,pCl,mPk', 'l_max_scalars': 2508, 'k_pivot': 0.05, 'N_ur': 2.0328, 'N_ncdm': 1, 'm_ncdm': 0.06, 'T_ncdm': 0.71611, 'N_ncdm_decay_dr': 1, 'quadrature_strategy_ncdm_decay_dr': 3, 'ncdm_fluid_approximation': 3, 'maximum_q_ncdm_decay_dr': 15.0, 'background_method': 0, 'evolver': 1, 'N_momentum_bins_ncdm_decay_dr': 7, 'l_max_ncdm': 13, 'l_max_dr': 13, 'l_max_dr_col': 13, 'omega_b': 0.02289242, 'omega_cdm': 0.1283326, 'Neff_ini_dncdm': 0.7920901, 'log10lifetime_ncdm_decay_dr': 4.990695, 'm_ncdm_decay_dr': 0.2118596, 'H0': 72.81552, 'ln10^{10}A_s': 3.080739, 'n_s': 0.9906584, 'tau_reio': 0.05933486, 'P_k_max_1/Mpc': 1.0}
skipping to the next model...
[CHILD][Parent Rank 382] | The following model took too long to complete: 
params: {'lensing': 'yes', 'output': 'tCl,lCl,pCl,mPk', 'l_max_scalars': 2508, 'k_pivot': 0.05, 'N_ur': 2.0328, 'N_ncdm': 1, 'm_ncdm': 0.06, 'T_ncdm': 0.71611, 'N_ncdm_decay_dr': 1, 'quadrature_strategy_ncdm_decay_dr': 3, 'ncdm_fluid_approximation': 3, 'maximum_q_ncdm_decay_dr': 15.0, 'background_method': 0, 'evolver': 1, 'N_momentum_bins_ncdm_decay_dr': 7, 'l_max_ncdm': 13, 'l_max_dr': 13, 'l_max_dr_col': 13, 'omega_b': 0.02289242, 'omega_cdm': 0.1283326, 'Neff_ini_dncdm': 0.7920901, 'log10lifetime_ncdm_decay_dr': 4.990695, 'm_ncdm_decay_dr': 0.2118596, 'H0': 72.81552, 'ln10^{10}A_s': 3.080739, 'n_s': 0.9906584, 'tau_reio': 0.05933486, 'P_k_max_1/Mpc': 1.0}

[PARENT][Rank 382] | ERROR: Child process failed during CLASS computation
Model: {'lensing': 'yes', 'output': 'tCl,lCl,pCl,mPk', 'l_max_scalars': 2508, 'k_pivot': 0.05, 'N_ur': 2.0328, 'N_ncdm': 1, 'm_ncdm': 0.06, 'T_ncdm': 0.71611, 'N_ncdm_decay_dr': 1, 'quadrature_strategy_ncdm_decay_dr': 3, 'ncdm_fluid_approximation': 3, 'maximum_q_ncdm_decay_dr': 15.0, 'background_method': 0, 'evolver': 1, 'N_momentum_bins_ncdm_decay_dr': 7, 'l_max_ncdm': 13, 'l_max_dr': 13, 'l_max_dr_col': 13, 'omega_b': 0.02289242, 'omega_cdm': 0.1283326, 'Neff_ini_dncdm': 0.7920901, 'log10lifetime_ncdm_decay_dr': 4.990695, 'm_ncdm_decay_dr': 0.2118596, 'H0': 72.81552, 'ln10^{10}A_s': 3.080739, 'n_s': 0.9906584, 'tau_reio': 0.05933486, 'P_k_max_1/Mpc': 1.0}
skipping to the next model...
[CHILD][Parent Rank 339] | The following model took too long to complete: 
params: {'lensing': 'yes', 'output': 'tCl,lCl,pCl,mPk', 'l_max_scalars': 2508, 'k_pivot': 0.05, 'N_ur': 2.0328, 'N_ncdm': 1, 'm_ncdm': 0.06, 'T_ncdm': 0.71611, 'N_ncdm_decay_dr': 1, 'quadrature_strategy_ncdm_decay_dr': 3, 'ncdm_fluid_approximation': 3, 'maximum_q_ncdm_decay_dr': 15.0, 'background_method': 0, 'evolver': 1, 'N_momentum_bins_ncdm_decay_dr': 7, 'l_max_ncdm': 13, 'l_max_dr': 13, 'l_max_dr_col': 13, 'omega_b': 0.02289242, 'omega_cdm': 0.1283326, 'Neff_ini_dncdm': 0.7920901, 'log10lifetime_ncdm_decay_dr': 4.990695, 'm_ncdm_decay_dr': 0.2118596, 'H0': 72.81552, 'ln10^{10}A_s': 3.080739, 'n_s': 0.9906584, 'tau_reio': 0.05933486, 'P_k_max_1/Mpc': 1.0}

[CHILD][Parent Rank 363] | The following model took too long to complete: 
params: {'lensing': 'yes', 'output': 'tCl,lCl,pCl,mPk', 'l_max_scalars': 2508, 'k_pivot': 0.05, 'N_ur': 2.0328, 'N_ncdm': 1, 'm_ncdm': 0.06, 'T_ncdm': 0.71611, 'N_ncdm_decay_dr': 1, 'quadrature_strategy_ncdm_decay_dr': 3, 'ncdm_fluid_approximation': 3, 'maximum_q_ncdm_decay_dr': 15.0, 'background_method': 0, 'evolver': 1, 'N_momentum_bins_ncdm_decay_dr': 7, 'l_max_ncdm': 13, 'l_max_dr': 13, 'l_max_dr_col': 13, 'omega_b': 0.02289242, 'omega_cdm': 0.1283326, 'Neff_ini_dncdm': 0.7920901, 'log10lifetime_ncdm_decay_dr': 4.990695, 'm_ncdm_decay_dr': 0.2118596, 'H0': 72.81552, 'ln10^{10}A_s': 3.080739, 'n_s': 0.9906584, 'tau_reio': 0.05933486, 'P_k_max_1/Mpc': 1.0}

[CHILD][Parent Rank 377] | The following model took too long to complete: 
params: {'lensing': 'yes', 'output': 'tCl,lCl,pCl,mPk', 'l_max_scalars': 2508, 'k_pivot': 0.05, 'N_ur': 2.0328, 'N_ncdm': 1, 'm_ncdm': 0.06, 'T_ncdm': 0.71611, 'N_ncdm_decay_dr': 1, 'quadrature_strategy_ncdm_decay_dr': 3, 'ncdm_fluid_approximation': 3, 'maximum_q_ncdm_decay_dr': 15.0, 'background_method': 0, 'evolver': 1, 'N_momentum_bins_ncdm_decay_dr': 7, 'l_max_ncdm': 13, 'l_max_dr': 13, 'l_max_dr_col': 13, 'omega_b': 0.02289242, 'omega_cdm': 0.1283326, 'Neff_ini_dncdm': 0.7920901, 'log10lifetime_ncdm_decay_dr': 4.990695, 'm_ncdm_decay_dr': 0.2118596, 'H0': 72.81552, 'ln10^{10}A_s': 3.080739, 'n_s': 0.9906584, 'tau_reio': 0.05933486, 'P_k_max_1/Mpc': 1.0}

[PARENT][Rank 339] | ERROR: Child process failed during CLASS computation
Model: {'lensing': 'yes', 'output': 'tCl,lCl,pCl,mPk', 'l_max_scalars': 2508, 'k_pivot': 0.05, 'N_ur': 2.0328, 'N_ncdm': 1, 'm_ncdm': 0.06, 'T_ncdm': 0.71611, 'N_ncdm_decay_dr': 1, 'quadrature_strategy_ncdm_decay_dr': 3, 'ncdm_fluid_approximation': 3, 'maximum_q_ncdm_decay_dr': 15.0, 'background_method': 0, 'evolver': 1, 'N_momentum_bins_ncdm_decay_dr': 7, 'l_max_ncdm': 13, 'l_max_dr': 13, 'l_max_dr_col': 13, 'omega_b': 0.02289242, 'omega_cdm': 0.1283326, 'Neff_ini_dncdm': 0.7920901, 'log10lifetime_ncdm_decay_dr': 4.990695, 'm_ncdm_decay_dr': 0.2118596, 'H0': 72.81552, 'ln10^{10}A_s': 3.080739, 'n_s': 0.9906584, 'tau_reio': 0.05933486, 'P_k_max_1/Mpc': 1.0}
skipping to the next model...
[PARENT][Rank 363] | ERROR: Child process failed during CLASS computation
Model: {'lensing': 'yes', 'output': 'tCl,lCl,pCl,mPk', 'l_max_scalars': 2508, 'k_pivot': 0.05, 'N_ur': 2.0328, 'N_ncdm': 1, 'm_ncdm': 0.06, 'T_ncdm': 0.71611, 'N_ncdm_decay_dr': 1, 'quadrature_strategy_ncdm_decay_dr': 3, 'ncdm_fluid_approximation': 3, 'maximum_q_ncdm_decay_dr': 15.0, 'background_method': 0, 'evolver': 1, 'N_momentum_bins_ncdm_decay_dr': 7, 'l_max_ncdm': 13, 'l_max_dr': 13, 'l_max_dr_col': 13, 'omega_b': 0.02289242, 'omega_cdm': 0.1283326, 'Neff_ini_dncdm': 0.7920901, 'log10lifetime_ncdm_decay_dr': 4.990695, 'm_ncdm_decay_dr': 0.2118596, 'H0': 72.81552, 'ln10^{10}A_s': 3.080739, 'n_s': 0.9906584, 'tau_reio': 0.05933486, 'P_k_max_1/Mpc': 1.0}
skipping to the next model...
[CHILD][Parent Rank 274] | The following model took too long to complete: 
params: {'lensing': 'yes', 'output': 'tCl,lCl,pCl,mPk', 'l_max_scalars': 2508, 'k_pivot': 0.05, 'N_ur': 2.0328, 'N_ncdm': 1, 'm_ncdm': 0.06, 'T_ncdm': 0.71611, 'N_ncdm_decay_dr': 1, 'quadrature_strategy_ncdm_decay_dr': 3, 'ncdm_fluid_approximation': 3, 'maximum_q_ncdm_decay_dr': 15.0, 'background_method': 0, 'evolver': 1, 'N_momentum_bins_ncdm_decay_dr': 7, 'l_max_ncdm': 13, 'l_max_dr': 13, 'l_max_dr_col': 13, 'omega_b': 0.02289242, 'omega_cdm': 0.1283326, 'Neff_ini_dncdm': 0.7920901, 'log10lifetime_ncdm_decay_dr': 4.990695, 'm_ncdm_decay_dr': 0.2118596, 'H0': 72.81552, 'ln10^{10}A_s': 3.080739, 'n_s': 0.9906584, 'tau_reio': 0.05933486, 'P_k_max_1/Mpc': 1.0}

[PARENT][Rank 377] | ERROR: Child process failed during CLASS computation
Model: {'lensing': 'yes', 'output': 'tCl,lCl,pCl,mPk', 'l_max_scalars': 2508, 'k_pivot': 0.05, 'N_ur': 2.0328, 'N_ncdm': 1, 'm_ncdm': 0.06, 'T_ncdm': 0.71611, 'N_ncdm_decay_dr': 1, 'quadrature_strategy_ncdm_decay_dr': 3, 'ncdm_fluid_approximation': 3, 'maximum_q_ncdm_decay_dr': 15.0, 'background_method': 0, 'evolver': 1, 'N_momentum_bins_ncdm_decay_dr': 7, 'l_max_ncdm': 13, 'l_max_dr': 13, 'l_max_dr_col': 13, 'omega_b': 0.02289242, 'omega_cdm': 0.1283326, 'Neff_ini_dncdm': 0.7920901, 'log10lifetime_ncdm_decay_dr': 4.990695, 'm_ncdm_decay_dr': 0.2118596, 'H0': 72.81552, 'ln10^{10}A_s': 3.080739, 'n_s': 0.9906584, 'tau_reio': 0.05933486, 'P_k_max_1/Mpc': 1.0}
skipping to the next model...
[CHILD][Parent Rank 284] | The following model took too long to complete: 
params: {'lensing': 'yes', 'output': 'tCl,lCl,pCl,mPk', 'l_max_scalars': 2508, 'k_pivot': 0.05, 'N_ur': 2.0328, 'N_ncdm': 1, 'm_ncdm': 0.06, 'T_ncdm': 0.71611, 'N_ncdm_decay_dr': 1, 'quadrature_strategy_ncdm_decay_dr': 3, 'ncdm_fluid_approximation': 3, 'maximum_q_ncdm_decay_dr': 15.0, 'background_method': 0, 'evolver': 1, 'N_momentum_bins_ncdm_decay_dr': 7, 'l_max_ncdm': 13, 'l_max_dr': 13, 'l_max_dr_col': 13, 'omega_b': 0.02289242, 'omega_cdm': 0.1283326, 'Neff_ini_dncdm': 0.7920901, 'log10lifetime_ncdm_decay_dr': 4.990695, 'm_ncdm_decay_dr': 0.2118596, 'H0': 72.81552, 'ln10^{10}A_s': 3.080739, 'n_s': 0.9906584, 'tau_reio': 0.05933486, 'P_k_max_1/Mpc': 1.0}

[PARENT][Rank 274] | ERROR: Child process failed during CLASS computation
Model: {'lensing': 'yes', 'output': 'tCl,lCl,pCl,mPk', 'l_max_scalars': 2508, 'k_pivot': 0.05, 'N_ur': 2.0328, 'N_ncdm': 1, 'm_ncdm': 0.06, 'T_ncdm': 0.71611, 'N_ncdm_decay_dr': 1, 'quadrature_strategy_ncdm_decay_dr': 3, 'ncdm_fluid_approximation': 3, 'maximum_q_ncdm_decay_dr': 15.0, 'background_method': 0, 'evolver': 1, 'N_momentum_bins_ncdm_decay_dr': 7, 'l_max_ncdm': 13, 'l_max_dr': 13, 'l_max_dr_col': 13, 'omega_b': 0.02289242, 'omega_cdm': 0.1283326, 'Neff_ini_dncdm': 0.7920901, 'log10lifetime_ncdm_decay_dr': 4.990695, 'm_ncdm_decay_dr': 0.2118596, 'H0': 72.81552, 'ln10^{10}A_s': 3.080739, 'n_s': 0.9906584, 'tau_reio': 0.05933486, 'P_k_max_1/Mpc': 1.0}
skipping to the next model...
[PARENT][Rank 284] | ERROR: Child process failed during CLASS computation
Model: {'lensing': 'yes', 'output': 'tCl,lCl,pCl,mPk', 'l_max_scalars': 2508, 'k_pivot': 0.05, 'N_ur': 2.0328, 'N_ncdm': 1, 'm_ncdm': 0.06, 'T_ncdm': 0.71611, 'N_ncdm_decay_dr': 1, 'quadrature_strategy_ncdm_decay_dr': 3, 'ncdm_fluid_approximation': 3, 'maximum_q_ncdm_decay_dr': 15.0, 'background_method': 0, 'evolver': 1, 'N_momentum_bins_ncdm_decay_dr': 7, 'l_max_ncdm': 13, 'l_max_dr': 13, 'l_max_dr_col': 13, 'omega_b': 0.02289242, 'omega_cdm': 0.1283326, 'Neff_ini_dncdm': 0.7920901, 'log10lifetime_ncdm_decay_dr': 4.990695, 'm_ncdm_decay_dr': 0.2118596, 'H0': 72.81552, 'ln10^{10}A_s': 3.080739, 'n_s': 0.9906584, 'tau_reio': 0.05933486, 'P_k_max_1/Mpc': 1.0}
skipping to the next model...
[CHILD][Parent Rank 312] | The following model took too long to complete: 
params: {'lensing': 'yes', 'output': 'tCl,lCl,pCl,mPk', 'l_max_scalars': 2508, 'k_pivot': 0.05, 'N_ur': 2.0328, 'N_ncdm': 1, 'm_ncdm': 0.06, 'T_ncdm': 0.71611, 'N_ncdm_decay_dr': 1, 'quadrature_strategy_ncdm_decay_dr': 3, 'ncdm_fluid_approximation': 3, 'maximum_q_ncdm_decay_dr': 15.0, 'background_method': 0, 'evolver': 1, 'N_momentum_bins_ncdm_decay_dr': 7, 'l_max_ncdm': 13, 'l_max_dr': 13, 'l_max_dr_col': 13, 'omega_b': 0.02289242, 'omega_cdm': 0.1283326, 'Neff_ini_dncdm': 0.7920901, 'log10lifetime_ncdm_decay_dr': 4.990695, 'm_ncdm_decay_dr': 0.2118596, 'H0': 72.81552, 'ln10^{10}A_s': 3.080739, 'n_s': 0.9906584, 'tau_reio': 0.05933486, 'P_k_max_1/Mpc': 1.0}

[PARENT][Rank 312] | ERROR: Child process failed during CLASS computation
Model: {'lensing': 'yes', 'output': 'tCl,lCl,pCl,mPk', 'l_max_scalars': 2508, 'k_pivot': 0.05, 'N_ur': 2.0328, 'N_ncdm': 1, 'm_ncdm': 0.06, 'T_ncdm': 0.71611, 'N_ncdm_decay_dr': 1, 'quadrature_strategy_ncdm_decay_dr': 3, 'ncdm_fluid_approximation': 3, 'maximum_q_ncdm_decay_dr': 15.0, 'background_method': 0, 'evolver': 1, 'N_momentum_bins_ncdm_decay_dr': 7, 'l_max_ncdm': 13, 'l_max_dr': 13, 'l_max_dr_col': 13, 'omega_b': 0.02289242, 'omega_cdm': 0.1283326, 'Neff_ini_dncdm': 0.7920901, 'log10lifetime_ncdm_decay_dr': 4.990695, 'm_ncdm_decay_dr': 0.2118596, 'H0': 72.81552, 'ln10^{10}A_s': 3.080739, 'n_s': 0.9906584, 'tau_reio': 0.05933486, 'P_k_max_1/Mpc': 1.0}
skipping to the next model...
[CHILD][Parent Rank 262] | The following model took too long to complete: 
params: {'lensing': 'yes', 'output': 'tCl,lCl,pCl,mPk', 'l_max_scalars': 2508, 'k_pivot': 0.05, 'N_ur': 2.0328, 'N_ncdm': 1, 'm_ncdm': 0.06, 'T_ncdm': 0.71611, 'N_ncdm_decay_dr': 1, 'quadrature_strategy_ncdm_decay_dr': 3, 'ncdm_fluid_approximation': 3, 'maximum_q_ncdm_decay_dr': 15.0, 'background_method': 0, 'evolver': 1, 'N_momentum_bins_ncdm_decay_dr': 7, 'l_max_ncdm': 13, 'l_max_dr': 13, 'l_max_dr_col': 13, 'omega_b': 0.02289242, 'omega_cdm': 0.1283326, 'Neff_ini_dncdm': 0.7920901, 'log10lifetime_ncdm_decay_dr': 4.990695, 'm_ncdm_decay_dr': 0.2118596, 'H0': 72.81552, 'ln10^{10}A_s': 3.080739, 'n_s': 0.9906584, 'tau_reio': 0.05933486, 'P_k_max_1/Mpc': 1.0}

[PARENT][Rank 262] | ERROR: Child process failed during CLASS computation
Model: {'lensing': 'yes', 'output': 'tCl,lCl,pCl,mPk', 'l_max_scalars': 2508, 'k_pivot': 0.05, 'N_ur': 2.0328, 'N_ncdm': 1, 'm_ncdm': 0.06, 'T_ncdm': 0.71611, 'N_ncdm_decay_dr': 1, 'quadrature_strategy_ncdm_decay_dr': 3, 'ncdm_fluid_approximation': 3, 'maximum_q_ncdm_decay_dr': 15.0, 'background_method': 0, 'evolver': 1, 'N_momentum_bins_ncdm_decay_dr': 7, 'l_max_ncdm': 13, 'l_max_dr': 13, 'l_max_dr_col': 13, 'omega_b': 0.02289242, 'omega_cdm': 0.1283326, 'Neff_ini_dncdm': 0.7920901, 'log10lifetime_ncdm_decay_dr': 4.990695, 'm_ncdm_decay_dr': 0.2118596, 'H0': 72.81552, 'ln10^{10}A_s': 3.080739, 'n_s': 0.9906584, 'tau_reio': 0.05933486, 'P_k_max_1/Mpc': 1.0}
skipping to the next model...
[CHILD][Parent Rank 280] | The following model took too long to complete: 
params: {'lensing': 'yes', 'output': 'tCl,lCl,pCl,mPk', 'l_max_scalars': 2508, 'k_pivot': 0.05, 'N_ur': 2.0328, 'N_ncdm': 1, 'm_ncdm': 0.06, 'T_ncdm': 0.71611, 'N_ncdm_decay_dr': 1, 'quadrature_strategy_ncdm_decay_dr': 3, 'ncdm_fluid_approximation': 3, 'maximum_q_ncdm_decay_dr': 15.0, 'background_method': 0, 'evolver': 1, 'N_momentum_bins_ncdm_decay_dr': 7, 'l_max_ncdm': 13, 'l_max_dr': 13, 'l_max_dr_col': 13, 'omega_b': 0.02289242, 'omega_cdm': 0.1283326, 'Neff_ini_dncdm': 0.7920901, 'log10lifetime_ncdm_decay_dr': 4.990695, 'm_ncdm_decay_dr': 0.2118596, 'H0': 72.81552, 'ln10^{10}A_s': 3.080739, 'n_s': 0.9906584, 'tau_reio': 0.05933486, 'P_k_max_1/Mpc': 1.0}

[PARENT][Rank 280] | ERROR: Child process failed during CLASS computation
Model: {'lensing': 'yes', 'output': 'tCl,lCl,pCl,mPk', 'l_max_scalars': 2508, 'k_pivot': 0.05, 'N_ur': 2.0328, 'N_ncdm': 1, 'm_ncdm': 0.06, 'T_ncdm': 0.71611, 'N_ncdm_decay_dr': 1, 'quadrature_strategy_ncdm_decay_dr': 3, 'ncdm_fluid_approximation': 3, 'maximum_q_ncdm_decay_dr': 15.0, 'background_method': 0, 'evolver': 1, 'N_momentum_bins_ncdm_decay_dr': 7, 'l_max_ncdm': 13, 'l_max_dr': 13, 'l_max_dr_col': 13, 'omega_b': 0.02289242, 'omega_cdm': 0.1283326, 'Neff_ini_dncdm': 0.7920901, 'log10lifetime_ncdm_decay_dr': 4.990695, 'm_ncdm_decay_dr': 0.2118596, 'H0': 72.81552, 'ln10^{10}A_s': 3.080739, 'n_s': 0.9906584, 'tau_reio': 0.05933486, 'P_k_max_1/Mpc': 1.0}
skipping to the next model...
[CHILD][Parent Rank 367] | The following model took too long to complete: 
params: {'lensing': 'yes', 'output': 'tCl,lCl,pCl,mPk', 'l_max_scalars': 2508, 'k_pivot': 0.05, 'N_ur': 2.0328, 'N_ncdm': 1, 'm_ncdm': 0.06, 'T_ncdm': 0.71611, 'N_ncdm_decay_dr': 1, 'quadrature_strategy_ncdm_decay_dr': 3, 'ncdm_fluid_approximation': 3, 'maximum_q_ncdm_decay_dr': 15.0, 'background_method': 0, 'evolver': 1, 'N_momentum_bins_ncdm_decay_dr': 7, 'l_max_ncdm': 13, 'l_max_dr': 13, 'l_max_dr_col': 13, 'omega_b': 0.02289242, 'omega_cdm': 0.1283326, 'Neff_ini_dncdm': 0.7920901, 'log10lifetime_ncdm_decay_dr': 4.990695, 'm_ncdm_decay_dr': 0.2118596, 'H0': 72.81552, 'ln10^{10}A_s': 3.080739, 'n_s': 0.9906584, 'tau_reio': 0.05933486, 'P_k_max_1/Mpc': 1.0}

[PARENT][Rank 367] | ERROR: Child process failed during CLASS computation
Model: {'lensing': 'yes', 'output': 'tCl,lCl,pCl,mPk', 'l_max_scalars': 2508, 'k_pivot': 0.05, 'N_ur': 2.0328, 'N_ncdm': 1, 'm_ncdm': 0.06, 'T_ncdm': 0.71611, 'N_ncdm_decay_dr': 1, 'quadrature_strategy_ncdm_decay_dr': 3, 'ncdm_fluid_approximation': 3, 'maximum_q_ncdm_decay_dr': 15.0, 'background_method': 0, 'evolver': 1, 'N_momentum_bins_ncdm_decay_dr': 7, 'l_max_ncdm': 13, 'l_max_dr': 13, 'l_max_dr_col': 13, 'omega_b': 0.02289242, 'omega_cdm': 0.1283326, 'Neff_ini_dncdm': 0.7920901, 'log10lifetime_ncdm_decay_dr': 4.990695, 'm_ncdm_decay_dr': 0.2118596, 'H0': 72.81552, 'ln10^{10}A_s': 3.080739, 'n_s': 0.9906584, 'tau_reio': 0.05933486, 'P_k_max_1/Mpc': 1.0}
skipping to the next model...
[CHILD][Parent Rank 195] | ERROR: Timeout while waiting for message.
Exiting safely.
[PARENT][Rank 195] | ERROR: Unexpected error during PING-PONG check: TimeoutError('Timeout while waiting for child to respond.')Attemping to respawn child process...
[PARENT][Rank 195] | WARNING: Child process died or is unresponsive. Respawning...
[PARENT][Rank 195] | [INFO] Successfully respawned child process.
[PARENT][Rank 189] | ERROR: Timeout while waiting for response from child process after CLASS computations. Child may be unresponsive.

[CHILD][Parent Rank 189] | The following model took too long to complete: 
params: {'lensing': 'yes', 'output': 'tCl,lCl,pCl,mPk', 'l_max_scalars': 2508, 'k_pivot': 0.05, 'N_ur': 2.0328, 'N_ncdm': 1, 'm_ncdm': 0.06, 'T_ncdm': 0.71611, 'N_ncdm_decay_dr': 1, 'quadrature_strategy_ncdm_decay_dr': 3, 'ncdm_fluid_approximation': 3, 'maximum_q_ncdm_decay_dr': 15.0, 'background_method': 0, 'evolver': 1, 'N_momentum_bins_ncdm_decay_dr': 7, 'l_max_ncdm': 13, 'l_max_dr': 13, 'l_max_dr_col': 13, 'omega_b': 0.02288883, 'omega_cdm': 0.1225924, 'Neff_ini_dncdm': 0.1730709, 'log10lifetime_ncdm_decay_dr': 2.222446, 'm_ncdm_decay_dr': 41.45838, 'H0': 70.21543, 'ln10^{10}A_s': 3.119039, 'n_s': 0.9880827, 'tau_reio': 0.07949881, 'P_k_max_1/Mpc': 1.0}

[PARENT][Rank 189] | ERROR: Child process failed during CLASS computation
Model: {'lensing': 'yes', 'output': 'tCl,lCl,pCl,mPk', 'l_max_scalars': 2508, 'k_pivot': 0.05, 'N_ur': 2.0328, 'N_ncdm': 1, 'm_ncdm': 0.06, 'T_ncdm': 0.71611, 'N_ncdm_decay_dr': 1, 'quadrature_strategy_ncdm_decay_dr': 3, 'ncdm_fluid_approximation': 3, 'maximum_q_ncdm_decay_dr': 15.0, 'background_method': 0, 'evolver': 1, 'N_momentum_bins_ncdm_decay_dr': 7, 'l_max_ncdm': 13, 'l_max_dr': 13, 'l_max_dr_col': 13, 'omega_b': 0.0237547, 'omega_cdm': 0.1240745, 'Neff_ini_dncdm': 0.0626555, 'log10lifetime_ncdm_decay_dr': 2.317663, 'm_ncdm_decay_dr': 417.5157, 'H0': 75.53231, 'ln10^{10}A_s': 3.07069, 'n_s': 0.9958465, 'tau_reio': 0.07247618, 'P_k_max_1/Mpc': 1.0}
skipping to the next model...
[PARENT][Rank 189] | ERROR: Timeout while waiting for PONG response from child process. Child may be unresponsive.
Respawning child process...
[PARENT][Rank 189] | WARNING: Child process died or is unresponsive. Respawning...
[PARENT][Rank 189] | [INFO] Successfully respawned child process.
[PARENT][Rank 190] | ERROR: Unexpected command received from child process: MODEL_DONE
[Master] [WARNING] Received ABORT command from ranks: {195}.
This is due to the parent failing closing down the child process properly.
Or the child process crashed or was unresponsive at some point.
Exiting through MPI.Abort() to prevent hanging/deadlock.
--------------------------------------------------------------------------
MPI_ABORT was invoked on rank 0 in communicator MPI_COMM_WORLD
with errorcode 1.

NOTE: invoking MPI_ABORT causes Open MPI to kill all MPI processes.
You may or may not see output from other processes, depending on
exactly when Open MPI kills them.
--------------------------------------------------------------------------
--------------------------------------------------------------------------
WARNING: Open MPI failed to TCP connect to a peer MPI process.  This
should not happen.

Your Open MPI job may now hang or fail.

  Local host: s44n21
  PID:        3376315
  Message:    connect() to 10.10.44.12:1070 failed
  Error:      Operation now in progress (115)
--------------------------------------------------------------------------
[CHILD][Parent Rank 189] | CRITICAL ERROR: Process killed by SIGTERM (Job Cancelled or Terminated)
[CHILD][Parent Rank 385] | CRITICAL ERROR: Process killed by SIGTERM (Job Cancelled or Terminated)
[CHILD][Parent Rank 386] | CRITICAL ERROR: Process killed by SIGTERM (Job Cancelled or Terminated)
[CHILD][Parent Rank 105] | CRITICAL ERROR: Process killed by SIGTERM (Job Cancelled or Terminated)
[CHILD][Parent Rank 166] | CRITICAL ERROR: Process killed by SIGTERM (Job Cancelled or Terminated)
[CHILD][Parent Rank 161] | CRITICAL ERROR: Process killed by SIGTERM (Job Cancelled or Terminated)
[s44n12.grendel.cscaa.dk:601122] 3 more processes have sent help message help-mpi-btl-tcp.txt / client connect fail
[s44n12.grendel.cscaa.dk:601122] Set MCA parameter "orte_base_help_aggregate" to 0 to see all help / error messages
WARNING: mpirun failed with exit code 1, but calculations completed successfully. Checking for lingering MPI processes...
No lingering MPI processes found.
Check complete, continuing...
[CHILD][Parent Rank 195] | The following model took too long to complete: 
params: {'lensing': 'yes', 'output': 'tCl,lCl,pCl,mPk', 'l_max_scalars': 2508, 'k_pivot': 0.05, 'N_ur': 2.0328, 'N_ncdm': 1, 'm_ncdm': 0.06, 'T_ncdm': 0.71611, 'N_ncdm_decay_dr': 1, 'quadrature_strategy_ncdm_decay_dr': 3, 'ncdm_fluid_approximation': 3, 'maximum_q_ncdm_decay_dr': 15.0, 'background_method': 0, 'evolver': 1, 'N_momentum_bins_ncdm_decay_dr': 7, 'l_max_ncdm': 13, 'l_max_dr': 13, 'l_max_dr_col': 13, 'omega_b': 0.023475429, 'omega_cdm': 0.1352484, 'Neff_ini_dncdm': 0.2392524, 'log10lifetime_ncdm_decay_dr': 2.083159, 'm_ncdm_decay_dr': 212.0487, 'H0': 75.02602, 'ln10^{10}A_s': 3.037156, 'n_s': 0.9812473, 'tau_reio': 0.0441152, 'P_k_max_1/Mpc': 1.0}

[PARENT][Rank 195] | ERROR: Child process failed during CLASS computation
Model: {'lensing': 'yes', 'output': 'tCl,lCl,pCl,mPk', 'l_max_scalars': 2508, 'k_pivot': 0.05, 'N_ur': 2.0328, 'N_ncdm': 1, 'm_ncdm': 0.06, 'T_ncdm': 0.71611, 'N_ncdm_decay_dr': 1, 'quadrature_strategy_ncdm_decay_dr': 3, 'ncdm_fluid_approximation': 3, 'maximum_q_ncdm_decay_dr': 15.0, 'background_method': 0, 'evolver': 1, 'N_momentum_bins_ncdm_decay_dr': 7, 'l_max_ncdm': 13, 'l_max_dr': 13, 'l_max_dr_col': 13, 'omega_b': 0.023475429, 'omega_cdm': 0.1352484, 'Neff_ini_dncdm': 0.2392524, 'log10lifetime_ncdm_decay_dr': 2.083159, 'm_ncdm_decay_dr': 212.0487, 'H0': 75.02602, 'ln10^{10}A_s': 3.037156, 'n_s': 0.9812473, 'tau_reio': 0.0441152, 'P_k_max_1/Mpc': 1.0}
skipping to the next model...
[CHILD][Parent Rank 394] | The following model took too long to complete: 
params: {'lensing': 'yes', 'output': 'tCl,lCl,pCl,mPk', 'l_max_scalars': 2508, 'k_pivot': 0.05, 'N_ur': 2.0328, 'N_ncdm': 1, 'm_ncdm': 0.06, 'T_ncdm': 0.71611, 'N_ncdm_decay_dr': 1, 'quadrature_strategy_ncdm_decay_dr': 3, 'ncdm_fluid_approximation': 3, 'maximum_q_ncdm_decay_dr': 15.0, 'background_method': 0, 'evolver': 1, 'N_momentum_bins_ncdm_decay_dr': 7, 'l_max_ncdm': 13, 'l_max_dr': 13, 'l_max_dr_col': 13, 'omega_b': 0.022552049, 'omega_cdm': 0.119756, 'Neff_ini_dncdm': 0.2228688, 'log10lifetime_ncdm_decay_dr': 4.973496, 'm_ncdm_decay_dr': 0.04167617, 'H0': 70.09708, 'ln10^{10}A_s': 3.01229, 'n_s': 0.9887232, 'tau_reio': 0.04750383, 'P_k_max_1/Mpc': 1.0}

[PARENT][Rank 394] | ERROR: Child process failed during CLASS computation
Model: {'lensing': 'yes', 'output': 'tCl,lCl,pCl,mPk', 'l_max_scalars': 2508, 'k_pivot': 0.05, 'N_ur': 2.0328, 'N_ncdm': 1, 'm_ncdm': 0.06, 'T_ncdm': 0.71611, 'N_ncdm_decay_dr': 1, 'quadrature_strategy_ncdm_decay_dr': 3, 'ncdm_fluid_approximation': 3, 'maximum_q_ncdm_decay_dr': 15.0, 'background_method': 0, 'evolver': 1, 'N_momentum_bins_ncdm_decay_dr': 7, 'l_max_ncdm': 13, 'l_max_dr': 13, 'l_max_dr_col': 13, 'omega_b': 0.022552049, 'omega_cdm': 0.119756, 'Neff_ini_dncdm': 0.2228688, 'log10lifetime_ncdm_decay_dr': 4.973496, 'm_ncdm_decay_dr': 0.04167617, 'H0': 70.09708, 'ln10^{10}A_s': 3.01229, 'n_s': 0.9887232, 'tau_reio': 0.04750383, 'P_k_max_1/Mpc': 1.0}
skipping to the next model...
[CHILD][Parent Rank 318] | The following model took too long to complete: 
params: {'lensing': 'yes', 'output': 'tCl,lCl,pCl,mPk', 'l_max_scalars': 2508, 'k_pivot': 0.05, 'N_ur': 2.0328, 'N_ncdm': 1, 'm_ncdm': 0.06, 'T_ncdm': 0.71611, 'N_ncdm_decay_dr': 1, 'quadrature_strategy_ncdm_decay_dr': 3, 'ncdm_fluid_approximation': 3, 'maximum_q_ncdm_decay_dr': 15.0, 'background_method': 0, 'evolver': 1, 'N_momentum_bins_ncdm_decay_dr': 7, 'l_max_ncdm': 13, 'l_max_dr': 13, 'l_max_dr_col': 13, 'omega_b': 0.022552049, 'omega_cdm': 0.119756, 'Neff_ini_dncdm': 0.2228688, 'log10lifetime_ncdm_decay_dr': 4.973496, 'm_ncdm_decay_dr': 0.04167617, 'H0': 70.09708, 'ln10^{10}A_s': 3.01229, 'n_s': 0.9887232, 'tau_reio': 0.04750383, 'P_k_max_1/Mpc': 1.0}

[PARENT][Rank 318] | ERROR: Child process failed during CLASS computation
Model: {'lensing': 'yes', 'output': 'tCl,lCl,pCl,mPk', 'l_max_scalars': 2508, 'k_pivot': 0.05, 'N_ur': 2.0328, 'N_ncdm': 1, 'm_ncdm': 0.06, 'T_ncdm': 0.71611, 'N_ncdm_decay_dr': 1, 'quadrature_strategy_ncdm_decay_dr': 3, 'ncdm_fluid_approximation': 3, 'maximum_q_ncdm_decay_dr': 15.0, 'background_method': 0, 'evolver': 1, 'N_momentum_bins_ncdm_decay_dr': 7, 'l_max_ncdm': 13, 'l_max_dr': 13, 'l_max_dr_col': 13, 'omega_b': 0.022552049, 'omega_cdm': 0.119756, 'Neff_ini_dncdm': 0.2228688, 'log10lifetime_ncdm_decay_dr': 4.973496, 'm_ncdm_decay_dr': 0.04167617, 'H0': 70.09708, 'ln10^{10}A_s': 3.01229, 'n_s': 0.9887232, 'tau_reio': 0.04750383, 'P_k_max_1/Mpc': 1.0}
skipping to the next model...
[CHILD][Parent Rank 134] | The following model took too long to complete: 
params: {'lensing': 'yes', 'output': 'tCl,lCl,pCl,mPk', 'l_max_scalars': 2508, 'k_pivot': 0.05, 'N_ur': 2.0328, 'N_ncdm': 1, 'm_ncdm': 0.06, 'T_ncdm': 0.71611, 'N_ncdm_decay_dr': 1, 'quadrature_strategy_ncdm_decay_dr': 3, 'ncdm_fluid_approximation': 3, 'maximum_q_ncdm_decay_dr': 15.0, 'background_method': 0, 'evolver': 1, 'N_momentum_bins_ncdm_decay_dr': 7, 'l_max_ncdm': 13, 'l_max_dr': 13, 'l_max_dr_col': 13, 'omega_b': 0.022552049, 'omega_cdm': 0.119756, 'Neff_ini_dncdm': 0.2228688, 'log10lifetime_ncdm_decay_dr': 4.973496, 'm_ncdm_decay_dr': 0.04167617, 'H0': 70.09708, 'ln10^{10}A_s': 3.01229, 'n_s': 0.9887232, 'tau_reio': 0.04750383, 'P_k_max_1/Mpc': 1.0}

[PARENT][Rank 134] | ERROR: Child process failed during CLASS computation
Model: {'lensing': 'yes', 'output': 'tCl,lCl,pCl,mPk', 'l_max_scalars': 2508, 'k_pivot': 0.05, 'N_ur': 2.0328, 'N_ncdm': 1, 'm_ncdm': 0.06, 'T_ncdm': 0.71611, 'N_ncdm_decay_dr': 1, 'quadrature_strategy_ncdm_decay_dr': 3, 'ncdm_fluid_approximation': 3, 'maximum_q_ncdm_decay_dr': 15.0, 'background_method': 0, 'evolver': 1, 'N_momentum_bins_ncdm_decay_dr': 7, 'l_max_ncdm': 13, 'l_max_dr': 13, 'l_max_dr_col': 13, 'omega_b': 0.022552049, 'omega_cdm': 0.119756, 'Neff_ini_dncdm': 0.2228688, 'log10lifetime_ncdm_decay_dr': 4.973496, 'm_ncdm_decay_dr': 0.04167617, 'H0': 70.09708, 'ln10^{10}A_s': 3.01229, 'n_s': 0.9887232, 'tau_reio': 0.04750383, 'P_k_max_1/Mpc': 1.0}
skipping to the next model...
[CHILD][Parent Rank 168] | The following model took too long to complete: 
params: {'lensing': 'yes', 'output': 'tCl,lCl,pCl,mPk', 'l_max_scalars': 2508, 'k_pivot': 0.05, 'N_ur': 2.0328, 'N_ncdm': 1, 'm_ncdm': 0.06, 'T_ncdm': 0.71611, 'N_ncdm_decay_dr': 1, 'quadrature_strategy_ncdm_decay_dr': 3, 'ncdm_fluid_approximation': 3, 'maximum_q_ncdm_decay_dr': 15.0, 'background_method': 0, 'evolver': 1, 'N_momentum_bins_ncdm_decay_dr': 7, 'l_max_ncdm': 13, 'l_max_dr': 13, 'l_max_dr_col': 13, 'omega_b': 0.022552049, 'omega_cdm': 0.119756, 'Neff_ini_dncdm': 0.2228688, 'log10lifetime_ncdm_decay_dr': 4.973496, 'm_ncdm_decay_dr': 0.04167617, 'H0': 70.09708, 'ln10^{10}A_s': 3.01229, 'n_s': 0.9887232, 'tau_reio': 0.04750383, 'P_k_max_1/Mpc': 1.0}

[PARENT][Rank 168] | ERROR: Child process failed during CLASS computation
Model: {'lensing': 'yes', 'output': 'tCl,lCl,pCl,mPk', 'l_max_scalars': 2508, 'k_pivot': 0.05, 'N_ur': 2.0328, 'N_ncdm': 1, 'm_ncdm': 0.06, 'T_ncdm': 0.71611, 'N_ncdm_decay_dr': 1, 'quadrature_strategy_ncdm_decay_dr': 3, 'ncdm_fluid_approximation': 3, 'maximum_q_ncdm_decay_dr': 15.0, 'background_method': 0, 'evolver': 1, 'N_momentum_bins_ncdm_decay_dr': 7, 'l_max_ncdm': 13, 'l_max_dr': 13, 'l_max_dr_col': 13, 'omega_b': 0.022552049, 'omega_cdm': 0.119756, 'Neff_ini_dncdm': 0.2228688, 'log10lifetime_ncdm_decay_dr': 4.973496, 'm_ncdm_decay_dr': 0.04167617, 'H0': 70.09708, 'ln10^{10}A_s': 3.01229, 'n_s': 0.9887232, 'tau_reio': 0.04750383, 'P_k_max_1/Mpc': 1.0}
skipping to the next model...
[CHILD][Parent Rank 369] | The following model took too long to complete: 
params: {'lensing': 'yes', 'output': 'tCl,lCl,pCl,mPk', 'l_max_scalars': 2508, 'k_pivot': 0.05, 'N_ur': 2.0328, 'N_ncdm': 1, 'm_ncdm': 0.06, 'T_ncdm': 0.71611, 'N_ncdm_decay_dr': 1, 'quadrature_strategy_ncdm_decay_dr': 3, 'ncdm_fluid_approximation': 3, 'maximum_q_ncdm_decay_dr': 15.0, 'background_method': 0, 'evolver': 1, 'N_momentum_bins_ncdm_decay_dr': 7, 'l_max_ncdm': 13, 'l_max_dr': 13, 'l_max_dr_col': 13, 'omega_b': 0.022552049, 'omega_cdm': 0.119756, 'Neff_ini_dncdm': 0.2228688, 'log10lifetime_ncdm_decay_dr': 4.973496, 'm_ncdm_decay_dr': 0.04167617, 'H0': 70.09708, 'ln10^{10}A_s': 3.01229, 'n_s': 0.9887232, 'tau_reio': 0.04750383, 'P_k_max_1/Mpc': 1.0}

[PARENT][Rank 369] | ERROR: Child process failed during CLASS computation
Model: {'lensing': 'yes', 'output': 'tCl,lCl,pCl,mPk', 'l_max_scalars': 2508, 'k_pivot': 0.05, 'N_ur': 2.0328, 'N_ncdm': 1, 'm_ncdm': 0.06, 'T_ncdm': 0.71611, 'N_ncdm_decay_dr': 1, 'quadrature_strategy_ncdm_decay_dr': 3, 'ncdm_fluid_approximation': 3, 'maximum_q_ncdm_decay_dr': 15.0, 'background_method': 0, 'evolver': 1, 'N_momentum_bins_ncdm_decay_dr': 7, 'l_max_ncdm': 13, 'l_max_dr': 13, 'l_max_dr_col': 13, 'omega_b': 0.022552049, 'omega_cdm': 0.119756, 'Neff_ini_dncdm': 0.2228688, 'log10lifetime_ncdm_decay_dr': 4.973496, 'm_ncdm_decay_dr': 0.04167617, 'H0': 70.09708, 'ln10^{10}A_s': 3.01229, 'n_s': 0.9887232, 'tau_reio': 0.04750383, 'P_k_max_1/Mpc': 1.0}
skipping to the next model...
[CHILD][Parent Rank 133] | The following model took too long to complete: 
params: {'lensing': 'yes', 'output': 'tCl,lCl,pCl,mPk', 'l_max_scalars': 2508, 'k_pivot': 0.05, 'N_ur': 2.0328, 'N_ncdm': 1, 'm_ncdm': 0.06, 'T_ncdm': 0.71611, 'N_ncdm_decay_dr': 1, 'quadrature_strategy_ncdm_decay_dr': 3, 'ncdm_fluid_approximation': 3, 'maximum_q_ncdm_decay_dr': 15.0, 'background_method': 0, 'evolver': 1, 'N_momentum_bins_ncdm_decay_dr': 7, 'l_max_ncdm': 13, 'l_max_dr': 13, 'l_max_dr_col': 13, 'omega_b': 0.022552049, 'omega_cdm': 0.119756, 'Neff_ini_dncdm': 0.2228688, 'log10lifetime_ncdm_decay_dr': 4.973496, 'm_ncdm_decay_dr': 0.04167617, 'H0': 70.09708, 'ln10^{10}A_s': 3.01229, 'n_s': 0.9887232, 'tau_reio': 0.04750383, 'P_k_max_1/Mpc': 1.0}

[PARENT][Rank 133] | ERROR: Child process failed during CLASS computation
Model: {'lensing': 'yes', 'output': 'tCl,lCl,pCl,mPk', 'l_max_scalars': 2508, 'k_pivot': 0.05, 'N_ur': 2.0328, 'N_ncdm': 1, 'm_ncdm': 0.06, 'T_ncdm': 0.71611, 'N_ncdm_decay_dr': 1, 'quadrature_strategy_ncdm_decay_dr': 3, 'ncdm_fluid_approximation': 3, 'maximum_q_ncdm_decay_dr': 15.0, 'background_method': 0, 'evolver': 1, 'N_momentum_bins_ncdm_decay_dr': 7, 'l_max_ncdm': 13, 'l_max_dr': 13, 'l_max_dr_col': 13, 'omega_b': 0.022552049, 'omega_cdm': 0.119756, 'Neff_ini_dncdm': 0.2228688, 'log10lifetime_ncdm_decay_dr': 4.973496, 'm_ncdm_decay_dr': 0.04167617, 'H0': 70.09708, 'ln10^{10}A_s': 3.01229, 'n_s': 0.9887232, 'tau_reio': 0.04750383, 'P_k_max_1/Mpc': 1.0}
skipping to the next model...
[CHILD][Parent Rank 41] | The following model took too long to complete: 
params: {'lensing': 'yes', 'output': 'tCl,lCl,pCl,mPk', 'l_max_scalars': 2508, 'k_pivot': 0.05, 'N_ur': 2.0328, 'N_ncdm': 1, 'm_ncdm': 0.06, 'T_ncdm': 0.71611, 'N_ncdm_decay_dr': 1, 'quadrature_strategy_ncdm_decay_dr': 3, 'ncdm_fluid_approximation': 3, 'maximum_q_ncdm_decay_dr': 15.0, 'background_method': 0, 'evolver': 1, 'N_momentum_bins_ncdm_decay_dr': 7, 'l_max_ncdm': 13, 'l_max_dr': 13, 'l_max_dr_col': 13, 'omega_b': 0.022552049, 'omega_cdm': 0.119756, 'Neff_ini_dncdm': 0.2228688, 'log10lifetime_ncdm_decay_dr': 4.973496, 'm_ncdm_decay_dr': 0.04167617, 'H0': 70.09708, 'ln10^{10}A_s': 3.01229, 'n_s': 0.9887232, 'tau_reio': 0.04750383, 'P_k_max_1/Mpc': 1.0}

[PARENT][Rank 41] | ERROR: Child process failed during CLASS computation
Model: {'lensing': 'yes', 'output': 'tCl,lCl,pCl,mPk', 'l_max_scalars': 2508, 'k_pivot': 0.05, 'N_ur': 2.0328, 'N_ncdm': 1, 'm_ncdm': 0.06, 'T_ncdm': 0.71611, 'N_ncdm_decay_dr': 1, 'quadrature_strategy_ncdm_decay_dr': 3, 'ncdm_fluid_approximation': 3, 'maximum_q_ncdm_decay_dr': 15.0, 'background_method': 0, 'evolver': 1, 'N_momentum_bins_ncdm_decay_dr': 7, 'l_max_ncdm': 13, 'l_max_dr': 13, 'l_max_dr_col': 13, 'omega_b': 0.022552049, 'omega_cdm': 0.119756, 'Neff_ini_dncdm': 0.2228688, 'log10lifetime_ncdm_decay_dr': 4.973496, 'm_ncdm_decay_dr': 0.04167617, 'H0': 70.09708, 'ln10^{10}A_s': 3.01229, 'n_s': 0.9887232, 'tau_reio': 0.04750383, 'P_k_max_1/Mpc': 1.0}
skipping to the next model...
[CHILD][Parent Rank 47] | The following model took too long to complete: 
params: {'lensing': 'yes', 'output': 'tCl,lCl,pCl,mPk', 'l_max_scalars': 2508, 'k_pivot': 0.05, 'N_ur': 2.0328, 'N_ncdm': 1, 'm_ncdm': 0.06, 'T_ncdm': 0.71611, 'N_ncdm_decay_dr': 1, 'quadrature_strategy_ncdm_decay_dr': 3, 'ncdm_fluid_approximation': 3, 'maximum_q_ncdm_decay_dr': 15.0, 'background_method': 0, 'evolver': 1, 'N_momentum_bins_ncdm_decay_dr': 7, 'l_max_ncdm': 13, 'l_max_dr': 13, 'l_max_dr_col': 13, 'omega_b': 0.022552049, 'omega_cdm': 0.119756, 'Neff_ini_dncdm': 0.2228688, 'log10lifetime_ncdm_decay_dr': 4.973496, 'm_ncdm_decay_dr': 0.04167617, 'H0': 70.09708, 'ln10^{10}A_s': 3.01229, 'n_s': 0.9887232, 'tau_reio': 0.04750383, 'P_k_max_1/Mpc': 1.0}

[PARENT][Rank 47] | ERROR: Child process failed during CLASS computation
Model: {'lensing': 'yes', 'output': 'tCl,lCl,pCl,mPk', 'l_max_scalars': 2508, 'k_pivot': 0.05, 'N_ur': 2.0328, 'N_ncdm': 1, 'm_ncdm': 0.06, 'T_ncdm': 0.71611, 'N_ncdm_decay_dr': 1, 'quadrature_strategy_ncdm_decay_dr': 3, 'ncdm_fluid_approximation': 3, 'maximum_q_ncdm_decay_dr': 15.0, 'background_method': 0, 'evolver': 1, 'N_momentum_bins_ncdm_decay_dr': 7, 'l_max_ncdm': 13, 'l_max_dr': 13, 'l_max_dr_col': 13, 'omega_b': 0.022552049, 'omega_cdm': 0.119756, 'Neff_ini_dncdm': 0.2228688, 'log10lifetime_ncdm_decay_dr': 4.973496, 'm_ncdm_decay_dr': 0.04167617, 'H0': 70.09708, 'ln10^{10}A_s': 3.01229, 'n_s': 0.9887232, 'tau_reio': 0.04750383, 'P_k_max_1/Mpc': 1.0}
skipping to the next model...
[CHILD][Parent Rank 181] | The following model took too long to complete: 
params: {'lensing': 'yes', 'output': 'tCl,lCl,pCl,mPk', 'l_max_scalars': 2508, 'k_pivot': 0.05, 'N_ur': 2.0328, 'N_ncdm': 1, 'm_ncdm': 0.06, 'T_ncdm': 0.71611, 'N_ncdm_decay_dr': 1, 'quadrature_strategy_ncdm_decay_dr': 3, 'ncdm_fluid_approximation': 3, 'maximum_q_ncdm_decay_dr': 15.0, 'background_method': 0, 'evolver': 1, 'N_momentum_bins_ncdm_decay_dr': 7, 'l_max_ncdm': 13, 'l_max_dr': 13, 'l_max_dr_col': 13, 'omega_b': 0.022552049, 'omega_cdm': 0.119756, 'Neff_ini_dncdm': 0.2228688, 'log10lifetime_ncdm_decay_dr': 4.973496, 'm_ncdm_decay_dr': 0.04167617, 'H0': 70.09708, 'ln10^{10}A_s': 3.01229, 'n_s': 0.9887232, 'tau_reio': 0.04750383, 'P_k_max_1/Mpc': 1.0}

[PARENT][Rank 181] | ERROR: Child process failed during CLASS computation
Model: {'lensing': 'yes', 'output': 'tCl,lCl,pCl,mPk', 'l_max_scalars': 2508, 'k_pivot': 0.05, 'N_ur': 2.0328, 'N_ncdm': 1, 'm_ncdm': 0.06, 'T_ncdm': 0.71611, 'N_ncdm_decay_dr': 1, 'quadrature_strategy_ncdm_decay_dr': 3, 'ncdm_fluid_approximation': 3, 'maximum_q_ncdm_decay_dr': 15.0, 'background_method': 0, 'evolver': 1, 'N_momentum_bins_ncdm_decay_dr': 7, 'l_max_ncdm': 13, 'l_max_dr': 13, 'l_max_dr_col': 13, 'omega_b': 0.022552049, 'omega_cdm': 0.119756, 'Neff_ini_dncdm': 0.2228688, 'log10lifetime_ncdm_decay_dr': 4.973496, 'm_ncdm_decay_dr': 0.04167617, 'H0': 70.09708, 'ln10^{10}A_s': 3.01229, 'n_s': 0.9887232, 'tau_reio': 0.04750383, 'P_k_max_1/Mpc': 1.0}
skipping to the next model...
