========= Job started at Sun Mar  2 16:58:22 CET 2025 ==========
The following model failed in CLASS:
{'output': 'tCl,lCl,pCl,mPk', 'lensing': 'yes', 'k_pivot': 0.05, 'N_ur': 2.0328, 'N_ncdm': 1, 'm_ncdm': 0.06, 'T_ncdm': 0.71611, 'omega_b': 0.019661260422569826, 'omega_cdm': 0.22531050817768813, 'omega_ini_dcdm': 0.27823864604652015, 'Gamma_dcdm': 2504.694875462115, 'H0': 74.46178686624505, 'ln10^{10}A_s': 3.57023211957801, 'n_s': 0.9845605355845332, 'tau_reio': 0.33993997924972397, 'P_k_max_1/Mpc': 8.4445, 'z_max_pk': 13.65}
thermodynamics_init(L:404) :error in thermodynamics_solve(ppr,pba,pth,ptw,pvecback);
=>thermodynamics_solve(L:1602) :error in thermodynamics_reionization_evolve_with_tau(&tpaw, interval_limit[index_interval], interval_limit[index_interval+1], mz_output, pth->tt_size);
=>thermodynamics_reionization_evolve_with_tau(L:2269) :condition (tau_sup < pth->tau_reio) is true; parameters are such that reionization cannot start after z_start_max
The following model failed in CLASS:
{'output': 'tCl,lCl,pCl,mPk', 'lensing': 'yes', 'k_pivot': 0.05, 'N_ur': 2.0328, 'N_ncdm': 1, 'm_ncdm': 0.06, 'T_ncdm': 0.71611, 'omega_b': 0.014009153490929663, 'omega_cdm': 0.12912314977313166, 'omega_ini_dcdm': 0.14982816879043462, 'Gamma_dcdm': 2504.7218554814112, 'H0': 74.21027819567604, 'ln10^{10}A_s': 3.213029888098039, 'n_s': 0.8249296142521865, 'tau_reio': 0.38292092346066764, 'P_k_max_1/Mpc': 8.4445, 'z_max_pk': 13.65}
thermodynamics_init(L:404) :error in thermodynamics_solve(ppr,pba,pth,ptw,pvecback);
=>thermodynamics_solve(L:1602) :error in thermodynamics_reionization_evolve_with_tau(&tpaw, interval_limit[index_interval], interval_limit[index_interval+1], mz_output, pth->tt_size);
=>thermodynamics_reionization_evolve_with_tau(L:2269) :condition (tau_sup < pth->tau_reio) is true; parameters are such that reionization cannot start after z_start_max
The following model failed in CLASS:
{'output': 'tCl,lCl,pCl,mPk', 'lensing': 'yes', 'k_pivot': 0.05, 'N_ur': 2.0328, 'N_ncdm': 1, 'm_ncdm': 0.06, 'T_ncdm': 0.71611, 'omega_b': 0.014545833564760679, 'omega_cdm': 0.18107593200912758, 'omega_ini_dcdm': 0.37158567767210005, 'Gamma_dcdm': 2504.9314619826073, 'H0': 74.61564529438763, 'ln10^{10}A_s': 2.914618357534144, 'n_s': 1.1433507755965922, 'tau_reio': 0.2591541090916836, 'P_k_max_1/Mpc': 8.4445, 'z_max_pk': 13.65}
thermodynamics_init(L:404) :error in thermodynamics_solve(ppr,pba,pth,ptw,pvecback);
=>thermodynamics_solve(L:1602) :error in thermodynamics_reionization_evolve_with_tau(&tpaw, interval_limit[index_interval], interval_limit[index_interval+1], mz_output, pth->tt_size);
=>thermodynamics_reionization_evolve_with_tau(L:2269) :condition (tau_sup < pth->tau_reio) is true; parameters are such that reionization cannot start after z_start_max
The following model failed in CLASS:
{'output': 'tCl,lCl,pCl,mPk', 'lensing': 'yes', 'k_pivot': 0.05, 'N_ur': 2.0328, 'N_ncdm': 1, 'm_ncdm': 0.06, 'T_ncdm': 0.71611, 'omega_b': 0.019899524461932175, 'omega_cdm': 0.17439162788498663, 'omega_ini_dcdm': 0.3733285201840033, 'Gamma_dcdm': 2505.158249207887, 'H0': 74.17698853575153, 'ln10^{10}A_s': 3.347483453713813, 'n_s': 1.0307213260992352, 'tau_reio': 0.3803416244321789, 'P_k_max_1/Mpc': 8.4445, 'z_max_pk': 13.65}
thermodynamics_init(L:404) :error in thermodynamics_solve(ppr,pba,pth,ptw,pvecback);
=>thermodynamics_solve(L:1602) :error in thermodynamics_reionization_evolve_with_tau(&tpaw, interval_limit[index_interval], interval_limit[index_interval+1], mz_output, pth->tt_size);
=>thermodynamics_reionization_evolve_with_tau(L:2269) :condition (tau_sup < pth->tau_reio) is true; parameters are such that reionization cannot start after z_start_max
The following model failed in CLASS:
{'output': 'tCl,lCl,pCl,mPk', 'lensing': 'yes', 'k_pivot': 0.05, 'N_ur': 2.0328, 'N_ncdm': 1, 'm_ncdm': 0.06, 'T_ncdm': 0.71611, 'omega_b': 0.014906669626797967, 'omega_cdm': 0.1216650206984699, 'omega_ini_dcdm': 0.37603703188756277, 'Gamma_dcdm': 2504.5435830409306, 'H0': 75.58771355826421, 'ln10^{10}A_s': 2.938311363166791, 'n_s': 0.7160182517365419, 'tau_reio': 0.2924604345327455, 'P_k_max_1/Mpc': 8.4445, 'z_max_pk': 13.65}
thermodynamics_init(L:404) :error in thermodynamics_solve(ppr,pba,pth,ptw,pvecback);
=>thermodynamics_solve(L:1602) :error in thermodynamics_reionization_evolve_with_tau(&tpaw, interval_limit[index_interval], interval_limit[index_interval+1], mz_output, pth->tt_size);
=>thermodynamics_reionization_evolve_with_tau(L:2269) :condition (tau_sup < pth->tau_reio) is true; parameters are such that reionization cannot start after z_start_max
The following model failed in CLASS:
{'output': 'tCl,lCl,pCl,mPk', 'lensing': 'yes', 'k_pivot': 0.05, 'N_ur': 2.0328, 'N_ncdm': 1, 'm_ncdm': 0.06, 'T_ncdm': 0.71611, 'omega_b': 0.01474432231969152, 'omega_cdm': 0.07404538320494652, 'omega_ini_dcdm': 0.1454056298830649, 'Gamma_dcdm': 2505.3533522354833, 'H0': 75.39790268730138, 'ln10^{10}A_s': 3.7775180312750036, 'n_s': 1.090246430747581, 'tau_reio': 0.38832825386103376, 'P_k_max_1/Mpc': 8.4445, 'z_max_pk': 13.65}
thermodynamics_init(L:404) :error in thermodynamics_solve(ppr,pba,pth,ptw,pvecback);
=>thermodynamics_solve(L:1602) :error in thermodynamics_reionization_evolve_with_tau(&tpaw, interval_limit[index_interval], interval_limit[index_interval+1], mz_output, pth->tt_size);
=>thermodynamics_reionization_evolve_with_tau(L:2269) :condition (tau_sup < pth->tau_reio) is true; parameters are such that reionization cannot start after z_start_max
The following model failed in CLASS:
{'output': 'tCl,lCl,pCl,mPk', 'lensing': 'yes', 'k_pivot': 0.05, 'N_ur': 2.0328, 'N_ncdm': 1, 'm_ncdm': 0.06, 'T_ncdm': 0.71611, 'omega_b': 0.015645203803781718, 'omega_cdm': 0.1436070028092753, 'omega_ini_dcdm': 0.3639324992053621, 'Gamma_dcdm': 2504.9856046261707, 'H0': 74.40490242126154, 'ln10^{10}A_s': 3.476504118173401, 'n_s': 1.2799636728325563, 'tau_reio': 0.2838335464454492, 'P_k_max_1/Mpc': 8.4445, 'z_max_pk': 13.65}
thermodynamics_init(L:404) :error in thermodynamics_solve(ppr,pba,pth,ptw,pvecback);
=>thermodynamics_solve(L:1602) :error in thermodynamics_reionization_evolve_with_tau(&tpaw, interval_limit[index_interval], interval_limit[index_interval+1], mz_output, pth->tt_size);
=>thermodynamics_reionization_evolve_with_tau(L:2269) :condition (tau_sup < pth->tau_reio) is true; parameters are such that reionization cannot start after z_start_max
The following model failed in CLASS:
{'output': 'tCl,lCl,pCl,mPk', 'lensing': 'yes', 'k_pivot': 0.05, 'N_ur': 2.0328, 'N_ncdm': 1, 'm_ncdm': 0.06, 'T_ncdm': 0.71611, 'omega_b': 0.014842886045591992, 'omega_cdm': 0.11017013886707297, 'omega_ini_dcdm': 0.27308557092247404, 'Gamma_dcdm': 2505.797700151859, 'H0': 75.05043866773127, 'ln10^{10}A_s': 2.49130800453782, 'n_s': 1.2488516220608679, 'tau_reio': 0.3698233282464103, 'P_k_max_1/Mpc': 8.4445, 'z_max_pk': 13.65}
thermodynamics_init(L:404) :error in thermodynamics_solve(ppr,pba,pth,ptw,pvecback);
=>thermodynamics_solve(L:1602) :error in thermodynamics_reionization_evolve_with_tau(&tpaw, interval_limit[index_interval], interval_limit[index_interval+1], mz_output, pth->tt_size);
=>thermodynamics_reionization_evolve_with_tau(L:2269) :condition (tau_sup < pth->tau_reio) is true; parameters are such that reionization cannot start after z_start_max
The following model failed in CLASS:
{'output': 'tCl,lCl,pCl,mPk', 'lensing': 'yes', 'k_pivot': 0.05, 'N_ur': 2.0328, 'N_ncdm': 1, 'm_ncdm': 0.06, 'T_ncdm': 0.71611, 'omega_b': 0.016342167956154043, 'omega_cdm': 0.23305089193766787, 'omega_ini_dcdm': 0.058754471895112625, 'Gamma_dcdm': 2504.6080282006064, 'H0': 74.74057772262256, 'ln10^{10}A_s': 2.557785757911698, 'n_s': 1.1951683513449518, 'tau_reio': 0.36955338020698536, 'P_k_max_1/Mpc': 8.4445, 'z_max_pk': 13.65}
thermodynamics_init(L:404) :error in thermodynamics_solve(ppr,pba,pth,ptw,pvecback);
=>thermodynamics_solve(L:1602) :error in thermodynamics_reionization_evolve_with_tau(&tpaw, interval_limit[index_interval], interval_limit[index_interval+1], mz_output, pth->tt_size);
=>thermodynamics_reionization_evolve_with_tau(L:2269) :condition (tau_sup < pth->tau_reio) is true; parameters are such that reionization cannot start after z_start_max
The following model failed in CLASS:
The following model failed in CLASS:
{'output': 'tCl,lCl,pCl,mPk', 'lensing': 'yes', 'k_pivot': 0.05, 'N_ur': 2.0328, 'N_ncdm': 1, 'm_ncdm': 0.06, 'T_ncdm': 0.71611, 'omega_b': 0.019196135187470695, 'omega_cdm': 0.15142313872312604, 'omega_ini_dcdm': 0.35953056582629894, 'Gamma_dcdm': 2505.4794780602397, 'H0': 75.32982879354705, 'ln10^{10}A_s': 2.3222400508054877, 'n_s': 1.0946695405637341, 'tau_reio': 0.34796535223353053, 'P_k_max_1/Mpc': 8.4445, 'z_max_pk': 13.65}
thermodynamics_init(L:404) :error in thermodynamics_solve(ppr,pba,pth,ptw,pvecback);
=>thermodynamics_solve(L:1602) :error in thermodynamics_reionization_evolve_with_tau(&tpaw, interval_limit[index_interval], interval_limit[index_interval+1], mz_output, pth->tt_size);
=>thermodynamics_reionization_evolve_with_tau(L:2269) :condition (tau_sup < pth->tau_reio) is true; parameters are such that reionization cannot start after z_start_max
The following model failed in CLASS:
{'output': 'tCl,lCl,pCl,mPk', 'lensing': 'yes', 'k_pivot': 0.05, 'N_ur': 2.0328, 'N_ncdm': 1, 'm_ncdm': 0.06, 'T_ncdm': 0.71611, 'omega_b': 0.015344209371437722, 'omega_cdm': 0.18849093947674544, 'omega_ini_dcdm': 0.24043296554140164, 'Gamma_dcdm': 2505.717041627861, 'H0': 75.14430973487407, 'ln10^{10}A_s': 2.5389298363165653, 'n_s': 1.0445644175176718, 'tau_reio': 0.28829714437993337, 'P_k_max_1/Mpc': 8.4445, 'z_max_pk': 13.65}
thermodynamics_init(L:404) :error in thermodynamics_solve(ppr,pba,pth,ptw,pvecback);
=>thermodynamics_solve(L:1602) :error in thermodynamics_reionization_evolve_with_tau(&tpaw, interval_limit[index_interval], interval_limit[index_interval+1], mz_output, pth->tt_size);
=>thermodynamics_reionization_evolve_with_tau(L:2269) :condition (tau_sup < pth->tau_reio) is true; parameters are such that reionization cannot start after z_start_max
{'output': 'tCl,lCl,pCl,mPk', 'lensing': 'yes', 'k_pivot': 0.05, 'N_ur': 2.0328, 'N_ncdm': 1, 'm_ncdm': 0.06, 'T_ncdm': 0.71611, 'omega_b': 0.015246902396831278, 'omega_cdm': 0.17430510367545615, 'omega_ini_dcdm': 0.051767036549165285, 'Gamma_dcdm': 2505.476200344757, 'H0': 74.32623902651858, 'ln10^{10}A_s': 2.8641298658621297, 'n_s': 0.7732380130980864, 'tau_reio': 0.39478069463706394, 'P_k_max_1/Mpc': 8.4445, 'z_max_pk': 13.65}
thermodynamics_init(L:404) :error in thermodynamics_solve(ppr,pba,pth,ptw,pvecback);
=>thermodynamics_solve(L:1602) :error in thermodynamics_reionization_evolve_with_tau(&tpaw, interval_limit[index_interval], interval_limit[index_interval+1], mz_output, pth->tt_size);
=>thermodynamics_reionization_evolve_with_tau(L:2269) :condition (tau_sup < pth->tau_reio) is true; parameters are such that reionization cannot start after z_start_max
The following model failed in CLASS:
{'output': 'tCl,lCl,pCl,mPk', 'lensing': 'yes', 'k_pivot': 0.05, 'N_ur': 2.0328, 'N_ncdm': 1, 'm_ncdm': 0.06, 'T_ncdm': 0.71611, 'omega_b': 0.014618106025072788, 'omega_cdm': 0.1929724390196335, 'omega_ini_dcdm': 0.3745914234819993, 'Gamma_dcdm': 2505.2486159413943, 'H0': 75.76750417954169, 'ln10^{10}A_s': 2.559094769101574, 'n_s': 0.7327970599572744, 'tau_reio': 0.2746230346837679, 'P_k_max_1/Mpc': 8.4445, 'z_max_pk': 13.65}
thermodynamics_init(L:404) :error in thermodynamics_solve(ppr,pba,pth,ptw,pvecback);
=>thermodynamics_solve(L:1602) :error in thermodynamics_reionization_evolve_with_tau(&tpaw, interval_limit[index_interval], interval_limit[index_interval+1], mz_output, pth->tt_size);
=>thermodynamics_reionization_evolve_with_tau(L:2269) :condition (tau_sup < pth->tau_reio) is true; parameters are such that reionization cannot start after z_start_max
The following model failed in CLASS:
{'output': 'tCl,lCl,pCl,mPk', 'lensing': 'yes', 'k_pivot': 0.05, 'N_ur': 2.0328, 'N_ncdm': 1, 'm_ncdm': 0.06, 'T_ncdm': 0.71611, 'omega_b': 0.016343485620144697, 'omega_cdm': 0.17654503016578105, 'omega_ini_dcdm': 0.27370327397029603, 'Gamma_dcdm': 2504.7770470296464, 'H0': 75.49554831706686, 'ln10^{10}A_s': 3.5295085170748948, 'n_s': 1.0156316478252048, 'tau_reio': 0.358391370067769, 'P_k_max_1/Mpc': 8.4445, 'z_max_pk': 13.65}
thermodynamics_init(L:404) :error in thermodynamics_solve(ppr,pba,pth,ptw,pvecback);
=>thermodynamics_solve(L:1602) :error in thermodynamics_reionization_evolve_with_tau(&tpaw, interval_limit[index_interval], interval_limit[index_interval+1], mz_output, pth->tt_size);
=>thermodynamics_reionization_evolve_with_tau(L:2269) :condition (tau_sup < pth->tau_reio) is true; parameters are such that reionization cannot start after z_start_max
The following model failed in CLASS:
{'output': 'tCl,lCl,pCl,mPk', 'lensing': 'yes', 'k_pivot': 0.05, 'N_ur': 2.0328, 'N_ncdm': 1, 'm_ncdm': 0.06, 'T_ncdm': 0.71611, 'omega_b': 0.015149731928928366, 'omega_cdm': 0.20932606011812144, 'omega_ini_dcdm': 0.12578917051660288, 'Gamma_dcdm': 2504.4784728993254, 'H0': 75.12285219682298, 'ln10^{10}A_s': 3.060175361190081, 'n_s': 0.8532330604829881, 'tau_reio': 0.3388474931433587, 'P_k_max_1/Mpc': 8.4445, 'z_max_pk': 13.65}
thermodynamics_init(L:404) :error in thermodynamics_solve(ppr,pba,pth,ptw,pvecback);
=>thermodynamics_solve(L:1602) :error in thermodynamics_reionization_evolve_with_tau(&tpaw, interval_limit[index_interval], interval_limit[index_interval+1], mz_output, pth->tt_size);
=>thermodynamics_reionization_evolve_with_tau(L:2269) :condition (tau_sup < pth->tau_reio) is true; parameters are such that reionization cannot start after z_start_max
The following model failed in CLASS:
{'output': 'tCl,lCl,pCl,mPk', 'lensing': 'yes', 'k_pivot': 0.05, 'N_ur': 2.0328, 'N_ncdm': 1, 'm_ncdm': 0.06, 'T_ncdm': 0.71611, 'omega_b': 0.014397988384838337, 'omega_cdm': 0.1696481097962132, 'omega_ini_dcdm': 0.3782897048821393, 'Gamma_dcdm': 2504.51410804653, 'H0': 75.71956023926273, 'ln10^{10}A_s': 2.66902577955745, 'n_s': 0.882383736691029, 'tau_reio': 0.2621540467072001, 'P_k_max_1/Mpc': 8.4445, 'z_max_pk': 13.65}
thermodynamics_init(L:404) :error in thermodynamics_solve(ppr,pba,pth,ptw,pvecback);
=>thermodynamics_solve(L:1602) :error in thermodynamics_reionization_evolve_with_tau(&tpaw, interval_limit[index_interval], interval_limit[index_interval+1], mz_output, pth->tt_size);
=>thermodynamics_reionization_evolve_with_tau(L:2269) :condition (tau_sup < pth->tau_reio) is true; parameters are such that reionization cannot start after z_start_max
The following model failed in CLASS:
{'output': 'tCl,lCl,pCl,mPk', 'lensing': 'yes', 'k_pivot': 0.05, 'N_ur': 2.0328, 'N_ncdm': 1, 'm_ncdm': 0.06, 'T_ncdm': 0.71611, 'omega_b': 0.015733966600742878, 'omega_cdm': 0.09916271409477431, 'omega_ini_dcdm': 0.30782578596980137, 'Gamma_dcdm': 2504.3446637937855, 'H0': 74.30279949683887, 'ln10^{10}A_s': 3.024223997463901, 'n_s': 1.1213950880120136, 'tau_reio': 0.33542712670186137, 'P_k_max_1/Mpc': 8.4445, 'z_max_pk': 13.65}
thermodynamics_init(L:404) :error in thermodynamics_solve(ppr,pba,pth,ptw,pvecback);
=>thermodynamics_solve(L:1602) :error in thermodynamics_reionization_evolve_with_tau(&tpaw, interval_limit[index_interval], interval_limit[index_interval+1], mz_output, pth->tt_size);
=>thermodynamics_reionization_evolve_with_tau(L:2269) :condition (tau_sup < pth->tau_reio) is true; parameters are such that reionization cannot start after z_start_max
The following model failed in CLASS:
{'output': 'tCl,lCl,pCl,mPk', 'lensing': 'yes', 'k_pivot': 0.05, 'N_ur': 2.0328, 'N_ncdm': 1, 'm_ncdm': 0.06, 'T_ncdm': 0.71611, 'omega_b': 0.017822319343191798, 'omega_cdm': 0.19569204428839343, 'omega_ini_dcdm': 0.3782569024029693, 'Gamma_dcdm': 2505.224094831983, 'H0': 74.82246239738639, 'ln10^{10}A_s': 2.7707850583187694, 'n_s': 0.9143128767736384, 'tau_reio': 0.3180501714644744, 'P_k_max_1/Mpc': 8.4445, 'z_max_pk': 13.65}
thermodynamics_init(L:404) :error in thermodynamics_solve(ppr,pba,pth,ptw,pvecback);
=>thermodynamics_solve(L:1602) :error in thermodynamics_reionization_evolve_with_tau(&tpaw, interval_limit[index_interval], interval_limit[index_interval+1], mz_output, pth->tt_size);
=>thermodynamics_reionization_evolve_with_tau(L:2269) :condition (tau_sup < pth->tau_reio) is true; parameters are such that reionization cannot start after z_start_max
The following model failed in CLASS:
{'output': 'tCl,lCl,pCl,mPk', 'lensing': 'yes', 'k_pivot': 0.05, 'N_ur': 2.0328, 'N_ncdm': 1, 'm_ncdm': 0.06, 'T_ncdm': 0.71611, 'omega_b': 0.014942495026462421, 'omega_cdm': 0.10348686531980232, 'omega_ini_dcdm': 0.17727597603612658, 'Gamma_dcdm': 2504.1205586204956, 'H0': 75.2419676471866, 'ln10^{10}A_s': 3.3112842255652786, 'n_s': 0.9951867322748702, 'tau_reio': 0.35503271392229213, 'P_k_max_1/Mpc': 8.4445, 'z_max_pk': 13.65}
thermodynamics_init(L:404) :error in thermodynamics_solve(ppr,pba,pth,ptw,pvecback);
=>thermodynamics_solve(L:1602) :error in thermodynamics_reionization_evolve_with_tau(&tpaw, interval_limit[index_interval], interval_limit[index_interval+1], mz_output, pth->tt_size);
=>thermodynamics_reionization_evolve_with_tau(L:2269) :condition (tau_sup < pth->tau_reio) is true; parameters are such that reionization cannot start after z_start_max
The following model failed in CLASS:
{'output': 'tCl,lCl,pCl,mPk', 'lensing': 'yes', 'k_pivot': 0.05, 'N_ur': 2.0328, 'N_ncdm': 1, 'm_ncdm': 0.06, 'T_ncdm': 0.71611, 'omega_b': 0.015447866758557435, 'omega_cdm': 0.2345148262238606, 'omega_ini_dcdm': 0.22253828417178942, 'Gamma_dcdm': 2505.433139699011, 'H0': 75.52993595146967, 'ln10^{10}A_s': 3.5228700842198846, 'n_s': 1.0884453317646974, 'tau_reio': 0.3963088673009446, 'P_k_max_1/Mpc': 8.4445, 'z_max_pk': 13.65}
thermodynamics_init(L:404) :error in thermodynamics_solve(ppr,pba,pth,ptw,pvecback);
=>thermodynamics_solve(L:1602) :error in thermodynamics_reionization_evolve_with_tau(&tpaw, interval_limit[index_interval], interval_limit[index_interval+1], mz_output, pth->tt_size);
=>thermodynamics_reionization_evolve_with_tau(L:2269) :condition (tau_sup < pth->tau_reio) is true; parameters are such that reionization cannot start after z_start_max
The following model failed in CLASS:
{'output': 'tCl,lCl,pCl,mPk', 'lensing': 'yes', 'k_pivot': 0.05, 'N_ur': 2.0328, 'N_ncdm': 1, 'm_ncdm': 0.06, 'T_ncdm': 0.71611, 'omega_b': 0.019182524279398604, 'omega_cdm': 0.23303753655139098, 'omega_ini_dcdm': 0.3553685538368505, 'Gamma_dcdm': 2504.816340466388, 'H0': 74.45598005737648, 'ln10^{10}A_s': 2.5289396982605585, 'n_s': 1.286842643528363, 'tau_reio': 0.3566153282465536, 'P_k_max_1/Mpc': 8.4445, 'z_max_pk': 13.65}
thermodynamics_init(L:404) :error in thermodynamics_solve(ppr,pba,pth,ptw,pvecback);
=>thermodynamics_solve(L:1602) :error in thermodynamics_reionization_evolve_with_tau(&tpaw, interval_limit[index_interval], interval_limit[index_interval+1], mz_output, pth->tt_size);
=>thermodynamics_reionization_evolve_with_tau(L:2269) :condition (tau_sup < pth->tau_reio) is true; parameters are such that reionization cannot start after z_start_max
The following model failed in CLASS:
{'output': 'tCl,lCl,pCl,mPk', 'lensing': 'yes', 'k_pivot': 0.05, 'N_ur': 2.0328, 'N_ncdm': 1, 'm_ncdm': 0.06, 'T_ncdm': 0.71611, 'omega_b': 0.0145800688094823, 'omega_cdm': 0.21505980422795054, 'omega_ini_dcdm': 0.1239978356705916, 'Gamma_dcdm': 2504.743037814763, 'H0': 75.12713654594916, 'ln10^{10}A_s': 2.9869753212688392, 'n_s': 1.1114296704143185, 'tau_reio': 0.3216527178743918, 'P_k_max_1/Mpc': 8.4445, 'z_max_pk': 13.65}
thermodynamics_init(L:404) :error in thermodynamics_solve(ppr,pba,pth,ptw,pvecback);
=>thermodynamics_solve(L:1602) :error in thermodynamics_reionization_evolve_with_tau(&tpaw, interval_limit[index_interval], interval_limit[index_interval+1], mz_output, pth->tt_size);
=>thermodynamics_reionization_evolve_with_tau(L:2269) :condition (tau_sup < pth->tau_reio) is true; parameters are such that reionization cannot start after z_start_max
The following model failed in CLASS:
{'output': 'tCl,lCl,pCl,mPk', 'lensing': 'yes', 'k_pivot': 0.05, 'N_ur': 2.0328, 'N_ncdm': 1, 'm_ncdm': 0.06, 'T_ncdm': 0.71611, 'omega_b': 0.016917732348516092, 'omega_cdm': 0.13745658562067528, 'omega_ini_dcdm': 0.38528342981085467, 'Gamma_dcdm': 2504.9522212326933, 'H0': 75.06256721379222, 'ln10^{10}A_s': 2.6084682963254626, 'n_s': 0.73916031859546, 'tau_reio': 0.39570932302172146, 'P_k_max_1/Mpc': 8.4445, 'z_max_pk': 13.65}
thermodynamics_init(L:404) :error in thermodynamics_solve(ppr,pba,pth,ptw,pvecback);
=>thermodynamics_solve(L:1602) :error in thermodynamics_reionization_evolve_with_tau(&tpaw, interval_limit[index_interval], interval_limit[index_interval+1], mz_output, pth->tt_size);
=>thermodynamics_reionization_evolve_with_tau(L:2269) :condition (tau_sup < pth->tau_reio) is true; parameters are such that reionization cannot start after z_start_max
The following model failed in CLASS:
{'output': 'tCl,lCl,pCl,mPk', 'lensing': 'yes', 'k_pivot': 0.05, 'N_ur': 2.0328, 'N_ncdm': 1, 'm_ncdm': 0.06, 'T_ncdm': 0.71611, 'omega_b': 0.020475685307599644, 'omega_cdm': 0.19255456040561109, 'omega_ini_dcdm': 0.3553457615471903, 'Gamma_dcdm': 2505.4543258017743, 'H0': 75.74768666466673, 'ln10^{10}A_s': 3.3260804871767387, 'n_s': 1.1634865575552833, 'tau_reio': 0.3722254345249134, 'P_k_max_1/Mpc': 8.4445, 'z_max_pk': 13.65}
thermodynamics_init(L:404) :error in thermodynamics_solve(ppr,pba,pth,ptw,pvecback);
=>thermodynamics_solve(L:1602) :error in thermodynamics_reionization_evolve_with_tau(&tpaw, interval_limit[index_interval], interval_limit[index_interval+1], mz_output, pth->tt_size);
=>thermodynamics_reionization_evolve_with_tau(L:2269) :condition (tau_sup < pth->tau_reio) is true; parameters are such that reionization cannot start after z_start_max
The following model failed in CLASS:
{'output': 'tCl,lCl,pCl,mPk', 'lensing': 'yes', 'k_pivot': 0.05, 'N_ur': 2.0328, 'N_ncdm': 1, 'm_ncdm': 0.06, 'T_ncdm': 0.71611, 'omega_b': 0.01690460300823801, 'omega_cdm': 0.12860137231303062, 'omega_ini_dcdm': 0.28003095740051026, 'Gamma_dcdm': 2504.5488539841785, 'H0': 75.17759395475554, 'ln10^{10}A_s': 2.4828486310902314, 'n_s': 0.9969403295182631, 'tau_reio': 0.34981270778889295, 'P_k_max_1/Mpc': 8.4445, 'z_max_pk': 13.65}
thermodynamics_init(L:404) :error in thermodynamics_solve(ppr,pba,pth,ptw,pvecback);
=>thermodynamics_solve(L:1602) :error in thermodynamics_reionization_evolve_with_tau(&tpaw, interval_limit[index_interval], interval_limit[index_interval+1], mz_output, pth->tt_size);
=>thermodynamics_reionization_evolve_with_tau(L:2269) :condition (tau_sup < pth->tau_reio) is true; parameters are such that reionization cannot start after z_start_max
The following model failed in CLASS:
{'output': 'tCl,lCl,pCl,mPk', 'lensing': 'yes', 'k_pivot': 0.05, 'N_ur': 2.0328, 'N_ncdm': 1, 'm_ncdm': 0.06, 'T_ncdm': 0.71611, 'omega_b': 0.014924760287186116, 'omega_cdm': 0.2430373833438352, 'omega_ini_dcdm': 0.20890599071183544, 'Gamma_dcdm': 2504.8462151017134, 'H0': 74.39041603752307, 'ln10^{10}A_s': 2.37775806022324, 'n_s': 1.2554004477440834, 'tau_reio': 0.28595568437769214, 'P_k_max_1/Mpc': 8.4445, 'z_max_pk': 13.65}
thermodynamics_init(L:404) :error in thermodynamics_solve(ppr,pba,pth,ptw,pvecback);
=>thermodynamics_solve(L:1602) :error in thermodynamics_reionization_evolve_with_tau(&tpaw, interval_limit[index_interval], interval_limit[index_interval+1], mz_output, pth->tt_size);
=>thermodynamics_reionization_evolve_with_tau(L:2269) :condition (tau_sup < pth->tau_reio) is true; parameters are such that reionization cannot start after z_start_max
The following model failed in CLASS:
{'output': 'tCl,lCl,pCl,mPk', 'lensing': 'yes', 'k_pivot': 0.05, 'N_ur': 2.0328, 'N_ncdm': 1, 'm_ncdm': 0.06, 'T_ncdm': 0.71611, 'omega_b': 0.0160581172653836, 'omega_cdm': 0.1587301607718576, 'omega_ini_dcdm': 0.28420620870167623, 'Gamma_dcdm': 2504.873883860214, 'H0': 74.92612741906404, 'ln10^{10}A_s': 2.558520406380405, 'n_s': 0.7623145777764342, 'tau_reio': 0.29978829881901436, 'P_k_max_1/Mpc': 8.4445, 'z_max_pk': 13.65}
thermodynamics_init(L:404) :error in thermodynamics_solve(ppr,pba,pth,ptw,pvecback);
=>thermodynamics_solve(L:1602) :error in thermodynamics_reionization_evolve_with_tau(&tpaw, interval_limit[index_interval], interval_limit[index_interval+1], mz_output, pth->tt_size);
=>thermodynamics_reionization_evolve_with_tau(L:2269) :condition (tau_sup < pth->tau_reio) is true; parameters are such that reionization cannot start after z_start_max
The following model failed in CLASS:
{'output': 'tCl,lCl,pCl,mPk', 'lensing': 'yes', 'k_pivot': 0.05, 'N_ur': 2.0328, 'N_ncdm': 1, 'm_ncdm': 0.06, 'T_ncdm': 0.71611, 'omega_b': 0.01674439537328655, 'omega_cdm': 0.10555894460974954, 'omega_ini_dcdm': 0.23162661758526396, 'Gamma_dcdm': 2504.3972247170454, 'H0': 74.78714839427658, 'ln10^{10}A_s': 3.242477022004862, 'n_s': 0.9521282306646963, 'tau_reio': 0.3760490223264717, 'P_k_max_1/Mpc': 8.4445, 'z_max_pk': 13.65}
thermodynamics_init(L:404) :error in thermodynamics_solve(ppr,pba,pth,ptw,pvecback);
=>thermodynamics_solve(L:1602) :error in thermodynamics_reionization_evolve_with_tau(&tpaw, interval_limit[index_interval], interval_limit[index_interval+1], mz_output, pth->tt_size);
=>thermodynamics_reionization_evolve_with_tau(L:2269) :condition (tau_sup < pth->tau_reio) is true; parameters are such that reionization cannot start after z_start_max
The following model failed in CLASS:
{'output': 'tCl,lCl,pCl,mPk', 'lensing': 'yes', 'k_pivot': 0.05, 'N_ur': 2.0328, 'N_ncdm': 1, 'm_ncdm': 0.06, 'T_ncdm': 0.71611, 'omega_b': 0.01749642051936875, 'omega_cdm': 0.053647949259701094, 'omega_ini_dcdm': 0.29710776297888786, 'Gamma_dcdm': 2505.736948618206, 'H0': 74.85704850824474, 'ln10^{10}A_s': 2.5888188187725287, 'n_s': 1.1582987819943307, 'tau_reio': 0.3753640868950501, 'P_k_max_1/Mpc': 8.4445, 'z_max_pk': 13.65}
thermodynamics_init(L:404) :error in thermodynamics_solve(ppr,pba,pth,ptw,pvecback);
=>thermodynamics_solve(L:1602) :error in thermodynamics_reionization_evolve_with_tau(&tpaw, interval_limit[index_interval], interval_limit[index_interval+1], mz_output, pth->tt_size);
=>thermodynamics_reionization_evolve_with_tau(L:2269) :condition (tau_sup < pth->tau_reio) is true; parameters are such that reionization cannot start after z_start_max
The following model failed in CLASS:
{'output': 'tCl,lCl,pCl,mPk', 'lensing': 'yes', 'k_pivot': 0.05, 'N_ur': 2.0328, 'N_ncdm': 1, 'm_ncdm': 0.06, 'T_ncdm': 0.71611, 'omega_b': 0.014399307241014054, 'omega_cdm': 0.23027072769565954, 'omega_ini_dcdm': 0.022784434786141033, 'Gamma_dcdm': 2504.8126255734232, 'H0': 74.44067359200788, 'ln10^{10}A_s': 2.4249899734706513, 'n_s': 1.0709227222333473, 'tau_reio': 0.37474160574561344, 'P_k_max_1/Mpc': 8.4445, 'z_max_pk': 13.65}
thermodynamics_init(L:404) :error in thermodynamics_solve(ppr,pba,pth,ptw,pvecback);
=>thermodynamics_solve(L:1602) :error in thermodynamics_reionization_evolve_with_tau(&tpaw, interval_limit[index_interval], interval_limit[index_interval+1], mz_output, pth->tt_size);
=>thermodynamics_reionization_evolve_with_tau(L:2269) :condition (tau_sup < pth->tau_reio) is true; parameters are such that reionization cannot start after z_start_max
The following model failed in CLASS:
{'output': 'tCl,lCl,pCl,mPk', 'lensing': 'yes', 'k_pivot': 0.05, 'N_ur': 2.0328, 'N_ncdm': 1, 'm_ncdm': 0.06, 'T_ncdm': 0.71611, 'omega_b': 0.014430878845208524, 'omega_cdm': 0.024277062214082767, 'omega_ini_dcdm': 0.19202238780957034, 'Gamma_dcdm': 2505.047992801007, 'H0': 75.79012293355161, 'ln10^{10}A_s': 3.3568065899650374, 'n_s': 1.1047838962780958, 'tau_reio': 0.39928459504612024, 'P_k_max_1/Mpc': 8.4445, 'z_max_pk': 13.65}
thermodynamics_init(L:404) :error in thermodynamics_solve(ppr,pba,pth,ptw,pvecback);
=>thermodynamics_solve(L:1602) :error in thermodynamics_reionization_evolve_with_tau(&tpaw, interval_limit[index_interval], interval_limit[index_interval+1], mz_output, pth->tt_size);
=>thermodynamics_reionization_evolve_with_tau(L:2269) :condition (tau_sup < pth->tau_reio) is true; parameters are such that reionization cannot start after z_start_max
The following model failed in CLASS:
{'output': 'tCl,lCl,pCl,mPk', 'lensing': 'yes', 'k_pivot': 0.05, 'N_ur': 2.0328, 'N_ncdm': 1, 'm_ncdm': 0.06, 'T_ncdm': 0.71611, 'omega_b': 0.016274447168964104, 'omega_cdm': 0.1095950991052247, 'omega_ini_dcdm': 0.29754746231482154, 'Gamma_dcdm': 2504.6500855471986, 'H0': 74.74667617847518, 'ln10^{10}A_s': 3.6947189180187134, 'n_s': 0.8389412360762175, 'tau_reio': 0.3371891557148611, 'P_k_max_1/Mpc': 8.4445, 'z_max_pk': 13.65}
thermodynamics_init(L:404) :error in thermodynamics_solve(ppr,pba,pth,ptw,pvecback);
=>thermodynamics_solve(L:1602) :error in thermodynamics_reionization_evolve_with_tau(&tpaw, interval_limit[index_interval], interval_limit[index_interval+1], mz_output, pth->tt_size);
=>thermodynamics_reionization_evolve_with_tau(L:2269) :condition (tau_sup < pth->tau_reio) is true; parameters are such that reionization cannot start after z_start_max
The following model failed in CLASS:
{'output': 'tCl,lCl,pCl,mPk', 'lensing': 'yes', 'k_pivot': 0.05, 'N_ur': 2.0328, 'N_ncdm': 1, 'm_ncdm': 0.06, 'T_ncdm': 0.71611, 'omega_b': 0.015639171112217083, 'omega_cdm': 0.11649262692593622, 'omega_ini_dcdm': 0.27635795683707565, 'Gamma_dcdm': 2504.311042117355, 'H0': 74.95694194007963, 'ln10^{10}A_s': 2.897233861596699, 'n_s': 0.9819807102723311, 'tau_reio': 0.3749501080972112, 'P_k_max_1/Mpc': 8.4445, 'z_max_pk': 13.65}
thermodynamics_init(L:404) :error in thermodynamics_solve(ppr,pba,pth,ptw,pvecback);
=>thermodynamics_solve(L:1602) :error in thermodynamics_reionization_evolve_with_tau(&tpaw, interval_limit[index_interval], interval_limit[index_interval+1], mz_output, pth->tt_size);
=>thermodynamics_reionization_evolve_with_tau(L:2269) :condition (tau_sup < pth->tau_reio) is true; parameters are such that reionization cannot start after z_start_max
The following model failed in CLASS:
{'output': 'tCl,lCl,pCl,mPk', 'lensing': 'yes', 'k_pivot': 0.05, 'N_ur': 2.0328, 'N_ncdm': 1, 'm_ncdm': 0.06, 'T_ncdm': 0.71611, 'omega_b': 0.01727257230146751, 'omega_cdm': 0.22522614979014016, 'omega_ini_dcdm': 0.35533314585427905, 'Gamma_dcdm': 2504.9085061634905, 'H0': 75.00578904311439, 'ln10^{10}A_s': 3.885663972777223, 'n_s': 1.1421693667847799, 'tau_reio': 0.39364499236292405, 'P_k_max_1/Mpc': 8.4445, 'z_max_pk': 13.65}
thermodynamics_init(L:404) :error in thermodynamics_solve(ppr,pba,pth,ptw,pvecback);
=>thermodynamics_solve(L:1602) :error in thermodynamics_reionization_evolve_with_tau(&tpaw, interval_limit[index_interval], interval_limit[index_interval+1], mz_output, pth->tt_size);
=>thermodynamics_reionization_evolve_with_tau(L:2269) :condition (tau_sup < pth->tau_reio) is true; parameters are such that reionization cannot start after z_start_max
The following model failed in CLASS:
{'output': 'tCl,lCl,pCl,mPk', 'lensing': 'yes', 'k_pivot': 0.05, 'N_ur': 2.0328, 'N_ncdm': 1, 'm_ncdm': 0.06, 'T_ncdm': 0.71611, 'omega_b': 0.01838349101081171, 'omega_cdm': 0.17571926607404326, 'omega_ini_dcdm': 0.352720473225683, 'Gamma_dcdm': 2505.508971173516, 'H0': 74.54370773254807, 'ln10^{10}A_s': 3.592571791757109, 'n_s': 0.8945761673934197, 'tau_reio': 0.3932728856918155, 'P_k_max_1/Mpc': 8.4445, 'z_max_pk': 13.65}
thermodynamics_init(L:404) :error in thermodynamics_solve(ppr,pba,pth,ptw,pvecback);
=>thermodynamics_solve(L:1602) :error in thermodynamics_reionization_evolve_with_tau(&tpaw, interval_limit[index_interval], interval_limit[index_interval+1], mz_output, pth->tt_size);
=>thermodynamics_reionization_evolve_with_tau(L:2269) :condition (tau_sup < pth->tau_reio) is true; parameters are such that reionization cannot start after z_start_max
The following model failed in CLASS:
{'output': 'tCl,lCl,pCl,mPk', 'lensing': 'yes', 'k_pivot': 0.05, 'N_ur': 2.0328, 'N_ncdm': 1, 'm_ncdm': 0.06, 'T_ncdm': 0.71611, 'omega_b': 0.016309825315693586, 'omega_cdm': 0.22704591718188877, 'omega_ini_dcdm': 0.2688204649823779, 'Gamma_dcdm': 2505.6269859548343, 'H0': 74.56779768578497, 'ln10^{10}A_s': 2.751171232438309, 'n_s': 0.7471357904464886, 'tau_reio': 0.3265601137436468, 'P_k_max_1/Mpc': 8.4445, 'z_max_pk': 13.65}
thermodynamics_init(L:404) :error in thermodynamics_solve(ppr,pba,pth,ptw,pvecback);
=>thermodynamics_solve(L:1602) :error in thermodynamics_reionization_evolve_with_tau(&tpaw, interval_limit[index_interval], interval_limit[index_interval+1], mz_output, pth->tt_size);
=>thermodynamics_reionization_evolve_with_tau(L:2269) :condition (tau_sup < pth->tau_reio) is true; parameters are such that reionization cannot start after z_start_max
The following model failed in CLASS:
{'output': 'tCl,lCl,pCl,mPk', 'lensing': 'yes', 'k_pivot': 0.05, 'N_ur': 2.0328, 'N_ncdm': 1, 'm_ncdm': 0.06, 'T_ncdm': 0.71611, 'omega_b': 0.02238388255107271, 'omega_cdm': 0.15158406749613762, 'omega_ini_dcdm': 0.37871925598762035, 'Gamma_dcdm': 2504.6126665136285, 'H0': 74.73890162256107, 'ln10^{10}A_s': 2.5172510847368326, 'n_s': 1.0185103755341594, 'tau_reio': 0.39078466588585403, 'P_k_max_1/Mpc': 8.4445, 'z_max_pk': 13.65}
thermodynamics_init(L:404) :error in thermodynamics_solve(ppr,pba,pth,ptw,pvecback);
=>thermodynamics_solve(L:1602) :error in thermodynamics_reionization_evolve_with_tau(&tpaw, interval_limit[index_interval], interval_limit[index_interval+1], mz_output, pth->tt_size);
=>thermodynamics_reionization_evolve_with_tau(L:2269) :condition (tau_sup < pth->tau_reio) is true; parameters are such that reionization cannot start after z_start_max
The following model failed in CLASS:
{'output': 'tCl,lCl,pCl,mPk', 'lensing': 'yes', 'k_pivot': 0.05, 'N_ur': 2.0328, 'N_ncdm': 1, 'm_ncdm': 0.06, 'T_ncdm': 0.71611, 'omega_b': 0.016512087296616833, 'omega_cdm': 0.014044838367646098, 'omega_ini_dcdm': 0.3520153522735227, 'Gamma_dcdm': 2505.2669190809106, 'H0': 74.53470446351605, 'ln10^{10}A_s': 3.0865904362047534, 'n_s': 1.2442719096619732, 'tau_reio': 0.349169992238597, 'P_k_max_1/Mpc': 8.4445, 'z_max_pk': 13.65}
thermodynamics_init(L:404) :error in thermodynamics_solve(ppr,pba,pth,ptw,pvecback);
=>thermodynamics_solve(L:1602) :error in thermodynamics_reionization_evolve_with_tau(&tpaw, interval_limit[index_interval], interval_limit[index_interval+1], mz_output, pth->tt_size);
=>thermodynamics_reionization_evolve_with_tau(L:2269) :condition (tau_sup < pth->tau_reio) is true; parameters are such that reionization cannot start after z_start_max
The following model failed in CLASS:
{'output': 'tCl,lCl,pCl,mPk', 'lensing': 'yes', 'k_pivot': 0.05, 'N_ur': 2.0328, 'N_ncdm': 1, 'm_ncdm': 0.06, 'T_ncdm': 0.71611, 'omega_b': 0.015312745204421795, 'omega_cdm': 0.23151579335817907, 'omega_ini_dcdm': 0.3227812099309399, 'Gamma_dcdm': 2505.2892854506586, 'H0': 74.84389257049416, 'ln10^{10}A_s': 2.2107740764326853, 'n_s': 0.7475715415309463, 'tau_reio': 0.36782589115840125, 'P_k_max_1/Mpc': 8.4445, 'z_max_pk': 13.65}
thermodynamics_init(L:404) :error in thermodynamics_solve(ppr,pba,pth,ptw,pvecback);
=>thermodynamics_solve(L:1602) :error in thermodynamics_reionization_evolve_with_tau(&tpaw, interval_limit[index_interval], interval_limit[index_interval+1], mz_output, pth->tt_size);
=>thermodynamics_reionization_evolve_with_tau(L:2269) :condition (tau_sup < pth->tau_reio) is true; parameters are such that reionization cannot start after z_start_max
The following model failed in CLASS:
{'output': 'tCl,lCl,pCl,mPk', 'lensing': 'yes', 'k_pivot': 0.05, 'N_ur': 2.0328, 'N_ncdm': 1, 'm_ncdm': 0.06, 'T_ncdm': 0.71611, 'omega_b': 0.016028582707594104, 'omega_cdm': 0.19795588701297417, 'omega_ini_dcdm': 0.06874126919225212, 'Gamma_dcdm': 2505.160900703938, 'H0': 75.69363815606164, 'ln10^{10}A_s': 3.029338532525751, 'n_s': 0.8360182825212504, 'tau_reio': 0.3883041244693204, 'P_k_max_1/Mpc': 8.4445, 'z_max_pk': 13.65}
thermodynamics_init(L:404) :error in thermodynamics_solve(ppr,pba,pth,ptw,pvecback);
=>thermodynamics_solve(L:1602) :error in thermodynamics_reionization_evolve_with_tau(&tpaw, interval_limit[index_interval], interval_limit[index_interval+1], mz_output, pth->tt_size);
=>thermodynamics_reionization_evolve_with_tau(L:2269) :condition (tau_sup < pth->tau_reio) is true; parameters are such that reionization cannot start after z_start_max
The following model failed in CLASS:
{'output': 'tCl,lCl,pCl,mPk', 'lensing': 'yes', 'k_pivot': 0.05, 'N_ur': 2.0328, 'N_ncdm': 1, 'm_ncdm': 0.06, 'T_ncdm': 0.71611, 'omega_b': 0.014298003112025674, 'omega_cdm': 0.21937802119470134, 'omega_ini_dcdm': 0.23287338088406626, 'Gamma_dcdm': 2504.6100942788253, 'H0': 74.32333624266411, 'ln10^{10}A_s': 2.4799983726882093, 'n_s': 0.7006731900468105, 'tau_reio': 0.33086032767481144, 'P_k_max_1/Mpc': 8.4445, 'z_max_pk': 13.65}
thermodynamics_init(L:404) :error in thermodynamics_solve(ppr,pba,pth,ptw,pvecback);
=>thermodynamics_solve(L:1602) :error in thermodynamics_reionization_evolve_with_tau(&tpaw, interval_limit[index_interval], interval_limit[index_interval+1], mz_output, pth->tt_size);
=>thermodynamics_reionization_evolve_with_tau(L:2269) :condition (tau_sup < pth->tau_reio) is true; parameters are such that reionization cannot start after z_start_max
The following model failed in CLASS:
{'output': 'tCl,lCl,pCl,mPk', 'lensing': 'yes', 'k_pivot': 0.05, 'N_ur': 2.0328, 'N_ncdm': 1, 'm_ncdm': 0.06, 'T_ncdm': 0.71611, 'omega_b': 0.016904461670822202, 'omega_cdm': 0.09639616397044636, 'omega_ini_dcdm': 0.2618656834884745, 'Gamma_dcdm': 2504.9127756142234, 'H0': 75.5347649187068, 'ln10^{10}A_s': 2.5544401375360666, 'n_s': 0.8432149853783888, 'tau_reio': 0.3827109301515, 'P_k_max_1/Mpc': 8.4445, 'z_max_pk': 13.65}
thermodynamics_init(L:404) :error in thermodynamics_solve(ppr,pba,pth,ptw,pvecback);
=>thermodynamics_solve(L:1602) :error in thermodynamics_reionization_evolve_with_tau(&tpaw, interval_limit[index_interval], interval_limit[index_interval+1], mz_output, pth->tt_size);
=>thermodynamics_reionization_evolve_with_tau(L:2269) :condition (tau_sup < pth->tau_reio) is true; parameters are such that reionization cannot start after z_start_max
The following model failed in CLASS:
{'output': 'tCl,lCl,pCl,mPk', 'lensing': 'yes', 'k_pivot': 0.05, 'N_ur': 2.0328, 'N_ncdm': 1, 'm_ncdm': 0.06, 'T_ncdm': 0.71611, 'omega_b': 0.015487429760510048, 'omega_cdm': 0.0031331084692262368, 'omega_ini_dcdm': 0.37864904118886245, 'Gamma_dcdm': 2505.6548919609872, 'H0': 74.52999948119911, 'ln10^{10}A_s': 3.4575422259732322, 'n_s': 1.0131557633152315, 'tau_reio': 0.3631210402507523, 'P_k_max_1/Mpc': 8.4445, 'z_max_pk': 13.65}
thermodynamics_init(L:404) :error in thermodynamics_solve(ppr,pba,pth,ptw,pvecback);
=>thermodynamics_solve(L:1602) :error in thermodynamics_reionization_evolve_with_tau(&tpaw, interval_limit[index_interval], interval_limit[index_interval+1], mz_output, pth->tt_size);
=>thermodynamics_reionization_evolve_with_tau(L:2269) :condition (tau_sup < pth->tau_reio) is true; parameters are such that reionization cannot start after z_start_max
The following model failed in CLASS:
{'output': 'tCl,lCl,pCl,mPk', 'lensing': 'yes', 'k_pivot': 0.05, 'N_ur': 2.0328, 'N_ncdm': 1, 'm_ncdm': 0.06, 'T_ncdm': 0.71611, 'omega_b': 0.015602147177022721, 'omega_cdm': 0.10918817946750997, 'omega_ini_dcdm': 0.2220845543700482, 'Gamma_dcdm': 2504.656704628741, 'H0': 74.86732686143691, 'ln10^{10}A_s': 2.252863883384755, 'n_s': 1.1040305517017834, 'tau_reio': 0.3961947510615795, 'P_k_max_1/Mpc': 8.4445, 'z_max_pk': 13.65}
thermodynamics_init(L:404) :error in thermodynamics_solve(ppr,pba,pth,ptw,pvecback);
=>thermodynamics_solve(L:1602) :error in thermodynamics_reionization_evolve_with_tau(&tpaw, interval_limit[index_interval], interval_limit[index_interval+1], mz_output, pth->tt_size);
=>thermodynamics_reionization_evolve_with_tau(L:2269) :condition (tau_sup < pth->tau_reio) is true; parameters are such that reionization cannot start after z_start_max
The following model failed in CLASS:
{'output': 'tCl,lCl,pCl,mPk', 'lensing': 'yes', 'k_pivot': 0.05, 'N_ur': 2.0328, 'N_ncdm': 1, 'm_ncdm': 0.06, 'T_ncdm': 0.71611, 'omega_b': 0.01763589669725435, 'omega_cdm': 0.1603925201247211, 'omega_ini_dcdm': 0.31658607779183645, 'Gamma_dcdm': 2504.335166597648, 'H0': 75.11346144593058, 'ln10^{10}A_s': 3.6463531617324163, 'n_s': 0.938716796339972, 'tau_reio': 0.34805908141592135, 'P_k_max_1/Mpc': 8.4445, 'z_max_pk': 13.65}
thermodynamics_init(L:404) :error in thermodynamics_solve(ppr,pba,pth,ptw,pvecback);
=>thermodynamics_solve(L:1602) :error in thermodynamics_reionization_evolve_with_tau(&tpaw, interval_limit[index_interval], interval_limit[index_interval+1], mz_output, pth->tt_size);
=>thermodynamics_reionization_evolve_with_tau(L:2269) :condition (tau_sup < pth->tau_reio) is true; parameters are such that reionization cannot start after z_start_max
The following model failed in CLASS:
{'output': 'tCl,lCl,pCl,mPk', 'lensing': 'yes', 'k_pivot': 0.05, 'N_ur': 2.0328, 'N_ncdm': 1, 'm_ncdm': 0.06, 'T_ncdm': 0.71611, 'omega_b': 0.014219729495132392, 'omega_cdm': 0.14688376607209952, 'omega_ini_dcdm': 0.38799243497253805, 'Gamma_dcdm': 2505.7479867942993, 'H0': 74.79117700395243, 'ln10^{10}A_s': 2.9837547398571815, 'n_s': 1.2625969385927827, 'tau_reio': 0.2658162812143672, 'P_k_max_1/Mpc': 8.4445, 'z_max_pk': 13.65}
thermodynamics_init(L:404) :error in thermodynamics_solve(ppr,pba,pth,ptw,pvecback);
=>thermodynamics_solve(L:1602) :error in thermodynamics_reionization_evolve_with_tau(&tpaw, interval_limit[index_interval], interval_limit[index_interval+1], mz_output, pth->tt_size);
=>thermodynamics_reionization_evolve_with_tau(L:2269) :condition (tau_sup < pth->tau_reio) is true; parameters are such that reionization cannot start after z_start_max
The following model failed in CLASS:
{'output': 'tCl,lCl,pCl,mPk', 'lensing': 'yes', 'k_pivot': 0.05, 'N_ur': 2.0328, 'N_ncdm': 1, 'm_ncdm': 0.06, 'T_ncdm': 0.71611, 'omega_b': 0.014625376687212407, 'omega_cdm': 0.22935957393118195, 'omega_ini_dcdm': 0.3200356030284026, 'Gamma_dcdm': 2505.475241477012, 'H0': 75.15309396710441, 'ln10^{10}A_s': 3.463298713998784, 'n_s': 1.1518070928129762, 'tau_reio': 0.24905264804336127, 'P_k_max_1/Mpc': 8.4445, 'z_max_pk': 13.65}
thermodynamics_init(L:404) :error in thermodynamics_solve(ppr,pba,pth,ptw,pvecback);
=>thermodynamics_solve(L:1602) :error in thermodynamics_reionization_evolve_with_tau(&tpaw, interval_limit[index_interval], interval_limit[index_interval+1], mz_output, pth->tt_size);
=>thermodynamics_reionization_evolve_with_tau(L:2269) :condition (tau_sup < pth->tau_reio) is true; parameters are such that reionization cannot start after z_start_max
The following model failed in CLASS:
{'output': 'tCl,lCl,pCl,mPk', 'lensing': 'yes', 'k_pivot': 0.05, 'N_ur': 2.0328, 'N_ncdm': 1, 'm_ncdm': 0.06, 'T_ncdm': 0.71611, 'omega_b': 0.016709976941679618, 'omega_cdm': 0.18266021685204517, 'omega_ini_dcdm': 0.22122935635486532, 'Gamma_dcdm': 2505.8492388078516, 'H0': 75.21054273474336, 'ln10^{10}A_s': 3.0060604556087225, 'n_s': 1.2969683322421655, 'tau_reio': 0.34936017029733035, 'P_k_max_1/Mpc': 8.4445, 'z_max_pk': 13.65}
thermodynamics_init(L:404) :error in thermodynamics_solve(ppr,pba,pth,ptw,pvecback);
=>thermodynamics_solve(L:1602) :error in thermodynamics_reionization_evolve_with_tau(&tpaw, interval_limit[index_interval], interval_limit[index_interval+1], mz_output, pth->tt_size);
=>thermodynamics_reionization_evolve_with_tau(L:2269) :condition (tau_sup < pth->tau_reio) is true; parameters are such that reionization cannot start after z_start_max
The following model failed in CLASS:
{'output': 'tCl,lCl,pCl,mPk', 'lensing': 'yes', 'k_pivot': 0.05, 'N_ur': 2.0328, 'N_ncdm': 1, 'm_ncdm': 0.06, 'T_ncdm': 0.71611, 'omega_b': 0.018364110693020422, 'omega_cdm': 0.12789102515879616, 'omega_ini_dcdm': 0.3706020194867306, 'Gamma_dcdm': 2505.21542741643, 'H0': 74.80800507199986, 'ln10^{10}A_s': 2.425925422040086, 'n_s': 0.9567962965023333, 'tau_reio': 0.3574812140760757, 'P_k_max_1/Mpc': 8.4445, 'z_max_pk': 13.65}
thermodynamics_init(L:404) :error in thermodynamics_solve(ppr,pba,pth,ptw,pvecback);
=>thermodynamics_solve(L:1602) :error in thermodynamics_reionization_evolve_with_tau(&tpaw, interval_limit[index_interval], interval_limit[index_interval+1], mz_output, pth->tt_size);
=>thermodynamics_reionization_evolve_with_tau(L:2269) :condition (tau_sup < pth->tau_reio) is true; parameters are such that reionization cannot start after z_start_max
The following model failed in CLASS:
{'output': 'tCl,lCl,pCl,mPk', 'lensing': 'yes', 'k_pivot': 0.05, 'N_ur': 2.0328, 'N_ncdm': 1, 'm_ncdm': 0.06, 'T_ncdm': 0.71611, 'omega_b': 0.014713036696417473, 'omega_cdm': 0.16668727233192543, 'omega_ini_dcdm': 0.33430584954921516, 'Gamma_dcdm': 2504.6863734692283, 'H0': 75.61338572946381, 'ln10^{10}A_s': 3.376436080512509, 'n_s': 1.0001316312730686, 'tau_reio': 0.3339800895776302, 'P_k_max_1/Mpc': 8.4445, 'z_max_pk': 13.65}
thermodynamics_init(L:404) :error in thermodynamics_solve(ppr,pba,pth,ptw,pvecback);
=>thermodynamics_solve(L:1602) :error in thermodynamics_reionization_evolve_with_tau(&tpaw, interval_limit[index_interval], interval_limit[index_interval+1], mz_output, pth->tt_size);
=>thermodynamics_reionization_evolve_with_tau(L:2269) :condition (tau_sup < pth->tau_reio) is true; parameters are such that reionization cannot start after z_start_max
The following model failed in CLASS:
{'output': 'tCl,lCl,pCl,mPk', 'lensing': 'yes', 'k_pivot': 0.05, 'N_ur': 2.0328, 'N_ncdm': 1, 'm_ncdm': 0.06, 'T_ncdm': 0.71611, 'omega_b': 0.01489609470382587, 'omega_cdm': 0.14548757212596247, 'omega_ini_dcdm': 0.16569984949523803, 'Gamma_dcdm': 2504.673605586238, 'H0': 74.6347421492041, 'ln10^{10}A_s': 2.9423159237755376, 'n_s': 0.9722229898370522, 'tau_reio': 0.3503381814479399, 'P_k_max_1/Mpc': 8.4445, 'z_max_pk': 13.65}
thermodynamics_init(L:404) :error in thermodynamics_solve(ppr,pba,pth,ptw,pvecback);
=>thermodynamics_solve(L:1602) :error in thermodynamics_reionization_evolve_with_tau(&tpaw, interval_limit[index_interval], interval_limit[index_interval+1], mz_output, pth->tt_size);
=>thermodynamics_reionization_evolve_with_tau(L:2269) :condition (tau_sup < pth->tau_reio) is true; parameters are such that reionization cannot start after z_start_max
The following model failed in CLASS:
{'output': 'tCl,lCl,pCl,mPk', 'lensing': 'yes', 'k_pivot': 0.05, 'N_ur': 2.0328, 'N_ncdm': 1, 'm_ncdm': 0.06, 'T_ncdm': 0.71611, 'omega_b': 0.019580476762004476, 'omega_cdm': 0.23437090856229856, 'omega_ini_dcdm': 0.24883791141182063, 'Gamma_dcdm': 2504.937603841599, 'H0': 74.82835401609505, 'ln10^{10}A_s': 2.8096100019536716, 'n_s': 1.210393369089377, 'tau_reio': 0.3629296220361976, 'P_k_max_1/Mpc': 8.4445, 'z_max_pk': 13.65}
thermodynamics_init(L:404) :error in thermodynamics_solve(ppr,pba,pth,ptw,pvecback);
=>thermodynamics_solve(L:1602) :error in thermodynamics_reionization_evolve_with_tau(&tpaw, interval_limit[index_interval], interval_limit[index_interval+1], mz_output, pth->tt_size);
=>thermodynamics_reionization_evolve_with_tau(L:2269) :condition (tau_sup < pth->tau_reio) is true; parameters are such that reionization cannot start after z_start_max
The following model failed in CLASS:
{'output': 'tCl,lCl,pCl,mPk', 'lensing': 'yes', 'k_pivot': 0.05, 'N_ur': 2.0328, 'N_ncdm': 1, 'm_ncdm': 0.06, 'T_ncdm': 0.71611, 'omega_b': 0.014119712939089965, 'omega_cdm': 0.056604983893644586, 'omega_ini_dcdm': 0.3410153283924604, 'Gamma_dcdm': 2504.543077742259, 'H0': 75.0520039748661, 'ln10^{10}A_s': 2.439811724464241, 'n_s': 1.0781026561468006, 'tau_reio': 0.3157036098957473, 'P_k_max_1/Mpc': 8.4445, 'z_max_pk': 13.65}
thermodynamics_init(L:404) :error in thermodynamics_solve(ppr,pba,pth,ptw,pvecback);
=>thermodynamics_solve(L:1602) :error in thermodynamics_reionization_evolve_with_tau(&tpaw, interval_limit[index_interval], interval_limit[index_interval+1], mz_output, pth->tt_size);
=>thermodynamics_reionization_evolve_with_tau(L:2269) :condition (tau_sup < pth->tau_reio) is true; parameters are such that reionization cannot start after z_start_max
The following model failed in CLASS:
{'output': 'tCl,lCl,pCl,mPk', 'lensing': 'yes', 'k_pivot': 0.05, 'N_ur': 2.0328, 'N_ncdm': 1, 'm_ncdm': 0.06, 'T_ncdm': 0.71611, 'omega_b': 0.018615614197907117, 'omega_cdm': 0.2073580711917294, 'omega_ini_dcdm': 0.39132542289901684, 'Gamma_dcdm': 2505.0498182697575, 'H0': 75.23921284419092, 'ln10^{10}A_s': 2.09615907180281, 'n_s': 1.2328116538741187, 'tau_reio': 0.34507378566988123, 'P_k_max_1/Mpc': 8.4445, 'z_max_pk': 13.65}
thermodynamics_init(L:404) :error in thermodynamics_solve(ppr,pba,pth,ptw,pvecback);
=>thermodynamics_solve(L:1602) :error in thermodynamics_reionization_evolve_with_tau(&tpaw, interval_limit[index_interval], interval_limit[index_interval+1], mz_output, pth->tt_size);
=>thermodynamics_reionization_evolve_with_tau(L:2269) :condition (tau_sup < pth->tau_reio) is true; parameters are such that reionization cannot start after z_start_max
The following model failed in CLASS:
{'output': 'tCl,lCl,pCl,mPk', 'lensing': 'yes', 'k_pivot': 0.05, 'N_ur': 2.0328, 'N_ncdm': 1, 'm_ncdm': 0.06, 'T_ncdm': 0.71611, 'omega_b': 0.01616506657962801, 'omega_cdm': 0.23465104530129519, 'omega_ini_dcdm': 0.019697195740019352, 'Gamma_dcdm': 2504.5788486238953, 'H0': 75.13027226431431, 'ln10^{10}A_s': 3.345956385596672, 'n_s': 0.8504901742591869, 'tau_reio': 0.3801312957847166, 'P_k_max_1/Mpc': 8.4445, 'z_max_pk': 13.65}
thermodynamics_init(L:404) :error in thermodynamics_solve(ppr,pba,pth,ptw,pvecback);
=>thermodynamics_solve(L:1602) :error in thermodynamics_reionization_evolve_with_tau(&tpaw, interval_limit[index_interval], interval_limit[index_interval+1], mz_output, pth->tt_size);
=>thermodynamics_reionization_evolve_with_tau(L:2269) :condition (tau_sup < pth->tau_reio) is true; parameters are such that reionization cannot start after z_start_max
The following model failed in CLASS:
{'output': 'tCl,lCl,pCl,mPk', 'lensing': 'yes', 'k_pivot': 0.05, 'N_ur': 2.0328, 'N_ncdm': 1, 'm_ncdm': 0.06, 'T_ncdm': 0.71611, 'omega_b': 0.015461444353185024, 'omega_cdm': 0.23147295640217502, 'omega_ini_dcdm': 0.31842347109935515, 'Gamma_dcdm': 2504.6969042629785, 'H0': 74.56130035369858, 'ln10^{10}A_s': 2.2633327081463666, 'n_s': 1.0791131932426494, 'tau_reio': 0.36650922950209985, 'P_k_max_1/Mpc': 8.4445, 'z_max_pk': 13.65}
thermodynamics_init(L:404) :error in thermodynamics_solve(ppr,pba,pth,ptw,pvecback);
=>thermodynamics_solve(L:1602) :error in thermodynamics_reionization_evolve_with_tau(&tpaw, interval_limit[index_interval], interval_limit[index_interval+1], mz_output, pth->tt_size);
=>thermodynamics_reionization_evolve_with_tau(L:2269) :condition (tau_sup < pth->tau_reio) is true; parameters are such that reionization cannot start after z_start_max
The following model failed in CLASS:
{'output': 'tCl,lCl,pCl,mPk', 'lensing': 'yes', 'k_pivot': 0.05, 'N_ur': 2.0328, 'N_ncdm': 1, 'm_ncdm': 0.06, 'T_ncdm': 0.71611, 'omega_b': 0.014206315685180932, 'omega_cdm': 0.06668981359525443, 'omega_ini_dcdm': 0.3504753137947734, 'Gamma_dcdm': 2505.1351746439295, 'H0': 75.17048345055356, 'ln10^{10}A_s': 3.2067909219244113, 'n_s': 1.0635695970243204, 'tau_reio': 0.33896035527476176, 'P_k_max_1/Mpc': 8.4445, 'z_max_pk': 13.65}
thermodynamics_init(L:404) :error in thermodynamics_solve(ppr,pba,pth,ptw,pvecback);
=>thermodynamics_solve(L:1602) :error in thermodynamics_reionization_evolve_with_tau(&tpaw, interval_limit[index_interval], interval_limit[index_interval+1], mz_output, pth->tt_size);
=>thermodynamics_reionization_evolve_with_tau(L:2269) :condition (tau_sup < pth->tau_reio) is true; parameters are such that reionization cannot start after z_start_max
The following model failed in CLASS:
{'output': 'tCl,lCl,pCl,mPk', 'lensing': 'yes', 'k_pivot': 0.05, 'N_ur': 2.0328, 'N_ncdm': 1, 'm_ncdm': 0.06, 'T_ncdm': 0.71611, 'omega_b': 0.02102321416738323, 'omega_cdm': 0.2268085416818813, 'omega_ini_dcdm': 0.37980194317948474, 'Gamma_dcdm': 2504.648890759661, 'H0': 74.57864298933694, 'ln10^{10}A_s': 2.780401738444, 'n_s': 1.1770991109014006, 'tau_reio': 0.3835804414035806, 'P_k_max_1/Mpc': 8.4445, 'z_max_pk': 13.65}
thermodynamics_init(L:404) :error in thermodynamics_solve(ppr,pba,pth,ptw,pvecback);
=>thermodynamics_solve(L:1602) :error in thermodynamics_reionization_evolve_with_tau(&tpaw, interval_limit[index_interval], interval_limit[index_interval+1], mz_output, pth->tt_size);
=>thermodynamics_reionization_evolve_with_tau(L:2269) :condition (tau_sup < pth->tau_reio) is true; parameters are such that reionization cannot start after z_start_max
The following model failed in CLASS:
{'output': 'tCl,lCl,pCl,mPk', 'lensing': 'yes', 'k_pivot': 0.05, 'N_ur': 2.0328, 'N_ncdm': 1, 'm_ncdm': 0.06, 'T_ncdm': 0.71611, 'omega_b': 0.015932308166323496, 'omega_cdm': 0.12032356079970431, 'omega_ini_dcdm': 0.2786101440249987, 'Gamma_dcdm': 2505.4894954558085, 'H0': 75.03523479933229, 'ln10^{10}A_s': 2.951845946079116, 'n_s': 0.9549837789549557, 'tau_reio': 0.33596758931076276, 'P_k_max_1/Mpc': 8.4445, 'z_max_pk': 13.65}
thermodynamics_init(L:404) :error in thermodynamics_solve(ppr,pba,pth,ptw,pvecback);
=>thermodynamics_solve(L:1602) :error in thermodynamics_reionization_evolve_with_tau(&tpaw, interval_limit[index_interval], interval_limit[index_interval+1], mz_output, pth->tt_size);
=>thermodynamics_reionization_evolve_with_tau(L:2269) :condition (tau_sup < pth->tau_reio) is true; parameters are such that reionization cannot start after z_start_max
The following model failed in CLASS:
{'output': 'tCl,lCl,pCl,mPk', 'lensing': 'yes', 'k_pivot': 0.05, 'N_ur': 2.0328, 'N_ncdm': 1, 'm_ncdm': 0.06, 'T_ncdm': 0.71611, 'omega_b': 0.014289108004905526, 'omega_cdm': 0.20538062526751094, 'omega_ini_dcdm': 0.2568684420565715, 'Gamma_dcdm': 2505.6370250141244, 'H0': 75.4069255310797, 'ln10^{10}A_s': 2.724232466977297, 'n_s': 1.1071975483196124, 'tau_reio': 0.3560841410954858, 'P_k_max_1/Mpc': 8.4445, 'z_max_pk': 13.65}
thermodynamics_init(L:404) :error in thermodynamics_solve(ppr,pba,pth,ptw,pvecback);
=>thermodynamics_solve(L:1602) :error in thermodynamics_reionization_evolve_with_tau(&tpaw, interval_limit[index_interval], interval_limit[index_interval+1], mz_output, pth->tt_size);
=>thermodynamics_reionization_evolve_with_tau(L:2269) :condition (tau_sup < pth->tau_reio) is true; parameters are such that reionization cannot start after z_start_max
The following model failed in CLASS:
{'output': 'tCl,lCl,pCl,mPk', 'lensing': 'yes', 'k_pivot': 0.05, 'N_ur': 2.0328, 'N_ncdm': 1, 'm_ncdm': 0.06, 'T_ncdm': 0.71611, 'omega_b': 0.018700775536850706, 'omega_cdm': 0.20314499204065833, 'omega_ini_dcdm': 0.29893236364636055, 'Gamma_dcdm': 2505.107950498649, 'H0': 74.8066612255394, 'ln10^{10}A_s': 2.0613647479020782, 'n_s': 1.1034829510181945, 'tau_reio': 0.37605241378529763, 'P_k_max_1/Mpc': 8.4445, 'z_max_pk': 13.65}
thermodynamics_init(L:404) :error in thermodynamics_solve(ppr,pba,pth,ptw,pvecback);
=>thermodynamics_solve(L:1602) :error in thermodynamics_reionization_evolve_with_tau(&tpaw, interval_limit[index_interval], interval_limit[index_interval+1], mz_output, pth->tt_size);
=>thermodynamics_reionization_evolve_with_tau(L:2269) :condition (tau_sup < pth->tau_reio) is true; parameters are such that reionization cannot start after z_start_max
The following model failed in CLASS:
{'output': 'tCl,lCl,pCl,mPk', 'lensing': 'yes', 'k_pivot': 0.05, 'N_ur': 2.0328, 'N_ncdm': 1, 'm_ncdm': 0.06, 'T_ncdm': 0.71611, 'omega_b': 0.014714154003047977, 'omega_cdm': 0.15892199389120165, 'omega_ini_dcdm': 0.27630073243356496, 'Gamma_dcdm': 2505.0099719500013, 'H0': 74.36234689586546, 'ln10^{10}A_s': 3.4424513213678107, 'n_s': 1.2796255626546693, 'tau_reio': 0.36711592250658187, 'P_k_max_1/Mpc': 8.4445, 'z_max_pk': 13.65}
thermodynamics_init(L:404) :error in thermodynamics_solve(ppr,pba,pth,ptw,pvecback);
=>thermodynamics_solve(L:1602) :error in thermodynamics_reionization_evolve_with_tau(&tpaw, interval_limit[index_interval], interval_limit[index_interval+1], mz_output, pth->tt_size);
=>thermodynamics_reionization_evolve_with_tau(L:2269) :condition (tau_sup < pth->tau_reio) is true; parameters are such that reionization cannot start after z_start_max
The following model failed in CLASS:
{'output': 'tCl,lCl,pCl,mPk', 'lensing': 'yes', 'k_pivot': 0.05, 'N_ur': 2.0328, 'N_ncdm': 1, 'm_ncdm': 0.06, 'T_ncdm': 0.71611, 'omega_b': 0.014293553635582852, 'omega_cdm': 0.17844774173941289, 'omega_ini_dcdm': 0.19795046274745956, 'Gamma_dcdm': 2505.6254273873947, 'H0': 74.72337559774876, 'ln10^{10}A_s': 2.4550111073440615, 'n_s': 1.1959313323873582, 'tau_reio': 0.3134264974858922, 'P_k_max_1/Mpc': 8.4445, 'z_max_pk': 13.65}
thermodynamics_init(L:404) :error in thermodynamics_solve(ppr,pba,pth,ptw,pvecback);
=>thermodynamics_solve(L:1602) :error in thermodynamics_reionization_evolve_with_tau(&tpaw, interval_limit[index_interval], interval_limit[index_interval+1], mz_output, pth->tt_size);
=>thermodynamics_reionization_evolve_with_tau(L:2269) :condition (tau_sup < pth->tau_reio) is true; parameters are such that reionization cannot start after z_start_max
The following model failed in CLASS:
{'output': 'tCl,lCl,pCl,mPk', 'lensing': 'yes', 'k_pivot': 0.05, 'N_ur': 2.0328, 'N_ncdm': 1, 'm_ncdm': 0.06, 'T_ncdm': 0.71611, 'omega_b': 0.014783954372200312, 'omega_cdm': 0.24079329803627975, 'omega_ini_dcdm': 0.33087173296853234, 'Gamma_dcdm': 2505.2170341956044, 'H0': 75.51216691967491, 'ln10^{10}A_s': 2.482398796384083, 'n_s': 1.0723907505356873, 'tau_reio': 0.35836866152600944, 'P_k_max_1/Mpc': 8.4445, 'z_max_pk': 13.65}
thermodynamics_init(L:404) :error in thermodynamics_solve(ppr,pba,pth,ptw,pvecback);
=>thermodynamics_solve(L:1602) :error in thermodynamics_reionization_evolve_with_tau(&tpaw, interval_limit[index_interval], interval_limit[index_interval+1], mz_output, pth->tt_size);
=>thermodynamics_reionization_evolve_with_tau(L:2269) :condition (tau_sup < pth->tau_reio) is true; parameters are such that reionization cannot start after z_start_max
The following model failed in CLASS:
{'output': 'tCl,lCl,pCl,mPk', 'lensing': 'yes', 'k_pivot': 0.05, 'N_ur': 2.0328, 'N_ncdm': 1, 'm_ncdm': 0.06, 'T_ncdm': 0.71611, 'omega_b': 0.022751186066464462, 'omega_cdm': 0.2210207716061282, 'omega_ini_dcdm': 0.3399611296623213, 'Gamma_dcdm': 2505.4172363218822, 'H0': 74.28833681212184, 'ln10^{10}A_s': 2.7945359527924865, 'n_s': 0.79321377169445, 'tau_reio': 0.3724764174486548, 'P_k_max_1/Mpc': 8.4445, 'z_max_pk': 13.65}
thermodynamics_init(L:404) :error in thermodynamics_solve(ppr,pba,pth,ptw,pvecback);
=>thermodynamics_solve(L:1602) :error in thermodynamics_reionization_evolve_with_tau(&tpaw, interval_limit[index_interval], interval_limit[index_interval+1], mz_output, pth->tt_size);
=>thermodynamics_reionization_evolve_with_tau(L:2269) :condition (tau_sup < pth->tau_reio) is true; parameters are such that reionization cannot start after z_start_max
The following model failed in CLASS:
{'output': 'tCl,lCl,pCl,mPk', 'lensing': 'yes', 'k_pivot': 0.05, 'N_ur': 2.0328, 'N_ncdm': 1, 'm_ncdm': 0.06, 'T_ncdm': 0.71611, 'omega_b': 0.016586522956399518, 'omega_cdm': 0.21667761319741455, 'omega_ini_dcdm': 0.05359379052495286, 'Gamma_dcdm': 2505.1769370593756, 'H0': 74.80022378628347, 'ln10^{10}A_s': 3.3756284501972402, 'n_s': 1.1529429438539092, 'tau_reio': 0.38091885643373624, 'P_k_max_1/Mpc': 8.4445, 'z_max_pk': 13.65}
thermodynamics_init(L:404) :error in thermodynamics_solve(ppr,pba,pth,ptw,pvecback);
=>thermodynamics_solve(L:1602) :error in thermodynamics_reionization_evolve_with_tau(&tpaw, interval_limit[index_interval], interval_limit[index_interval+1], mz_output, pth->tt_size);
=>thermodynamics_reionization_evolve_with_tau(L:2269) :condition (tau_sup < pth->tau_reio) is true; parameters are such that reionization cannot start after z_start_max
The following model failed in CLASS:
{'output': 'tCl,lCl,pCl,mPk', 'lensing': 'yes', 'k_pivot': 0.05, 'N_ur': 2.0328, 'N_ncdm': 1, 'm_ncdm': 0.06, 'T_ncdm': 0.71611, 'omega_b': 0.01668170871337657, 'omega_cdm': 0.11889770628059063, 'omega_ini_dcdm': 0.30309861252984993, 'Gamma_dcdm': 2505.0002326157787, 'H0': 75.59634175994886, 'ln10^{10}A_s': 2.416154178168597, 'n_s': 0.7485326569800812, 'tau_reio': 0.3240142016779008, 'P_k_max_1/Mpc': 8.4445, 'z_max_pk': 13.65}
thermodynamics_init(L:404) :error in thermodynamics_solve(ppr,pba,pth,ptw,pvecback);
=>thermodynamics_solve(L:1602) :error in thermodynamics_reionization_evolve_with_tau(&tpaw, interval_limit[index_interval], interval_limit[index_interval+1], mz_output, pth->tt_size);
=>thermodynamics_reionization_evolve_with_tau(L:2269) :condition (tau_sup < pth->tau_reio) is true; parameters are such that reionization cannot start after z_start_max
The following model failed in CLASS:
{'output': 'tCl,lCl,pCl,mPk', 'lensing': 'yes', 'k_pivot': 0.05, 'N_ur': 2.0328, 'N_ncdm': 1, 'm_ncdm': 0.06, 'T_ncdm': 0.71611, 'omega_b': 0.015731734109261934, 'omega_cdm': 0.18817929572102393, 'omega_ini_dcdm': 0.1568819270336218, 'Gamma_dcdm': 2504.6317771366007, 'H0': 75.43682437949491, 'ln10^{10}A_s': 2.852221971081483, 'n_s': 1.2435641730353695, 'tau_reio': 0.3859421448136501, 'P_k_max_1/Mpc': 8.4445, 'z_max_pk': 13.65}
thermodynamics_init(L:404) :error in thermodynamics_solve(ppr,pba,pth,ptw,pvecback);
=>thermodynamics_solve(L:1602) :error in thermodynamics_reionization_evolve_with_tau(&tpaw, interval_limit[index_interval], interval_limit[index_interval+1], mz_output, pth->tt_size);
=>thermodynamics_reionization_evolve_with_tau(L:2269) :condition (tau_sup < pth->tau_reio) is true; parameters are such that reionization cannot start after z_start_max
The following model failed in CLASS:
{'output': 'tCl,lCl,pCl,mPk', 'lensing': 'yes', 'k_pivot': 0.05, 'N_ur': 2.0328, 'N_ncdm': 1, 'm_ncdm': 0.06, 'T_ncdm': 0.71611, 'omega_b': 0.021238726743558874, 'omega_cdm': 0.23993521782216387, 'omega_ini_dcdm': 0.34002424404943327, 'Gamma_dcdm': 2504.8407329646193, 'H0': 74.59047496111653, 'ln10^{10}A_s': 2.86122547796246, 'n_s': 0.8225459884070333, 'tau_reio': 0.3999925985017859, 'P_k_max_1/Mpc': 8.4445, 'z_max_pk': 13.65}
thermodynamics_init(L:404) :error in thermodynamics_solve(ppr,pba,pth,ptw,pvecback);
=>thermodynamics_solve(L:1602) :error in thermodynamics_reionization_evolve_with_tau(&tpaw, interval_limit[index_interval], interval_limit[index_interval+1], mz_output, pth->tt_size);
=>thermodynamics_reionization_evolve_with_tau(L:2269) :condition (tau_sup < pth->tau_reio) is true; parameters are such that reionization cannot start after z_start_max
The following model failed in CLASS:
{'output': 'tCl,lCl,pCl,mPk', 'lensing': 'yes', 'k_pivot': 0.05, 'N_ur': 2.0328, 'N_ncdm': 1, 'm_ncdm': 0.06, 'T_ncdm': 0.71611, 'omega_b': 0.014446286241395347, 'omega_cdm': 0.21975967009465142, 'omega_ini_dcdm': 0.014826372016041811, 'Gamma_dcdm': 2505.5395044076663, 'H0': 75.51088272568663, 'ln10^{10}A_s': 3.220952175185237, 'n_s': 1.2525416538619973, 'tau_reio': 0.36555199323537174, 'P_k_max_1/Mpc': 8.4445, 'z_max_pk': 13.65}
thermodynamics_init(L:404) :error in thermodynamics_solve(ppr,pba,pth,ptw,pvecback);
=>thermodynamics_solve(L:1602) :error in thermodynamics_reionization_evolve_with_tau(&tpaw, interval_limit[index_interval], interval_limit[index_interval+1], mz_output, pth->tt_size);
=>thermodynamics_reionization_evolve_with_tau(L:2269) :condition (tau_sup < pth->tau_reio) is true; parameters are such that reionization cannot start after z_start_max
The following model failed in CLASS:
{'output': 'tCl,lCl,pCl,mPk', 'lensing': 'yes', 'k_pivot': 0.05, 'N_ur': 2.0328, 'N_ncdm': 1, 'm_ncdm': 0.06, 'T_ncdm': 0.71611, 'omega_b': 0.014468012788884444, 'omega_cdm': 0.23889631390500704, 'omega_ini_dcdm': 0.30019115430501997, 'Gamma_dcdm': 2504.779118373634, 'H0': 74.88119501884472, 'ln10^{10}A_s': 3.413517167890526, 'n_s': 0.8243668080892771, 'tau_reio': 0.30394355447354693, 'P_k_max_1/Mpc': 8.4445, 'z_max_pk': 13.65}
thermodynamics_init(L:404) :error in thermodynamics_solve(ppr,pba,pth,ptw,pvecback);
=>thermodynamics_solve(L:1602) :error in thermodynamics_reionization_evolve_with_tau(&tpaw, interval_limit[index_interval], interval_limit[index_interval+1], mz_output, pth->tt_size);
=>thermodynamics_reionization_evolve_with_tau(L:2269) :condition (tau_sup < pth->tau_reio) is true; parameters are such that reionization cannot start after z_start_max
The following model failed in CLASS:
{'output': 'tCl,lCl,pCl,mPk', 'lensing': 'yes', 'k_pivot': 0.05, 'N_ur': 2.0328, 'N_ncdm': 1, 'm_ncdm': 0.06, 'T_ncdm': 0.71611, 'omega_b': 0.01987309498735095, 'omega_cdm': 0.22267937332934434, 'omega_ini_dcdm': 0.3427568584093479, 'Gamma_dcdm': 2504.91011736814, 'H0': 75.40802899398777, 'ln10^{10}A_s': 3.640873904672137, 'n_s': 0.8250851520420837, 'tau_reio': 0.34880220163771325, 'P_k_max_1/Mpc': 8.4445, 'z_max_pk': 13.65}
thermodynamics_init(L:404) :error in thermodynamics_solve(ppr,pba,pth,ptw,pvecback);
=>thermodynamics_solve(L:1602) :error in thermodynamics_reionization_evolve_with_tau(&tpaw, interval_limit[index_interval], interval_limit[index_interval+1], mz_output, pth->tt_size);
=>thermodynamics_reionization_evolve_with_tau(L:2269) :condition (tau_sup < pth->tau_reio) is true; parameters are such that reionization cannot start after z_start_max
The following model failed in CLASS:
{'output': 'tCl,lCl,pCl,mPk', 'lensing': 'yes', 'k_pivot': 0.05, 'N_ur': 2.0328, 'N_ncdm': 1, 'm_ncdm': 0.06, 'T_ncdm': 0.71611, 'omega_b': 0.01706046153676711, 'omega_cdm': 0.06944308847182776, 'omega_ini_dcdm': 0.3799431877760615, 'Gamma_dcdm': 2504.612116883527, 'H0': 74.3035778243779, 'ln10^{10}A_s': 3.4288488728574507, 'n_s': 0.7726848542503133, 'tau_reio': 0.35482618394262394, 'P_k_max_1/Mpc': 8.4445, 'z_max_pk': 13.65}
thermodynamics_init(L:404) :error in thermodynamics_solve(ppr,pba,pth,ptw,pvecback);
=>thermodynamics_solve(L:1602) :error in thermodynamics_reionization_evolve_with_tau(&tpaw, interval_limit[index_interval], interval_limit[index_interval+1], mz_output, pth->tt_size);
=>thermodynamics_reionization_evolve_with_tau(L:2269) :condition (tau_sup < pth->tau_reio) is true; parameters are such that reionization cannot start after z_start_max
The following model failed in CLASS:
{'output': 'tCl,lCl,pCl,mPk', 'lensing': 'yes', 'k_pivot': 0.05, 'N_ur': 2.0328, 'N_ncdm': 1, 'm_ncdm': 0.06, 'T_ncdm': 0.71611, 'omega_b': 0.01714269318593272, 'omega_cdm': 0.16841197209222228, 'omega_ini_dcdm': 0.3780233702055445, 'Gamma_dcdm': 2504.6814236861587, 'H0': 75.13988038561513, 'ln10^{10}A_s': 3.838698193953265, 'n_s': 1.04106772820021, 'tau_reio': 0.39238457647814906, 'P_k_max_1/Mpc': 8.4445, 'z_max_pk': 13.65}
thermodynamics_init(L:404) :error in thermodynamics_solve(ppr,pba,pth,ptw,pvecback);
=>thermodynamics_solve(L:1602) :error in thermodynamics_reionization_evolve_with_tau(&tpaw, interval_limit[index_interval], interval_limit[index_interval+1], mz_output, pth->tt_size);
=>thermodynamics_reionization_evolve_with_tau(L:2269) :condition (tau_sup < pth->tau_reio) is true; parameters are such that reionization cannot start after z_start_max
The following model failed in CLASS:
{'output': 'tCl,lCl,pCl,mPk', 'lensing': 'yes', 'k_pivot': 0.05, 'N_ur': 2.0328, 'N_ncdm': 1, 'm_ncdm': 0.06, 'T_ncdm': 0.71611, 'omega_b': 0.017377107081640263, 'omega_cdm': 0.18032287908822225, 'omega_ini_dcdm': 0.32623349657146494, 'Gamma_dcdm': 2504.607451526666, 'H0': 75.54548079965694, 'ln10^{10}A_s': 2.7569950046754093, 'n_s': 0.9639016146033388, 'tau_reio': 0.35894682042061016, 'P_k_max_1/Mpc': 8.4445, 'z_max_pk': 13.65}
thermodynamics_init(L:404) :error in thermodynamics_solve(ppr,pba,pth,ptw,pvecback);
=>thermodynamics_solve(L:1602) :error in thermodynamics_reionization_evolve_with_tau(&tpaw, interval_limit[index_interval], interval_limit[index_interval+1], mz_output, pth->tt_size);
=>thermodynamics_reionization_evolve_with_tau(L:2269) :condition (tau_sup < pth->tau_reio) is true; parameters are such that reionization cannot start after z_start_max
The following model failed in CLASS:
{'output': 'tCl,lCl,pCl,mPk', 'lensing': 'yes', 'k_pivot': 0.05, 'N_ur': 2.0328, 'N_ncdm': 1, 'm_ncdm': 0.06, 'T_ncdm': 0.71611, 'omega_b': 0.018203364096382055, 'omega_cdm': 0.22052754542923203, 'omega_ini_dcdm': 0.30589559561595253, 'Gamma_dcdm': 2505.3289596401683, 'H0': 75.69926299209267, 'ln10^{10}A_s': 3.291533828565348, 'n_s': 1.2544379219606157, 'tau_reio': 0.3934814127235403, 'P_k_max_1/Mpc': 8.4445, 'z_max_pk': 13.65}
thermodynamics_init(L:404) :error in thermodynamics_solve(ppr,pba,pth,ptw,pvecback);
=>thermodynamics_solve(L:1602) :error in thermodynamics_reionization_evolve_with_tau(&tpaw, interval_limit[index_interval], interval_limit[index_interval+1], mz_output, pth->tt_size);
=>thermodynamics_reionization_evolve_with_tau(L:2269) :condition (tau_sup < pth->tau_reio) is true; parameters are such that reionization cannot start after z_start_max
The following model failed in CLASS:
{'output': 'tCl,lCl,pCl,mPk', 'lensing': 'yes', 'k_pivot': 0.05, 'N_ur': 2.0328, 'N_ncdm': 1, 'm_ncdm': 0.06, 'T_ncdm': 0.71611, 'omega_b': 0.014739372210954048, 'omega_cdm': 0.0896349804590235, 'omega_ini_dcdm': 0.3303693755155533, 'Gamma_dcdm': 2505.431512050559, 'H0': 74.57780609853707, 'ln10^{10}A_s': 2.473062199178847, 'n_s': 1.0846740163371396, 'tau_reio': 0.29442029158103, 'P_k_max_1/Mpc': 8.4445, 'z_max_pk': 13.65}
thermodynamics_init(L:404) :error in thermodynamics_solve(ppr,pba,pth,ptw,pvecback);
=>thermodynamics_solve(L:1602) :error in thermodynamics_reionization_evolve_with_tau(&tpaw, interval_limit[index_interval], interval_limit[index_interval+1], mz_output, pth->tt_size);
=>thermodynamics_reionization_evolve_with_tau(L:2269) :condition (tau_sup < pth->tau_reio) is true; parameters are such that reionization cannot start after z_start_max
The following model failed in CLASS:
{'output': 'tCl,lCl,pCl,mPk', 'lensing': 'yes', 'k_pivot': 0.05, 'N_ur': 2.0328, 'N_ncdm': 1, 'm_ncdm': 0.06, 'T_ncdm': 0.71611, 'omega_b': 0.015883184612655664, 'omega_cdm': 0.08606153035289477, 'omega_ini_dcdm': 0.19350297306721198, 'Gamma_dcdm': 2504.5324757471717, 'H0': 74.87724159457386, 'ln10^{10}A_s': 3.5679373408221853, 'n_s': 0.7962766504949437, 'tau_reio': 0.37241073378052497, 'P_k_max_1/Mpc': 8.4445, 'z_max_pk': 13.65}
thermodynamics_init(L:404) :error in thermodynamics_solve(ppr,pba,pth,ptw,pvecback);
=>thermodynamics_solve(L:1602) :error in thermodynamics_reionization_evolve_with_tau(&tpaw, interval_limit[index_interval], interval_limit[index_interval+1], mz_output, pth->tt_size);
=>thermodynamics_reionization_evolve_with_tau(L:2269) :condition (tau_sup < pth->tau_reio) is true; parameters are such that reionization cannot start after z_start_max
The following model failed in CLASS:
{'output': 'tCl,lCl,pCl,mPk', 'lensing': 'yes', 'k_pivot': 0.05, 'N_ur': 2.0328, 'N_ncdm': 1, 'm_ncdm': 0.06, 'T_ncdm': 0.71611, 'omega_b': 0.01597337208004401, 'omega_cdm': 0.18046266070036807, 'omega_ini_dcdm': 0.3078042405168473, 'Gamma_dcdm': 2505.2094277903407, 'H0': 75.61168035007363, 'ln10^{10}A_s': 2.4821399017288694, 'n_s': 0.7347366082263275, 'tau_reio': 0.3036238744981713, 'P_k_max_1/Mpc': 8.4445, 'z_max_pk': 13.65}
thermodynamics_init(L:404) :error in thermodynamics_solve(ppr,pba,pth,ptw,pvecback);
=>thermodynamics_solve(L:1602) :error in thermodynamics_reionization_evolve_with_tau(&tpaw, interval_limit[index_interval], interval_limit[index_interval+1], mz_output, pth->tt_size);
=>thermodynamics_reionization_evolve_with_tau(L:2269) :condition (tau_sup < pth->tau_reio) is true; parameters are such that reionization cannot start after z_start_max
The following model failed in CLASS:
{'output': 'tCl,lCl,pCl,mPk', 'lensing': 'yes', 'k_pivot': 0.05, 'N_ur': 2.0328, 'N_ncdm': 1, 'm_ncdm': 0.06, 'T_ncdm': 0.71611, 'omega_b': 0.01483371897087769, 'omega_cdm': 0.24873391724557897, 'omega_ini_dcdm': 0.37670752639423, 'Gamma_dcdm': 2504.8135266882978, 'H0': 74.50635300464145, 'ln10^{10}A_s': 3.476055567315011, 'n_s': 1.0591858509386276, 'tau_reio': 0.38037148841448676, 'P_k_max_1/Mpc': 8.4445, 'z_max_pk': 13.65}
thermodynamics_init(L:404) :error in thermodynamics_solve(ppr,pba,pth,ptw,pvecback);
=>thermodynamics_solve(L:1602) :error in thermodynamics_reionization_evolve_with_tau(&tpaw, interval_limit[index_interval], interval_limit[index_interval+1], mz_output, pth->tt_size);
=>thermodynamics_reionization_evolve_with_tau(L:2269) :condition (tau_sup < pth->tau_reio) is true; parameters are such that reionization cannot start after z_start_max
The following model failed in CLASS:
{'output': 'tCl,lCl,pCl,mPk', 'lensing': 'yes', 'k_pivot': 0.05, 'N_ur': 2.0328, 'N_ncdm': 1, 'm_ncdm': 0.06, 'T_ncdm': 0.71611, 'omega_b': 0.016294034200970114, 'omega_cdm': 0.10319949188563787, 'omega_ini_dcdm': 0.26048837499861843, 'Gamma_dcdm': 2505.0248815240707, 'H0': 74.32198949273626, 'ln10^{10}A_s': 3.20471130577301, 'n_s': 1.1261262564646626, 'tau_reio': 0.3534610025289797, 'P_k_max_1/Mpc': 8.4445, 'z_max_pk': 13.65}
thermodynamics_init(L:404) :error in thermodynamics_solve(ppr,pba,pth,ptw,pvecback);
=>thermodynamics_solve(L:1602) :error in thermodynamics_reionization_evolve_with_tau(&tpaw, interval_limit[index_interval], interval_limit[index_interval+1], mz_output, pth->tt_size);
=>thermodynamics_reionization_evolve_with_tau(L:2269) :condition (tau_sup < pth->tau_reio) is true; parameters are such that reionization cannot start after z_start_max
The following model failed in CLASS:
{'output': 'tCl,lCl,pCl,mPk', 'lensing': 'yes', 'k_pivot': 0.05, 'N_ur': 2.0328, 'N_ncdm': 1, 'm_ncdm': 0.06, 'T_ncdm': 0.71611, 'omega_b': 0.014732241279473332, 'omega_cdm': 0.17283583572965522, 'omega_ini_dcdm': 0.18361274336323719, 'Gamma_dcdm': 2504.4814929080153, 'H0': 74.28321827698849, 'ln10^{10}A_s': 3.1175851242523147, 'n_s': 0.9311870209727519, 'tau_reio': 0.31286352373947013, 'P_k_max_1/Mpc': 8.4445, 'z_max_pk': 13.65}
thermodynamics_init(L:404) :error in thermodynamics_solve(ppr,pba,pth,ptw,pvecback);
=>thermodynamics_solve(L:1602) :error in thermodynamics_reionization_evolve_with_tau(&tpaw, interval_limit[index_interval], interval_limit[index_interval+1], mz_output, pth->tt_size);
=>thermodynamics_reionization_evolve_with_tau(L:2269) :condition (tau_sup < pth->tau_reio) is true; parameters are such that reionization cannot start after z_start_max
The following model failed in CLASS:
{'output': 'tCl,lCl,pCl,mPk', 'lensing': 'yes', 'k_pivot': 0.05, 'N_ur': 2.0328, 'N_ncdm': 1, 'm_ncdm': 0.06, 'T_ncdm': 0.71611, 'omega_b': 0.016500386932658855, 'omega_cdm': 0.243357943510481, 'omega_ini_dcdm': 0.1883386559203767, 'Gamma_dcdm': 2505.54193913807, 'H0': 74.95378796011116, 'ln10^{10}A_s': 3.605191251361755, 'n_s': 0.972094836647674, 'tau_reio': 0.3108854424171541, 'P_k_max_1/Mpc': 8.4445, 'z_max_pk': 13.65}
thermodynamics_init(L:404) :error in thermodynamics_solve(ppr,pba,pth,ptw,pvecback);
=>thermodynamics_solve(L:1602) :error in thermodynamics_reionization_evolve_with_tau(&tpaw, interval_limit[index_interval], interval_limit[index_interval+1], mz_output, pth->tt_size);
=>thermodynamics_reionization_evolve_with_tau(L:2269) :condition (tau_sup < pth->tau_reio) is true; parameters are such that reionization cannot start after z_start_max
The following model failed in CLASS:
{'output': 'tCl,lCl,pCl,mPk', 'lensing': 'yes', 'k_pivot': 0.05, 'N_ur': 2.0328, 'N_ncdm': 1, 'm_ncdm': 0.06, 'T_ncdm': 0.71611, 'omega_b': 0.014944997377029673, 'omega_cdm': 0.019234597323185693, 'omega_ini_dcdm': 0.37750672134484997, 'Gamma_dcdm': 2505.0526383927063, 'H0': 74.17005793771784, 'ln10^{10}A_s': 3.043425634303326, 'n_s': 0.9770386894356109, 'tau_reio': 0.3221933002007272, 'P_k_max_1/Mpc': 8.4445, 'z_max_pk': 13.65}
thermodynamics_init(L:404) :error in thermodynamics_solve(ppr,pba,pth,ptw,pvecback);
=>thermodynamics_solve(L:1602) :error in thermodynamics_reionization_evolve_with_tau(&tpaw, interval_limit[index_interval], interval_limit[index_interval+1], mz_output, pth->tt_size);
=>thermodynamics_reionization_evolve_with_tau(L:2269) :condition (tau_sup < pth->tau_reio) is true; parameters are such that reionization cannot start after z_start_max
The following model failed in CLASS:
{'output': 'tCl,lCl,pCl,mPk', 'lensing': 'yes', 'k_pivot': 0.05, 'N_ur': 2.0328, 'N_ncdm': 1, 'm_ncdm': 0.06, 'T_ncdm': 0.71611, 'omega_b': 0.014211220035046941, 'omega_cdm': 0.06559104202976027, 'omega_ini_dcdm': 0.3386408100498876, 'Gamma_dcdm': 2504.750178523099, 'H0': 74.30164026466522, 'ln10^{10}A_s': 3.358165423916659, 'n_s': 1.208463407021814, 'tau_reio': 0.3216173160646781, 'P_k_max_1/Mpc': 8.4445, 'z_max_pk': 13.65}
thermodynamics_init(L:404) :error in thermodynamics_solve(ppr,pba,pth,ptw,pvecback);
=>thermodynamics_solve(L:1602) :error in thermodynamics_reionization_evolve_with_tau(&tpaw, interval_limit[index_interval], interval_limit[index_interval+1], mz_output, pth->tt_size);
=>thermodynamics_reionization_evolve_with_tau(L:2269) :condition (tau_sup < pth->tau_reio) is true; parameters are such that reionization cannot start after z_start_max
The following model failed in CLASS:
{'output': 'tCl,lCl,pCl,mPk', 'lensing': 'yes', 'k_pivot': 0.05, 'N_ur': 2.0328, 'N_ncdm': 1, 'm_ncdm': 0.06, 'T_ncdm': 0.71611, 'omega_b': 0.02046044352340081, 'omega_cdm': 0.15299559625069942, 'omega_ini_dcdm': 0.2718076648734883, 'Gamma_dcdm': 2504.8967608784187, 'H0': 74.3949995816334, 'ln10^{10}A_s': 3.1200501242611587, 'n_s': 0.8365183800674028, 'tau_reio': 0.38961362807359756, 'P_k_max_1/Mpc': 8.4445, 'z_max_pk': 13.65}
thermodynamics_init(L:404) :error in thermodynamics_solve(ppr,pba,pth,ptw,pvecback);
=>thermodynamics_solve(L:1602) :error in thermodynamics_reionization_evolve_with_tau(&tpaw, interval_limit[index_interval], interval_limit[index_interval+1], mz_output, pth->tt_size);
=>thermodynamics_reionization_evolve_with_tau(L:2269) :condition (tau_sup < pth->tau_reio) is true; parameters are such that reionization cannot start after z_start_max
The following model failed in CLASS:
{'output': 'tCl,lCl,pCl,mPk', 'lensing': 'yes', 'k_pivot': 0.05, 'N_ur': 2.0328, 'N_ncdm': 1, 'm_ncdm': 0.06, 'T_ncdm': 0.71611, 'omega_b': 0.016438768525665837, 'omega_cdm': 0.2360521530042767, 'omega_ini_dcdm': 0.26348226078532144, 'Gamma_dcdm': 2505.029116734012, 'H0': 74.24668596314336, 'ln10^{10}A_s': 3.414865933919814, 'n_s': 0.7814373479505482, 'tau_reio': 0.39948115360889885, 'P_k_max_1/Mpc': 8.4445, 'z_max_pk': 13.65}
thermodynamics_init(L:404) :error in thermodynamics_solve(ppr,pba,pth,ptw,pvecback);
=>thermodynamics_solve(L:1602) :error in thermodynamics_reionization_evolve_with_tau(&tpaw, interval_limit[index_interval], interval_limit[index_interval+1], mz_output, pth->tt_size);
=>thermodynamics_reionization_evolve_with_tau(L:2269) :condition (tau_sup < pth->tau_reio) is true; parameters are such that reionization cannot start after z_start_max
The following model failed in CLASS:
{'output': 'tCl,lCl,pCl,mPk', 'lensing': 'yes', 'k_pivot': 0.05, 'N_ur': 2.0328, 'N_ncdm': 1, 'm_ncdm': 0.06, 'T_ncdm': 0.71611, 'omega_b': 0.01709981936209278, 'omega_cdm': 0.130389423228189, 'omega_ini_dcdm': 0.340517138167877, 'Gamma_dcdm': 2505.536400494227, 'H0': 75.2630418384757, 'ln10^{10}A_s': 2.4843255785787877, 'n_s': 1.0713648330727008, 'tau_reio': 0.3353339233360535, 'P_k_max_1/Mpc': 8.4445, 'z_max_pk': 13.65}
thermodynamics_init(L:404) :error in thermodynamics_solve(ppr,pba,pth,ptw,pvecback);
=>thermodynamics_solve(L:1602) :error in thermodynamics_reionization_evolve_with_tau(&tpaw, interval_limit[index_interval], interval_limit[index_interval+1], mz_output, pth->tt_size);
=>thermodynamics_reionization_evolve_with_tau(L:2269) :condition (tau_sup < pth->tau_reio) is true; parameters are such that reionization cannot start after z_start_max
The following model failed in CLASS:
{'output': 'tCl,lCl,pCl,mPk', 'lensing': 'yes', 'k_pivot': 0.05, 'N_ur': 2.0328, 'N_ncdm': 1, 'm_ncdm': 0.06, 'T_ncdm': 0.71611, 'omega_b': 0.015924576114703135, 'omega_cdm': 0.22214399525826622, 'omega_ini_dcdm': 0.37836808307677217, 'Gamma_dcdm': 2504.461987084373, 'H0': 74.41868435017838, 'ln10^{10}A_s': 2.4584833675533644, 'n_s': 1.1002954276858141, 'tau_reio': 0.30865395193424805, 'P_k_max_1/Mpc': 8.4445, 'z_max_pk': 13.65}
thermodynamics_init(L:404) :error in thermodynamics_solve(ppr,pba,pth,ptw,pvecback);
=>thermodynamics_solve(L:1602) :error in thermodynamics_reionization_evolve_with_tau(&tpaw, interval_limit[index_interval], interval_limit[index_interval+1], mz_output, pth->tt_size);
=>thermodynamics_reionization_evolve_with_tau(L:2269) :condition (tau_sup < pth->tau_reio) is true; parameters are such that reionization cannot start after z_start_max
The following model failed in CLASS:
{'output': 'tCl,lCl,pCl,mPk', 'lensing': 'yes', 'k_pivot': 0.05, 'N_ur': 2.0328, 'N_ncdm': 1, 'm_ncdm': 0.06, 'T_ncdm': 0.71611, 'omega_b': 0.017930747011238923, 'omega_cdm': 0.24107777128547958, 'omega_ini_dcdm': 0.18487157724584818, 'Gamma_dcdm': 2505.30301382435, 'H0': 75.01263238750218, 'ln10^{10}A_s': 2.5801067695161772, 'n_s': 1.0949002340888865, 'tau_reio': 0.34553867355474377, 'P_k_max_1/Mpc': 8.4445, 'z_max_pk': 13.65}
thermodynamics_init(L:404) :error in thermodynamics_solve(ppr,pba,pth,ptw,pvecback);
=>thermodynamics_solve(L:1602) :error in thermodynamics_reionization_evolve_with_tau(&tpaw, interval_limit[index_interval], interval_limit[index_interval+1], mz_output, pth->tt_size);
=>thermodynamics_reionization_evolve_with_tau(L:2269) :condition (tau_sup < pth->tau_reio) is true; parameters are such that reionization cannot start after z_start_max
The following model failed in CLASS:
{'output': 'tCl,lCl,pCl,mPk', 'lensing': 'yes', 'k_pivot': 0.05, 'N_ur': 2.0328, 'N_ncdm': 1, 'm_ncdm': 0.06, 'T_ncdm': 0.71611, 'omega_b': 0.01700032319780164, 'omega_cdm': 0.18848553374060162, 'omega_ini_dcdm': 0.250553876755422, 'Gamma_dcdm': 2504.8437643105613, 'H0': 74.23254999842509, 'ln10^{10}A_s': 2.9254568377293193, 'n_s': 0.8968476902693647, 'tau_reio': 0.37607625900781627, 'P_k_max_1/Mpc': 8.4445, 'z_max_pk': 13.65}
thermodynamics_init(L:404) :error in thermodynamics_solve(ppr,pba,pth,ptw,pvecback);
=>thermodynamics_solve(L:1602) :error in thermodynamics_reionization_evolve_with_tau(&tpaw, interval_limit[index_interval], interval_limit[index_interval+1], mz_output, pth->tt_size);
=>thermodynamics_reionization_evolve_with_tau(L:2269) :condition (tau_sup < pth->tau_reio) is true; parameters are such that reionization cannot start after z_start_max
The following model failed in CLASS:
{'output': 'tCl,lCl,pCl,mPk', 'lensing': 'yes', 'k_pivot': 0.05, 'N_ur': 2.0328, 'N_ncdm': 1, 'm_ncdm': 0.06, 'T_ncdm': 0.71611, 'omega_b': 0.01603167940831573, 'omega_cdm': 0.2365106430364936, 'omega_ini_dcdm': 0.32610178833964265, 'Gamma_dcdm': 2505.443102672988, 'H0': 74.36556423564805, 'ln10^{10}A_s': 3.160027054370256, 'n_s': 0.7165570980137069, 'tau_reio': 0.32339277905153907, 'P_k_max_1/Mpc': 8.4445, 'z_max_pk': 13.65}
thermodynamics_init(L:404) :error in thermodynamics_solve(ppr,pba,pth,ptw,pvecback);
=>thermodynamics_solve(L:1602) :error in thermodynamics_reionization_evolve_with_tau(&tpaw, interval_limit[index_interval], interval_limit[index_interval+1], mz_output, pth->tt_size);
=>thermodynamics_reionization_evolve_with_tau(L:2269) :condition (tau_sup < pth->tau_reio) is true; parameters are such that reionization cannot start after z_start_max
The following model failed in CLASS:
{'output': 'tCl,lCl,pCl,mPk', 'lensing': 'yes', 'k_pivot': 0.05, 'N_ur': 2.0328, 'N_ncdm': 1, 'm_ncdm': 0.06, 'T_ncdm': 0.71611, 'omega_b': 0.017206827663181934, 'omega_cdm': 0.1764802534204615, 'omega_ini_dcdm': 0.3495561303777338, 'Gamma_dcdm': 2504.7226757699414, 'H0': 74.65533158425828, 'ln10^{10}A_s': 2.588099476848001, 'n_s': 1.2962077704764023, 'tau_reio': 0.3692559804837997, 'P_k_max_1/Mpc': 8.4445, 'z_max_pk': 13.65}
thermodynamics_init(L:404) :error in thermodynamics_solve(ppr,pba,pth,ptw,pvecback);
=>thermodynamics_solve(L:1602) :error in thermodynamics_reionization_evolve_with_tau(&tpaw, interval_limit[index_interval], interval_limit[index_interval+1], mz_output, pth->tt_size);
=>thermodynamics_reionization_evolve_with_tau(L:2269) :condition (tau_sup < pth->tau_reio) is true; parameters are such that reionization cannot start after z_start_max
The following model failed in CLASS:
{'output': 'tCl,lCl,pCl,mPk', 'lensing': 'yes', 'k_pivot': 0.05, 'N_ur': 2.0328, 'N_ncdm': 1, 'm_ncdm': 0.06, 'T_ncdm': 0.71611, 'omega_b': 0.014509753687977522, 'omega_cdm': 0.15320576546432518, 'omega_ini_dcdm': 0.15227531396579308, 'Gamma_dcdm': 2504.5942289935615, 'H0': 74.63325855371433, 'ln10^{10}A_s': 2.9918318734076648, 'n_s': 1.1838777780448968, 'tau_reio': 0.3747951910201791, 'P_k_max_1/Mpc': 8.4445, 'z_max_pk': 13.65}
thermodynamics_init(L:404) :error in thermodynamics_solve(ppr,pba,pth,ptw,pvecback);
=>thermodynamics_solve(L:1602) :error in thermodynamics_reionization_evolve_with_tau(&tpaw, interval_limit[index_interval], interval_limit[index_interval+1], mz_output, pth->tt_size);
=>thermodynamics_reionization_evolve_with_tau(L:2269) :condition (tau_sup < pth->tau_reio) is true; parameters are such that reionization cannot start after z_start_max
The following model failed in CLASS:
{'output': 'tCl,lCl,pCl,mPk', 'lensing': 'yes', 'k_pivot': 0.05, 'N_ur': 2.0328, 'N_ncdm': 1, 'm_ncdm': 0.06, 'T_ncdm': 0.71611, 'omega_b': 0.014944165170703256, 'omega_cdm': 0.2225165648484804, 'omega_ini_dcdm': 0.2815345436995663, 'Gamma_dcdm': 2505.1125374449966, 'H0': 75.5137542458691, 'ln10^{10}A_s': 3.3447039197226656, 'n_s': 1.2893103960216843, 'tau_reio': 0.38312566480291954, 'P_k_max_1/Mpc': 8.4445, 'z_max_pk': 13.65}
thermodynamics_init(L:404) :error in thermodynamics_solve(ppr,pba,pth,ptw,pvecback);
=>thermodynamics_solve(L:1602) :error in thermodynamics_reionization_evolve_with_tau(&tpaw, interval_limit[index_interval], interval_limit[index_interval+1], mz_output, pth->tt_size);
=>thermodynamics_reionization_evolve_with_tau(L:2269) :condition (tau_sup < pth->tau_reio) is true; parameters are such that reionization cannot start after z_start_max
The following model failed in CLASS:
{'output': 'tCl,lCl,pCl,mPk', 'lensing': 'yes', 'k_pivot': 0.05, 'N_ur': 2.0328, 'N_ncdm': 1, 'm_ncdm': 0.06, 'T_ncdm': 0.71611, 'omega_b': 0.014126908459349056, 'omega_cdm': 0.029776245637948687, 'omega_ini_dcdm': 0.34374735375285836, 'Gamma_dcdm': 2504.629433094312, 'H0': 74.95472991760005, 'ln10^{10}A_s': 3.1427016129014964, 'n_s': 1.2770984853955873, 'tau_reio': 0.3392996989394522, 'P_k_max_1/Mpc': 8.4445, 'z_max_pk': 13.65}
thermodynamics_init(L:404) :error in thermodynamics_solve(ppr,pba,pth,ptw,pvecback);
=>thermodynamics_solve(L:1602) :error in thermodynamics_reionization_evolve_with_tau(&tpaw, interval_limit[index_interval], interval_limit[index_interval+1], mz_output, pth->tt_size);
=>thermodynamics_reionization_evolve_with_tau(L:2269) :condition (tau_sup < pth->tau_reio) is true; parameters are such that reionization cannot start after z_start_max
The following model failed in CLASS:
{'output': 'tCl,lCl,pCl,mPk', 'lensing': 'yes', 'k_pivot': 0.05, 'N_ur': 2.0328, 'N_ncdm': 1, 'm_ncdm': 0.06, 'T_ncdm': 0.71611, 'omega_b': 0.01882446810321188, 'omega_cdm': 0.17417451328195277, 'omega_ini_dcdm': 0.3072519693574376, 'Gamma_dcdm': 2504.927188006182, 'H0': 75.13256868417349, 'ln10^{10}A_s': 3.5918012295351573, 'n_s': 1.184065757876354, 'tau_reio': 0.38972228022227606, 'P_k_max_1/Mpc': 8.4445, 'z_max_pk': 13.65}
thermodynamics_init(L:404) :error in thermodynamics_solve(ppr,pba,pth,ptw,pvecback);
=>thermodynamics_solve(L:1602) :error in thermodynamics_reionization_evolve_with_tau(&tpaw, interval_limit[index_interval], interval_limit[index_interval+1], mz_output, pth->tt_size);
=>thermodynamics_reionization_evolve_with_tau(L:2269) :condition (tau_sup < pth->tau_reio) is true; parameters are such that reionization cannot start after z_start_max
The following model failed in CLASS:
{'output': 'tCl,lCl,pCl,mPk', 'lensing': 'yes', 'k_pivot': 0.05, 'N_ur': 2.0328, 'N_ncdm': 1, 'm_ncdm': 0.06, 'T_ncdm': 0.71611, 'omega_b': 0.01460491445238975, 'omega_cdm': 0.20894681938042528, 'omega_ini_dcdm': 0.19433884061751666, 'Gamma_dcdm': 2505.233573523142, 'H0': 74.7791186931361, 'ln10^{10}A_s': 2.10109225808844, 'n_s': 0.8348745121928498, 'tau_reio': 0.32723297271472235, 'P_k_max_1/Mpc': 8.4445, 'z_max_pk': 13.65}
thermodynamics_init(L:404) :error in thermodynamics_solve(ppr,pba,pth,ptw,pvecback);
=>thermodynamics_solve(L:1602) :error in thermodynamics_reionization_evolve_with_tau(&tpaw, interval_limit[index_interval], interval_limit[index_interval+1], mz_output, pth->tt_size);
=>thermodynamics_reionization_evolve_with_tau(L:2269) :condition (tau_sup < pth->tau_reio) is true; parameters are such that reionization cannot start after z_start_max
The following model failed in CLASS:
{'output': 'tCl,lCl,pCl,mPk', 'lensing': 'yes', 'k_pivot': 0.05, 'N_ur': 2.0328, 'N_ncdm': 1, 'm_ncdm': 0.06, 'T_ncdm': 0.71611, 'omega_b': 0.01740719123711295, 'omega_cdm': 0.20636202686988014, 'omega_ini_dcdm': 0.3717803540493848, 'Gamma_dcdm': 2505.018872434257, 'H0': 75.35383876085625, 'ln10^{10}A_s': 2.555890283530744, 'n_s': 1.0992870126106908, 'tau_reio': 0.33484512269190847, 'P_k_max_1/Mpc': 8.4445, 'z_max_pk': 13.65}
thermodynamics_init(L:404) :error in thermodynamics_solve(ppr,pba,pth,ptw,pvecback);
=>thermodynamics_solve(L:1602) :error in thermodynamics_reionization_evolve_with_tau(&tpaw, interval_limit[index_interval], interval_limit[index_interval+1], mz_output, pth->tt_size);
=>thermodynamics_reionization_evolve_with_tau(L:2269) :condition (tau_sup < pth->tau_reio) is true; parameters are such that reionization cannot start after z_start_max
The following model failed in CLASS:
{'output': 'tCl,lCl,pCl,mPk', 'lensing': 'yes', 'k_pivot': 0.05, 'N_ur': 2.0328, 'N_ncdm': 1, 'm_ncdm': 0.06, 'T_ncdm': 0.71611, 'omega_b': 0.01639867956608037, 'omega_cdm': 0.018123532093923145, 'omega_ini_dcdm': 0.36704955411389695, 'Gamma_dcdm': 2504.86833756021, 'H0': 75.2080236618234, 'ln10^{10}A_s': 3.39950686022169, 'n_s': 0.9308253479492274, 'tau_reio': 0.3609349399845827, 'P_k_max_1/Mpc': 8.4445, 'z_max_pk': 13.65}
thermodynamics_init(L:404) :error in thermodynamics_solve(ppr,pba,pth,ptw,pvecback);
=>thermodynamics_solve(L:1602) :error in thermodynamics_reionization_evolve_with_tau(&tpaw, interval_limit[index_interval], interval_limit[index_interval+1], mz_output, pth->tt_size);
=>thermodynamics_reionization_evolve_with_tau(L:2269) :condition (tau_sup < pth->tau_reio) is true; parameters are such that reionization cannot start after z_start_max
The following model failed in CLASS:
{'output': 'tCl,lCl,pCl,mPk', 'lensing': 'yes', 'k_pivot': 0.05, 'N_ur': 2.0328, 'N_ncdm': 1, 'm_ncdm': 0.06, 'T_ncdm': 0.71611, 'omega_b': 0.014784261684541418, 'omega_cdm': 0.13297497934391553, 'omega_ini_dcdm': 0.3853876780869643, 'Gamma_dcdm': 2504.4417095449658, 'H0': 74.47943985629624, 'ln10^{10}A_s': 3.3345749678936594, 'n_s': 0.7687919195968888, 'tau_reio': 0.285707227798473, 'P_k_max_1/Mpc': 8.4445, 'z_max_pk': 13.65}
thermodynamics_init(L:404) :error in thermodynamics_solve(ppr,pba,pth,ptw,pvecback);
=>thermodynamics_solve(L:1602) :error in thermodynamics_reionization_evolve_with_tau(&tpaw, interval_limit[index_interval], interval_limit[index_interval+1], mz_output, pth->tt_size);
=>thermodynamics_reionization_evolve_with_tau(L:2269) :condition (tau_sup < pth->tau_reio) is true; parameters are such that reionization cannot start after z_start_max
The following model failed in CLASS:
{'output': 'tCl,lCl,pCl,mPk', 'lensing': 'yes', 'k_pivot': 0.05, 'N_ur': 2.0328, 'N_ncdm': 1, 'm_ncdm': 0.06, 'T_ncdm': 0.71611, 'omega_b': 0.01552299944733653, 'omega_cdm': 0.21474599781971765, 'omega_ini_dcdm': 0.1458183536762538, 'Gamma_dcdm': 2504.6107608933953, 'H0': 75.28869863412972, 'ln10^{10}A_s': 2.315644670838553, 'n_s': 1.1482747821362156, 'tau_reio': 0.348724058976032, 'P_k_max_1/Mpc': 8.4445, 'z_max_pk': 13.65}
thermodynamics_init(L:404) :error in thermodynamics_solve(ppr,pba,pth,ptw,pvecback);
=>thermodynamics_solve(L:1602) :error in thermodynamics_reionization_evolve_with_tau(&tpaw, interval_limit[index_interval], interval_limit[index_interval+1], mz_output, pth->tt_size);
=>thermodynamics_reionization_evolve_with_tau(L:2269) :condition (tau_sup < pth->tau_reio) is true; parameters are such that reionization cannot start after z_start_max
The following model failed in CLASS:
{'output': 'tCl,lCl,pCl,mPk', 'lensing': 'yes', 'k_pivot': 0.05, 'N_ur': 2.0328, 'N_ncdm': 1, 'm_ncdm': 0.06, 'T_ncdm': 0.71611, 'omega_b': 0.02202025148094598, 'omega_cdm': 0.19680814699423238, 'omega_ini_dcdm': 0.38603479232352345, 'Gamma_dcdm': 2505.54070139118, 'H0': 74.80277227625321, 'ln10^{10}A_s': 2.60021613302492, 'n_s': 1.1826184470348986, 'tau_reio': 0.37373438578736873, 'P_k_max_1/Mpc': 8.4445, 'z_max_pk': 13.65}
thermodynamics_init(L:404) :error in thermodynamics_solve(ppr,pba,pth,ptw,pvecback);
=>thermodynamics_solve(L:1602) :error in thermodynamics_reionization_evolve_with_tau(&tpaw, interval_limit[index_interval], interval_limit[index_interval+1], mz_output, pth->tt_size);
=>thermodynamics_reionization_evolve_with_tau(L:2269) :condition (tau_sup < pth->tau_reio) is true; parameters are such that reionization cannot start after z_start_max
The following model failed in CLASS:
{'output': 'tCl,lCl,pCl,mPk', 'lensing': 'yes', 'k_pivot': 0.05, 'N_ur': 2.0328, 'N_ncdm': 1, 'm_ncdm': 0.06, 'T_ncdm': 0.71611, 'omega_b': 0.016344915316274043, 'omega_cdm': 0.18298804685028777, 'omega_ini_dcdm': 0.32791367852803954, 'Gamma_dcdm': 2504.5722596697447, 'H0': 75.1965976443768, 'ln10^{10}A_s': 3.616297143783183, 'n_s': 0.8677122376731505, 'tau_reio': 0.2851868705330722, 'P_k_max_1/Mpc': 8.4445, 'z_max_pk': 13.65}
thermodynamics_init(L:404) :error in thermodynamics_solve(ppr,pba,pth,ptw,pvecback);
=>thermodynamics_solve(L:1602) :error in thermodynamics_reionization_evolve_with_tau(&tpaw, interval_limit[index_interval], interval_limit[index_interval+1], mz_output, pth->tt_size);
=>thermodynamics_reionization_evolve_with_tau(L:2269) :condition (tau_sup < pth->tau_reio) is true; parameters are such that reionization cannot start after z_start_max
The following model failed in CLASS:
{'output': 'tCl,lCl,pCl,mPk', 'lensing': 'yes', 'k_pivot': 0.05, 'N_ur': 2.0328, 'N_ncdm': 1, 'm_ncdm': 0.06, 'T_ncdm': 0.71611, 'omega_b': 0.016728099618139692, 'omega_cdm': 0.12528487905780214, 'omega_ini_dcdm': 0.253080372386273, 'Gamma_dcdm': 2504.854720815575, 'H0': 75.16206839378648, 'ln10^{10}A_s': 3.906691815753184, 'n_s': 0.93124138772874, 'tau_reio': 0.3809973913306212, 'P_k_max_1/Mpc': 8.4445, 'z_max_pk': 13.65}
thermodynamics_init(L:404) :error in thermodynamics_solve(ppr,pba,pth,ptw,pvecback);
=>thermodynamics_solve(L:1602) :error in thermodynamics_reionization_evolve_with_tau(&tpaw, interval_limit[index_interval], interval_limit[index_interval+1], mz_output, pth->tt_size);
=>thermodynamics_reionization_evolve_with_tau(L:2269) :condition (tau_sup < pth->tau_reio) is true; parameters are such that reionization cannot start after z_start_max
The following model failed in CLASS:
{'output': 'tCl,lCl,pCl,mPk', 'lensing': 'yes', 'k_pivot': 0.05, 'N_ur': 2.0328, 'N_ncdm': 1, 'm_ncdm': 0.06, 'T_ncdm': 0.71611, 'omega_b': 0.016578254821877837, 'omega_cdm': 0.1389116582335373, 'omega_ini_dcdm': 0.3329759676215669, 'Gamma_dcdm': 2504.953254877813, 'H0': 74.52443488184758, 'ln10^{10}A_s': 2.6013070101115097, 'n_s': 1.1154862252108089, 'tau_reio': 0.32966928956734365, 'P_k_max_1/Mpc': 8.4445, 'z_max_pk': 13.65}
thermodynamics_init(L:404) :error in thermodynamics_solve(ppr,pba,pth,ptw,pvecback);
=>thermodynamics_solve(L:1602) :error in thermodynamics_reionization_evolve_with_tau(&tpaw, interval_limit[index_interval], interval_limit[index_interval+1], mz_output, pth->tt_size);
=>thermodynamics_reionization_evolve_with_tau(L:2269) :condition (tau_sup < pth->tau_reio) is true; parameters are such that reionization cannot start after z_start_max
The following model failed in CLASS:
{'output': 'tCl,lCl,pCl,mPk', 'lensing': 'yes', 'k_pivot': 0.05, 'N_ur': 2.0328, 'N_ncdm': 1, 'm_ncdm': 0.06, 'T_ncdm': 0.71611, 'omega_b': 0.0140624179007542, 'omega_cdm': 0.014582214098302265, 'omega_ini_dcdm': 0.36237897291527, 'Gamma_dcdm': 2505.4133120819397, 'H0': 74.94262403914378, 'ln10^{10}A_s': 3.0558578453786374, 'n_s': 0.8731996398003259, 'tau_reio': 0.37833767446178845, 'P_k_max_1/Mpc': 8.4445, 'z_max_pk': 13.65}
thermodynamics_init(L:404) :error in thermodynamics_solve(ppr,pba,pth,ptw,pvecback);
=>thermodynamics_solve(L:1602) :error in thermodynamics_reionization_evolve_with_tau(&tpaw, interval_limit[index_interval], interval_limit[index_interval+1], mz_output, pth->tt_size);
=>thermodynamics_reionization_evolve_with_tau(L:2269) :condition (tau_sup < pth->tau_reio) is true; parameters are such that reionization cannot start after z_start_max
The following model failed in CLASS:
{'output': 'tCl,lCl,pCl,mPk', 'lensing': 'yes', 'k_pivot': 0.05, 'N_ur': 2.0328, 'N_ncdm': 1, 'm_ncdm': 0.06, 'T_ncdm': 0.71611, 'omega_b': 0.017624235739166348, 'omega_cdm': 0.1291473501002472, 'omega_ini_dcdm': 0.17046990737037132, 'Gamma_dcdm': 2504.864387502579, 'H0': 74.97834896707893, 'ln10^{10}A_s': 2.278613044364345, 'n_s': 1.119671487679943, 'tau_reio': 0.39561937986066686, 'P_k_max_1/Mpc': 8.4445, 'z_max_pk': 13.65}
thermodynamics_init(L:404) :error in thermodynamics_solve(ppr,pba,pth,ptw,pvecback);
=>thermodynamics_solve(L:1602) :error in thermodynamics_reionization_evolve_with_tau(&tpaw, interval_limit[index_interval], interval_limit[index_interval+1], mz_output, pth->tt_size);
=>thermodynamics_reionization_evolve_with_tau(L:2269) :condition (tau_sup < pth->tau_reio) is true; parameters are such that reionization cannot start after z_start_max
The following model failed in CLASS:
{'output': 'tCl,lCl,pCl,mPk', 'lensing': 'yes', 'k_pivot': 0.05, 'N_ur': 2.0328, 'N_ncdm': 1, 'm_ncdm': 0.06, 'T_ncdm': 0.71611, 'omega_b': 0.014520466856464333, 'omega_cdm': 0.18634947739886623, 'omega_ini_dcdm': 0.35016699338724905, 'Gamma_dcdm': 2505.5371325428728, 'H0': 75.03658054947358, 'ln10^{10}A_s': 3.1013470089018482, 'n_s': 1.2970984885617587, 'tau_reio': 0.27923771162333316, 'P_k_max_1/Mpc': 8.4445, 'z_max_pk': 13.65}
thermodynamics_init(L:404) :error in thermodynamics_solve(ppr,pba,pth,ptw,pvecback);
=>thermodynamics_solve(L:1602) :error in thermodynamics_reionization_evolve_with_tau(&tpaw, interval_limit[index_interval], interval_limit[index_interval+1], mz_output, pth->tt_size);
=>thermodynamics_reionization_evolve_with_tau(L:2269) :condition (tau_sup < pth->tau_reio) is true; parameters are such that reionization cannot start after z_start_max
The following model failed in CLASS:
{'output': 'tCl,lCl,pCl,mPk', 'lensing': 'yes', 'k_pivot': 0.05, 'N_ur': 2.0328, 'N_ncdm': 1, 'm_ncdm': 0.06, 'T_ncdm': 0.71611, 'omega_b': 0.014671011924211035, 'omega_cdm': 0.13283269282994611, 'omega_ini_dcdm': 0.30249716311732616, 'Gamma_dcdm': 2504.5159573099813, 'H0': 74.5550017256284, 'ln10^{10}A_s': 3.719254064262151, 'n_s': 1.139007461608973, 'tau_reio': 0.3003416712618065, 'P_k_max_1/Mpc': 8.4445, 'z_max_pk': 13.65}
thermodynamics_init(L:404) :error in thermodynamics_solve(ppr,pba,pth,ptw,pvecback);
=>thermodynamics_solve(L:1602) :error in thermodynamics_reionization_evolve_with_tau(&tpaw, interval_limit[index_interval], interval_limit[index_interval+1], mz_output, pth->tt_size);
=>thermodynamics_reionization_evolve_with_tau(L:2269) :condition (tau_sup < pth->tau_reio) is true; parameters are such that reionization cannot start after z_start_max
The following model failed in CLASS:
{'output': 'tCl,lCl,pCl,mPk', 'lensing': 'yes', 'k_pivot': 0.05, 'N_ur': 2.0328, 'N_ncdm': 1, 'm_ncdm': 0.06, 'T_ncdm': 0.71611, 'omega_b': 0.017651960340816016, 'omega_cdm': 0.09444181206158125, 'omega_ini_dcdm': 0.2478303771007001, 'Gamma_dcdm': 2504.351695596908, 'H0': 74.95570320350521, 'ln10^{10}A_s': 2.6023865582701777, 'n_s': 1.2481080064628431, 'tau_reio': 0.38682669656824964, 'P_k_max_1/Mpc': 8.4445, 'z_max_pk': 13.65}
thermodynamics_init(L:404) :error in thermodynamics_solve(ppr,pba,pth,ptw,pvecback);
=>thermodynamics_solve(L:1602) :error in thermodynamics_reionization_evolve_with_tau(&tpaw, interval_limit[index_interval], interval_limit[index_interval+1], mz_output, pth->tt_size);
=>thermodynamics_reionization_evolve_with_tau(L:2269) :condition (tau_sup < pth->tau_reio) is true; parameters are such that reionization cannot start after z_start_max
The following model failed in CLASS:
{'output': 'tCl,lCl,pCl,mPk', 'lensing': 'yes', 'k_pivot': 0.05, 'N_ur': 2.0328, 'N_ncdm': 1, 'm_ncdm': 0.06, 'T_ncdm': 0.71611, 'omega_b': 0.017753188684427778, 'omega_cdm': 0.21969873922686534, 'omega_ini_dcdm': 0.2634343792114734, 'Gamma_dcdm': 2505.001493667535, 'H0': 75.38533798182236, 'ln10^{10}A_s': 3.49025798487272, 'n_s': 1.2642651920242485, 'tau_reio': 0.3133582650666178, 'P_k_max_1/Mpc': 8.4445, 'z_max_pk': 13.65}
thermodynamics_init(L:404) :error in thermodynamics_solve(ppr,pba,pth,ptw,pvecback);
=>thermodynamics_solve(L:1602) :error in thermodynamics_reionization_evolve_with_tau(&tpaw, interval_limit[index_interval], interval_limit[index_interval+1], mz_output, pth->tt_size);
=>thermodynamics_reionization_evolve_with_tau(L:2269) :condition (tau_sup < pth->tau_reio) is true; parameters are such that reionization cannot start after z_start_max
The following model failed in CLASS:
{'output': 'tCl,lCl,pCl,mPk', 'lensing': 'yes', 'k_pivot': 0.05, 'N_ur': 2.0328, 'N_ncdm': 1, 'm_ncdm': 0.06, 'T_ncdm': 0.71611, 'omega_b': 0.020995005699479874, 'omega_cdm': 0.13026743804027952, 'omega_ini_dcdm': 0.33997354709131056, 'Gamma_dcdm': 2504.905079899792, 'H0': 75.20985209658491, 'ln10^{10}A_s': 3.4068485868834744, 'n_s': 1.215413254549498, 'tau_reio': 0.39987515670523804, 'P_k_max_1/Mpc': 8.4445, 'z_max_pk': 13.65}
thermodynamics_init(L:404) :error in thermodynamics_solve(ppr,pba,pth,ptw,pvecback);
=>thermodynamics_solve(L:1602) :error in thermodynamics_reionization_evolve_with_tau(&tpaw, interval_limit[index_interval], interval_limit[index_interval+1], mz_output, pth->tt_size);
=>thermodynamics_reionization_evolve_with_tau(L:2269) :condition (tau_sup < pth->tau_reio) is true; parameters are such that reionization cannot start after z_start_max
The following model failed in CLASS:
{'output': 'tCl,lCl,pCl,mPk', 'lensing': 'yes', 'k_pivot': 0.05, 'N_ur': 2.0328, 'N_ncdm': 1, 'm_ncdm': 0.06, 'T_ncdm': 0.71611, 'omega_b': 0.01550791332713175, 'omega_cdm': 0.15717380772993755, 'omega_ini_dcdm': 0.34131406417928334, 'Gamma_dcdm': 2504.7926400438346, 'H0': 75.20008134497355, 'ln10^{10}A_s': 2.397129192749541, 'n_s': 0.7937282517163871, 'tau_reio': 0.38181542122051115, 'P_k_max_1/Mpc': 8.4445, 'z_max_pk': 13.65}
thermodynamics_init(L:404) :error in thermodynamics_solve(ppr,pba,pth,ptw,pvecback);
=>thermodynamics_solve(L:1602) :error in thermodynamics_reionization_evolve_with_tau(&tpaw, interval_limit[index_interval], interval_limit[index_interval+1], mz_output, pth->tt_size);
=>thermodynamics_reionization_evolve_with_tau(L:2269) :condition (tau_sup < pth->tau_reio) is true; parameters are such that reionization cannot start after z_start_max
The following model failed in CLASS:
{'output': 'tCl,lCl,pCl,mPk', 'lensing': 'yes', 'k_pivot': 0.05, 'N_ur': 2.0328, 'N_ncdm': 1, 'm_ncdm': 0.06, 'T_ncdm': 0.71611, 'omega_b': 0.015739553915539068, 'omega_cdm': 0.21566988338519066, 'omega_ini_dcdm': 0.33814873492561304, 'Gamma_dcdm': 2504.9650877812546, 'H0': 74.47330798886685, 'ln10^{10}A_s': 2.3437648974640903, 'n_s': 1.007105642984388, 'tau_reio': 0.38063128937839186, 'P_k_max_1/Mpc': 8.4445, 'z_max_pk': 13.65}
thermodynamics_init(L:404) :error in thermodynamics_solve(ppr,pba,pth,ptw,pvecback);
=>thermodynamics_solve(L:1602) :error in thermodynamics_reionization_evolve_with_tau(&tpaw, interval_limit[index_interval], interval_limit[index_interval+1], mz_output, pth->tt_size);
=>thermodynamics_reionization_evolve_with_tau(L:2269) :condition (tau_sup < pth->tau_reio) is true; parameters are such that reionization cannot start after z_start_max
The following model failed in CLASS:
{'output': 'tCl,lCl,pCl,mPk', 'lensing': 'yes', 'k_pivot': 0.05, 'N_ur': 2.0328, 'N_ncdm': 1, 'm_ncdm': 0.06, 'T_ncdm': 0.71611, 'omega_b': 0.015215087727908912, 'omega_cdm': 0.18257613982709567, 'omega_ini_dcdm': 0.32482368228903863, 'Gamma_dcdm': 2505.148851621413, 'H0': 74.86139998185801, 'ln10^{10}A_s': 3.281701988380067, 'n_s': 1.1287815437619013, 'tau_reio': 0.29817172443765116, 'P_k_max_1/Mpc': 8.4445, 'z_max_pk': 13.65}
thermodynamics_init(L:404) :error in thermodynamics_solve(ppr,pba,pth,ptw,pvecback);
=>thermodynamics_solve(L:1602) :error in thermodynamics_reionization_evolve_with_tau(&tpaw, interval_limit[index_interval], interval_limit[index_interval+1], mz_output, pth->tt_size);
=>thermodynamics_reionization_evolve_with_tau(L:2269) :condition (tau_sup < pth->tau_reio) is true; parameters are such that reionization cannot start after z_start_max
The following model failed in CLASS:
{'output': 'tCl,lCl,pCl,mPk', 'lensing': 'yes', 'k_pivot': 0.05, 'N_ur': 2.0328, 'N_ncdm': 1, 'm_ncdm': 0.06, 'T_ncdm': 0.71611, 'omega_b': 0.014690426558831442, 'omega_cdm': 0.22649247645175788, 'omega_ini_dcdm': 0.31785716800399216, 'Gamma_dcdm': 2504.208552229549, 'H0': 75.46483595263341, 'ln10^{10}A_s': 2.794916657317111, 'n_s': 1.2231974520238749, 'tau_reio': 0.27710497005017054, 'P_k_max_1/Mpc': 8.4445, 'z_max_pk': 13.65}
thermodynamics_init(L:404) :error in thermodynamics_solve(ppr,pba,pth,ptw,pvecback);
=>thermodynamics_solve(L:1602) :error in thermodynamics_reionization_evolve_with_tau(&tpaw, interval_limit[index_interval], interval_limit[index_interval+1], mz_output, pth->tt_size);
=>thermodynamics_reionization_evolve_with_tau(L:2269) :condition (tau_sup < pth->tau_reio) is true; parameters are such that reionization cannot start after z_start_max
The following model failed in CLASS:
{'output': 'tCl,lCl,pCl,mPk', 'lensing': 'yes', 'k_pivot': 0.05, 'N_ur': 2.0328, 'N_ncdm': 1, 'm_ncdm': 0.06, 'T_ncdm': 0.71611, 'omega_b': 0.015574511336579878, 'omega_cdm': 0.15513921065938785, 'omega_ini_dcdm': 0.25150006839289907, 'Gamma_dcdm': 2505.3982094850603, 'H0': 75.78693370776132, 'ln10^{10}A_s': 2.8750132641633592, 'n_s': 1.0472230213087048, 'tau_reio': 0.3587382549473338, 'P_k_max_1/Mpc': 8.4445, 'z_max_pk': 13.65}
thermodynamics_init(L:404) :error in thermodynamics_solve(ppr,pba,pth,ptw,pvecback);
=>thermodynamics_solve(L:1602) :error in thermodynamics_reionization_evolve_with_tau(&tpaw, interval_limit[index_interval], interval_limit[index_interval+1], mz_output, pth->tt_size);
=>thermodynamics_reionization_evolve_with_tau(L:2269) :condition (tau_sup < pth->tau_reio) is true; parameters are such that reionization cannot start after z_start_max
The following model failed in CLASS:
{'output': 'tCl,lCl,pCl,mPk', 'lensing': 'yes', 'k_pivot': 0.05, 'N_ur': 2.0328, 'N_ncdm': 1, 'm_ncdm': 0.06, 'T_ncdm': 0.71611, 'omega_b': 0.015398174854414824, 'omega_cdm': 0.20936465617046035, 'omega_ini_dcdm': 0.3174221151723516, 'Gamma_dcdm': 2505.6304002511074, 'H0': 74.54718266248348, 'ln10^{10}A_s': 2.743517597940733, 'n_s': 0.9190844427745347, 'tau_reio': 0.31348171244535283, 'P_k_max_1/Mpc': 8.4445, 'z_max_pk': 13.65}
thermodynamics_init(L:404) :error in thermodynamics_solve(ppr,pba,pth,ptw,pvecback);
=>thermodynamics_solve(L:1602) :error in thermodynamics_reionization_evolve_with_tau(&tpaw, interval_limit[index_interval], interval_limit[index_interval+1], mz_output, pth->tt_size);
=>thermodynamics_reionization_evolve_with_tau(L:2269) :condition (tau_sup < pth->tau_reio) is true; parameters are such that reionization cannot start after z_start_max
The following model failed in CLASS:
{'output': 'tCl,lCl,pCl,mPk', 'lensing': 'yes', 'k_pivot': 0.05, 'N_ur': 2.0328, 'N_ncdm': 1, 'm_ncdm': 0.06, 'T_ncdm': 0.71611, 'omega_b': 0.017754894942191544, 'omega_cdm': 0.20484326337873426, 'omega_ini_dcdm': 0.13074873500543294, 'Gamma_dcdm': 2504.4325904991724, 'H0': 74.2135974884647, 'ln10^{10}A_s': 2.924787266034621, 'n_s': 1.0105655509521907, 'tau_reio': 0.37771075233196255, 'P_k_max_1/Mpc': 8.4445, 'z_max_pk': 13.65}
thermodynamics_init(L:404) :error in thermodynamics_solve(ppr,pba,pth,ptw,pvecback);
=>thermodynamics_solve(L:1602) :error in thermodynamics_reionization_evolve_with_tau(&tpaw, interval_limit[index_interval], interval_limit[index_interval+1], mz_output, pth->tt_size);
=>thermodynamics_reionization_evolve_with_tau(L:2269) :condition (tau_sup < pth->tau_reio) is true; parameters are such that reionization cannot start after z_start_max
The following model failed in CLASS:
{'output': 'tCl,lCl,pCl,mPk', 'lensing': 'yes', 'k_pivot': 0.05, 'N_ur': 2.0328, 'N_ncdm': 1, 'm_ncdm': 0.06, 'T_ncdm': 0.71611, 'omega_b': 0.015093289179070806, 'omega_cdm': 0.07190171735735186, 'omega_ini_dcdm': 0.3622095776346401, 'Gamma_dcdm': 2505.3819803485394, 'H0': 75.6659010134381, 'ln10^{10}A_s': 2.854000411508336, 'n_s': 1.1710042359928334, 'tau_reio': 0.30569246209255113, 'P_k_max_1/Mpc': 8.4445, 'z_max_pk': 13.65}
thermodynamics_init(L:404) :error in thermodynamics_solve(ppr,pba,pth,ptw,pvecback);
=>thermodynamics_solve(L:1602) :error in thermodynamics_reionization_evolve_with_tau(&tpaw, interval_limit[index_interval], interval_limit[index_interval+1], mz_output, pth->tt_size);
=>thermodynamics_reionization_evolve_with_tau(L:2269) :condition (tau_sup < pth->tau_reio) is true; parameters are such that reionization cannot start after z_start_max
The following model failed in CLASS:
{'output': 'tCl,lCl,pCl,mPk', 'lensing': 'yes', 'k_pivot': 0.05, 'N_ur': 2.0328, 'N_ncdm': 1, 'm_ncdm': 0.06, 'T_ncdm': 0.71611, 'omega_b': 0.021830792256930645, 'omega_cdm': 0.23945500620041307, 'omega_ini_dcdm': 0.22251682672692533, 'Gamma_dcdm': 2504.590466951183, 'H0': 74.5816128493514, 'ln10^{10}A_s': 2.7358270227634, 'n_s': 1.1092196268483807, 'tau_reio': 0.3907363407175724, 'P_k_max_1/Mpc': 8.4445, 'z_max_pk': 13.65}
thermodynamics_init(L:404) :error in thermodynamics_solve(ppr,pba,pth,ptw,pvecback);
=>thermodynamics_solve(L:1602) :error in thermodynamics_reionization_evolve_with_tau(&tpaw, interval_limit[index_interval], interval_limit[index_interval+1], mz_output, pth->tt_size);
=>thermodynamics_reionization_evolve_with_tau(L:2269) :condition (tau_sup < pth->tau_reio) is true; parameters are such that reionization cannot start after z_start_max
The following model failed in CLASS:
{'output': 'tCl,lCl,pCl,mPk', 'lensing': 'yes', 'k_pivot': 0.05, 'N_ur': 2.0328, 'N_ncdm': 1, 'm_ncdm': 0.06, 'T_ncdm': 0.71611, 'omega_b': 0.01666697875901277, 'omega_cdm': 0.18944515548459678, 'omega_ini_dcdm': 0.10954871736829326, 'Gamma_dcdm': 2504.61078462348, 'H0': 75.61536782648616, 'ln10^{10}A_s': 2.4056886725681643, 'n_s': 1.0450035504753898, 'tau_reio': 0.3892804632798423, 'P_k_max_1/Mpc': 8.4445, 'z_max_pk': 13.65}
thermodynamics_init(L:404) :error in thermodynamics_solve(ppr,pba,pth,ptw,pvecback);
=>thermodynamics_solve(L:1602) :error in thermodynamics_reionization_evolve_with_tau(&tpaw, interval_limit[index_interval], interval_limit[index_interval+1], mz_output, pth->tt_size);
=>thermodynamics_reionization_evolve_with_tau(L:2269) :condition (tau_sup < pth->tau_reio) is true; parameters are such that reionization cannot start after z_start_max
The following model failed in CLASS:
{'output': 'tCl,lCl,pCl,mPk', 'lensing': 'yes', 'k_pivot': 0.05, 'N_ur': 2.0328, 'N_ncdm': 1, 'm_ncdm': 0.06, 'T_ncdm': 0.71611, 'omega_b': 0.017980865417371154, 'omega_cdm': 0.206548479978033, 'omega_ini_dcdm': 0.2526007099387354, 'Gamma_dcdm': 2504.5136836919114, 'H0': 75.71670453837771, 'ln10^{10}A_s': 2.6608741500727477, 'n_s': 1.1480810929114935, 'tau_reio': 0.3309432470190585, 'P_k_max_1/Mpc': 8.4445, 'z_max_pk': 13.65}
thermodynamics_init(L:404) :error in thermodynamics_solve(ppr,pba,pth,ptw,pvecback);
=>thermodynamics_solve(L:1602) :error in thermodynamics_reionization_evolve_with_tau(&tpaw, interval_limit[index_interval], interval_limit[index_interval+1], mz_output, pth->tt_size);
=>thermodynamics_reionization_evolve_with_tau(L:2269) :condition (tau_sup < pth->tau_reio) is true; parameters are such that reionization cannot start after z_start_max
The following model failed in CLASS:
{'output': 'tCl,lCl,pCl,mPk', 'lensing': 'yes', 'k_pivot': 0.05, 'N_ur': 2.0328, 'N_ncdm': 1, 'm_ncdm': 0.06, 'T_ncdm': 0.71611, 'omega_b': 0.01563579979259385, 'omega_cdm': 0.02081814335665151, 'omega_ini_dcdm': 0.3389899017554323, 'Gamma_dcdm': 2504.4696227356194, 'H0': 74.87431887519557, 'ln10^{10}A_s': 3.2615428121104353, 'n_s': 1.145234031799519, 'tau_reio': 0.3392568524388399, 'P_k_max_1/Mpc': 8.4445, 'z_max_pk': 13.65}
thermodynamics_init(L:404) :error in thermodynamics_solve(ppr,pba,pth,ptw,pvecback);
=>thermodynamics_solve(L:1602) :error in thermodynamics_reionization_evolve_with_tau(&tpaw, interval_limit[index_interval], interval_limit[index_interval+1], mz_output, pth->tt_size);
=>thermodynamics_reionization_evolve_with_tau(L:2269) :condition (tau_sup < pth->tau_reio) is true; parameters are such that reionization cannot start after z_start_max
The following model failed in CLASS:
{'output': 'tCl,lCl,pCl,mPk', 'lensing': 'yes', 'k_pivot': 0.05, 'N_ur': 2.0328, 'N_ncdm': 1, 'm_ncdm': 0.06, 'T_ncdm': 0.71611, 'omega_b': 0.01887337668709721, 'omega_cdm': 0.23258348219304414, 'omega_ini_dcdm': 0.20520766895545728, 'Gamma_dcdm': 2504.6744202445825, 'H0': 74.68087028877548, 'ln10^{10}A_s': 2.762595638547397, 'n_s': 0.8166182651611891, 'tau_reio': 0.39030841418984874, 'P_k_max_1/Mpc': 8.4445, 'z_max_pk': 13.65}
thermodynamics_init(L:404) :error in thermodynamics_solve(ppr,pba,pth,ptw,pvecback);
=>thermodynamics_solve(L:1602) :error in thermodynamics_reionization_evolve_with_tau(&tpaw, interval_limit[index_interval], interval_limit[index_interval+1], mz_output, pth->tt_size);
=>thermodynamics_reionization_evolve_with_tau(L:2269) :condition (tau_sup < pth->tau_reio) is true; parameters are such that reionization cannot start after z_start_max
The following model failed in CLASS:
{'output': 'tCl,lCl,pCl,mPk', 'lensing': 'yes', 'k_pivot': 0.05, 'N_ur': 2.0328, 'N_ncdm': 1, 'm_ncdm': 0.06, 'T_ncdm': 0.71611, 'omega_b': 0.01658952782874846, 'omega_cdm': 0.07392951805530598, 'omega_ini_dcdm': 0.35747696892521136, 'Gamma_dcdm': 2505.166706050156, 'H0': 75.2280595450381, 'ln10^{10}A_s': 3.6502820403910516, 'n_s': 0.9523554765731355, 'tau_reio': 0.3462420467326938, 'P_k_max_1/Mpc': 8.4445, 'z_max_pk': 13.65}
thermodynamics_init(L:404) :error in thermodynamics_solve(ppr,pba,pth,ptw,pvecback);
=>thermodynamics_solve(L:1602) :error in thermodynamics_reionization_evolve_with_tau(&tpaw, interval_limit[index_interval], interval_limit[index_interval+1], mz_output, pth->tt_size);
=>thermodynamics_reionization_evolve_with_tau(L:2269) :condition (tau_sup < pth->tau_reio) is true; parameters are such that reionization cannot start after z_start_max
The following model failed in CLASS:
{'output': 'tCl,lCl,pCl,mPk', 'lensing': 'yes', 'k_pivot': 0.05, 'N_ur': 2.0328, 'N_ncdm': 1, 'm_ncdm': 0.06, 'T_ncdm': 0.71611, 'omega_b': 0.014547620159615995, 'omega_cdm': 0.19726083264028504, 'omega_ini_dcdm': 0.10492643180312917, 'Gamma_dcdm': 2504.7989822331547, 'H0': 75.30120912414256, 'ln10^{10}A_s': 3.2039658786872196, 'n_s': 1.0752451613329532, 'tau_reio': 0.34175293295442966, 'P_k_max_1/Mpc': 8.4445, 'z_max_pk': 13.65}
thermodynamics_init(L:404) :error in thermodynamics_solve(ppr,pba,pth,ptw,pvecback);
=>thermodynamics_solve(L:1602) :error in thermodynamics_reionization_evolve_with_tau(&tpaw, interval_limit[index_interval], interval_limit[index_interval+1], mz_output, pth->tt_size);
=>thermodynamics_reionization_evolve_with_tau(L:2269) :condition (tau_sup < pth->tau_reio) is true; parameters are such that reionization cannot start after z_start_max
The following model failed in CLASS:
{'output': 'tCl,lCl,pCl,mPk', 'lensing': 'yes', 'k_pivot': 0.05, 'N_ur': 2.0328, 'N_ncdm': 1, 'm_ncdm': 0.06, 'T_ncdm': 0.71611, 'omega_b': 0.015884178730009555, 'omega_cdm': 0.23942910013183355, 'omega_ini_dcdm': 0.1061144055280115, 'Gamma_dcdm': 2504.595010856514, 'H0': 74.6781196472571, 'ln10^{10}A_s': 2.922761701636766, 'n_s': 1.261746886400081, 'tau_reio': 0.3875062650457062, 'P_k_max_1/Mpc': 8.4445, 'z_max_pk': 13.65}
thermodynamics_init(L:404) :error in thermodynamics_solve(ppr,pba,pth,ptw,pvecback);
=>thermodynamics_solve(L:1602) :error in thermodynamics_reionization_evolve_with_tau(&tpaw, interval_limit[index_interval], interval_limit[index_interval+1], mz_output, pth->tt_size);
=>thermodynamics_reionization_evolve_with_tau(L:2269) :condition (tau_sup < pth->tau_reio) is true; parameters are such that reionization cannot start after z_start_max
The following model failed in CLASS:
{'output': 'tCl,lCl,pCl,mPk', 'lensing': 'yes', 'k_pivot': 0.05, 'N_ur': 2.0328, 'N_ncdm': 1, 'm_ncdm': 0.06, 'T_ncdm': 0.71611, 'omega_b': 0.015893344208460315, 'omega_cdm': 0.16819419941685698, 'omega_ini_dcdm': 0.35982701823138274, 'Gamma_dcdm': 2504.83319634365, 'H0': 75.23159889993667, 'ln10^{10}A_s': 3.746585185538941, 'n_s': 1.1474544067754022, 'tau_reio': 0.29532917605448056, 'P_k_max_1/Mpc': 8.4445, 'z_max_pk': 13.65}
thermodynamics_init(L:404) :error in thermodynamics_solve(ppr,pba,pth,ptw,pvecback);
=>thermodynamics_solve(L:1602) :error in thermodynamics_reionization_evolve_with_tau(&tpaw, interval_limit[index_interval], interval_limit[index_interval+1], mz_output, pth->tt_size);
=>thermodynamics_reionization_evolve_with_tau(L:2269) :condition (tau_sup < pth->tau_reio) is true; parameters are such that reionization cannot start after z_start_max
The following model failed in CLASS:
{'output': 'tCl,lCl,pCl,mPk', 'lensing': 'yes', 'k_pivot': 0.05, 'N_ur': 2.0328, 'N_ncdm': 1, 'm_ncdm': 0.06, 'T_ncdm': 0.71611, 'omega_b': 0.016836890010039345, 'omega_cdm': 0.13249261878974974, 'omega_ini_dcdm': 0.3496628384581959, 'Gamma_dcdm': 2504.2115902040587, 'H0': 75.06739402862193, 'ln10^{10}A_s': 2.810165071829231, 'n_s': 0.8084803013452437, 'tau_reio': 0.3291215742421379, 'P_k_max_1/Mpc': 8.4445, 'z_max_pk': 13.65}
thermodynamics_init(L:404) :error in thermodynamics_solve(ppr,pba,pth,ptw,pvecback);
=>thermodynamics_solve(L:1602) :error in thermodynamics_reionization_evolve_with_tau(&tpaw, interval_limit[index_interval], interval_limit[index_interval+1], mz_output, pth->tt_size);
=>thermodynamics_reionization_evolve_with_tau(L:2269) :condition (tau_sup < pth->tau_reio) is true; parameters are such that reionization cannot start after z_start_max
The following model failed in CLASS:
{'output': 'tCl,lCl,pCl,mPk', 'lensing': 'yes', 'k_pivot': 0.05, 'N_ur': 2.0328, 'N_ncdm': 1, 'm_ncdm': 0.06, 'T_ncdm': 0.71611, 'omega_b': 0.014610814232196888, 'omega_cdm': 0.24044262918512552, 'omega_ini_dcdm': 0.029754123526139847, 'Gamma_dcdm': 2505.7184928024035, 'H0': 75.34879132064329, 'ln10^{10}A_s': 3.3636998902276236, 'n_s': 1.005932063169164, 'tau_reio': 0.35032019703717565, 'P_k_max_1/Mpc': 8.4445, 'z_max_pk': 13.65}
thermodynamics_init(L:404) :error in thermodynamics_solve(ppr,pba,pth,ptw,pvecback);
=>thermodynamics_solve(L:1602) :error in thermodynamics_reionization_evolve_with_tau(&tpaw, interval_limit[index_interval], interval_limit[index_interval+1], mz_output, pth->tt_size);
=>thermodynamics_reionization_evolve_with_tau(L:2269) :condition (tau_sup < pth->tau_reio) is true; parameters are such that reionization cannot start after z_start_max
The following model failed in CLASS:
{'output': 'tCl,lCl,pCl,mPk', 'lensing': 'yes', 'k_pivot': 0.05, 'N_ur': 2.0328, 'N_ncdm': 1, 'm_ncdm': 0.06, 'T_ncdm': 0.71611, 'omega_b': 0.014336537854158416, 'omega_cdm': 0.0982849893840892, 'omega_ini_dcdm': 0.2486434338184671, 'Gamma_dcdm': 2504.367094333889, 'H0': 75.13027117459926, 'ln10^{10}A_s': 3.578065472346293, 'n_s': 1.2485897680213485, 'tau_reio': 0.3029650325225662, 'P_k_max_1/Mpc': 8.4445, 'z_max_pk': 13.65}
thermodynamics_init(L:404) :error in thermodynamics_solve(ppr,pba,pth,ptw,pvecback);
=>thermodynamics_solve(L:1602) :error in thermodynamics_reionization_evolve_with_tau(&tpaw, interval_limit[index_interval], interval_limit[index_interval+1], mz_output, pth->tt_size);
=>thermodynamics_reionization_evolve_with_tau(L:2269) :condition (tau_sup < pth->tau_reio) is true; parameters are such that reionization cannot start after z_start_max
The following model failed in CLASS:
{'output': 'tCl,lCl,pCl,mPk', 'lensing': 'yes', 'k_pivot': 0.05, 'N_ur': 2.0328, 'N_ncdm': 1, 'm_ncdm': 0.06, 'T_ncdm': 0.71611, 'omega_b': 0.01703732308883153, 'omega_cdm': 0.2264391912786111, 'omega_ini_dcdm': 0.33601656406796065, 'Gamma_dcdm': 2505.156011764065, 'H0': 75.13862625088768, 'ln10^{10}A_s': 3.3326162705397575, 'n_s': 1.001147058941176, 'tau_reio': 0.28988937743307797, 'P_k_max_1/Mpc': 8.4445, 'z_max_pk': 13.65}
thermodynamics_init(L:404) :error in thermodynamics_solve(ppr,pba,pth,ptw,pvecback);
=>thermodynamics_solve(L:1602) :error in thermodynamics_reionization_evolve_with_tau(&tpaw, interval_limit[index_interval], interval_limit[index_interval+1], mz_output, pth->tt_size);
=>thermodynamics_reionization_evolve_with_tau(L:2269) :condition (tau_sup < pth->tau_reio) is true; parameters are such that reionization cannot start after z_start_max
The following model failed in CLASS:
{'output': 'tCl,lCl,pCl,mPk', 'lensing': 'yes', 'k_pivot': 0.05, 'N_ur': 2.0328, 'N_ncdm': 1, 'm_ncdm': 0.06, 'T_ncdm': 0.71611, 'omega_b': 0.014942244602061837, 'omega_cdm': 0.20446839135068257, 'omega_ini_dcdm': 0.2241753695383049, 'Gamma_dcdm': 2505.196197200582, 'H0': 75.14551142105284, 'ln10^{10}A_s': 3.6693112050254184, 'n_s': 1.20120702950112, 'tau_reio': 0.3925758587108078, 'P_k_max_1/Mpc': 8.4445, 'z_max_pk': 13.65}
thermodynamics_init(L:404) :error in thermodynamics_solve(ppr,pba,pth,ptw,pvecback);
=>thermodynamics_solve(L:1602) :error in thermodynamics_reionization_evolve_with_tau(&tpaw, interval_limit[index_interval], interval_limit[index_interval+1], mz_output, pth->tt_size);
=>thermodynamics_reionization_evolve_with_tau(L:2269) :condition (tau_sup < pth->tau_reio) is true; parameters are such that reionization cannot start after z_start_max
The following model failed in CLASS:
{'output': 'tCl,lCl,pCl,mPk', 'lensing': 'yes', 'k_pivot': 0.05, 'N_ur': 2.0328, 'N_ncdm': 1, 'm_ncdm': 0.06, 'T_ncdm': 0.71611, 'omega_b': 0.014158343403786017, 'omega_cdm': 0.14161872192329536, 'omega_ini_dcdm': 0.1685344196045316, 'Gamma_dcdm': 2505.6216325450227, 'H0': 75.57336182538985, 'ln10^{10}A_s': 3.2501662342839652, 'n_s': 0.9113291090582356, 'tau_reio': 0.3695318151004344, 'P_k_max_1/Mpc': 8.4445, 'z_max_pk': 13.65}
thermodynamics_init(L:404) :error in thermodynamics_solve(ppr,pba,pth,ptw,pvecback);
=>thermodynamics_solve(L:1602) :error in thermodynamics_reionization_evolve_with_tau(&tpaw, interval_limit[index_interval], interval_limit[index_interval+1], mz_output, pth->tt_size);
=>thermodynamics_reionization_evolve_with_tau(L:2269) :condition (tau_sup < pth->tau_reio) is true; parameters are such that reionization cannot start after z_start_max
The following model failed in CLASS:
{'output': 'tCl,lCl,pCl,mPk', 'lensing': 'yes', 'k_pivot': 0.05, 'N_ur': 2.0328, 'N_ncdm': 1, 'm_ncdm': 0.06, 'T_ncdm': 0.71611, 'omega_b': 0.017448705690300083, 'omega_cdm': 0.22373006757399994, 'omega_ini_dcdm': 0.22354618521480174, 'Gamma_dcdm': 2505.3199365781215, 'H0': 75.69388987130354, 'ln10^{10}A_s': 3.0832126942243234, 'n_s': 0.7759869217480644, 'tau_reio': 0.32829642954861127, 'P_k_max_1/Mpc': 8.4445, 'z_max_pk': 13.65}
thermodynamics_init(L:404) :error in thermodynamics_solve(ppr,pba,pth,ptw,pvecback);
=>thermodynamics_solve(L:1602) :error in thermodynamics_reionization_evolve_with_tau(&tpaw, interval_limit[index_interval], interval_limit[index_interval+1], mz_output, pth->tt_size);
=>thermodynamics_reionization_evolve_with_tau(L:2269) :condition (tau_sup < pth->tau_reio) is true; parameters are such that reionization cannot start after z_start_max
The following model failed in CLASS:
{'output': 'tCl,lCl,pCl,mPk', 'lensing': 'yes', 'k_pivot': 0.05, 'N_ur': 2.0328, 'N_ncdm': 1, 'm_ncdm': 0.06, 'T_ncdm': 0.71611, 'omega_b': 0.017062980447469768, 'omega_cdm': 0.15503532060740682, 'omega_ini_dcdm': 0.22781344618085722, 'Gamma_dcdm': 2504.6335084611414, 'H0': 74.56334444078472, 'ln10^{10}A_s': 3.7472419015809777, 'n_s': 1.051127151415505, 'tau_reio': 0.37710427906422256, 'P_k_max_1/Mpc': 8.4445, 'z_max_pk': 13.65}
thermodynamics_init(L:404) :error in thermodynamics_solve(ppr,pba,pth,ptw,pvecback);
=>thermodynamics_solve(L:1602) :error in thermodynamics_reionization_evolve_with_tau(&tpaw, interval_limit[index_interval], interval_limit[index_interval+1], mz_output, pth->tt_size);
=>thermodynamics_reionization_evolve_with_tau(L:2269) :condition (tau_sup < pth->tau_reio) is true; parameters are such that reionization cannot start after z_start_max
The following model failed in CLASS:
{'output': 'tCl,lCl,pCl,mPk', 'lensing': 'yes', 'k_pivot': 0.05, 'N_ur': 2.0328, 'N_ncdm': 1, 'm_ncdm': 0.06, 'T_ncdm': 0.71611, 'omega_b': 0.022103628445851856, 'omega_cdm': 0.19571110851062967, 'omega_ini_dcdm': 0.3558179880942922, 'Gamma_dcdm': 2505.3553579457252, 'H0': 74.21765198296225, 'ln10^{10}A_s': 3.092646719017045, 'n_s': 1.1925273658597262, 'tau_reio': 0.37733202661451304, 'P_k_max_1/Mpc': 8.4445, 'z_max_pk': 13.65}
thermodynamics_init(L:404) :error in thermodynamics_solve(ppr,pba,pth,ptw,pvecback);
=>thermodynamics_solve(L:1602) :error in thermodynamics_reionization_evolve_with_tau(&tpaw, interval_limit[index_interval], interval_limit[index_interval+1], mz_output, pth->tt_size);
=>thermodynamics_reionization_evolve_with_tau(L:2269) :condition (tau_sup < pth->tau_reio) is true; parameters are such that reionization cannot start after z_start_max
The following model failed in CLASS:
{'output': 'tCl,lCl,pCl,mPk', 'lensing': 'yes', 'k_pivot': 0.05, 'N_ur': 2.0328, 'N_ncdm': 1, 'm_ncdm': 0.06, 'T_ncdm': 0.71611, 'omega_b': 0.01591981705614161, 'omega_cdm': 0.13152699565789544, 'omega_ini_dcdm': 0.206190044969315, 'Gamma_dcdm': 2504.2974672386576, 'H0': 74.83614475917042, 'ln10^{10}A_s': 2.7679126273838985, 'n_s': 1.1290559861314413, 'tau_reio': 0.35286460547603954, 'P_k_max_1/Mpc': 8.4445, 'z_max_pk': 13.65}
thermodynamics_init(L:404) :error in thermodynamics_solve(ppr,pba,pth,ptw,pvecback);
=>thermodynamics_solve(L:1602) :error in thermodynamics_reionization_evolve_with_tau(&tpaw, interval_limit[index_interval], interval_limit[index_interval+1], mz_output, pth->tt_size);
=>thermodynamics_reionization_evolve_with_tau(L:2269) :condition (tau_sup < pth->tau_reio) is true; parameters are such that reionization cannot start after z_start_max
The following model failed in CLASS:
{'output': 'tCl,lCl,pCl,mPk', 'lensing': 'yes', 'k_pivot': 0.05, 'N_ur': 2.0328, 'N_ncdm': 1, 'm_ncdm': 0.06, 'T_ncdm': 0.71611, 'omega_b': 0.014373215276009321, 'omega_cdm': 0.03405161915891802, 'omega_ini_dcdm': 0.2512425492017041, 'Gamma_dcdm': 2505.0758623080865, 'H0': 75.15804465073174, 'ln10^{10}A_s': 3.1654268332752498, 'n_s': 1.038129721531688, 'tau_reio': 0.3766604250745801, 'P_k_max_1/Mpc': 8.4445, 'z_max_pk': 13.65}
thermodynamics_init(L:404) :error in thermodynamics_solve(ppr,pba,pth,ptw,pvecback);
=>thermodynamics_solve(L:1602) :error in thermodynamics_reionization_evolve_with_tau(&tpaw, interval_limit[index_interval], interval_limit[index_interval+1], mz_output, pth->tt_size);
=>thermodynamics_reionization_evolve_with_tau(L:2269) :condition (tau_sup < pth->tau_reio) is true; parameters are such that reionization cannot start after z_start_max
The following model failed in CLASS:
{'output': 'tCl,lCl,pCl,mPk', 'lensing': 'yes', 'k_pivot': 0.05, 'N_ur': 2.0328, 'N_ncdm': 1, 'm_ncdm': 0.06, 'T_ncdm': 0.71611, 'omega_b': 0.015533855737899732, 'omega_cdm': 0.20639376073213062, 'omega_ini_dcdm': 0.32301787908002216, 'Gamma_dcdm': 2504.794986601812, 'H0': 75.63582672936501, 'ln10^{10}A_s': 2.306161725352577, 'n_s': 0.9250397123965345, 'tau_reio': 0.2909644524438108, 'P_k_max_1/Mpc': 8.4445, 'z_max_pk': 13.65}
thermodynamics_init(L:404) :error in thermodynamics_solve(ppr,pba,pth,ptw,pvecback);
=>thermodynamics_solve(L:1602) :error in thermodynamics_reionization_evolve_with_tau(&tpaw, interval_limit[index_interval], interval_limit[index_interval+1], mz_output, pth->tt_size);
=>thermodynamics_reionization_evolve_with_tau(L:2269) :condition (tau_sup < pth->tau_reio) is true; parameters are such that reionization cannot start after z_start_max
The following model failed in CLASS:
{'output': 'tCl,lCl,pCl,mPk', 'lensing': 'yes', 'k_pivot': 0.05, 'N_ur': 2.0328, 'N_ncdm': 1, 'm_ncdm': 0.06, 'T_ncdm': 0.71611, 'omega_b': 0.014604422652827003, 'omega_cdm': 0.22037320303177022, 'omega_ini_dcdm': 0.12189048895803643, 'Gamma_dcdm': 2505.238169841285, 'H0': 75.00962718209533, 'ln10^{10}A_s': 3.5268430192138416, 'n_s': 1.129636787537044, 'tau_reio': 0.30672456609039117, 'P_k_max_1/Mpc': 8.4445, 'z_max_pk': 13.65}
thermodynamics_init(L:404) :error in thermodynamics_solve(ppr,pba,pth,ptw,pvecback);
=>thermodynamics_solve(L:1602) :error in thermodynamics_reionization_evolve_with_tau(&tpaw, interval_limit[index_interval], interval_limit[index_interval+1], mz_output, pth->tt_size);
=>thermodynamics_reionization_evolve_with_tau(L:2269) :condition (tau_sup < pth->tau_reio) is true; parameters are such that reionization cannot start after z_start_max
The following model failed in CLASS:
{'output': 'tCl,lCl,pCl,mPk', 'lensing': 'yes', 'k_pivot': 0.05, 'N_ur': 2.0328, 'N_ncdm': 1, 'm_ncdm': 0.06, 'T_ncdm': 0.71611, 'omega_b': 0.01604501468955164, 'omega_cdm': 0.19506905582373285, 'omega_ini_dcdm': 0.21526434393640442, 'Gamma_dcdm': 2505.1580811239724, 'H0': 75.2862029932657, 'ln10^{10}A_s': 3.7595351023050343, 'n_s': 0.7149965402880705, 'tau_reio': 0.3530801655859729, 'P_k_max_1/Mpc': 8.4445, 'z_max_pk': 13.65}
thermodynamics_init(L:404) :error in thermodynamics_solve(ppr,pba,pth,ptw,pvecback);
=>thermodynamics_solve(L:1602) :error in thermodynamics_reionization_evolve_with_tau(&tpaw, interval_limit[index_interval], interval_limit[index_interval+1], mz_output, pth->tt_size);
=>thermodynamics_reionization_evolve_with_tau(L:2269) :condition (tau_sup < pth->tau_reio) is true; parameters are such that reionization cannot start after z_start_max
The following model failed in CLASS:
{'output': 'tCl,lCl,pCl,mPk', 'lensing': 'yes', 'k_pivot': 0.05, 'N_ur': 2.0328, 'N_ncdm': 1, 'm_ncdm': 0.06, 'T_ncdm': 0.71611, 'omega_b': 0.015084450059798128, 'omega_cdm': 0.19239741132739968, 'omega_ini_dcdm': 0.3659928974648348, 'Gamma_dcdm': 2504.4353188910773, 'H0': 74.85050293391657, 'ln10^{10}A_s': 2.75358295796368, 'n_s': 1.241217788845159, 'tau_reio': 0.2960512575177865, 'P_k_max_1/Mpc': 8.4445, 'z_max_pk': 13.65}
thermodynamics_init(L:404) :error in thermodynamics_solve(ppr,pba,pth,ptw,pvecback);
=>thermodynamics_solve(L:1602) :error in thermodynamics_reionization_evolve_with_tau(&tpaw, interval_limit[index_interval], interval_limit[index_interval+1], mz_output, pth->tt_size);
=>thermodynamics_reionization_evolve_with_tau(L:2269) :condition (tau_sup < pth->tau_reio) is true; parameters are such that reionization cannot start after z_start_max
The following model failed in CLASS:
{'output': 'tCl,lCl,pCl,mPk', 'lensing': 'yes', 'k_pivot': 0.05, 'N_ur': 2.0328, 'N_ncdm': 1, 'm_ncdm': 0.06, 'T_ncdm': 0.71611, 'omega_b': 0.014566786349350712, 'omega_cdm': 0.24758748108462575, 'omega_ini_dcdm': 0.1538503129354494, 'Gamma_dcdm': 2505.0144625301837, 'H0': 75.79911668146435, 'ln10^{10}A_s': 2.54486864587607, 'n_s': 1.0122351895920174, 'tau_reio': 0.3452088093470457, 'P_k_max_1/Mpc': 8.4445, 'z_max_pk': 13.65}
thermodynamics_init(L:404) :error in thermodynamics_solve(ppr,pba,pth,ptw,pvecback);
=>thermodynamics_solve(L:1602) :error in thermodynamics_reionization_evolve_with_tau(&tpaw, interval_limit[index_interval], interval_limit[index_interval+1], mz_output, pth->tt_size);
=>thermodynamics_reionization_evolve_with_tau(L:2269) :condition (tau_sup < pth->tau_reio) is true; parameters are such that reionization cannot start after z_start_max
The following model failed in CLASS:
{'output': 'tCl,lCl,pCl,mPk', 'lensing': 'yes', 'k_pivot': 0.05, 'N_ur': 2.0328, 'N_ncdm': 1, 'm_ncdm': 0.06, 'T_ncdm': 0.71611, 'omega_b': 0.017804597577819756, 'omega_cdm': 0.1778110737760674, 'omega_ini_dcdm': 0.3962874646894249, 'Gamma_dcdm': 2505.1663553729063, 'H0': 75.48999758667607, 'ln10^{10}A_s': 2.2104592351094983, 'n_s': 1.1355638647916517, 'tau_reio': 0.3560572835766226, 'P_k_max_1/Mpc': 8.4445, 'z_max_pk': 13.65}
thermodynamics_init(L:404) :error in thermodynamics_solve(ppr,pba,pth,ptw,pvecback);
=>thermodynamics_solve(L:1602) :error in thermodynamics_reionization_evolve_with_tau(&tpaw, interval_limit[index_interval], interval_limit[index_interval+1], mz_output, pth->tt_size);
=>thermodynamics_reionization_evolve_with_tau(L:2269) :condition (tau_sup < pth->tau_reio) is true; parameters are such that reionization cannot start after z_start_max
The following model failed in CLASS:
{'output': 'tCl,lCl,pCl,mPk', 'lensing': 'yes', 'k_pivot': 0.05, 'N_ur': 2.0328, 'N_ncdm': 1, 'm_ncdm': 0.06, 'T_ncdm': 0.71611, 'omega_b': 0.016757540617768886, 'omega_cdm': 0.05323123781228678, 'omega_ini_dcdm': 0.37102062212300363, 'Gamma_dcdm': 2505.404935215703, 'H0': 75.61938718586632, 'ln10^{10}A_s': 2.8849956545205453, 'n_s': 1.1318141348008106, 'tau_reio': 0.37216190004806615, 'P_k_max_1/Mpc': 8.4445, 'z_max_pk': 13.65}
thermodynamics_init(L:404) :error in thermodynamics_solve(ppr,pba,pth,ptw,pvecback);
=>thermodynamics_solve(L:1602) :error in thermodynamics_reionization_evolve_with_tau(&tpaw, interval_limit[index_interval], interval_limit[index_interval+1], mz_output, pth->tt_size);
=>thermodynamics_reionization_evolve_with_tau(L:2269) :condition (tau_sup < pth->tau_reio) is true; parameters are such that reionization cannot start after z_start_max
The following model failed in CLASS:
{'output': 'tCl,lCl,pCl,mPk', 'lensing': 'yes', 'k_pivot': 0.05, 'N_ur': 2.0328, 'N_ncdm': 1, 'm_ncdm': 0.06, 'T_ncdm': 0.71611, 'omega_b': 0.01597601546820111, 'omega_cdm': 0.23650535265218936, 'omega_ini_dcdm': 0.38580446644108823, 'Gamma_dcdm': 2504.738548021995, 'H0': 75.55391858730185, 'ln10^{10}A_s': 2.528186791975984, 'n_s': 1.2033716822162568, 'tau_reio': 0.32040124093926703, 'P_k_max_1/Mpc': 8.4445, 'z_max_pk': 13.65}
thermodynamics_init(L:404) :error in thermodynamics_solve(ppr,pba,pth,ptw,pvecback);
=>thermodynamics_solve(L:1602) :error in thermodynamics_reionization_evolve_with_tau(&tpaw, interval_limit[index_interval], interval_limit[index_interval+1], mz_output, pth->tt_size);
=>thermodynamics_reionization_evolve_with_tau(L:2269) :condition (tau_sup < pth->tau_reio) is true; parameters are such that reionization cannot start after z_start_max
The following model failed in CLASS:
{'output': 'tCl,lCl,pCl,mPk', 'lensing': 'yes', 'k_pivot': 0.05, 'N_ur': 2.0328, 'N_ncdm': 1, 'm_ncdm': 0.06, 'T_ncdm': 0.71611, 'omega_b': 0.01883848626924641, 'omega_cdm': 0.14674441677044567, 'omega_ini_dcdm': 0.3909855475529981, 'Gamma_dcdm': 2505.206895284949, 'H0': 74.78404431845757, 'ln10^{10}A_s': 2.347141934186081, 'n_s': 0.7587122899312647, 'tau_reio': 0.34919098044004476, 'P_k_max_1/Mpc': 8.4445, 'z_max_pk': 13.65}
thermodynamics_init(L:404) :error in thermodynamics_solve(ppr,pba,pth,ptw,pvecback);
=>thermodynamics_solve(L:1602) :error in thermodynamics_reionization_evolve_with_tau(&tpaw, interval_limit[index_interval], interval_limit[index_interval+1], mz_output, pth->tt_size);
=>thermodynamics_reionization_evolve_with_tau(L:2269) :condition (tau_sup < pth->tau_reio) is true; parameters are such that reionization cannot start after z_start_max
The following model failed in CLASS:
{'output': 'tCl,lCl,pCl,mPk', 'lensing': 'yes', 'k_pivot': 0.05, 'N_ur': 2.0328, 'N_ncdm': 1, 'm_ncdm': 0.06, 'T_ncdm': 0.71611, 'omega_b': 0.01402487778941424, 'omega_cdm': 0.1373252198075318, 'omega_ini_dcdm': 0.18903295153847396, 'Gamma_dcdm': 2505.385563166423, 'H0': 74.48319018947998, 'ln10^{10}A_s': 2.429771609630674, 'n_s': 1.2425418822377035, 'tau_reio': 0.3773281704305643, 'P_k_max_1/Mpc': 8.4445, 'z_max_pk': 13.65}
thermodynamics_init(L:404) :error in thermodynamics_solve(ppr,pba,pth,ptw,pvecback);
=>thermodynamics_solve(L:1602) :error in thermodynamics_reionization_evolve_with_tau(&tpaw, interval_limit[index_interval], interval_limit[index_interval+1], mz_output, pth->tt_size);
=>thermodynamics_reionization_evolve_with_tau(L:2269) :condition (tau_sup < pth->tau_reio) is true; parameters are such that reionization cannot start after z_start_max
The following model failed in CLASS:
{'output': 'tCl,lCl,pCl,mPk', 'lensing': 'yes', 'k_pivot': 0.05, 'N_ur': 2.0328, 'N_ncdm': 1, 'm_ncdm': 0.06, 'T_ncdm': 0.71611, 'omega_b': 0.017951772270913928, 'omega_cdm': 0.24278600794533195, 'omega_ini_dcdm': 0.21453806668965517, 'Gamma_dcdm': 2504.858646475081, 'H0': 74.64297454142951, 'ln10^{10}A_s': 3.729419914066514, 'n_s': 1.110562514261183, 'tau_reio': 0.3835652518006854, 'P_k_max_1/Mpc': 8.4445, 'z_max_pk': 13.65}
thermodynamics_init(L:404) :error in thermodynamics_solve(ppr,pba,pth,ptw,pvecback);
=>thermodynamics_solve(L:1602) :error in thermodynamics_reionization_evolve_with_tau(&tpaw, interval_limit[index_interval], interval_limit[index_interval+1], mz_output, pth->tt_size);
=>thermodynamics_reionization_evolve_with_tau(L:2269) :condition (tau_sup < pth->tau_reio) is true; parameters are such that reionization cannot start after z_start_max
The following model failed in CLASS:
{'output': 'tCl,lCl,pCl,mPk', 'lensing': 'yes', 'k_pivot': 0.05, 'N_ur': 2.0328, 'N_ncdm': 1, 'm_ncdm': 0.06, 'T_ncdm': 0.71611, 'omega_b': 0.015424632968865598, 'omega_cdm': 0.15399504666948174, 'omega_ini_dcdm': 0.36636930201211926, 'Gamma_dcdm': 2505.7960593552502, 'H0': 74.9427211057867, 'ln10^{10}A_s': 3.295965835552293, 'n_s': 1.1363297520211642, 'tau_reio': 0.3203933177761549, 'P_k_max_1/Mpc': 8.4445, 'z_max_pk': 13.65}
thermodynamics_init(L:404) :error in thermodynamics_solve(ppr,pba,pth,ptw,pvecback);
=>thermodynamics_solve(L:1602) :error in thermodynamics_reionization_evolve_with_tau(&tpaw, interval_limit[index_interval], interval_limit[index_interval+1], mz_output, pth->tt_size);
=>thermodynamics_reionization_evolve_with_tau(L:2269) :condition (tau_sup < pth->tau_reio) is true; parameters are such that reionization cannot start after z_start_max
The following model failed in CLASS:
{'output': 'tCl,lCl,pCl,mPk', 'lensing': 'yes', 'k_pivot': 0.05, 'N_ur': 2.0328, 'N_ncdm': 1, 'm_ncdm': 0.06, 'T_ncdm': 0.71611, 'omega_b': 0.016172064249879686, 'omega_cdm': 0.14085658663228517, 'omega_ini_dcdm': 0.2506981625806345, 'Gamma_dcdm': 2504.5890130345583, 'H0': 75.09428717123839, 'ln10^{10}A_s': 3.650808754945954, 'n_s': 1.0012670220548814, 'tau_reio': 0.3702102655855937, 'P_k_max_1/Mpc': 8.4445, 'z_max_pk': 13.65}
thermodynamics_init(L:404) :error in thermodynamics_solve(ppr,pba,pth,ptw,pvecback);
=>thermodynamics_solve(L:1602) :error in thermodynamics_reionization_evolve_with_tau(&tpaw, interval_limit[index_interval], interval_limit[index_interval+1], mz_output, pth->tt_size);
=>thermodynamics_reionization_evolve_with_tau(L:2269) :condition (tau_sup < pth->tau_reio) is true; parameters are such that reionization cannot start after z_start_max
The following model failed in CLASS:
{'output': 'tCl,lCl,pCl,mPk', 'lensing': 'yes', 'k_pivot': 0.05, 'N_ur': 2.0328, 'N_ncdm': 1, 'm_ncdm': 0.06, 'T_ncdm': 0.71611, 'omega_b': 0.015635445640511378, 'omega_cdm': 0.2390342081102326, 'omega_ini_dcdm': 0.379534407977534, 'Gamma_dcdm': 2505.491769383093, 'H0': 75.27239131714124, 'ln10^{10}A_s': 2.665560252806054, 'n_s': 1.1985534433185603, 'tau_reio': 0.30319487794813355, 'P_k_max_1/Mpc': 8.4445, 'z_max_pk': 13.65}
thermodynamics_init(L:404) :error in thermodynamics_solve(ppr,pba,pth,ptw,pvecback);
=>thermodynamics_solve(L:1602) :error in thermodynamics_reionization_evolve_with_tau(&tpaw, interval_limit[index_interval], interval_limit[index_interval+1], mz_output, pth->tt_size);
=>thermodynamics_reionization_evolve_with_tau(L:2269) :condition (tau_sup < pth->tau_reio) is true; parameters are such that reionization cannot start after z_start_max
The following model failed in CLASS:
{'output': 'tCl,lCl,pCl,mPk', 'lensing': 'yes', 'k_pivot': 0.05, 'N_ur': 2.0328, 'N_ncdm': 1, 'm_ncdm': 0.06, 'T_ncdm': 0.71611, 'omega_b': 0.014286606593265779, 'omega_cdm': 0.0426919869445514, 'omega_ini_dcdm': 0.26120661948589047, 'Gamma_dcdm': 2504.513996410793, 'H0': 75.58226770459824, 'ln10^{10}A_s': 3.510201016342794, 'n_s': 1.187705046750591, 'tau_reio': 0.3330367894361358, 'P_k_max_1/Mpc': 8.4445, 'z_max_pk': 13.65}
thermodynamics_init(L:404) :error in thermodynamics_solve(ppr,pba,pth,ptw,pvecback);
=>thermodynamics_solve(L:1602) :error in thermodynamics_reionization_evolve_with_tau(&tpaw, interval_limit[index_interval], interval_limit[index_interval+1], mz_output, pth->tt_size);
=>thermodynamics_reionization_evolve_with_tau(L:2269) :condition (tau_sup < pth->tau_reio) is true; parameters are such that reionization cannot start after z_start_max
The following model failed in CLASS:
{'output': 'tCl,lCl,pCl,mPk', 'lensing': 'yes', 'k_pivot': 0.05, 'N_ur': 2.0328, 'N_ncdm': 1, 'm_ncdm': 0.06, 'T_ncdm': 0.71611, 'omega_b': 0.014879661290171152, 'omega_cdm': 0.09188961267570073, 'omega_ini_dcdm': 0.3429332575206994, 'Gamma_dcdm': 2504.5508430262153, 'H0': 75.46289150302162, 'ln10^{10}A_s': 2.763128250347523, 'n_s': 0.7114776239066269, 'tau_reio': 0.32795736891019045, 'P_k_max_1/Mpc': 8.4445, 'z_max_pk': 13.65}
thermodynamics_init(L:404) :error in thermodynamics_solve(ppr,pba,pth,ptw,pvecback);
=>thermodynamics_solve(L:1602) :error in thermodynamics_reionization_evolve_with_tau(&tpaw, interval_limit[index_interval], interval_limit[index_interval+1], mz_output, pth->tt_size);
=>thermodynamics_reionization_evolve_with_tau(L:2269) :condition (tau_sup < pth->tau_reio) is true; parameters are such that reionization cannot start after z_start_max
The following model failed in CLASS:
{'output': 'tCl,lCl,pCl,mPk', 'lensing': 'yes', 'k_pivot': 0.05, 'N_ur': 2.0328, 'N_ncdm': 1, 'm_ncdm': 0.06, 'T_ncdm': 0.71611, 'omega_b': 0.014059729977673392, 'omega_cdm': 0.24944290635490596, 'omega_ini_dcdm': 0.28481317293464803, 'Gamma_dcdm': 2504.3936248091595, 'H0': 75.26409559247692, 'ln10^{10}A_s': 3.4833763245983387, 'n_s': 0.957763941148293, 'tau_reio': 0.37677633086598583, 'P_k_max_1/Mpc': 8.4445, 'z_max_pk': 13.65}
thermodynamics_init(L:404) :error in thermodynamics_solve(ppr,pba,pth,ptw,pvecback);
=>thermodynamics_solve(L:1602) :error in thermodynamics_reionization_evolve_with_tau(&tpaw, interval_limit[index_interval], interval_limit[index_interval+1], mz_output, pth->tt_size);
=>thermodynamics_reionization_evolve_with_tau(L:2269) :condition (tau_sup < pth->tau_reio) is true; parameters are such that reionization cannot start after z_start_max
The following model failed in CLASS:
{'output': 'tCl,lCl,pCl,mPk', 'lensing': 'yes', 'k_pivot': 0.05, 'N_ur': 2.0328, 'N_ncdm': 1, 'm_ncdm': 0.06, 'T_ncdm': 0.71611, 'omega_b': 0.01774343759236412, 'omega_cdm': 0.09383238178884398, 'omega_ini_dcdm': 0.36839737507572673, 'Gamma_dcdm': 2505.2522706020886, 'H0': 74.46919651927618, 'ln10^{10}A_s': 3.0408340603071844, 'n_s': 1.2356902095967786, 'tau_reio': 0.3496189810193012, 'P_k_max_1/Mpc': 8.4445, 'z_max_pk': 13.65}
thermodynamics_init(L:404) :error in thermodynamics_solve(ppr,pba,pth,ptw,pvecback);
=>thermodynamics_solve(L:1602) :error in thermodynamics_reionization_evolve_with_tau(&tpaw, interval_limit[index_interval], interval_limit[index_interval+1], mz_output, pth->tt_size);
=>thermodynamics_reionization_evolve_with_tau(L:2269) :condition (tau_sup < pth->tau_reio) is true; parameters are such that reionization cannot start after z_start_max
The following model failed in CLASS:
{'output': 'tCl,lCl,pCl,mPk', 'lensing': 'yes', 'k_pivot': 0.05, 'N_ur': 2.0328, 'N_ncdm': 1, 'm_ncdm': 0.06, 'T_ncdm': 0.71611, 'omega_b': 0.01815589024441234, 'omega_cdm': 0.026483915342496264, 'omega_ini_dcdm': 0.38780416443985477, 'Gamma_dcdm': 2505.0212798332886, 'H0': 74.61642143558768, 'ln10^{10}A_s': 3.292765903159724, 'n_s': 1.2192665118540986, 'tau_reio': 0.3686827467042995, 'P_k_max_1/Mpc': 8.4445, 'z_max_pk': 13.65}
thermodynamics_init(L:404) :error in thermodynamics_solve(ppr,pba,pth,ptw,pvecback);
=>thermodynamics_solve(L:1602) :error in thermodynamics_reionization_evolve_with_tau(&tpaw, interval_limit[index_interval], interval_limit[index_interval+1], mz_output, pth->tt_size);
=>thermodynamics_reionization_evolve_with_tau(L:2269) :condition (tau_sup < pth->tau_reio) is true; parameters are such that reionization cannot start after z_start_max
The following model failed in CLASS:
{'output': 'tCl,lCl,pCl,mPk', 'lensing': 'yes', 'k_pivot': 0.05, 'N_ur': 2.0328, 'N_ncdm': 1, 'm_ncdm': 0.06, 'T_ncdm': 0.71611, 'omega_b': 0.01849750354116509, 'omega_cdm': 0.13711127905004786, 'omega_ini_dcdm': 0.3473892404686246, 'Gamma_dcdm': 2505.0221986820725, 'H0': 74.47257854734943, 'ln10^{10}A_s': 3.107648255027243, 'n_s': 0.9703206179860557, 'tau_reio': 0.337434109620445, 'P_k_max_1/Mpc': 8.4445, 'z_max_pk': 13.65}
thermodynamics_init(L:404) :error in thermodynamics_solve(ppr,pba,pth,ptw,pvecback);
=>thermodynamics_solve(L:1602) :error in thermodynamics_reionization_evolve_with_tau(&tpaw, interval_limit[index_interval], interval_limit[index_interval+1], mz_output, pth->tt_size);
=>thermodynamics_reionization_evolve_with_tau(L:2269) :condition (tau_sup < pth->tau_reio) is true; parameters are such that reionization cannot start after z_start_max
The following model failed in CLASS:
{'output': 'tCl,lCl,pCl,mPk', 'lensing': 'yes', 'k_pivot': 0.05, 'N_ur': 2.0328, 'N_ncdm': 1, 'm_ncdm': 0.06, 'T_ncdm': 0.71611, 'omega_b': 0.017098614128485165, 'omega_cdm': 0.1371062862402806, 'omega_ini_dcdm': 0.1873299078818292, 'Gamma_dcdm': 2504.8557083574883, 'H0': 74.25092521985, 'ln10^{10}A_s': 2.7437534446777985, 'n_s': 0.967841453128551, 'tau_reio': 0.3740874708348968, 'P_k_max_1/Mpc': 8.4445, 'z_max_pk': 13.65}
thermodynamics_init(L:404) :error in thermodynamics_solve(ppr,pba,pth,ptw,pvecback);
=>thermodynamics_solve(L:1602) :error in thermodynamics_reionization_evolve_with_tau(&tpaw, interval_limit[index_interval], interval_limit[index_interval+1], mz_output, pth->tt_size);
=>thermodynamics_reionization_evolve_with_tau(L:2269) :condition (tau_sup < pth->tau_reio) is true; parameters are such that reionization cannot start after z_start_max
The following model failed in CLASS:
{'output': 'tCl,lCl,pCl,mPk', 'lensing': 'yes', 'k_pivot': 0.05, 'N_ur': 2.0328, 'N_ncdm': 1, 'm_ncdm': 0.06, 'T_ncdm': 0.71611, 'omega_b': 0.01555336403413357, 'omega_cdm': 0.2331336753368842, 'omega_ini_dcdm': 0.31806507325362676, 'Gamma_dcdm': 2505.6224004311157, 'H0': 74.77941226734691, 'ln10^{10}A_s': 3.222885410737414, 'n_s': 1.0789158763339193, 'tau_reio': 0.397497825719961, 'P_k_max_1/Mpc': 8.4445, 'z_max_pk': 13.65}
thermodynamics_init(L:404) :error in thermodynamics_solve(ppr,pba,pth,ptw,pvecback);
=>thermodynamics_solve(L:1602) :error in thermodynamics_reionization_evolve_with_tau(&tpaw, interval_limit[index_interval], interval_limit[index_interval+1], mz_output, pth->tt_size);
=>thermodynamics_reionization_evolve_with_tau(L:2269) :condition (tau_sup < pth->tau_reio) is true; parameters are such that reionization cannot start after z_start_max
The following model failed in CLASS:
{'output': 'tCl,lCl,pCl,mPk', 'lensing': 'yes', 'k_pivot': 0.05, 'N_ur': 2.0328, 'N_ncdm': 1, 'm_ncdm': 0.06, 'T_ncdm': 0.71611, 'omega_b': 0.017809262310544055, 'omega_cdm': 0.17143779901468972, 'omega_ini_dcdm': 0.2535569054379762, 'Gamma_dcdm': 2504.7634194547068, 'H0': 74.72242826165596, 'ln10^{10}A_s': 3.88217138319253, 'n_s': 1.1234391681784874, 'tau_reio': 0.3705195114358192, 'P_k_max_1/Mpc': 8.4445, 'z_max_pk': 13.65}
thermodynamics_init(L:404) :error in thermodynamics_solve(ppr,pba,pth,ptw,pvecback);
=>thermodynamics_solve(L:1602) :error in thermodynamics_reionization_evolve_with_tau(&tpaw, interval_limit[index_interval], interval_limit[index_interval+1], mz_output, pth->tt_size);
=>thermodynamics_reionization_evolve_with_tau(L:2269) :condition (tau_sup < pth->tau_reio) is true; parameters are such that reionization cannot start after z_start_max
The following model failed in CLASS:
{'output': 'tCl,lCl,pCl,mPk', 'lensing': 'yes', 'k_pivot': 0.05, 'N_ur': 2.0328, 'N_ncdm': 1, 'm_ncdm': 0.06, 'T_ncdm': 0.71611, 'omega_b': 0.016146153053771553, 'omega_cdm': 0.05867720339273587, 'omega_ini_dcdm': 0.35430896516637966, 'Gamma_dcdm': 2505.4919016680656, 'H0': 74.76453073691464, 'ln10^{10}A_s': 2.7264329006770853, 'n_s': 0.7437671546455207, 'tau_reio': 0.36618183762660816, 'P_k_max_1/Mpc': 8.4445, 'z_max_pk': 13.65}
thermodynamics_init(L:404) :error in thermodynamics_solve(ppr,pba,pth,ptw,pvecback);
=>thermodynamics_solve(L:1602) :error in thermodynamics_reionization_evolve_with_tau(&tpaw, interval_limit[index_interval], interval_limit[index_interval+1], mz_output, pth->tt_size);
=>thermodynamics_reionization_evolve_with_tau(L:2269) :condition (tau_sup < pth->tau_reio) is true; parameters are such that reionization cannot start after z_start_max
The following model failed in CLASS:
{'output': 'tCl,lCl,pCl,mPk', 'lensing': 'yes', 'k_pivot': 0.05, 'N_ur': 2.0328, 'N_ncdm': 1, 'm_ncdm': 0.06, 'T_ncdm': 0.71611, 'omega_b': 0.019200819595365667, 'omega_cdm': 0.13540794987835614, 'omega_ini_dcdm': 0.35354207123677805, 'Gamma_dcdm': 2504.5514501025305, 'H0': 75.3931812277999, 'ln10^{10}A_s': 3.4853758537790647, 'n_s': 0.872181107603496, 'tau_reio': 0.37569000317315854, 'P_k_max_1/Mpc': 8.4445, 'z_max_pk': 13.65}
thermodynamics_init(L:404) :error in thermodynamics_solve(ppr,pba,pth,ptw,pvecback);
=>thermodynamics_solve(L:1602) :error in thermodynamics_reionization_evolve_with_tau(&tpaw, interval_limit[index_interval], interval_limit[index_interval+1], mz_output, pth->tt_size);
=>thermodynamics_reionization_evolve_with_tau(L:2269) :condition (tau_sup < pth->tau_reio) is true; parameters are such that reionization cannot start after z_start_max
The following model failed in CLASS:
{'output': 'tCl,lCl,pCl,mPk', 'lensing': 'yes', 'k_pivot': 0.05, 'N_ur': 2.0328, 'N_ncdm': 1, 'm_ncdm': 0.06, 'T_ncdm': 0.71611, 'omega_b': 0.01497468735510464, 'omega_cdm': 0.18040152272139906, 'omega_ini_dcdm': 0.25710701469776875, 'Gamma_dcdm': 2505.3769615574206, 'H0': 74.68284222168619, 'ln10^{10}A_s': 2.78118642413599, 'n_s': 1.2005735557979467, 'tau_reio': 0.38854026576602935, 'P_k_max_1/Mpc': 8.4445, 'z_max_pk': 13.65}
thermodynamics_init(L:404) :error in thermodynamics_solve(ppr,pba,pth,ptw,pvecback);
=>thermodynamics_solve(L:1602) :error in thermodynamics_reionization_evolve_with_tau(&tpaw, interval_limit[index_interval], interval_limit[index_interval+1], mz_output, pth->tt_size);
=>thermodynamics_reionization_evolve_with_tau(L:2269) :condition (tau_sup < pth->tau_reio) is true; parameters are such that reionization cannot start after z_start_max
The following model failed in CLASS:
{'output': 'tCl,lCl,pCl,mPk', 'lensing': 'yes', 'k_pivot': 0.05, 'N_ur': 2.0328, 'N_ncdm': 1, 'm_ncdm': 0.06, 'T_ncdm': 0.71611, 'omega_b': 0.01701204366420283, 'omega_cdm': 0.20295012449768005, 'omega_ini_dcdm': 0.1631729177612234, 'Gamma_dcdm': 2504.1307737727025, 'H0': 75.15457838587722, 'ln10^{10}A_s': 3.2226559989560615, 'n_s': 0.8195777882901721, 'tau_reio': 0.36345793062215426, 'P_k_max_1/Mpc': 8.4445, 'z_max_pk': 13.65}
thermodynamics_init(L:404) :error in thermodynamics_solve(ppr,pba,pth,ptw,pvecback);
=>thermodynamics_solve(L:1602) :error in thermodynamics_reionization_evolve_with_tau(&tpaw, interval_limit[index_interval], interval_limit[index_interval+1], mz_output, pth->tt_size);
=>thermodynamics_reionization_evolve_with_tau(L:2269) :condition (tau_sup < pth->tau_reio) is true; parameters are such that reionization cannot start after z_start_max
The following model failed in CLASS:
{'output': 'tCl,lCl,pCl,mPk', 'lensing': 'yes', 'k_pivot': 0.05, 'N_ur': 2.0328, 'N_ncdm': 1, 'm_ncdm': 0.06, 'T_ncdm': 0.71611, 'omega_b': 0.01454946551325467, 'omega_cdm': 0.23890246369641668, 'omega_ini_dcdm': 0.08061507769964886, 'Gamma_dcdm': 2504.6506180043557, 'H0': 74.33722982563759, 'ln10^{10}A_s': 3.5226337436677913, 'n_s': 1.246322619768386, 'tau_reio': 0.3322705807421703, 'P_k_max_1/Mpc': 8.4445, 'z_max_pk': 13.65}
thermodynamics_init(L:404) :error in thermodynamics_solve(ppr,pba,pth,ptw,pvecback);
=>thermodynamics_solve(L:1602) :error in thermodynamics_reionization_evolve_with_tau(&tpaw, interval_limit[index_interval], interval_limit[index_interval+1], mz_output, pth->tt_size);
=>thermodynamics_reionization_evolve_with_tau(L:2269) :condition (tau_sup < pth->tau_reio) is true; parameters are such that reionization cannot start after z_start_max
The following model failed in CLASS:
{'output': 'tCl,lCl,pCl,mPk', 'lensing': 'yes', 'k_pivot': 0.05, 'N_ur': 2.0328, 'N_ncdm': 1, 'm_ncdm': 0.06, 'T_ncdm': 0.71611, 'omega_b': 0.018903865004885567, 'omega_cdm': 0.2370215668940938, 'omega_ini_dcdm': 0.2949088292338147, 'Gamma_dcdm': 2504.504283581781, 'H0': 75.22820521030685, 'ln10^{10}A_s': 3.503326070316884, 'n_s': 1.0239467763314645, 'tau_reio': 0.36292431242166867, 'P_k_max_1/Mpc': 8.4445, 'z_max_pk': 13.65}
thermodynamics_init(L:404) :error in thermodynamics_solve(ppr,pba,pth,ptw,pvecback);
=>thermodynamics_solve(L:1602) :error in thermodynamics_reionization_evolve_with_tau(&tpaw, interval_limit[index_interval], interval_limit[index_interval+1], mz_output, pth->tt_size);
=>thermodynamics_reionization_evolve_with_tau(L:2269) :condition (tau_sup < pth->tau_reio) is true; parameters are such that reionization cannot start after z_start_max
The following model failed in CLASS:
{'output': 'tCl,lCl,pCl,mPk', 'lensing': 'yes', 'k_pivot': 0.05, 'N_ur': 2.0328, 'N_ncdm': 1, 'm_ncdm': 0.06, 'T_ncdm': 0.71611, 'omega_b': 0.015646647098809197, 'omega_cdm': 0.15118912805295673, 'omega_ini_dcdm': 0.3190544115197347, 'Gamma_dcdm': 2504.6518060303974, 'H0': 75.80408296529097, 'ln10^{10}A_s': 3.0486447262863017, 'n_s': 1.1337862281706164, 'tau_reio': 0.3846544111520103, 'P_k_max_1/Mpc': 8.4445, 'z_max_pk': 13.65}
thermodynamics_init(L:404) :error in thermodynamics_solve(ppr,pba,pth,ptw,pvecback);
=>thermodynamics_solve(L:1602) :error in thermodynamics_reionization_evolve_with_tau(&tpaw, interval_limit[index_interval], interval_limit[index_interval+1], mz_output, pth->tt_size);
=>thermodynamics_reionization_evolve_with_tau(L:2269) :condition (tau_sup < pth->tau_reio) is true; parameters are such that reionization cannot start after z_start_max
The following model failed in CLASS:
{'output': 'tCl,lCl,pCl,mPk', 'lensing': 'yes', 'k_pivot': 0.05, 'N_ur': 2.0328, 'N_ncdm': 1, 'm_ncdm': 0.06, 'T_ncdm': 0.71611, 'omega_b': 0.01415751712826962, 'omega_cdm': 0.061545511662898594, 'omega_ini_dcdm': 0.37343775224286235, 'Gamma_dcdm': 2504.855961033563, 'H0': 74.82550797770355, 'ln10^{10}A_s': 2.735124695261871, 'n_s': 1.1554388800408615, 'tau_reio': 0.3252268993085915, 'P_k_max_1/Mpc': 8.4445, 'z_max_pk': 13.65}
thermodynamics_init(L:404) :error in thermodynamics_solve(ppr,pba,pth,ptw,pvecback);
=>thermodynamics_solve(L:1602) :error in thermodynamics_reionization_evolve_with_tau(&tpaw, interval_limit[index_interval], interval_limit[index_interval+1], mz_output, pth->tt_size);
=>thermodynamics_reionization_evolve_with_tau(L:2269) :condition (tau_sup < pth->tau_reio) is true; parameters are such that reionization cannot start after z_start_max
The following model failed in CLASS:
{'output': 'tCl,lCl,pCl,mPk', 'lensing': 'yes', 'k_pivot': 0.05, 'N_ur': 2.0328, 'N_ncdm': 1, 'm_ncdm': 0.06, 'T_ncdm': 0.71611, 'omega_b': 0.016713067224537144, 'omega_cdm': 0.10511115998116202, 'omega_ini_dcdm': 0.34549979169693523, 'Gamma_dcdm': 2505.551803024185, 'H0': 74.83292126648487, 'ln10^{10}A_s': 2.5100660599561646, 'n_s': 0.9843953716924347, 'tau_reio': 0.3666223632375119, 'P_k_max_1/Mpc': 8.4445, 'z_max_pk': 13.65}
thermodynamics_init(L:404) :error in thermodynamics_solve(ppr,pba,pth,ptw,pvecback);
=>thermodynamics_solve(L:1602) :error in thermodynamics_reionization_evolve_with_tau(&tpaw, interval_limit[index_interval], interval_limit[index_interval+1], mz_output, pth->tt_size);
=>thermodynamics_reionization_evolve_with_tau(L:2269) :condition (tau_sup < pth->tau_reio) is true; parameters are such that reionization cannot start after z_start_max
The following model failed in CLASS:
{'output': 'tCl,lCl,pCl,mPk', 'lensing': 'yes', 'k_pivot': 0.05, 'N_ur': 2.0328, 'N_ncdm': 1, 'm_ncdm': 0.06, 'T_ncdm': 0.71611, 'omega_b': 0.020689523168125636, 'omega_cdm': 0.23405426671916185, 'omega_ini_dcdm': 0.3215214216788487, 'Gamma_dcdm': 2504.7004014197823, 'H0': 75.22268584857483, 'ln10^{10}A_s': 3.6284073919905406, 'n_s': 1.0989684989515047, 'tau_reio': 0.3604889674374302, 'P_k_max_1/Mpc': 8.4445, 'z_max_pk': 13.65}
thermodynamics_init(L:404) :error in thermodynamics_solve(ppr,pba,pth,ptw,pvecback);
=>thermodynamics_solve(L:1602) :error in thermodynamics_reionization_evolve_with_tau(&tpaw, interval_limit[index_interval], interval_limit[index_interval+1], mz_output, pth->tt_size);
=>thermodynamics_reionization_evolve_with_tau(L:2269) :condition (tau_sup < pth->tau_reio) is true; parameters are such that reionization cannot start after z_start_max
The following model failed in CLASS:
{'output': 'tCl,lCl,pCl,mPk', 'lensing': 'yes', 'k_pivot': 0.05, 'N_ur': 2.0328, 'N_ncdm': 1, 'm_ncdm': 0.06, 'T_ncdm': 0.71611, 'omega_b': 0.01591017324553775, 'omega_cdm': 0.2251754736898199, 'omega_ini_dcdm': 0.37597823085438237, 'Gamma_dcdm': 2505.1786014548784, 'H0': 74.22251558010963, 'ln10^{10}A_s': 3.314011468704892, 'n_s': 1.0382181124396967, 'tau_reio': 0.29437954936451866, 'P_k_max_1/Mpc': 8.4445, 'z_max_pk': 13.65}
thermodynamics_init(L:404) :error in thermodynamics_solve(ppr,pba,pth,ptw,pvecback);
=>thermodynamics_solve(L:1602) :error in thermodynamics_reionization_evolve_with_tau(&tpaw, interval_limit[index_interval], interval_limit[index_interval+1], mz_output, pth->tt_size);
=>thermodynamics_reionization_evolve_with_tau(L:2269) :condition (tau_sup < pth->tau_reio) is true; parameters are such that reionization cannot start after z_start_max
The following model failed in CLASS:
{'output': 'tCl,lCl,pCl,mPk', 'lensing': 'yes', 'k_pivot': 0.05, 'N_ur': 2.0328, 'N_ncdm': 1, 'm_ncdm': 0.06, 'T_ncdm': 0.71611, 'omega_b': 0.014275954865918943, 'omega_cdm': 0.1819580193154213, 'omega_ini_dcdm': 0.2793037304729019, 'Gamma_dcdm': 2505.1969110011955, 'H0': 74.71424369254136, 'ln10^{10}A_s': 2.227952804046365, 'n_s': 1.1808398487401743, 'tau_reio': 0.32288757790286055, 'P_k_max_1/Mpc': 8.4445, 'z_max_pk': 13.65}
thermodynamics_init(L:404) :error in thermodynamics_solve(ppr,pba,pth,ptw,pvecback);
=>thermodynamics_solve(L:1602) :error in thermodynamics_reionization_evolve_with_tau(&tpaw, interval_limit[index_interval], interval_limit[index_interval+1], mz_output, pth->tt_size);
=>thermodynamics_reionization_evolve_with_tau(L:2269) :condition (tau_sup < pth->tau_reio) is true; parameters are such that reionization cannot start after z_start_max
The following model failed in CLASS:
{'output': 'tCl,lCl,pCl,mPk', 'lensing': 'yes', 'k_pivot': 0.05, 'N_ur': 2.0328, 'N_ncdm': 1, 'm_ncdm': 0.06, 'T_ncdm': 0.71611, 'omega_b': 0.016569431590355094, 'omega_cdm': 0.1357312392533746, 'omega_ini_dcdm': 0.3910658153084168, 'Gamma_dcdm': 2505.3399055572436, 'H0': 74.6715146884903, 'ln10^{10}A_s': 3.375353331148682, 'n_s': 1.1713395343702082, 'tau_reio': 0.3658258745642162, 'P_k_max_1/Mpc': 8.4445, 'z_max_pk': 13.65}
thermodynamics_init(L:404) :error in thermodynamics_solve(ppr,pba,pth,ptw,pvecback);
=>thermodynamics_solve(L:1602) :error in thermodynamics_reionization_evolve_with_tau(&tpaw, interval_limit[index_interval], interval_limit[index_interval+1], mz_output, pth->tt_size);
=>thermodynamics_reionization_evolve_with_tau(L:2269) :condition (tau_sup < pth->tau_reio) is true; parameters are such that reionization cannot start after z_start_max
The following model failed in CLASS:
{'output': 'tCl,lCl,pCl,mPk', 'lensing': 'yes', 'k_pivot': 0.05, 'N_ur': 2.0328, 'N_ncdm': 1, 'm_ncdm': 0.06, 'T_ncdm': 0.71611, 'omega_b': 0.015745215333727212, 'omega_cdm': 0.08093100119468669, 'omega_ini_dcdm': 0.33462831130708265, 'Gamma_dcdm': 2505.7107216892878, 'H0': 74.67958459387339, 'ln10^{10}A_s': 2.804946100071896, 'n_s': 0.7422262888228823, 'tau_reio': 0.3571853962600816, 'P_k_max_1/Mpc': 8.4445, 'z_max_pk': 13.65}
thermodynamics_init(L:404) :error in thermodynamics_solve(ppr,pba,pth,ptw,pvecback);
=>thermodynamics_solve(L:1602) :error in thermodynamics_reionization_evolve_with_tau(&tpaw, interval_limit[index_interval], interval_limit[index_interval+1], mz_output, pth->tt_size);
=>thermodynamics_reionization_evolve_with_tau(L:2269) :condition (tau_sup < pth->tau_reio) is true; parameters are such that reionization cannot start after z_start_max
The following model failed in CLASS:
{'output': 'tCl,lCl,pCl,mPk', 'lensing': 'yes', 'k_pivot': 0.05, 'N_ur': 2.0328, 'N_ncdm': 1, 'm_ncdm': 0.06, 'T_ncdm': 0.71611, 'omega_b': 0.01742229653868901, 'omega_cdm': 0.21890787498956096, 'omega_ini_dcdm': 0.15708140694993752, 'Gamma_dcdm': 2504.727235457797, 'H0': 74.97732011514219, 'ln10^{10}A_s': 2.274415606828482, 'n_s': 0.8916024362717345, 'tau_reio': 0.3669423962711743, 'P_k_max_1/Mpc': 8.4445, 'z_max_pk': 13.65}
thermodynamics_init(L:404) :error in thermodynamics_solve(ppr,pba,pth,ptw,pvecback);
=>thermodynamics_solve(L:1602) :error in thermodynamics_reionization_evolve_with_tau(&tpaw, interval_limit[index_interval], interval_limit[index_interval+1], mz_output, pth->tt_size);
=>thermodynamics_reionization_evolve_with_tau(L:2269) :condition (tau_sup < pth->tau_reio) is true; parameters are such that reionization cannot start after z_start_max
The following model failed in CLASS:
{'output': 'tCl,lCl,pCl,mPk', 'lensing': 'yes', 'k_pivot': 0.05, 'N_ur': 2.0328, 'N_ncdm': 1, 'm_ncdm': 0.06, 'T_ncdm': 0.71611, 'omega_b': 0.01837211486365737, 'omega_cdm': 0.025442819030224273, 'omega_ini_dcdm': 0.38522502206763826, 'Gamma_dcdm': 2505.3645796724168, 'H0': 75.7627551913041, 'ln10^{10}A_s': 3.1930714869629666, 'n_s': 1.2825972117469588, 'tau_reio': 0.39809182178434327, 'P_k_max_1/Mpc': 8.4445, 'z_max_pk': 13.65}
thermodynamics_init(L:404) :error in thermodynamics_solve(ppr,pba,pth,ptw,pvecback);
=>thermodynamics_solve(L:1602) :error in thermodynamics_reionization_evolve_with_tau(&tpaw, interval_limit[index_interval], interval_limit[index_interval+1], mz_output, pth->tt_size);
=>thermodynamics_reionization_evolve_with_tau(L:2269) :condition (tau_sup < pth->tau_reio) is true; parameters are such that reionization cannot start after z_start_max
The following model failed in CLASS:
{'output': 'tCl,lCl,pCl,mPk', 'lensing': 'yes', 'k_pivot': 0.05, 'N_ur': 2.0328, 'N_ncdm': 1, 'm_ncdm': 0.06, 'T_ncdm': 0.71611, 'omega_b': 0.016076669114614098, 'omega_cdm': 0.20677941516063808, 'omega_ini_dcdm': 0.3896473446742911, 'Gamma_dcdm': 2505.133199367312, 'H0': 74.46663181083831, 'ln10^{10}A_s': 3.5270264775934246, 'n_s': 1.0388508752491736, 'tau_reio': 0.36081053710827754, 'P_k_max_1/Mpc': 8.4445, 'z_max_pk': 13.65}
thermodynamics_init(L:404) :error in thermodynamics_solve(ppr,pba,pth,ptw,pvecback);
=>thermodynamics_solve(L:1602) :error in thermodynamics_reionization_evolve_with_tau(&tpaw, interval_limit[index_interval], interval_limit[index_interval+1], mz_output, pth->tt_size);
=>thermodynamics_reionization_evolve_with_tau(L:2269) :condition (tau_sup < pth->tau_reio) is true; parameters are such that reionization cannot start after z_start_max
The following model failed in CLASS:
{'output': 'tCl,lCl,pCl,mPk', 'lensing': 'yes', 'k_pivot': 0.05, 'N_ur': 2.0328, 'N_ncdm': 1, 'm_ncdm': 0.06, 'T_ncdm': 0.71611, 'omega_b': 0.017877402443693347, 'omega_cdm': 0.1851791534536198, 'omega_ini_dcdm': 0.22419031946416373, 'Gamma_dcdm': 2505.6786863058005, 'H0': 75.58817901048788, 'ln10^{10}A_s': 3.2386671006037724, 'n_s': 1.2652279714986598, 'tau_reio': 0.39879656692304044, 'P_k_max_1/Mpc': 8.4445, 'z_max_pk': 13.65}
thermodynamics_init(L:404) :error in thermodynamics_solve(ppr,pba,pth,ptw,pvecback);
=>thermodynamics_solve(L:1602) :error in thermodynamics_reionization_evolve_with_tau(&tpaw, interval_limit[index_interval], interval_limit[index_interval+1], mz_output, pth->tt_size);
=>thermodynamics_reionization_evolve_with_tau(L:2269) :condition (tau_sup < pth->tau_reio) is true; parameters are such that reionization cannot start after z_start_max
The following model failed in CLASS:
{'output': 'tCl,lCl,pCl,mPk', 'lensing': 'yes', 'k_pivot': 0.05, 'N_ur': 2.0328, 'N_ncdm': 1, 'm_ncdm': 0.06, 'T_ncdm': 0.71611, 'omega_b': 0.015130217923888889, 'omega_cdm': 0.19360084917052384, 'omega_ini_dcdm': 0.27689296323510804, 'Gamma_dcdm': 2504.751949023254, 'H0': 74.13682598886908, 'ln10^{10}A_s': 3.2463338717280426, 'n_s': 1.253764890471527, 'tau_reio': 0.38236425784969946, 'P_k_max_1/Mpc': 8.4445, 'z_max_pk': 13.65}
thermodynamics_init(L:404) :error in thermodynamics_solve(ppr,pba,pth,ptw,pvecback);
=>thermodynamics_solve(L:1602) :error in thermodynamics_reionization_evolve_with_tau(&tpaw, interval_limit[index_interval], interval_limit[index_interval+1], mz_output, pth->tt_size);
=>thermodynamics_reionization_evolve_with_tau(L:2269) :condition (tau_sup < pth->tau_reio) is true; parameters are such that reionization cannot start after z_start_max
The following model failed in CLASS:
{'output': 'tCl,lCl,pCl,mPk', 'lensing': 'yes', 'k_pivot': 0.05, 'N_ur': 2.0328, 'N_ncdm': 1, 'm_ncdm': 0.06, 'T_ncdm': 0.71611, 'omega_b': 0.01788000672480273, 'omega_cdm': 0.1977833771455104, 'omega_ini_dcdm': 0.37877404086035144, 'Gamma_dcdm': 2505.002680951608, 'H0': 75.52843566125364, 'ln10^{10}A_s': 3.452137408773616, 'n_s': 0.7859672401274732, 'tau_reio': 0.3091985946388551, 'P_k_max_1/Mpc': 8.4445, 'z_max_pk': 13.65}
thermodynamics_init(L:404) :error in thermodynamics_solve(ppr,pba,pth,ptw,pvecback);
=>thermodynamics_solve(L:1602) :error in thermodynamics_reionization_evolve_with_tau(&tpaw, interval_limit[index_interval], interval_limit[index_interval+1], mz_output, pth->tt_size);
=>thermodynamics_reionization_evolve_with_tau(L:2269) :condition (tau_sup < pth->tau_reio) is true; parameters are such that reionization cannot start after z_start_max
The following model failed in CLASS:
{'output': 'tCl,lCl,pCl,mPk', 'lensing': 'yes', 'k_pivot': 0.05, 'N_ur': 2.0328, 'N_ncdm': 1, 'm_ncdm': 0.06, 'T_ncdm': 0.71611, 'omega_b': 0.01618266858180556, 'omega_cdm': 0.1805702607912526, 'omega_ini_dcdm': 0.39669486097720336, 'Gamma_dcdm': 2504.2013539734085, 'H0': 75.24533302388033, 'ln10^{10}A_s': 2.9422783815674007, 'n_s': 0.8412299653793378, 'tau_reio': 0.2857028714625363, 'P_k_max_1/Mpc': 8.4445, 'z_max_pk': 13.65}
thermodynamics_init(L:404) :error in thermodynamics_solve(ppr,pba,pth,ptw,pvecback);
=>thermodynamics_solve(L:1602) :error in thermodynamics_reionization_evolve_with_tau(&tpaw, interval_limit[index_interval], interval_limit[index_interval+1], mz_output, pth->tt_size);
=>thermodynamics_reionization_evolve_with_tau(L:2269) :condition (tau_sup < pth->tau_reio) is true; parameters are such that reionization cannot start after z_start_max
The following model failed in CLASS:
{'output': 'tCl,lCl,pCl,mPk', 'lensing': 'yes', 'k_pivot': 0.05, 'N_ur': 2.0328, 'N_ncdm': 1, 'm_ncdm': 0.06, 'T_ncdm': 0.71611, 'omega_b': 0.01608791024661931, 'omega_cdm': 0.22035197030676656, 'omega_ini_dcdm': 0.1858696609627192, 'Gamma_dcdm': 2504.5931032730223, 'H0': 74.36660642741533, 'ln10^{10}A_s': 3.525794165787555, 'n_s': 0.9405865014627838, 'tau_reio': 0.31959954076399816, 'P_k_max_1/Mpc': 8.4445, 'z_max_pk': 13.65}
thermodynamics_init(L:404) :error in thermodynamics_solve(ppr,pba,pth,ptw,pvecback);
=>thermodynamics_solve(L:1602) :error in thermodynamics_reionization_evolve_with_tau(&tpaw, interval_limit[index_interval], interval_limit[index_interval+1], mz_output, pth->tt_size);
=>thermodynamics_reionization_evolve_with_tau(L:2269) :condition (tau_sup < pth->tau_reio) is true; parameters are such that reionization cannot start after z_start_max
The following model failed in CLASS:
{'output': 'tCl,lCl,pCl,mPk', 'lensing': 'yes', 'k_pivot': 0.05, 'N_ur': 2.0328, 'N_ncdm': 1, 'm_ncdm': 0.06, 'T_ncdm': 0.71611, 'omega_b': 0.016567010313095917, 'omega_cdm': 0.09347465570565014, 'omega_ini_dcdm': 0.16701754796311002, 'Gamma_dcdm': 2505.5726243969166, 'H0': 75.47748782487503, 'ln10^{10}A_s': 3.5519381819359035, 'n_s': 0.9548237180093144, 'tau_reio': 0.39864977222987247, 'P_k_max_1/Mpc': 8.4445, 'z_max_pk': 13.65}
thermodynamics_init(L:404) :error in thermodynamics_solve(ppr,pba,pth,ptw,pvecback);
=>thermodynamics_solve(L:1602) :error in thermodynamics_reionization_evolve_with_tau(&tpaw, interval_limit[index_interval], interval_limit[index_interval+1], mz_output, pth->tt_size);
=>thermodynamics_reionization_evolve_with_tau(L:2269) :condition (tau_sup < pth->tau_reio) is true; parameters are such that reionization cannot start after z_start_max
The following model failed in CLASS:
{'output': 'tCl,lCl,pCl,mPk', 'lensing': 'yes', 'k_pivot': 0.05, 'N_ur': 2.0328, 'N_ncdm': 1, 'm_ncdm': 0.06, 'T_ncdm': 0.71611, 'omega_b': 0.018172948091191687, 'omega_cdm': 0.23336567057888985, 'omega_ini_dcdm': 0.2987957470637719, 'Gamma_dcdm': 2505.639135098202, 'H0': 75.15278899357952, 'ln10^{10}A_s': 2.600757139417858, 'n_s': 1.1717528033084799, 'tau_reio': 0.36159720272424534, 'P_k_max_1/Mpc': 8.4445, 'z_max_pk': 13.65}
thermodynamics_init(L:404) :error in thermodynamics_solve(ppr,pba,pth,ptw,pvecback);
=>thermodynamics_solve(L:1602) :error in thermodynamics_reionization_evolve_with_tau(&tpaw, interval_limit[index_interval], interval_limit[index_interval+1], mz_output, pth->tt_size);
=>thermodynamics_reionization_evolve_with_tau(L:2269) :condition (tau_sup < pth->tau_reio) is true; parameters are such that reionization cannot start after z_start_max
The following model failed in CLASS:
{'output': 'tCl,lCl,pCl,mPk', 'lensing': 'yes', 'k_pivot': 0.05, 'N_ur': 2.0328, 'N_ncdm': 1, 'm_ncdm': 0.06, 'T_ncdm': 0.71611, 'omega_b': 0.016359641368492047, 'omega_cdm': 0.1471490309360364, 'omega_ini_dcdm': 0.37224307100922194, 'Gamma_dcdm': 2504.09084586393, 'H0': 74.84917300713846, 'ln10^{10}A_s': 2.973803848633824, 'n_s': 1.196761534091115, 'tau_reio': 0.318691166309695, 'P_k_max_1/Mpc': 8.4445, 'z_max_pk': 13.65}
thermodynamics_init(L:404) :error in thermodynamics_solve(ppr,pba,pth,ptw,pvecback);
=>thermodynamics_solve(L:1602) :error in thermodynamics_reionization_evolve_with_tau(&tpaw, interval_limit[index_interval], interval_limit[index_interval+1], mz_output, pth->tt_size);
=>thermodynamics_reionization_evolve_with_tau(L:2269) :condition (tau_sup < pth->tau_reio) is true; parameters are such that reionization cannot start after z_start_max
The following model failed in CLASS:
{'output': 'tCl,lCl,pCl,mPk', 'lensing': 'yes', 'k_pivot': 0.05, 'N_ur': 2.0328, 'N_ncdm': 1, 'm_ncdm': 0.06, 'T_ncdm': 0.71611, 'omega_b': 0.019980018024377908, 'omega_cdm': 0.14582923230228742, 'omega_ini_dcdm': 0.37981552010208175, 'Gamma_dcdm': 2504.4942957839903, 'H0': 74.70644015732007, 'ln10^{10}A_s': 3.0457324964395656, 'n_s': 1.2378287708146753, 'tau_reio': 0.3442387680384685, 'P_k_max_1/Mpc': 8.4445, 'z_max_pk': 13.65}
thermodynamics_init(L:404) :error in thermodynamics_solve(ppr,pba,pth,ptw,pvecback);
=>thermodynamics_solve(L:1602) :error in thermodynamics_reionization_evolve_with_tau(&tpaw, interval_limit[index_interval], interval_limit[index_interval+1], mz_output, pth->tt_size);
=>thermodynamics_reionization_evolve_with_tau(L:2269) :condition (tau_sup < pth->tau_reio) is true; parameters are such that reionization cannot start after z_start_max
The following model failed in CLASS:
{'output': 'tCl,lCl,pCl,mPk', 'lensing': 'yes', 'k_pivot': 0.05, 'N_ur': 2.0328, 'N_ncdm': 1, 'm_ncdm': 0.06, 'T_ncdm': 0.71611, 'omega_b': 0.017064564825645622, 'omega_cdm': 0.20450567886513993, 'omega_ini_dcdm': 0.22397538930145067, 'Gamma_dcdm': 2505.1411106466503, 'H0': 75.0924871079393, 'ln10^{10}A_s': 2.347304824336698, 'n_s': 1.007694185400106, 'tau_reio': 0.32319526644685453, 'P_k_max_1/Mpc': 8.4445, 'z_max_pk': 13.65}
thermodynamics_init(L:404) :error in thermodynamics_solve(ppr,pba,pth,ptw,pvecback);
=>thermodynamics_solve(L:1602) :error in thermodynamics_reionization_evolve_with_tau(&tpaw, interval_limit[index_interval], interval_limit[index_interval+1], mz_output, pth->tt_size);
=>thermodynamics_reionization_evolve_with_tau(L:2269) :condition (tau_sup < pth->tau_reio) is true; parameters are such that reionization cannot start after z_start_max
The following model failed in CLASS:
{'output': 'tCl,lCl,pCl,mPk', 'lensing': 'yes', 'k_pivot': 0.05, 'N_ur': 2.0328, 'N_ncdm': 1, 'm_ncdm': 0.06, 'T_ncdm': 0.71611, 'omega_b': 0.01524321258491623, 'omega_cdm': 0.22992829396008133, 'omega_ini_dcdm': 0.37319356848714724, 'Gamma_dcdm': 2504.6140991378074, 'H0': 74.74735339475065, 'ln10^{10}A_s': 3.820449749976949, 'n_s': 0.8353607449212072, 'tau_reio': 0.3259649985895379, 'P_k_max_1/Mpc': 8.4445, 'z_max_pk': 13.65}
thermodynamics_init(L:404) :error in thermodynamics_solve(ppr,pba,pth,ptw,pvecback);
=>thermodynamics_solve(L:1602) :error in thermodynamics_reionization_evolve_with_tau(&tpaw, interval_limit[index_interval], interval_limit[index_interval+1], mz_output, pth->tt_size);
=>thermodynamics_reionization_evolve_with_tau(L:2269) :condition (tau_sup < pth->tau_reio) is true; parameters are such that reionization cannot start after z_start_max
The following model failed in CLASS:
{'output': 'tCl,lCl,pCl,mPk', 'lensing': 'yes', 'k_pivot': 0.05, 'N_ur': 2.0328, 'N_ncdm': 1, 'm_ncdm': 0.06, 'T_ncdm': 0.71611, 'omega_b': 0.015074648997212888, 'omega_cdm': 0.18195556648676858, 'omega_ini_dcdm': 0.3027129738983096, 'Gamma_dcdm': 2504.683634758116, 'H0': 74.68515453396431, 'ln10^{10}A_s': 2.255600237835811, 'n_s': 0.9108272432976336, 'tau_reio': 0.3881980721553028, 'P_k_max_1/Mpc': 8.4445, 'z_max_pk': 13.65}
thermodynamics_init(L:404) :error in thermodynamics_solve(ppr,pba,pth,ptw,pvecback);
=>thermodynamics_solve(L:1602) :error in thermodynamics_reionization_evolve_with_tau(&tpaw, interval_limit[index_interval], interval_limit[index_interval+1], mz_output, pth->tt_size);
=>thermodynamics_reionization_evolve_with_tau(L:2269) :condition (tau_sup < pth->tau_reio) is true; parameters are such that reionization cannot start after z_start_max
The following model failed in CLASS:
{'output': 'tCl,lCl,pCl,mPk', 'lensing': 'yes', 'k_pivot': 0.05, 'N_ur': 2.0328, 'N_ncdm': 1, 'm_ncdm': 0.06, 'T_ncdm': 0.71611, 'omega_b': 0.01704452075163227, 'omega_cdm': 0.24479744044792923, 'omega_ini_dcdm': 0.253802423366328, 'Gamma_dcdm': 2505.509279886481, 'H0': 75.68164242456163, 'ln10^{10}A_s': 2.963211206261948, 'n_s': 1.2004370465264305, 'tau_reio': 0.2974875183091704, 'P_k_max_1/Mpc': 8.4445, 'z_max_pk': 13.65}
thermodynamics_init(L:404) :error in thermodynamics_solve(ppr,pba,pth,ptw,pvecback);
=>thermodynamics_solve(L:1602) :error in thermodynamics_reionization_evolve_with_tau(&tpaw, interval_limit[index_interval], interval_limit[index_interval+1], mz_output, pth->tt_size);
=>thermodynamics_reionization_evolve_with_tau(L:2269) :condition (tau_sup < pth->tau_reio) is true; parameters are such that reionization cannot start after z_start_max
The following model failed in CLASS:
{'output': 'tCl,lCl,pCl,mPk', 'lensing': 'yes', 'k_pivot': 0.05, 'N_ur': 2.0328, 'N_ncdm': 1, 'm_ncdm': 0.06, 'T_ncdm': 0.71611, 'omega_b': 0.017186265691809706, 'omega_cdm': 0.22880349431332153, 'omega_ini_dcdm': 0.3184936491094734, 'Gamma_dcdm': 2504.7643618365146, 'H0': 74.80086672996127, 'ln10^{10}A_s': 3.6325745397449816, 'n_s': 1.231031804324806, 'tau_reio': 0.29342233656590055, 'P_k_max_1/Mpc': 8.4445, 'z_max_pk': 13.65}
thermodynamics_init(L:404) :error in thermodynamics_solve(ppr,pba,pth,ptw,pvecback);
=>thermodynamics_solve(L:1602) :error in thermodynamics_reionization_evolve_with_tau(&tpaw, interval_limit[index_interval], interval_limit[index_interval+1], mz_output, pth->tt_size);
=>thermodynamics_reionization_evolve_with_tau(L:2269) :condition (tau_sup < pth->tau_reio) is true; parameters are such that reionization cannot start after z_start_max
The following model failed in CLASS:
{'output': 'tCl,lCl,pCl,mPk', 'lensing': 'yes', 'k_pivot': 0.05, 'N_ur': 2.0328, 'N_ncdm': 1, 'm_ncdm': 0.06, 'T_ncdm': 0.71611, 'omega_b': 0.01552574670070222, 'omega_cdm': 0.13593258691826282, 'omega_ini_dcdm': 0.16197502779016287, 'Gamma_dcdm': 2504.795897241877, 'H0': 74.88586307983734, 'ln10^{10}A_s': 2.803723147898053, 'n_s': 0.9567529592743015, 'tau_reio': 0.39186725088424307, 'P_k_max_1/Mpc': 8.4445, 'z_max_pk': 13.65}
thermodynamics_init(L:404) :error in thermodynamics_solve(ppr,pba,pth,ptw,pvecback);
=>thermodynamics_solve(L:1602) :error in thermodynamics_reionization_evolve_with_tau(&tpaw, interval_limit[index_interval], interval_limit[index_interval+1], mz_output, pth->tt_size);
=>thermodynamics_reionization_evolve_with_tau(L:2269) :condition (tau_sup < pth->tau_reio) is true; parameters are such that reionization cannot start after z_start_max
The following model failed in CLASS:
{'output': 'tCl,lCl,pCl,mPk', 'lensing': 'yes', 'k_pivot': 0.05, 'N_ur': 2.0328, 'N_ncdm': 1, 'm_ncdm': 0.06, 'T_ncdm': 0.71611, 'omega_b': 0.019976131621222484, 'omega_cdm': 0.18933410681856902, 'omega_ini_dcdm': 0.32193835648405444, 'Gamma_dcdm': 2504.8119559815095, 'H0': 74.8645012714104, 'ln10^{10}A_s': 3.150049770872188, 'n_s': 1.1570866890160576, 'tau_reio': 0.3787796931478792, 'P_k_max_1/Mpc': 8.4445, 'z_max_pk': 13.65}
thermodynamics_init(L:404) :error in thermodynamics_solve(ppr,pba,pth,ptw,pvecback);
=>thermodynamics_solve(L:1602) :error in thermodynamics_reionization_evolve_with_tau(&tpaw, interval_limit[index_interval], interval_limit[index_interval+1], mz_output, pth->tt_size);
=>thermodynamics_reionization_evolve_with_tau(L:2269) :condition (tau_sup < pth->tau_reio) is true; parameters are such that reionization cannot start after z_start_max
The following model failed in CLASS:
{'output': 'tCl,lCl,pCl,mPk', 'lensing': 'yes', 'k_pivot': 0.05, 'N_ur': 2.0328, 'N_ncdm': 1, 'm_ncdm': 0.06, 'T_ncdm': 0.71611, 'omega_b': 0.014111831712886224, 'omega_cdm': 0.19557528018417264, 'omega_ini_dcdm': 0.278062978291653, 'Gamma_dcdm': 2505.0146371273136, 'H0': 75.35094796636976, 'ln10^{10}A_s': 3.5199718838279384, 'n_s': 1.0341929866836839, 'tau_reio': 0.31374667915666427, 'P_k_max_1/Mpc': 8.4445, 'z_max_pk': 13.65}
thermodynamics_init(L:404) :error in thermodynamics_solve(ppr,pba,pth,ptw,pvecback);
=>thermodynamics_solve(L:1602) :error in thermodynamics_reionization_evolve_with_tau(&tpaw, interval_limit[index_interval], interval_limit[index_interval+1], mz_output, pth->tt_size);
=>thermodynamics_reionization_evolve_with_tau(L:2269) :condition (tau_sup < pth->tau_reio) is true; parameters are such that reionization cannot start after z_start_max
The following model failed in CLASS:
{'output': 'tCl,lCl,pCl,mPk', 'lensing': 'yes', 'k_pivot': 0.05, 'N_ur': 2.0328, 'N_ncdm': 1, 'm_ncdm': 0.06, 'T_ncdm': 0.71611, 'omega_b': 0.01415026947201946, 'omega_cdm': 0.2488303145750049, 'omega_ini_dcdm': 0.30986792925844836, 'Gamma_dcdm': 2505.107348545878, 'H0': 75.53146533460841, 'ln10^{10}A_s': 2.6957900691125394, 'n_s': 1.179419812684856, 'tau_reio': 0.38838204958721867, 'P_k_max_1/Mpc': 8.4445, 'z_max_pk': 13.65}
thermodynamics_init(L:404) :error in thermodynamics_solve(ppr,pba,pth,ptw,pvecback);
=>thermodynamics_solve(L:1602) :error in thermodynamics_reionization_evolve_with_tau(&tpaw, interval_limit[index_interval], interval_limit[index_interval+1], mz_output, pth->tt_size);
=>thermodynamics_reionization_evolve_with_tau(L:2269) :condition (tau_sup < pth->tau_reio) is true; parameters are such that reionization cannot start after z_start_max
The following model failed in CLASS:
{'output': 'tCl,lCl,pCl,mPk', 'lensing': 'yes', 'k_pivot': 0.05, 'N_ur': 2.0328, 'N_ncdm': 1, 'm_ncdm': 0.06, 'T_ncdm': 0.71611, 'omega_b': 0.014877499433360418, 'omega_cdm': 0.18750416184883745, 'omega_ini_dcdm': 0.11146468536043033, 'Gamma_dcdm': 2504.9473361410387, 'H0': 75.79961647896138, 'ln10^{10}A_s': 2.5576067240576106, 'n_s': 1.0014717905827846, 'tau_reio': 0.39512094830320466, 'P_k_max_1/Mpc': 8.4445, 'z_max_pk': 13.65}
thermodynamics_init(L:404) :error in thermodynamics_solve(ppr,pba,pth,ptw,pvecback);
=>thermodynamics_solve(L:1602) :error in thermodynamics_reionization_evolve_with_tau(&tpaw, interval_limit[index_interval], interval_limit[index_interval+1], mz_output, pth->tt_size);
=>thermodynamics_reionization_evolve_with_tau(L:2269) :condition (tau_sup < pth->tau_reio) is true; parameters are such that reionization cannot start after z_start_max
The following model failed in CLASS:
{'output': 'tCl,lCl,pCl,mPk', 'lensing': 'yes', 'k_pivot': 0.05, 'N_ur': 2.0328, 'N_ncdm': 1, 'm_ncdm': 0.06, 'T_ncdm': 0.71611, 'omega_b': 0.015046345699143409, 'omega_cdm': 0.13709236745786432, 'omega_ini_dcdm': 0.2677010519266127, 'Gamma_dcdm': 2505.7968491976026, 'H0': 75.39912634724465, 'ln10^{10}A_s': 3.301149058878868, 'n_s': 1.2212315450681654, 'tau_reio': 0.3804499646489754, 'P_k_max_1/Mpc': 8.4445, 'z_max_pk': 13.65}
thermodynamics_init(L:404) :error in thermodynamics_solve(ppr,pba,pth,ptw,pvecback);
=>thermodynamics_solve(L:1602) :error in thermodynamics_reionization_evolve_with_tau(&tpaw, interval_limit[index_interval], interval_limit[index_interval+1], mz_output, pth->tt_size);
=>thermodynamics_reionization_evolve_with_tau(L:2269) :condition (tau_sup < pth->tau_reio) is true; parameters are such that reionization cannot start after z_start_max
The following model failed in CLASS:
{'output': 'tCl,lCl,pCl,mPk', 'lensing': 'yes', 'k_pivot': 0.05, 'N_ur': 2.0328, 'N_ncdm': 1, 'm_ncdm': 0.06, 'T_ncdm': 0.71611, 'omega_b': 0.016166777583247218, 'omega_cdm': 0.17567037956521586, 'omega_ini_dcdm': 0.1791575056063619, 'Gamma_dcdm': 2504.328311090537, 'H0': 75.26730809116145, 'ln10^{10}A_s': 2.403610832797175, 'n_s': 0.9312163068952541, 'tau_reio': 0.3907399334110419, 'P_k_max_1/Mpc': 8.4445, 'z_max_pk': 13.65}
thermodynamics_init(L:404) :error in thermodynamics_solve(ppr,pba,pth,ptw,pvecback);
=>thermodynamics_solve(L:1602) :error in thermodynamics_reionization_evolve_with_tau(&tpaw, interval_limit[index_interval], interval_limit[index_interval+1], mz_output, pth->tt_size);
=>thermodynamics_reionization_evolve_with_tau(L:2269) :condition (tau_sup < pth->tau_reio) is true; parameters are such that reionization cannot start after z_start_max
The following model failed in CLASS:
{'output': 'tCl,lCl,pCl,mPk', 'lensing': 'yes', 'k_pivot': 0.05, 'N_ur': 2.0328, 'N_ncdm': 1, 'm_ncdm': 0.06, 'T_ncdm': 0.71611, 'omega_b': 0.016884210467226102, 'omega_cdm': 0.23300768561854332, 'omega_ini_dcdm': 0.3126414038301038, 'Gamma_dcdm': 2505.5028979949398, 'H0': 74.40134548494649, 'ln10^{10}A_s': 3.318251147197906, 'n_s': 1.0361174455697837, 'tau_reio': 0.35972489390592666, 'P_k_max_1/Mpc': 8.4445, 'z_max_pk': 13.65}
thermodynamics_init(L:404) :error in thermodynamics_solve(ppr,pba,pth,ptw,pvecback);
=>thermodynamics_solve(L:1602) :error in thermodynamics_reionization_evolve_with_tau(&tpaw, interval_limit[index_interval], interval_limit[index_interval+1], mz_output, pth->tt_size);
=>thermodynamics_reionization_evolve_with_tau(L:2269) :condition (tau_sup < pth->tau_reio) is true; parameters are such that reionization cannot start after z_start_max
The following model failed in CLASS:
{'output': 'tCl,lCl,pCl,mPk', 'lensing': 'yes', 'k_pivot': 0.05, 'N_ur': 2.0328, 'N_ncdm': 1, 'm_ncdm': 0.06, 'T_ncdm': 0.71611, 'omega_b': 0.015851318869211067, 'omega_cdm': 0.20314064660248943, 'omega_ini_dcdm': 0.20854812544107101, 'Gamma_dcdm': 2504.9610017805408, 'H0': 75.87757977103178, 'ln10^{10}A_s': 2.793986620515331, 'n_s': 0.9988648977086861, 'tau_reio': 0.3059908364167553, 'P_k_max_1/Mpc': 8.4445, 'z_max_pk': 13.65}
thermodynamics_init(L:404) :error in thermodynamics_solve(ppr,pba,pth,ptw,pvecback);
=>thermodynamics_solve(L:1602) :error in thermodynamics_reionization_evolve_with_tau(&tpaw, interval_limit[index_interval], interval_limit[index_interval+1], mz_output, pth->tt_size);
=>thermodynamics_reionization_evolve_with_tau(L:2269) :condition (tau_sup < pth->tau_reio) is true; parameters are such that reionization cannot start after z_start_max
The following model failed in CLASS:
{'output': 'tCl,lCl,pCl,mPk', 'lensing': 'yes', 'k_pivot': 0.05, 'N_ur': 2.0328, 'N_ncdm': 1, 'm_ncdm': 0.06, 'T_ncdm': 0.71611, 'omega_b': 0.017139593810729027, 'omega_cdm': 0.12360503570942943, 'omega_ini_dcdm': 0.238432315649463, 'Gamma_dcdm': 2504.955982692594, 'H0': 74.38525334030636, 'ln10^{10}A_s': 3.209372538119851, 'n_s': 0.9362700382468034, 'tau_reio': 0.3604339249616169, 'P_k_max_1/Mpc': 8.4445, 'z_max_pk': 13.65}
thermodynamics_init(L:404) :error in thermodynamics_solve(ppr,pba,pth,ptw,pvecback);
=>thermodynamics_solve(L:1602) :error in thermodynamics_reionization_evolve_with_tau(&tpaw, interval_limit[index_interval], interval_limit[index_interval+1], mz_output, pth->tt_size);
=>thermodynamics_reionization_evolve_with_tau(L:2269) :condition (tau_sup < pth->tau_reio) is true; parameters are such that reionization cannot start after z_start_max
The following model failed in CLASS:
{'output': 'tCl,lCl,pCl,mPk', 'lensing': 'yes', 'k_pivot': 0.05, 'N_ur': 2.0328, 'N_ncdm': 1, 'm_ncdm': 0.06, 'T_ncdm': 0.71611, 'omega_b': 0.01805472864625504, 'omega_cdm': 0.22428188872727467, 'omega_ini_dcdm': 0.3692227855374248, 'Gamma_dcdm': 2504.8258020358776, 'H0': 75.60075637316478, 'ln10^{10}A_s': 2.8554604186241677, 'n_s': 1.08757421177912, 'tau_reio': 0.3910435469167152, 'P_k_max_1/Mpc': 8.4445, 'z_max_pk': 13.65}
thermodynamics_init(L:404) :error in thermodynamics_solve(ppr,pba,pth,ptw,pvecback);
=>thermodynamics_solve(L:1602) :error in thermodynamics_reionization_evolve_with_tau(&tpaw, interval_limit[index_interval], interval_limit[index_interval+1], mz_output, pth->tt_size);
=>thermodynamics_reionization_evolve_with_tau(L:2269) :condition (tau_sup < pth->tau_reio) is true; parameters are such that reionization cannot start after z_start_max
The following model failed in CLASS:
{'output': 'tCl,lCl,pCl,mPk', 'lensing': 'yes', 'k_pivot': 0.05, 'N_ur': 2.0328, 'N_ncdm': 1, 'm_ncdm': 0.06, 'T_ncdm': 0.71611, 'omega_b': 0.01659540936597962, 'omega_cdm': 0.11793965758412066, 'omega_ini_dcdm': 0.35975852735917524, 'Gamma_dcdm': 2505.312110985283, 'H0': 74.50436977281647, 'ln10^{10}A_s': 3.710891971861145, 'n_s': 0.762981815505678, 'tau_reio': 0.3515346573884406, 'P_k_max_1/Mpc': 8.4445, 'z_max_pk': 13.65}
thermodynamics_init(L:404) :error in thermodynamics_solve(ppr,pba,pth,ptw,pvecback);
=>thermodynamics_solve(L:1602) :error in thermodynamics_reionization_evolve_with_tau(&tpaw, interval_limit[index_interval], interval_limit[index_interval+1], mz_output, pth->tt_size);
=>thermodynamics_reionization_evolve_with_tau(L:2269) :condition (tau_sup < pth->tau_reio) is true; parameters are such that reionization cannot start after z_start_max
The following model failed in CLASS:
{'output': 'tCl,lCl,pCl,mPk', 'lensing': 'yes', 'k_pivot': 0.05, 'N_ur': 2.0328, 'N_ncdm': 1, 'm_ncdm': 0.06, 'T_ncdm': 0.71611, 'omega_b': 0.015514717799366334, 'omega_cdm': 0.15087931379566874, 'omega_ini_dcdm': 0.2745056421465084, 'Gamma_dcdm': 2504.762112056809, 'H0': 75.42655529467838, 'ln10^{10}A_s': 3.657358763349912, 'n_s': 1.0814773656571537, 'tau_reio': 0.3800552711480216, 'P_k_max_1/Mpc': 8.4445, 'z_max_pk': 13.65}
thermodynamics_init(L:404) :error in thermodynamics_solve(ppr,pba,pth,ptw,pvecback);
=>thermodynamics_solve(L:1602) :error in thermodynamics_reionization_evolve_with_tau(&tpaw, interval_limit[index_interval], interval_limit[index_interval+1], mz_output, pth->tt_size);
=>thermodynamics_reionization_evolve_with_tau(L:2269) :condition (tau_sup < pth->tau_reio) is true; parameters are such that reionization cannot start after z_start_max
The following model failed in CLASS:
{'output': 'tCl,lCl,pCl,mPk', 'lensing': 'yes', 'k_pivot': 0.05, 'N_ur': 2.0328, 'N_ncdm': 1, 'm_ncdm': 0.06, 'T_ncdm': 0.71611, 'omega_b': 0.015306007853866509, 'omega_cdm': 0.18938706997217608, 'omega_ini_dcdm': 0.3221334601928372, 'Gamma_dcdm': 2504.6308610819624, 'H0': 74.809637808208, 'ln10^{10}A_s': 3.5747302875868114, 'n_s': 1.1873024137608597, 'tau_reio': 0.39740382219012543, 'P_k_max_1/Mpc': 8.4445, 'z_max_pk': 13.65}
thermodynamics_init(L:404) :error in thermodynamics_solve(ppr,pba,pth,ptw,pvecback);
=>thermodynamics_solve(L:1602) :error in thermodynamics_reionization_evolve_with_tau(&tpaw, interval_limit[index_interval], interval_limit[index_interval+1], mz_output, pth->tt_size);
=>thermodynamics_reionization_evolve_with_tau(L:2269) :condition (tau_sup < pth->tau_reio) is true; parameters are such that reionization cannot start after z_start_max
The following model failed in CLASS:
{'output': 'tCl,lCl,pCl,mPk', 'lensing': 'yes', 'k_pivot': 0.05, 'N_ur': 2.0328, 'N_ncdm': 1, 'm_ncdm': 0.06, 'T_ncdm': 0.71611, 'omega_b': 0.014743904770633929, 'omega_cdm': 0.21002407316697685, 'omega_ini_dcdm': 0.33621827623244427, 'Gamma_dcdm': 2504.4985957691274, 'H0': 74.73757107873512, 'ln10^{10}A_s': 3.1150474690215564, 'n_s': 1.2427057587929435, 'tau_reio': 0.25089721636702217, 'P_k_max_1/Mpc': 8.4445, 'z_max_pk': 13.65}
thermodynamics_init(L:404) :error in thermodynamics_solve(ppr,pba,pth,ptw,pvecback);
=>thermodynamics_solve(L:1602) :error in thermodynamics_reionization_evolve_with_tau(&tpaw, interval_limit[index_interval], interval_limit[index_interval+1], mz_output, pth->tt_size);
=>thermodynamics_reionization_evolve_with_tau(L:2269) :condition (tau_sup < pth->tau_reio) is true; parameters are such that reionization cannot start after z_start_max
The following model failed in CLASS:
{'output': 'tCl,lCl,pCl,mPk', 'lensing': 'yes', 'k_pivot': 0.05, 'N_ur': 2.0328, 'N_ncdm': 1, 'm_ncdm': 0.06, 'T_ncdm': 0.71611, 'omega_b': 0.01412626508590206, 'omega_cdm': 0.07321833269152264, 'omega_ini_dcdm': 0.26894685548314945, 'Gamma_dcdm': 2505.1015479088483, 'H0': 74.34596941503256, 'ln10^{10}A_s': 2.4903655028672587, 'n_s': 1.1439119632667374, 'tau_reio': 0.3502963629540091, 'P_k_max_1/Mpc': 8.4445, 'z_max_pk': 13.65}
thermodynamics_init(L:404) :error in thermodynamics_solve(ppr,pba,pth,ptw,pvecback);
=>thermodynamics_solve(L:1602) :error in thermodynamics_reionization_evolve_with_tau(&tpaw, interval_limit[index_interval], interval_limit[index_interval+1], mz_output, pth->tt_size);
=>thermodynamics_reionization_evolve_with_tau(L:2269) :condition (tau_sup < pth->tau_reio) is true; parameters are such that reionization cannot start after z_start_max
The following model failed in CLASS:
{'output': 'tCl,lCl,pCl,mPk', 'lensing': 'yes', 'k_pivot': 0.05, 'N_ur': 2.0328, 'N_ncdm': 1, 'm_ncdm': 0.06, 'T_ncdm': 0.71611, 'omega_b': 0.015327049465932942, 'omega_cdm': 0.004304265477248229, 'omega_ini_dcdm': 0.34957474286189427, 'Gamma_dcdm': 2504.6479223493493, 'H0': 74.69647333331602, 'ln10^{10}A_s': 3.283816223378885, 'n_s': 0.7697115150184465, 'tau_reio': 0.37322397246458344, 'P_k_max_1/Mpc': 8.4445, 'z_max_pk': 13.65}
thermodynamics_init(L:404) :error in thermodynamics_solve(ppr,pba,pth,ptw,pvecback);
=>thermodynamics_solve(L:1602) :error in thermodynamics_reionization_evolve_with_tau(&tpaw, interval_limit[index_interval], interval_limit[index_interval+1], mz_output, pth->tt_size);
=>thermodynamics_reionization_evolve_with_tau(L:2269) :condition (tau_sup < pth->tau_reio) is true; parameters are such that reionization cannot start after z_start_max
The following model failed in CLASS:
{'output': 'tCl,lCl,pCl,mPk', 'lensing': 'yes', 'k_pivot': 0.05, 'N_ur': 2.0328, 'N_ncdm': 1, 'm_ncdm': 0.06, 'T_ncdm': 0.71611, 'omega_b': 0.017281037649930393, 'omega_cdm': 0.1259346465756404, 'omega_ini_dcdm': 0.35552383044828995, 'Gamma_dcdm': 2504.9160560912196, 'H0': 74.52102935272903, 'ln10^{10}A_s': 2.197591521625908, 'n_s': 0.8494202802594335, 'tau_reio': 0.3525971168103459, 'P_k_max_1/Mpc': 8.4445, 'z_max_pk': 13.65}
thermodynamics_init(L:404) :error in thermodynamics_solve(ppr,pba,pth,ptw,pvecback);
=>thermodynamics_solve(L:1602) :error in thermodynamics_reionization_evolve_with_tau(&tpaw, interval_limit[index_interval], interval_limit[index_interval+1], mz_output, pth->tt_size);
=>thermodynamics_reionization_evolve_with_tau(L:2269) :condition (tau_sup < pth->tau_reio) is true; parameters are such that reionization cannot start after z_start_max
The following model failed in CLASS:
{'output': 'tCl,lCl,pCl,mPk', 'lensing': 'yes', 'k_pivot': 0.05, 'N_ur': 2.0328, 'N_ncdm': 1, 'm_ncdm': 0.06, 'T_ncdm': 0.71611, 'omega_b': 0.016520869691730687, 'omega_cdm': 0.23395147657748616, 'omega_ini_dcdm': 0.3353678322930086, 'Gamma_dcdm': 2504.7650862961905, 'H0': 74.28975918883216, 'ln10^{10}A_s': 2.834777333972366, 'n_s': 1.0886577163302977, 'tau_reio': 0.3966320660955802, 'P_k_max_1/Mpc': 8.4445, 'z_max_pk': 13.65}
thermodynamics_init(L:404) :error in thermodynamics_solve(ppr,pba,pth,ptw,pvecback);
=>thermodynamics_solve(L:1602) :error in thermodynamics_reionization_evolve_with_tau(&tpaw, interval_limit[index_interval], interval_limit[index_interval+1], mz_output, pth->tt_size);
=>thermodynamics_reionization_evolve_with_tau(L:2269) :condition (tau_sup < pth->tau_reio) is true; parameters are such that reionization cannot start after z_start_max
The following model failed in CLASS:
{'output': 'tCl,lCl,pCl,mPk', 'lensing': 'yes', 'k_pivot': 0.05, 'N_ur': 2.0328, 'N_ncdm': 1, 'm_ncdm': 0.06, 'T_ncdm': 0.71611, 'omega_b': 0.016564465970234032, 'omega_cdm': 0.16709729530098616, 'omega_ini_dcdm': 0.3949895416676982, 'Gamma_dcdm': 2504.6419683823515, 'H0': 74.82954858835868, 'ln10^{10}A_s': 2.323048323839071, 'n_s': 0.8860648375702902, 'tau_reio': 0.37693306523400993, 'P_k_max_1/Mpc': 8.4445, 'z_max_pk': 13.65}
thermodynamics_init(L:404) :error in thermodynamics_solve(ppr,pba,pth,ptw,pvecback);
=>thermodynamics_solve(L:1602) :error in thermodynamics_reionization_evolve_with_tau(&tpaw, interval_limit[index_interval], interval_limit[index_interval+1], mz_output, pth->tt_size);
=>thermodynamics_reionization_evolve_with_tau(L:2269) :condition (tau_sup < pth->tau_reio) is true; parameters are such that reionization cannot start after z_start_max
The following model failed in CLASS:
{'output': 'tCl,lCl,pCl,mPk', 'lensing': 'yes', 'k_pivot': 0.05, 'N_ur': 2.0328, 'N_ncdm': 1, 'm_ncdm': 0.06, 'T_ncdm': 0.71611, 'omega_b': 0.018076518560816206, 'omega_cdm': 0.22078851747936365, 'omega_ini_dcdm': 0.19556820521073187, 'Gamma_dcdm': 2505.1300655898026, 'H0': 74.81754111106768, 'ln10^{10}A_s': 2.99365718273972, 'n_s': 1.0889695301496425, 'tau_reio': 0.39653658027463834, 'P_k_max_1/Mpc': 8.4445, 'z_max_pk': 13.65}
thermodynamics_init(L:404) :error in thermodynamics_solve(ppr,pba,pth,ptw,pvecback);
=>thermodynamics_solve(L:1602) :error in thermodynamics_reionization_evolve_with_tau(&tpaw, interval_limit[index_interval], interval_limit[index_interval+1], mz_output, pth->tt_size);
=>thermodynamics_reionization_evolve_with_tau(L:2269) :condition (tau_sup < pth->tau_reio) is true; parameters are such that reionization cannot start after z_start_max
The following model failed in CLASS:
{'output': 'tCl,lCl,pCl,mPk', 'lensing': 'yes', 'k_pivot': 0.05, 'N_ur': 2.0328, 'N_ncdm': 1, 'm_ncdm': 0.06, 'T_ncdm': 0.71611, 'omega_b': 0.01590697941106358, 'omega_cdm': 0.009323727382207048, 'omega_ini_dcdm': 0.3218148819771981, 'Gamma_dcdm': 2504.9789539253684, 'H0': 74.57003634707392, 'ln10^{10}A_s': 3.7743145382301506, 'n_s': 1.1487594547244981, 'tau_reio': 0.39233489755111883, 'P_k_max_1/Mpc': 8.4445, 'z_max_pk': 13.65}
thermodynamics_init(L:404) :error in thermodynamics_solve(ppr,pba,pth,ptw,pvecback);
=>thermodynamics_solve(L:1602) :error in thermodynamics_reionization_evolve_with_tau(&tpaw, interval_limit[index_interval], interval_limit[index_interval+1], mz_output, pth->tt_size);
=>thermodynamics_reionization_evolve_with_tau(L:2269) :condition (tau_sup < pth->tau_reio) is true; parameters are such that reionization cannot start after z_start_max
The following model failed in CLASS:
{'output': 'tCl,lCl,pCl,mPk', 'lensing': 'yes', 'k_pivot': 0.05, 'N_ur': 2.0328, 'N_ncdm': 1, 'm_ncdm': 0.06, 'T_ncdm': 0.71611, 'omega_b': 0.015871734929406245, 'omega_cdm': 0.2461204053996633, 'omega_ini_dcdm': 0.32515436344781823, 'Gamma_dcdm': 2504.239679274399, 'H0': 75.32447411275112, 'ln10^{10}A_s': 3.0794108693987705, 'n_s': 1.1580899270236122, 'tau_reio': 0.2739499978359434, 'P_k_max_1/Mpc': 8.4445, 'z_max_pk': 13.65}
thermodynamics_init(L:404) :error in thermodynamics_solve(ppr,pba,pth,ptw,pvecback);
=>thermodynamics_solve(L:1602) :error in thermodynamics_reionization_evolve_with_tau(&tpaw, interval_limit[index_interval], interval_limit[index_interval+1], mz_output, pth->tt_size);
=>thermodynamics_reionization_evolve_with_tau(L:2269) :condition (tau_sup < pth->tau_reio) is true; parameters are such that reionization cannot start after z_start_max
The following model failed in CLASS:
{'output': 'tCl,lCl,pCl,mPk', 'lensing': 'yes', 'k_pivot': 0.05, 'N_ur': 2.0328, 'N_ncdm': 1, 'm_ncdm': 0.06, 'T_ncdm': 0.71611, 'omega_b': 0.023483303448706805, 'omega_cdm': 0.24645932212111174, 'omega_ini_dcdm': 0.3578443718980514, 'Gamma_dcdm': 2505.62094371132, 'H0': 75.06051813473626, 'ln10^{10}A_s': 3.64566192178321, 'n_s': 1.1489017126144465, 'tau_reio': 0.38089944613026183, 'P_k_max_1/Mpc': 8.4445, 'z_max_pk': 13.65}
thermodynamics_init(L:404) :error in thermodynamics_solve(ppr,pba,pth,ptw,pvecback);
=>thermodynamics_solve(L:1602) :error in thermodynamics_reionization_evolve_with_tau(&tpaw, interval_limit[index_interval], interval_limit[index_interval+1], mz_output, pth->tt_size);
=>thermodynamics_reionization_evolve_with_tau(L:2269) :condition (tau_sup < pth->tau_reio) is true; parameters are such that reionization cannot start after z_start_max
The following model failed in CLASS:
{'output': 'tCl,lCl,pCl,mPk', 'lensing': 'yes', 'k_pivot': 0.05, 'N_ur': 2.0328, 'N_ncdm': 1, 'm_ncdm': 0.06, 'T_ncdm': 0.71611, 'omega_b': 0.017606727726441274, 'omega_cdm': 0.14112384137427178, 'omega_ini_dcdm': 0.2899219715031834, 'Gamma_dcdm': 2504.7199246303758, 'H0': 74.8735695001537, 'ln10^{10}A_s': 3.937652847504926, 'n_s': 1.0399044009112695, 'tau_reio': 0.3314043056680445, 'P_k_max_1/Mpc': 8.4445, 'z_max_pk': 13.65}
thermodynamics_init(L:404) :error in thermodynamics_solve(ppr,pba,pth,ptw,pvecback);
=>thermodynamics_solve(L:1602) :error in thermodynamics_reionization_evolve_with_tau(&tpaw, interval_limit[index_interval], interval_limit[index_interval+1], mz_output, pth->tt_size);
=>thermodynamics_reionization_evolve_with_tau(L:2269) :condition (tau_sup < pth->tau_reio) is true; parameters are such that reionization cannot start after z_start_max
The following model failed in CLASS:
{'output': 'tCl,lCl,pCl,mPk', 'lensing': 'yes', 'k_pivot': 0.05, 'N_ur': 2.0328, 'N_ncdm': 1, 'm_ncdm': 0.06, 'T_ncdm': 0.71611, 'omega_b': 0.01616736377678811, 'omega_cdm': 0.1878574364193355, 'omega_ini_dcdm': 0.364356498754626, 'Gamma_dcdm': 2504.861484199576, 'H0': 74.2338691290999, 'ln10^{10}A_s': 3.1586423227026437, 'n_s': 1.1236870960395433, 'tau_reio': 0.34107991265075654, 'P_k_max_1/Mpc': 8.4445, 'z_max_pk': 13.65}
thermodynamics_init(L:404) :error in thermodynamics_solve(ppr,pba,pth,ptw,pvecback);
=>thermodynamics_solve(L:1602) :error in thermodynamics_reionization_evolve_with_tau(&tpaw, interval_limit[index_interval], interval_limit[index_interval+1], mz_output, pth->tt_size);
=>thermodynamics_reionization_evolve_with_tau(L:2269) :condition (tau_sup < pth->tau_reio) is true; parameters are such that reionization cannot start after z_start_max
The following model failed in CLASS:
{'output': 'tCl,lCl,pCl,mPk', 'lensing': 'yes', 'k_pivot': 0.05, 'N_ur': 2.0328, 'N_ncdm': 1, 'm_ncdm': 0.06, 'T_ncdm': 0.71611, 'omega_b': 0.017913056101806595, 'omega_cdm': 0.2064468247735991, 'omega_ini_dcdm': 0.3009580711810916, 'Gamma_dcdm': 2505.1496153708326, 'H0': 74.37753227088288, 'ln10^{10}A_s': 3.0961547709814345, 'n_s': 0.9371938472746412, 'tau_reio': 0.31710172789045005, 'P_k_max_1/Mpc': 8.4445, 'z_max_pk': 13.65}
thermodynamics_init(L:404) :error in thermodynamics_solve(ppr,pba,pth,ptw,pvecback);
=>thermodynamics_solve(L:1602) :error in thermodynamics_reionization_evolve_with_tau(&tpaw, interval_limit[index_interval], interval_limit[index_interval+1], mz_output, pth->tt_size);
=>thermodynamics_reionization_evolve_with_tau(L:2269) :condition (tau_sup < pth->tau_reio) is true; parameters are such that reionization cannot start after z_start_max
The following model failed in CLASS:
{'output': 'tCl,lCl,pCl,mPk', 'lensing': 'yes', 'k_pivot': 0.05, 'N_ur': 2.0328, 'N_ncdm': 1, 'm_ncdm': 0.06, 'T_ncdm': 0.71611, 'omega_b': 0.014574125674493725, 'omega_cdm': 0.19401935225582792, 'omega_ini_dcdm': 0.3836985174846468, 'Gamma_dcdm': 2504.966754116776, 'H0': 75.06959682027933, 'ln10^{10}A_s': 3.609820053304107, 'n_s': 1.2973700440579135, 'tau_reio': 0.28288465128405493, 'P_k_max_1/Mpc': 8.4445, 'z_max_pk': 13.65}
thermodynamics_init(L:404) :error in thermodynamics_solve(ppr,pba,pth,ptw,pvecback);
=>thermodynamics_solve(L:1602) :error in thermodynamics_reionization_evolve_with_tau(&tpaw, interval_limit[index_interval], interval_limit[index_interval+1], mz_output, pth->tt_size);
=>thermodynamics_reionization_evolve_with_tau(L:2269) :condition (tau_sup < pth->tau_reio) is true; parameters are such that reionization cannot start after z_start_max
The following model failed in CLASS:
{'output': 'tCl,lCl,pCl,mPk', 'lensing': 'yes', 'k_pivot': 0.05, 'N_ur': 2.0328, 'N_ncdm': 1, 'm_ncdm': 0.06, 'T_ncdm': 0.71611, 'omega_b': 0.014640676550212459, 'omega_cdm': 0.17355008146344097, 'omega_ini_dcdm': 0.18413804472174475, 'Gamma_dcdm': 2504.4064877118713, 'H0': 75.72302438109638, 'ln10^{10}A_s': 2.8332567268855473, 'n_s': 0.9660595826868523, 'tau_reio': 0.38732097816745154, 'P_k_max_1/Mpc': 8.4445, 'z_max_pk': 13.65}
thermodynamics_init(L:404) :error in thermodynamics_solve(ppr,pba,pth,ptw,pvecback);
=>thermodynamics_solve(L:1602) :error in thermodynamics_reionization_evolve_with_tau(&tpaw, interval_limit[index_interval], interval_limit[index_interval+1], mz_output, pth->tt_size);
=>thermodynamics_reionization_evolve_with_tau(L:2269) :condition (tau_sup < pth->tau_reio) is true; parameters are such that reionization cannot start after z_start_max
The following model failed in CLASS:
{'output': 'tCl,lCl,pCl,mPk', 'lensing': 'yes', 'k_pivot': 0.05, 'N_ur': 2.0328, 'N_ncdm': 1, 'm_ncdm': 0.06, 'T_ncdm': 0.71611, 'omega_b': 0.016474598813587923, 'omega_cdm': 0.12890973408119075, 'omega_ini_dcdm': 0.26822697247475513, 'Gamma_dcdm': 2505.5134407982346, 'H0': 75.31016904292066, 'ln10^{10}A_s': 2.8865706993078257, 'n_s': 1.0270972120031507, 'tau_reio': 0.37666333822528053, 'P_k_max_1/Mpc': 8.4445, 'z_max_pk': 13.65}
thermodynamics_init(L:404) :error in thermodynamics_solve(ppr,pba,pth,ptw,pvecback);
=>thermodynamics_solve(L:1602) :error in thermodynamics_reionization_evolve_with_tau(&tpaw, interval_limit[index_interval], interval_limit[index_interval+1], mz_output, pth->tt_size);
=>thermodynamics_reionization_evolve_with_tau(L:2269) :condition (tau_sup < pth->tau_reio) is true; parameters are such that reionization cannot start after z_start_max
The following model failed in CLASS:
{'output': 'tCl,lCl,pCl,mPk', 'lensing': 'yes', 'k_pivot': 0.05, 'N_ur': 2.0328, 'N_ncdm': 1, 'm_ncdm': 0.06, 'T_ncdm': 0.71611, 'omega_b': 0.01499684030527998, 'omega_cdm': 0.10386414631150107, 'omega_ini_dcdm': 0.3467637864655121, 'Gamma_dcdm': 2505.6202962330776, 'H0': 75.09622162451907, 'ln10^{10}A_s': 2.6616074513892447, 'n_s': 1.1594150644224563, 'tau_reio': 0.33558249676804974, 'P_k_max_1/Mpc': 8.4445, 'z_max_pk': 13.65}
thermodynamics_init(L:404) :error in thermodynamics_solve(ppr,pba,pth,ptw,pvecback);
=>thermodynamics_solve(L:1602) :error in thermodynamics_reionization_evolve_with_tau(&tpaw, interval_limit[index_interval], interval_limit[index_interval+1], mz_output, pth->tt_size);
=>thermodynamics_reionization_evolve_with_tau(L:2269) :condition (tau_sup < pth->tau_reio) is true; parameters are such that reionization cannot start after z_start_max
The following model failed in CLASS:
{'output': 'tCl,lCl,pCl,mPk', 'lensing': 'yes', 'k_pivot': 0.05, 'N_ur': 2.0328, 'N_ncdm': 1, 'm_ncdm': 0.06, 'T_ncdm': 0.71611, 'omega_b': 0.021949699370156017, 'omega_cdm': 0.20565186745482578, 'omega_ini_dcdm': 0.3486067658348107, 'Gamma_dcdm': 2504.794860765416, 'H0': 74.13550695847505, 'ln10^{10}A_s': 2.9164041254135133, 'n_s': 1.1215439954178952, 'tau_reio': 0.36781494715907403, 'P_k_max_1/Mpc': 8.4445, 'z_max_pk': 13.65}
thermodynamics_init(L:404) :error in thermodynamics_solve(ppr,pba,pth,ptw,pvecback);
=>thermodynamics_solve(L:1602) :error in thermodynamics_reionization_evolve_with_tau(&tpaw, interval_limit[index_interval], interval_limit[index_interval+1], mz_output, pth->tt_size);
=>thermodynamics_reionization_evolve_with_tau(L:2269) :condition (tau_sup < pth->tau_reio) is true; parameters are such that reionization cannot start after z_start_max
The following model failed in CLASS:
{'output': 'tCl,lCl,pCl,mPk', 'lensing': 'yes', 'k_pivot': 0.05, 'N_ur': 2.0328, 'N_ncdm': 1, 'm_ncdm': 0.06, 'T_ncdm': 0.71611, 'omega_b': 0.016016543343946813, 'omega_cdm': 0.029904912222283378, 'omega_ini_dcdm': 0.38217002098955677, 'Gamma_dcdm': 2504.918672093742, 'H0': 74.61024672691671, 'ln10^{10}A_s': 3.5612007676049977, 'n_s': 0.7607940424998264, 'tau_reio': 0.37426685598632037, 'P_k_max_1/Mpc': 8.4445, 'z_max_pk': 13.65}
thermodynamics_init(L:404) :error in thermodynamics_solve(ppr,pba,pth,ptw,pvecback);
=>thermodynamics_solve(L:1602) :error in thermodynamics_reionization_evolve_with_tau(&tpaw, interval_limit[index_interval], interval_limit[index_interval+1], mz_output, pth->tt_size);
=>thermodynamics_reionization_evolve_with_tau(L:2269) :condition (tau_sup < pth->tau_reio) is true; parameters are such that reionization cannot start after z_start_max
The following model failed in CLASS:
{'output': 'tCl,lCl,pCl,mPk', 'lensing': 'yes', 'k_pivot': 0.05, 'N_ur': 2.0328, 'N_ncdm': 1, 'm_ncdm': 0.06, 'T_ncdm': 0.71611, 'omega_b': 0.014250376911794203, 'omega_cdm': 0.1387001932436862, 'omega_ini_dcdm': 0.30111672176633025, 'Gamma_dcdm': 2504.4500423911704, 'H0': 74.8986568059006, 'ln10^{10}A_s': 2.4605077165866662, 'n_s': 1.1408529897593847, 'tau_reio': 0.3295235518606335, 'P_k_max_1/Mpc': 8.4445, 'z_max_pk': 13.65}
thermodynamics_init(L:404) :error in thermodynamics_solve(ppr,pba,pth,ptw,pvecback);
=>thermodynamics_solve(L:1602) :error in thermodynamics_reionization_evolve_with_tau(&tpaw, interval_limit[index_interval], interval_limit[index_interval+1], mz_output, pth->tt_size);
=>thermodynamics_reionization_evolve_with_tau(L:2269) :condition (tau_sup < pth->tau_reio) is true; parameters are such that reionization cannot start after z_start_max
The following model failed in CLASS:
{'output': 'tCl,lCl,pCl,mPk', 'lensing': 'yes', 'k_pivot': 0.05, 'N_ur': 2.0328, 'N_ncdm': 1, 'm_ncdm': 0.06, 'T_ncdm': 0.71611, 'omega_b': 0.015262193753137612, 'omega_cdm': 0.17847065263475703, 'omega_ini_dcdm': 0.09314051630352368, 'Gamma_dcdm': 2505.4670902155685, 'H0': 74.96575513201475, 'ln10^{10}A_s': 2.9409553972949976, 'n_s': 0.8857098439758374, 'tau_reio': 0.35215895553308957, 'P_k_max_1/Mpc': 8.4445, 'z_max_pk': 13.65}
thermodynamics_init(L:404) :error in thermodynamics_solve(ppr,pba,pth,ptw,pvecback);
=>thermodynamics_solve(L:1602) :error in thermodynamics_reionization_evolve_with_tau(&tpaw, interval_limit[index_interval], interval_limit[index_interval+1], mz_output, pth->tt_size);
=>thermodynamics_reionization_evolve_with_tau(L:2269) :condition (tau_sup < pth->tau_reio) is true; parameters are such that reionization cannot start after z_start_max
The following model failed in CLASS:
{'output': 'tCl,lCl,pCl,mPk', 'lensing': 'yes', 'k_pivot': 0.05, 'N_ur': 2.0328, 'N_ncdm': 1, 'm_ncdm': 0.06, 'T_ncdm': 0.71611, 'omega_b': 0.019673671550488322, 'omega_cdm': 0.23118567698860587, 'omega_ini_dcdm': 0.26688509519525055, 'Gamma_dcdm': 2505.6154574547595, 'H0': 74.31002931572166, 'ln10^{10}A_s': 2.999901027248892, 'n_s': 1.2985173992595302, 'tau_reio': 0.37473324544474323, 'P_k_max_1/Mpc': 8.4445, 'z_max_pk': 13.65}
thermodynamics_init(L:404) :error in thermodynamics_solve(ppr,pba,pth,ptw,pvecback);
=>thermodynamics_solve(L:1602) :error in thermodynamics_reionization_evolve_with_tau(&tpaw, interval_limit[index_interval], interval_limit[index_interval+1], mz_output, pth->tt_size);
=>thermodynamics_reionization_evolve_with_tau(L:2269) :condition (tau_sup < pth->tau_reio) is true; parameters are such that reionization cannot start after z_start_max
The following model failed in CLASS:
{'output': 'tCl,lCl,pCl,mPk', 'lensing': 'yes', 'k_pivot': 0.05, 'N_ur': 2.0328, 'N_ncdm': 1, 'm_ncdm': 0.06, 'T_ncdm': 0.71611, 'omega_b': 0.015286657309980651, 'omega_cdm': 0.18886916843408497, 'omega_ini_dcdm': 0.24302891133240018, 'Gamma_dcdm': 2504.750499257261, 'H0': 75.74005480613164, 'ln10^{10}A_s': 2.522280877102922, 'n_s': 0.7421568854976005, 'tau_reio': 0.3596370225003407, 'P_k_max_1/Mpc': 8.4445, 'z_max_pk': 13.65}
thermodynamics_init(L:404) :error in thermodynamics_solve(ppr,pba,pth,ptw,pvecback);
=>thermodynamics_solve(L:1602) :error in thermodynamics_reionization_evolve_with_tau(&tpaw, interval_limit[index_interval], interval_limit[index_interval+1], mz_output, pth->tt_size);
=>thermodynamics_reionization_evolve_with_tau(L:2269) :condition (tau_sup < pth->tau_reio) is true; parameters are such that reionization cannot start after z_start_max
The following model failed in CLASS:
{'output': 'tCl,lCl,pCl,mPk', 'lensing': 'yes', 'k_pivot': 0.05, 'N_ur': 2.0328, 'N_ncdm': 1, 'm_ncdm': 0.06, 'T_ncdm': 0.71611, 'omega_b': 0.01803574012312902, 'omega_cdm': 0.2459933317148594, 'omega_ini_dcdm': 0.13880430814418698, 'Gamma_dcdm': 2504.434520884078, 'H0': 75.36858016334484, 'ln10^{10}A_s': 3.565444855657774, 'n_s': 1.0588691691988872, 'tau_reio': 0.3771207338833235, 'P_k_max_1/Mpc': 8.4445, 'z_max_pk': 13.65}
thermodynamics_init(L:404) :error in thermodynamics_solve(ppr,pba,pth,ptw,pvecback);
=>thermodynamics_solve(L:1602) :error in thermodynamics_reionization_evolve_with_tau(&tpaw, interval_limit[index_interval], interval_limit[index_interval+1], mz_output, pth->tt_size);
=>thermodynamics_reionization_evolve_with_tau(L:2269) :condition (tau_sup < pth->tau_reio) is true; parameters are such that reionization cannot start after z_start_max
The following model failed in CLASS:
{'output': 'tCl,lCl,pCl,mPk', 'lensing': 'yes', 'k_pivot': 0.05, 'N_ur': 2.0328, 'N_ncdm': 1, 'm_ncdm': 0.06, 'T_ncdm': 0.71611, 'omega_b': 0.01592558971732073, 'omega_cdm': 0.029827374215682684, 'omega_ini_dcdm': 0.358888454694795, 'Gamma_dcdm': 2505.6128996948532, 'H0': 75.18285860732617, 'ln10^{10}A_s': 2.7776494751836838, 'n_s': 1.1570421190427949, 'tau_reio': 0.35530958785485484, 'P_k_max_1/Mpc': 8.4445, 'z_max_pk': 13.65}
thermodynamics_init(L:404) :error in thermodynamics_solve(ppr,pba,pth,ptw,pvecback);
=>thermodynamics_solve(L:1602) :error in thermodynamics_reionization_evolve_with_tau(&tpaw, interval_limit[index_interval], interval_limit[index_interval+1], mz_output, pth->tt_size);
=>thermodynamics_reionization_evolve_with_tau(L:2269) :condition (tau_sup < pth->tau_reio) is true; parameters are such that reionization cannot start after z_start_max
The following model failed in CLASS:
{'output': 'tCl,lCl,pCl,mPk', 'lensing': 'yes', 'k_pivot': 0.05, 'N_ur': 2.0328, 'N_ncdm': 1, 'm_ncdm': 0.06, 'T_ncdm': 0.71611, 'omega_b': 0.01419662880968979, 'omega_cdm': 0.08349226832813433, 'omega_ini_dcdm': 0.2605763143223391, 'Gamma_dcdm': 2504.6627523074358, 'H0': 75.46719282139233, 'ln10^{10}A_s': 2.77377913518741, 'n_s': 1.153818108665696, 'tau_reio': 0.3269913553108968, 'P_k_max_1/Mpc': 8.4445, 'z_max_pk': 13.65}
thermodynamics_init(L:404) :error in thermodynamics_solve(ppr,pba,pth,ptw,pvecback);
=>thermodynamics_solve(L:1602) :error in thermodynamics_reionization_evolve_with_tau(&tpaw, interval_limit[index_interval], interval_limit[index_interval+1], mz_output, pth->tt_size);
=>thermodynamics_reionization_evolve_with_tau(L:2269) :condition (tau_sup < pth->tau_reio) is true; parameters are such that reionization cannot start after z_start_max
The following model failed in CLASS:
{'output': 'tCl,lCl,pCl,mPk', 'lensing': 'yes', 'k_pivot': 0.05, 'N_ur': 2.0328, 'N_ncdm': 1, 'm_ncdm': 0.06, 'T_ncdm': 0.71611, 'omega_b': 0.015299172920497024, 'omega_cdm': 0.016209373086872203, 'omega_ini_dcdm': 0.39605072605046854, 'Gamma_dcdm': 2505.0162778474037, 'H0': 74.74734240913341, 'ln10^{10}A_s': 3.884082681982717, 'n_s': 1.2437677922049502, 'tau_reio': 0.3841510193836769, 'P_k_max_1/Mpc': 8.4445, 'z_max_pk': 13.65}
thermodynamics_init(L:404) :error in thermodynamics_solve(ppr,pba,pth,ptw,pvecback);
=>thermodynamics_solve(L:1602) :error in thermodynamics_reionization_evolve_with_tau(&tpaw, interval_limit[index_interval], interval_limit[index_interval+1], mz_output, pth->tt_size);
=>thermodynamics_reionization_evolve_with_tau(L:2269) :condition (tau_sup < pth->tau_reio) is true; parameters are such that reionization cannot start after z_start_max
The following model failed in CLASS:
{'output': 'tCl,lCl,pCl,mPk', 'lensing': 'yes', 'k_pivot': 0.05, 'N_ur': 2.0328, 'N_ncdm': 1, 'm_ncdm': 0.06, 'T_ncdm': 0.71611, 'omega_b': 0.014826447978591771, 'omega_cdm': 0.2234105529571705, 'omega_ini_dcdm': 0.388560675434775, 'Gamma_dcdm': 2505.243121448103, 'H0': 75.05507328485034, 'ln10^{10}A_s': 3.356458868255718, 'n_s': 0.7405383536584125, 'tau_reio': 0.3881807870128975, 'P_k_max_1/Mpc': 8.4445, 'z_max_pk': 13.65}
thermodynamics_init(L:404) :error in thermodynamics_solve(ppr,pba,pth,ptw,pvecback);
=>thermodynamics_solve(L:1602) :error in thermodynamics_reionization_evolve_with_tau(&tpaw, interval_limit[index_interval], interval_limit[index_interval+1], mz_output, pth->tt_size);
=>thermodynamics_reionization_evolve_with_tau(L:2269) :condition (tau_sup < pth->tau_reio) is true; parameters are such that reionization cannot start after z_start_max
The following model failed in CLASS:
{'output': 'tCl,lCl,pCl,mPk', 'lensing': 'yes', 'k_pivot': 0.05, 'N_ur': 2.0328, 'N_ncdm': 1, 'm_ncdm': 0.06, 'T_ncdm': 0.71611, 'omega_b': 0.01643230474186558, 'omega_cdm': 0.12721445678713067, 'omega_ini_dcdm': 0.30578746437388826, 'Gamma_dcdm': 2504.139649033163, 'H0': 74.90522422091207, 'ln10^{10}A_s': 3.1793699117985046, 'n_s': 1.033623249716541, 'tau_reio': 0.33584848982428783, 'P_k_max_1/Mpc': 8.4445, 'z_max_pk': 13.65}
thermodynamics_init(L:404) :error in thermodynamics_solve(ppr,pba,pth,ptw,pvecback);
=>thermodynamics_solve(L:1602) :error in thermodynamics_reionization_evolve_with_tau(&tpaw, interval_limit[index_interval], interval_limit[index_interval+1], mz_output, pth->tt_size);
=>thermodynamics_reionization_evolve_with_tau(L:2269) :condition (tau_sup < pth->tau_reio) is true; parameters are such that reionization cannot start after z_start_max
The following model failed in CLASS:
{'output': 'tCl,lCl,pCl,mPk', 'lensing': 'yes', 'k_pivot': 0.05, 'N_ur': 2.0328, 'N_ncdm': 1, 'm_ncdm': 0.06, 'T_ncdm': 0.71611, 'omega_b': 0.01807218348680647, 'omega_cdm': 0.23911241898078672, 'omega_ini_dcdm': 0.24014228862484388, 'Gamma_dcdm': 2504.23613968275, 'H0': 74.93109176287443, 'ln10^{10}A_s': 3.3602222454303656, 'n_s': 0.9825306063166414, 'tau_reio': 0.3696765547166129, 'P_k_max_1/Mpc': 8.4445, 'z_max_pk': 13.65}
thermodynamics_init(L:404) :error in thermodynamics_solve(ppr,pba,pth,ptw,pvecback);
=>thermodynamics_solve(L:1602) :error in thermodynamics_reionization_evolve_with_tau(&tpaw, interval_limit[index_interval], interval_limit[index_interval+1], mz_output, pth->tt_size);
=>thermodynamics_reionization_evolve_with_tau(L:2269) :condition (tau_sup < pth->tau_reio) is true; parameters are such that reionization cannot start after z_start_max
The following model failed in CLASS:
{'output': 'tCl,lCl,pCl,mPk', 'lensing': 'yes', 'k_pivot': 0.05, 'N_ur': 2.0328, 'N_ncdm': 1, 'm_ncdm': 0.06, 'T_ncdm': 0.71611, 'omega_b': 0.015093476493861235, 'omega_cdm': 0.06673006429526876, 'omega_ini_dcdm': 0.2845697234138303, 'Gamma_dcdm': 2505.0695134735515, 'H0': 75.43925367440899, 'ln10^{10}A_s': 2.647542180270876, 'n_s': 0.7722159686276533, 'tau_reio': 0.3378365970446813, 'P_k_max_1/Mpc': 8.4445, 'z_max_pk': 13.65}
thermodynamics_init(L:404) :error in thermodynamics_solve(ppr,pba,pth,ptw,pvecback);
=>thermodynamics_solve(L:1602) :error in thermodynamics_reionization_evolve_with_tau(&tpaw, interval_limit[index_interval], interval_limit[index_interval+1], mz_output, pth->tt_size);
=>thermodynamics_reionization_evolve_with_tau(L:2269) :condition (tau_sup < pth->tau_reio) is true; parameters are such that reionization cannot start after z_start_max
The following model failed in CLASS:
{'output': 'tCl,lCl,pCl,mPk', 'lensing': 'yes', 'k_pivot': 0.05, 'N_ur': 2.0328, 'N_ncdm': 1, 'm_ncdm': 0.06, 'T_ncdm': 0.71611, 'omega_b': 0.022360505281805568, 'omega_cdm': 0.21367253650939422, 'omega_ini_dcdm': 0.39213060856828735, 'Gamma_dcdm': 2505.2750180724593, 'H0': 74.72170360853075, 'ln10^{10}A_s': 2.435502263307826, 'n_s': 0.7731888122903299, 'tau_reio': 0.39427233492750813, 'P_k_max_1/Mpc': 8.4445, 'z_max_pk': 13.65}
thermodynamics_init(L:404) :error in thermodynamics_solve(ppr,pba,pth,ptw,pvecback);
=>thermodynamics_solve(L:1602) :error in thermodynamics_reionization_evolve_with_tau(&tpaw, interval_limit[index_interval], interval_limit[index_interval+1], mz_output, pth->tt_size);
=>thermodynamics_reionization_evolve_with_tau(L:2269) :condition (tau_sup < pth->tau_reio) is true; parameters are such that reionization cannot start after z_start_max
The following model failed in CLASS:
{'output': 'tCl,lCl,pCl,mPk', 'lensing': 'yes', 'k_pivot': 0.05, 'N_ur': 2.0328, 'N_ncdm': 1, 'm_ncdm': 0.06, 'T_ncdm': 0.71611, 'omega_b': 0.015107187222592586, 'omega_cdm': 0.22400861753079382, 'omega_ini_dcdm': 0.3111171034063488, 'Gamma_dcdm': 2504.790263740035, 'H0': 74.38880450468325, 'ln10^{10}A_s': 3.5518191758082605, 'n_s': 0.9706642377182375, 'tau_reio': 0.3413356072922882, 'P_k_max_1/Mpc': 8.4445, 'z_max_pk': 13.65}
thermodynamics_init(L:404) :error in thermodynamics_solve(ppr,pba,pth,ptw,pvecback);
=>thermodynamics_solve(L:1602) :error in thermodynamics_reionization_evolve_with_tau(&tpaw, interval_limit[index_interval], interval_limit[index_interval+1], mz_output, pth->tt_size);
=>thermodynamics_reionization_evolve_with_tau(L:2269) :condition (tau_sup < pth->tau_reio) is true; parameters are such that reionization cannot start after z_start_max
The following model failed in CLASS:
{'output': 'tCl,lCl,pCl,mPk', 'lensing': 'yes', 'k_pivot': 0.05, 'N_ur': 2.0328, 'N_ncdm': 1, 'm_ncdm': 0.06, 'T_ncdm': 0.71611, 'omega_b': 0.020337471119449974, 'omega_cdm': 0.026761565194891812, 'omega_ini_dcdm': 0.3959770475171913, 'Gamma_dcdm': 2505.3525300041697, 'H0': 74.81169295488652, 'ln10^{10}A_s': 3.7388643995834574, 'n_s': 1.2274340432190614, 'tau_reio': 0.39947785015488524, 'P_k_max_1/Mpc': 8.4445, 'z_max_pk': 13.65}
thermodynamics_init(L:404) :error in thermodynamics_solve(ppr,pba,pth,ptw,pvecback);
=>thermodynamics_solve(L:1602) :error in thermodynamics_reionization_evolve_with_tau(&tpaw, interval_limit[index_interval], interval_limit[index_interval+1], mz_output, pth->tt_size);
=>thermodynamics_reionization_evolve_with_tau(L:2269) :condition (tau_sup < pth->tau_reio) is true; parameters are such that reionization cannot start after z_start_max
The following model failed in CLASS:
{'output': 'tCl,lCl,pCl,mPk', 'lensing': 'yes', 'k_pivot': 0.05, 'N_ur': 2.0328, 'N_ncdm': 1, 'm_ncdm': 0.06, 'T_ncdm': 0.71611, 'omega_b': 0.021557600588136477, 'omega_cdm': 0.23561550162480288, 'omega_ini_dcdm': 0.39007657104878846, 'Gamma_dcdm': 2504.4310490430416, 'H0': 74.96363612136433, 'ln10^{10}A_s': 3.244497968007154, 'n_s': 0.7795967667300799, 'tau_reio': 0.3797712849277205, 'P_k_max_1/Mpc': 8.4445, 'z_max_pk': 13.65}
thermodynamics_init(L:404) :error in thermodynamics_solve(ppr,pba,pth,ptw,pvecback);
=>thermodynamics_solve(L:1602) :error in thermodynamics_reionization_evolve_with_tau(&tpaw, interval_limit[index_interval], interval_limit[index_interval+1], mz_output, pth->tt_size);
=>thermodynamics_reionization_evolve_with_tau(L:2269) :condition (tau_sup < pth->tau_reio) is true; parameters are such that reionization cannot start after z_start_max
The following model failed in CLASS:
{'output': 'tCl,lCl,pCl,mPk', 'lensing': 'yes', 'k_pivot': 0.05, 'N_ur': 2.0328, 'N_ncdm': 1, 'm_ncdm': 0.06, 'T_ncdm': 0.71611, 'omega_b': 0.021621664205939493, 'omega_cdm': 0.23185298583904906, 'omega_ini_dcdm': 0.3961298393228832, 'Gamma_dcdm': 2505.675427097322, 'H0': 75.11837639434916, 'ln10^{10}A_s': 3.03565697531577, 'n_s': 1.1363068325844976, 'tau_reio': 0.39117712527058657, 'P_k_max_1/Mpc': 8.4445, 'z_max_pk': 13.65}
thermodynamics_init(L:404) :error in thermodynamics_solve(ppr,pba,pth,ptw,pvecback);
=>thermodynamics_solve(L:1602) :error in thermodynamics_reionization_evolve_with_tau(&tpaw, interval_limit[index_interval], interval_limit[index_interval+1], mz_output, pth->tt_size);
=>thermodynamics_reionization_evolve_with_tau(L:2269) :condition (tau_sup < pth->tau_reio) is true; parameters are such that reionization cannot start after z_start_max
The following model failed in CLASS:
{'output': 'tCl,lCl,pCl,mPk', 'lensing': 'yes', 'k_pivot': 0.05, 'N_ur': 2.0328, 'N_ncdm': 1, 'm_ncdm': 0.06, 'T_ncdm': 0.71611, 'omega_b': 0.014023239158984593, 'omega_cdm': 0.14569012483658209, 'omega_ini_dcdm': 0.28938481738189714, 'Gamma_dcdm': 2505.4205664198294, 'H0': 74.64140174632637, 'ln10^{10}A_s': 3.622542878316796, 'n_s': 1.2599044685229168, 'tau_reio': 0.2718274667721123, 'P_k_max_1/Mpc': 8.4445, 'z_max_pk': 13.65}
thermodynamics_init(L:404) :error in thermodynamics_solve(ppr,pba,pth,ptw,pvecback);
=>thermodynamics_solve(L:1602) :error in thermodynamics_reionization_evolve_with_tau(&tpaw, interval_limit[index_interval], interval_limit[index_interval+1], mz_output, pth->tt_size);
=>thermodynamics_reionization_evolve_with_tau(L:2269) :condition (tau_sup < pth->tau_reio) is true; parameters are such that reionization cannot start after z_start_max
The following model failed in CLASS:
{'output': 'tCl,lCl,pCl,mPk', 'lensing': 'yes', 'k_pivot': 0.05, 'N_ur': 2.0328, 'N_ncdm': 1, 'm_ncdm': 0.06, 'T_ncdm': 0.71611, 'omega_b': 0.014854719671352972, 'omega_cdm': 0.11561539875379472, 'omega_ini_dcdm': 0.3707624342741356, 'Gamma_dcdm': 2504.557249033077, 'H0': 74.63378975881288, 'ln10^{10}A_s': 2.4294178374088826, 'n_s': 0.8181366873716351, 'tau_reio': 0.28553563247165614, 'P_k_max_1/Mpc': 8.4445, 'z_max_pk': 13.65}
thermodynamics_init(L:404) :error in thermodynamics_solve(ppr,pba,pth,ptw,pvecback);
=>thermodynamics_solve(L:1602) :error in thermodynamics_reionization_evolve_with_tau(&tpaw, interval_limit[index_interval], interval_limit[index_interval+1], mz_output, pth->tt_size);
=>thermodynamics_reionization_evolve_with_tau(L:2269) :condition (tau_sup < pth->tau_reio) is true; parameters are such that reionization cannot start after z_start_max
The following model failed in CLASS:
{'output': 'tCl,lCl,pCl,mPk', 'lensing': 'yes', 'k_pivot': 0.05, 'N_ur': 2.0328, 'N_ncdm': 1, 'm_ncdm': 0.06, 'T_ncdm': 0.71611, 'omega_b': 0.01616115191608914, 'omega_cdm': 0.13664238928607048, 'omega_ini_dcdm': 0.3877268021629222, 'Gamma_dcdm': 2504.7626932382573, 'H0': 74.16838307792679, 'ln10^{10}A_s': 3.0996235118162994, 'n_s': 1.249770829194715, 'tau_reio': 0.37381373622936365, 'P_k_max_1/Mpc': 8.4445, 'z_max_pk': 13.65}
thermodynamics_init(L:404) :error in thermodynamics_solve(ppr,pba,pth,ptw,pvecback);
=>thermodynamics_solve(L:1602) :error in thermodynamics_reionization_evolve_with_tau(&tpaw, interval_limit[index_interval], interval_limit[index_interval+1], mz_output, pth->tt_size);
=>thermodynamics_reionization_evolve_with_tau(L:2269) :condition (tau_sup < pth->tau_reio) is true; parameters are such that reionization cannot start after z_start_max
The following model failed in CLASS:
{'output': 'tCl,lCl,pCl,mPk', 'lensing': 'yes', 'k_pivot': 0.05, 'N_ur': 2.0328, 'N_ncdm': 1, 'm_ncdm': 0.06, 'T_ncdm': 0.71611, 'omega_b': 0.014299245071230912, 'omega_cdm': 0.1783537387852717, 'omega_ini_dcdm': 0.3356416533030355, 'Gamma_dcdm': 2505.1631888810784, 'H0': 75.52253338712731, 'ln10^{10}A_s': 3.3953005520542936, 'n_s': 0.9631381563349705, 'tau_reio': 0.33505833090608417, 'P_k_max_1/Mpc': 8.4445, 'z_max_pk': 13.65}
thermodynamics_init(L:404) :error in thermodynamics_solve(ppr,pba,pth,ptw,pvecback);
=>thermodynamics_solve(L:1602) :error in thermodynamics_reionization_evolve_with_tau(&tpaw, interval_limit[index_interval], interval_limit[index_interval+1], mz_output, pth->tt_size);
=>thermodynamics_reionization_evolve_with_tau(L:2269) :condition (tau_sup < pth->tau_reio) is true; parameters are such that reionization cannot start after z_start_max
The following model failed in CLASS:
{'output': 'tCl,lCl,pCl,mPk', 'lensing': 'yes', 'k_pivot': 0.05, 'N_ur': 2.0328, 'N_ncdm': 1, 'm_ncdm': 0.06, 'T_ncdm': 0.71611, 'omega_b': 0.015797328452241362, 'omega_cdm': 0.12044722890741799, 'omega_ini_dcdm': 0.2875568558542266, 'Gamma_dcdm': 2504.6184294076133, 'H0': 75.02326484051439, 'ln10^{10}A_s': 3.650662072909415, 'n_s': 1.2243526886473384, 'tau_reio': 0.35992337717701844, 'P_k_max_1/Mpc': 8.4445, 'z_max_pk': 13.65}
thermodynamics_init(L:404) :error in thermodynamics_solve(ppr,pba,pth,ptw,pvecback);
=>thermodynamics_solve(L:1602) :error in thermodynamics_reionization_evolve_with_tau(&tpaw, interval_limit[index_interval], interval_limit[index_interval+1], mz_output, pth->tt_size);
=>thermodynamics_reionization_evolve_with_tau(L:2269) :condition (tau_sup < pth->tau_reio) is true; parameters are such that reionization cannot start after z_start_max
The following model failed in CLASS:
{'output': 'tCl,lCl,pCl,mPk', 'lensing': 'yes', 'k_pivot': 0.05, 'N_ur': 2.0328, 'N_ncdm': 1, 'm_ncdm': 0.06, 'T_ncdm': 0.71611, 'omega_b': 0.01632894304082594, 'omega_cdm': 0.17646978666502033, 'omega_ini_dcdm': 0.3871572379575914, 'Gamma_dcdm': 2505.175574827677, 'H0': 74.19069606537569, 'ln10^{10}A_s': 3.142070453925065, 'n_s': 1.091839335052682, 'tau_reio': 0.3363390037271722, 'P_k_max_1/Mpc': 8.4445, 'z_max_pk': 13.65}
thermodynamics_init(L:404) :error in thermodynamics_solve(ppr,pba,pth,ptw,pvecback);
=>thermodynamics_solve(L:1602) :error in thermodynamics_reionization_evolve_with_tau(&tpaw, interval_limit[index_interval], interval_limit[index_interval+1], mz_output, pth->tt_size);
=>thermodynamics_reionization_evolve_with_tau(L:2269) :condition (tau_sup < pth->tau_reio) is true; parameters are such that reionization cannot start after z_start_max
The following model failed in CLASS:
{'output': 'tCl,lCl,pCl,mPk', 'lensing': 'yes', 'k_pivot': 0.05, 'N_ur': 2.0328, 'N_ncdm': 1, 'm_ncdm': 0.06, 'T_ncdm': 0.71611, 'omega_b': 0.01642359364601026, 'omega_cdm': 0.24948034728357976, 'omega_ini_dcdm': 0.36501050795804046, 'Gamma_dcdm': 2505.253794916049, 'H0': 75.40591511181806, 'ln10^{10}A_s': 2.416860320373657, 'n_s': 0.7825523632266533, 'tau_reio': 0.35167440026707586, 'P_k_max_1/Mpc': 8.4445, 'z_max_pk': 13.65}
thermodynamics_init(L:404) :error in thermodynamics_solve(ppr,pba,pth,ptw,pvecback);
=>thermodynamics_solve(L:1602) :error in thermodynamics_reionization_evolve_with_tau(&tpaw, interval_limit[index_interval], interval_limit[index_interval+1], mz_output, pth->tt_size);
=>thermodynamics_reionization_evolve_with_tau(L:2269) :condition (tau_sup < pth->tau_reio) is true; parameters are such that reionization cannot start after z_start_max
The following model failed in CLASS:
{'output': 'tCl,lCl,pCl,mPk', 'lensing': 'yes', 'k_pivot': 0.05, 'N_ur': 2.0328, 'N_ncdm': 1, 'm_ncdm': 0.06, 'T_ncdm': 0.71611, 'omega_b': 0.014530296247228403, 'omega_cdm': 0.141310458760283, 'omega_ini_dcdm': 0.26408796545414764, 'Gamma_dcdm': 2505.566931308257, 'H0': 75.29294063080984, 'ln10^{10}A_s': 2.299039888028558, 'n_s': 0.8754275157937594, 'tau_reio': 0.3365737444213114, 'P_k_max_1/Mpc': 8.4445, 'z_max_pk': 13.65}
thermodynamics_init(L:404) :error in thermodynamics_solve(ppr,pba,pth,ptw,pvecback);
=>thermodynamics_solve(L:1602) :error in thermodynamics_reionization_evolve_with_tau(&tpaw, interval_limit[index_interval], interval_limit[index_interval+1], mz_output, pth->tt_size);
=>thermodynamics_reionization_evolve_with_tau(L:2269) :condition (tau_sup < pth->tau_reio) is true; parameters are such that reionization cannot start after z_start_max
The following model failed in CLASS:
{'output': 'tCl,lCl,pCl,mPk', 'lensing': 'yes', 'k_pivot': 0.05, 'N_ur': 2.0328, 'N_ncdm': 1, 'm_ncdm': 0.06, 'T_ncdm': 0.71611, 'omega_b': 0.018254391145635766, 'omega_cdm': 0.22488404605046214, 'omega_ini_dcdm': 0.33599208575932804, 'Gamma_dcdm': 2505.5931790667614, 'H0': 75.30179885631631, 'ln10^{10}A_s': 2.382275198127329, 'n_s': 1.2218128478858417, 'tau_reio': 0.31220187668325805, 'P_k_max_1/Mpc': 8.4445, 'z_max_pk': 13.65}
thermodynamics_init(L:404) :error in thermodynamics_solve(ppr,pba,pth,ptw,pvecback);
=>thermodynamics_solve(L:1602) :error in thermodynamics_reionization_evolve_with_tau(&tpaw, interval_limit[index_interval], interval_limit[index_interval+1], mz_output, pth->tt_size);
=>thermodynamics_reionization_evolve_with_tau(L:2269) :condition (tau_sup < pth->tau_reio) is true; parameters are such that reionization cannot start after z_start_max
The following model failed in CLASS:
{'output': 'tCl,lCl,pCl,mPk', 'lensing': 'yes', 'k_pivot': 0.05, 'N_ur': 2.0328, 'N_ncdm': 1, 'm_ncdm': 0.06, 'T_ncdm': 0.71611, 'omega_b': 0.016711142415941186, 'omega_cdm': 0.24970221781745616, 'omega_ini_dcdm': 0.06113086807628143, 'Gamma_dcdm': 2505.7201163358445, 'H0': 74.54100313781332, 'ln10^{10}A_s': 3.0557547603590036, 'n_s': 1.2972942505215994, 'tau_reio': 0.3954661620713028, 'P_k_max_1/Mpc': 8.4445, 'z_max_pk': 13.65}
thermodynamics_init(L:404) :error in thermodynamics_solve(ppr,pba,pth,ptw,pvecback);
=>thermodynamics_solve(L:1602) :error in thermodynamics_reionization_evolve_with_tau(&tpaw, interval_limit[index_interval], interval_limit[index_interval+1], mz_output, pth->tt_size);
=>thermodynamics_reionization_evolve_with_tau(L:2269) :condition (tau_sup < pth->tau_reio) is true; parameters are such that reionization cannot start after z_start_max
The following model failed in CLASS:
{'output': 'tCl,lCl,pCl,mPk', 'lensing': 'yes', 'k_pivot': 0.05, 'N_ur': 2.0328, 'N_ncdm': 1, 'm_ncdm': 0.06, 'T_ncdm': 0.71611, 'omega_b': 0.02078557466668142, 'omega_cdm': 0.2092217291249196, 'omega_ini_dcdm': 0.2529226087201069, 'Gamma_dcdm': 2504.7490819657182, 'H0': 75.44751749886785, 'ln10^{10}A_s': 3.6769718102727635, 'n_s': 1.2488776998889028, 'tau_reio': 0.37398162923677364, 'P_k_max_1/Mpc': 8.4445, 'z_max_pk': 13.65}
thermodynamics_init(L:404) :error in thermodynamics_solve(ppr,pba,pth,ptw,pvecback);
=>thermodynamics_solve(L:1602) :error in thermodynamics_reionization_evolve_with_tau(&tpaw, interval_limit[index_interval], interval_limit[index_interval+1], mz_output, pth->tt_size);
=>thermodynamics_reionization_evolve_with_tau(L:2269) :condition (tau_sup < pth->tau_reio) is true; parameters are such that reionization cannot start after z_start_max
The following model failed in CLASS:
{'output': 'tCl,lCl,pCl,mPk', 'lensing': 'yes', 'k_pivot': 0.05, 'N_ur': 2.0328, 'N_ncdm': 1, 'm_ncdm': 0.06, 'T_ncdm': 0.71611, 'omega_b': 0.019233354830288218, 'omega_cdm': 0.19799475915377163, 'omega_ini_dcdm': 0.37901168176859673, 'Gamma_dcdm': 2505.3927846889032, 'H0': 75.12583883977517, 'ln10^{10}A_s': 2.31094244381583, 'n_s': 1.0419919267918334, 'tau_reio': 0.36506005025962723, 'P_k_max_1/Mpc': 8.4445, 'z_max_pk': 13.65}
thermodynamics_init(L:404) :error in thermodynamics_solve(ppr,pba,pth,ptw,pvecback);
=>thermodynamics_solve(L:1602) :error in thermodynamics_reionization_evolve_with_tau(&tpaw, interval_limit[index_interval], interval_limit[index_interval+1], mz_output, pth->tt_size);
=>thermodynamics_reionization_evolve_with_tau(L:2269) :condition (tau_sup < pth->tau_reio) is true; parameters are such that reionization cannot start after z_start_max
The following model failed in CLASS:
{'output': 'tCl,lCl,pCl,mPk', 'lensing': 'yes', 'k_pivot': 0.05, 'N_ur': 2.0328, 'N_ncdm': 1, 'm_ncdm': 0.06, 'T_ncdm': 0.71611, 'omega_b': 0.017306941668502378, 'omega_cdm': 0.23652160804462155, 'omega_ini_dcdm': 0.25000596417702214, 'Gamma_dcdm': 2504.2479405087674, 'H0': 74.95435560529846, 'ln10^{10}A_s': 3.2407583798557593, 'n_s': 0.7318203253020548, 'tau_reio': 0.38041821309210055, 'P_k_max_1/Mpc': 8.4445, 'z_max_pk': 13.65}
thermodynamics_init(L:404) :error in thermodynamics_solve(ppr,pba,pth,ptw,pvecback);
=>thermodynamics_solve(L:1602) :error in thermodynamics_reionization_evolve_with_tau(&tpaw, interval_limit[index_interval], interval_limit[index_interval+1], mz_output, pth->tt_size);
=>thermodynamics_reionization_evolve_with_tau(L:2269) :condition (tau_sup < pth->tau_reio) is true; parameters are such that reionization cannot start after z_start_max
The following model failed in CLASS:
{'output': 'tCl,lCl,pCl,mPk', 'lensing': 'yes', 'k_pivot': 0.05, 'N_ur': 2.0328, 'N_ncdm': 1, 'm_ncdm': 0.06, 'T_ncdm': 0.71611, 'omega_b': 0.016207337153236433, 'omega_cdm': 0.03078263052147444, 'omega_ini_dcdm': 0.24637955336784953, 'Gamma_dcdm': 2505.3587459771034, 'H0': 75.02589278291275, 'ln10^{10}A_s': 2.911593050481662, 'n_s': 0.7599004697829298, 'tau_reio': 0.3887684954282492, 'P_k_max_1/Mpc': 8.4445, 'z_max_pk': 13.65}
thermodynamics_init(L:404) :error in thermodynamics_solve(ppr,pba,pth,ptw,pvecback);
=>thermodynamics_solve(L:1602) :error in thermodynamics_reionization_evolve_with_tau(&tpaw, interval_limit[index_interval], interval_limit[index_interval+1], mz_output, pth->tt_size);
=>thermodynamics_reionization_evolve_with_tau(L:2269) :condition (tau_sup < pth->tau_reio) is true; parameters are such that reionization cannot start after z_start_max
The following model failed in CLASS:
{'output': 'tCl,lCl,pCl,mPk', 'lensing': 'yes', 'k_pivot': 0.05, 'N_ur': 2.0328, 'N_ncdm': 1, 'm_ncdm': 0.06, 'T_ncdm': 0.71611, 'omega_b': 0.01681865450220464, 'omega_cdm': 0.23339004179979003, 'omega_ini_dcdm': 0.37427345695590075, 'Gamma_dcdm': 2505.52301014067, 'H0': 75.09104927646754, 'ln10^{10}A_s': 2.8698700850492505, 'n_s': 1.0768208586860972, 'tau_reio': 0.30660101325024264, 'P_k_max_1/Mpc': 8.4445, 'z_max_pk': 13.65}
thermodynamics_init(L:404) :error in thermodynamics_solve(ppr,pba,pth,ptw,pvecback);
=>thermodynamics_solve(L:1602) :error in thermodynamics_reionization_evolve_with_tau(&tpaw, interval_limit[index_interval], interval_limit[index_interval+1], mz_output, pth->tt_size);
=>thermodynamics_reionization_evolve_with_tau(L:2269) :condition (tau_sup < pth->tau_reio) is true; parameters are such that reionization cannot start after z_start_max
The following model failed in CLASS:
{'output': 'tCl,lCl,pCl,mPk', 'lensing': 'yes', 'k_pivot': 0.05, 'N_ur': 2.0328, 'N_ncdm': 1, 'm_ncdm': 0.06, 'T_ncdm': 0.71611, 'omega_b': 0.01745153525295298, 'omega_cdm': 0.07622929068320397, 'omega_ini_dcdm': 0.28382836139453727, 'Gamma_dcdm': 2505.019394594755, 'H0': 75.04805302117113, 'ln10^{10}A_s': 2.490332101676596, 'n_s': 1.1168984658118943, 'tau_reio': 0.38876228257914625, 'P_k_max_1/Mpc': 8.4445, 'z_max_pk': 13.65}
thermodynamics_init(L:404) :error in thermodynamics_solve(ppr,pba,pth,ptw,pvecback);
=>thermodynamics_solve(L:1602) :error in thermodynamics_reionization_evolve_with_tau(&tpaw, interval_limit[index_interval], interval_limit[index_interval+1], mz_output, pth->tt_size);
=>thermodynamics_reionization_evolve_with_tau(L:2269) :condition (tau_sup < pth->tau_reio) is true; parameters are such that reionization cannot start after z_start_max
The following model failed in CLASS:
{'output': 'tCl,lCl,pCl,mPk', 'lensing': 'yes', 'k_pivot': 0.05, 'N_ur': 2.0328, 'N_ncdm': 1, 'm_ncdm': 0.06, 'T_ncdm': 0.71611, 'omega_b': 0.015433387385202576, 'omega_cdm': 0.1003376658499838, 'omega_ini_dcdm': 0.35875597217627697, 'Gamma_dcdm': 2504.495904518897, 'H0': 74.5340246492983, 'ln10^{10}A_s': 2.410600890725176, 'n_s': 0.7040266838581686, 'tau_reio': 0.3815919381746999, 'P_k_max_1/Mpc': 8.4445, 'z_max_pk': 13.65}
thermodynamics_init(L:404) :error in thermodynamics_solve(ppr,pba,pth,ptw,pvecback);
=>thermodynamics_solve(L:1602) :error in thermodynamics_reionization_evolve_with_tau(&tpaw, interval_limit[index_interval], interval_limit[index_interval+1], mz_output, pth->tt_size);
=>thermodynamics_reionization_evolve_with_tau(L:2269) :condition (tau_sup < pth->tau_reio) is true; parameters are such that reionization cannot start after z_start_max
The following model failed in CLASS:
{'output': 'tCl,lCl,pCl,mPk', 'lensing': 'yes', 'k_pivot': 0.05, 'N_ur': 2.0328, 'N_ncdm': 1, 'm_ncdm': 0.06, 'T_ncdm': 0.71611, 'omega_b': 0.014899664772079909, 'omega_cdm': 0.02746892467457364, 'omega_ini_dcdm': 0.3314368888418687, 'Gamma_dcdm': 2505.4120733586838, 'H0': 74.29855010807641, 'ln10^{10}A_s': 2.7568554425494667, 'n_s': 1.089324802986967, 'tau_reio': 0.36176484004412895, 'P_k_max_1/Mpc': 8.4445, 'z_max_pk': 13.65}
thermodynamics_init(L:404) :error in thermodynamics_solve(ppr,pba,pth,ptw,pvecback);
=>thermodynamics_solve(L:1602) :error in thermodynamics_reionization_evolve_with_tau(&tpaw, interval_limit[index_interval], interval_limit[index_interval+1], mz_output, pth->tt_size);
=>thermodynamics_reionization_evolve_with_tau(L:2269) :condition (tau_sup < pth->tau_reio) is true; parameters are such that reionization cannot start after z_start_max
The following model failed in CLASS:
{'output': 'tCl,lCl,pCl,mPk', 'lensing': 'yes', 'k_pivot': 0.05, 'N_ur': 2.0328, 'N_ncdm': 1, 'm_ncdm': 0.06, 'T_ncdm': 0.71611, 'omega_b': 0.016398600322639914, 'omega_cdm': 0.12473187913202032, 'omega_ini_dcdm': 0.3021801960626895, 'Gamma_dcdm': 2505.1828787536756, 'H0': 75.27946453614118, 'ln10^{10}A_s': 2.4579421502721663, 'n_s': 1.0403388889372998, 'tau_reio': 0.36946992799099887, 'P_k_max_1/Mpc': 8.4445, 'z_max_pk': 13.65}
thermodynamics_init(L:404) :error in thermodynamics_solve(ppr,pba,pth,ptw,pvecback);
=>thermodynamics_solve(L:1602) :error in thermodynamics_reionization_evolve_with_tau(&tpaw, interval_limit[index_interval], interval_limit[index_interval+1], mz_output, pth->tt_size);
=>thermodynamics_reionization_evolve_with_tau(L:2269) :condition (tau_sup < pth->tau_reio) is true; parameters are such that reionization cannot start after z_start_max
The following model failed in CLASS:
{'output': 'tCl,lCl,pCl,mPk', 'lensing': 'yes', 'k_pivot': 0.05, 'N_ur': 2.0328, 'N_ncdm': 1, 'm_ncdm': 0.06, 'T_ncdm': 0.71611, 'omega_b': 0.021791473383066272, 'omega_cdm': 0.19353955585659038, 'omega_ini_dcdm': 0.37664030977485774, 'Gamma_dcdm': 2504.3088862885706, 'H0': 74.94916267180454, 'ln10^{10}A_s': 3.3622654261825042, 'n_s': 0.7171434888751069, 'tau_reio': 0.3859687775752667, 'P_k_max_1/Mpc': 8.4445, 'z_max_pk': 13.65}
thermodynamics_init(L:404) :error in thermodynamics_solve(ppr,pba,pth,ptw,pvecback);
=>thermodynamics_solve(L:1602) :error in thermodynamics_reionization_evolve_with_tau(&tpaw, interval_limit[index_interval], interval_limit[index_interval+1], mz_output, pth->tt_size);
=>thermodynamics_reionization_evolve_with_tau(L:2269) :condition (tau_sup < pth->tau_reio) is true; parameters are such that reionization cannot start after z_start_max
The following model failed in CLASS:
{'output': 'tCl,lCl,pCl,mPk', 'lensing': 'yes', 'k_pivot': 0.05, 'N_ur': 2.0328, 'N_ncdm': 1, 'm_ncdm': 0.06, 'T_ncdm': 0.71611, 'omega_b': 0.014622303376760955, 'omega_cdm': 0.22520019689401427, 'omega_ini_dcdm': 0.2953588095168355, 'Gamma_dcdm': 2504.4520771534626, 'H0': 74.66153044302604, 'ln10^{10}A_s': 3.3128833919546516, 'n_s': 1.0495961537944398, 'tau_reio': 0.34954544654815, 'P_k_max_1/Mpc': 8.4445, 'z_max_pk': 13.65}
thermodynamics_init(L:404) :error in thermodynamics_solve(ppr,pba,pth,ptw,pvecback);
=>thermodynamics_solve(L:1602) :error in thermodynamics_reionization_evolve_with_tau(&tpaw, interval_limit[index_interval], interval_limit[index_interval+1], mz_output, pth->tt_size);
=>thermodynamics_reionization_evolve_with_tau(L:2269) :condition (tau_sup < pth->tau_reio) is true; parameters are such that reionization cannot start after z_start_max
The following model failed in CLASS:
{'output': 'tCl,lCl,pCl,mPk', 'lensing': 'yes', 'k_pivot': 0.05, 'N_ur': 2.0328, 'N_ncdm': 1, 'm_ncdm': 0.06, 'T_ncdm': 0.71611, 'omega_b': 0.017097386844088, 'omega_cdm': 0.09569962110711196, 'omega_ini_dcdm': 0.2887913321011396, 'Gamma_dcdm': 2504.9535356286474, 'H0': 74.62149093099296, 'ln10^{10}A_s': 2.3704923192457983, 'n_s': 0.8970209744052281, 'tau_reio': 0.3958470847478814, 'P_k_max_1/Mpc': 8.4445, 'z_max_pk': 13.65}
thermodynamics_init(L:404) :error in thermodynamics_solve(ppr,pba,pth,ptw,pvecback);
=>thermodynamics_solve(L:1602) :error in thermodynamics_reionization_evolve_with_tau(&tpaw, interval_limit[index_interval], interval_limit[index_interval+1], mz_output, pth->tt_size);
=>thermodynamics_reionization_evolve_with_tau(L:2269) :condition (tau_sup < pth->tau_reio) is true; parameters are such that reionization cannot start after z_start_max
The following model failed in CLASS:
{'output': 'tCl,lCl,pCl,mPk', 'lensing': 'yes', 'k_pivot': 0.05, 'N_ur': 2.0328, 'N_ncdm': 1, 'm_ncdm': 0.06, 'T_ncdm': 0.71611, 'omega_b': 0.01728414906458181, 'omega_cdm': 0.20527787513320497, 'omega_ini_dcdm': 0.25892737029560237, 'Gamma_dcdm': 2504.776078973704, 'H0': 74.5902394234322, 'ln10^{10}A_s': 3.3863700896247066, 'n_s': 1.1468154853081542, 'tau_reio': 0.3563224761190221, 'P_k_max_1/Mpc': 8.4445, 'z_max_pk': 13.65}
thermodynamics_init(L:404) :error in thermodynamics_solve(ppr,pba,pth,ptw,pvecback);
=>thermodynamics_solve(L:1602) :error in thermodynamics_reionization_evolve_with_tau(&tpaw, interval_limit[index_interval], interval_limit[index_interval+1], mz_output, pth->tt_size);
=>thermodynamics_reionization_evolve_with_tau(L:2269) :condition (tau_sup < pth->tau_reio) is true; parameters are such that reionization cannot start after z_start_max
The following model failed in CLASS:
{'output': 'tCl,lCl,pCl,mPk', 'lensing': 'yes', 'k_pivot': 0.05, 'N_ur': 2.0328, 'N_ncdm': 1, 'm_ncdm': 0.06, 'T_ncdm': 0.71611, 'omega_b': 0.017888536375560534, 'omega_cdm': 0.22133585859356908, 'omega_ini_dcdm': 0.2570236415021466, 'Gamma_dcdm': 2504.4102361554264, 'H0': 74.52370660319345, 'ln10^{10}A_s': 3.10894453004935, 'n_s': 1.0197225455338983, 'tau_reio': 0.32787690659913127, 'P_k_max_1/Mpc': 8.4445, 'z_max_pk': 13.65}
thermodynamics_init(L:404) :error in thermodynamics_solve(ppr,pba,pth,ptw,pvecback);
=>thermodynamics_solve(L:1602) :error in thermodynamics_reionization_evolve_with_tau(&tpaw, interval_limit[index_interval], interval_limit[index_interval+1], mz_output, pth->tt_size);
=>thermodynamics_reionization_evolve_with_tau(L:2269) :condition (tau_sup < pth->tau_reio) is true; parameters are such that reionization cannot start after z_start_max
The following model failed in CLASS:
{'output': 'tCl,lCl,pCl,mPk', 'lensing': 'yes', 'k_pivot': 0.05, 'N_ur': 2.0328, 'N_ncdm': 1, 'm_ncdm': 0.06, 'T_ncdm': 0.71611, 'omega_b': 0.014535624383511641, 'omega_cdm': 0.015732804725136607, 'omega_ini_dcdm': 0.310017999211223, 'Gamma_dcdm': 2505.4982026260486, 'H0': 74.63102264593101, 'ln10^{10}A_s': 3.404323790183351, 'n_s': 0.8487434848386206, 'tau_reio': 0.35130058809792064, 'P_k_max_1/Mpc': 8.4445, 'z_max_pk': 13.65}
thermodynamics_init(L:404) :error in thermodynamics_solve(ppr,pba,pth,ptw,pvecback);
=>thermodynamics_solve(L:1602) :error in thermodynamics_reionization_evolve_with_tau(&tpaw, interval_limit[index_interval], interval_limit[index_interval+1], mz_output, pth->tt_size);
=>thermodynamics_reionization_evolve_with_tau(L:2269) :condition (tau_sup < pth->tau_reio) is true; parameters are such that reionization cannot start after z_start_max
The following model failed in CLASS:
{'output': 'tCl,lCl,pCl,mPk', 'lensing': 'yes', 'k_pivot': 0.05, 'N_ur': 2.0328, 'N_ncdm': 1, 'm_ncdm': 0.06, 'T_ncdm': 0.71611, 'omega_b': 0.018415374461511175, 'omega_cdm': 0.2261082044218627, 'omega_ini_dcdm': 0.32373514190973285, 'Gamma_dcdm': 2505.370406402972, 'H0': 74.76356741518602, 'ln10^{10}A_s': 3.641385186302345, 'n_s': 1.085043545261982, 'tau_reio': 0.3859531183942517, 'P_k_max_1/Mpc': 8.4445, 'z_max_pk': 13.65}
thermodynamics_init(L:404) :error in thermodynamics_solve(ppr,pba,pth,ptw,pvecback);
=>thermodynamics_solve(L:1602) :error in thermodynamics_reionization_evolve_with_tau(&tpaw, interval_limit[index_interval], interval_limit[index_interval+1], mz_output, pth->tt_size);
=>thermodynamics_reionization_evolve_with_tau(L:2269) :condition (tau_sup < pth->tau_reio) is true; parameters are such that reionization cannot start after z_start_max
The following model failed in CLASS:
{'output': 'tCl,lCl,pCl,mPk', 'lensing': 'yes', 'k_pivot': 0.05, 'N_ur': 2.0328, 'N_ncdm': 1, 'm_ncdm': 0.06, 'T_ncdm': 0.71611, 'omega_b': 0.014867787744207708, 'omega_cdm': 0.18201161244969877, 'omega_ini_dcdm': 0.23283838618201252, 'Gamma_dcdm': 2504.9903818152043, 'H0': 74.60047565084977, 'ln10^{10}A_s': 3.805954890638274, 'n_s': 1.2809847531819099, 'tau_reio': 0.33699501139524946, 'P_k_max_1/Mpc': 8.4445, 'z_max_pk': 13.65}
thermodynamics_init(L:404) :error in thermodynamics_solve(ppr,pba,pth,ptw,pvecback);
=>thermodynamics_solve(L:1602) :error in thermodynamics_reionization_evolve_with_tau(&tpaw, interval_limit[index_interval], interval_limit[index_interval+1], mz_output, pth->tt_size);
=>thermodynamics_reionization_evolve_with_tau(L:2269) :condition (tau_sup < pth->tau_reio) is true; parameters are such that reionization cannot start after z_start_max
The following model failed in CLASS:
{'output': 'tCl,lCl,pCl,mPk', 'lensing': 'yes', 'k_pivot': 0.05, 'N_ur': 2.0328, 'N_ncdm': 1, 'm_ncdm': 0.06, 'T_ncdm': 0.71611, 'omega_b': 0.015263009842314306, 'omega_cdm': 0.1363198113603466, 'omega_ini_dcdm': 0.23893443152191735, 'Gamma_dcdm': 2504.8103641246785, 'H0': 74.10406228581117, 'ln10^{10}A_s': 2.7654794915148657, 'n_s': 0.9477042133143367, 'tau_reio': 0.3522824584063873, 'P_k_max_1/Mpc': 8.4445, 'z_max_pk': 13.65}
thermodynamics_init(L:404) :error in thermodynamics_solve(ppr,pba,pth,ptw,pvecback);
=>thermodynamics_solve(L:1602) :error in thermodynamics_reionization_evolve_with_tau(&tpaw, interval_limit[index_interval], interval_limit[index_interval+1], mz_output, pth->tt_size);
=>thermodynamics_reionization_evolve_with_tau(L:2269) :condition (tau_sup < pth->tau_reio) is true; parameters are such that reionization cannot start after z_start_max
The following model failed in CLASS:
{'output': 'tCl,lCl,pCl,mPk', 'lensing': 'yes', 'k_pivot': 0.05, 'N_ur': 2.0328, 'N_ncdm': 1, 'm_ncdm': 0.06, 'T_ncdm': 0.71611, 'omega_b': 0.015063130479143835, 'omega_cdm': 0.24487850424180402, 'omega_ini_dcdm': 0.17856348401494532, 'Gamma_dcdm': 2505.298347705711, 'H0': 74.27122222501825, 'ln10^{10}A_s': 3.116673219852693, 'n_s': 0.9932647177755938, 'tau_reio': 0.3604115577075814, 'P_k_max_1/Mpc': 8.4445, 'z_max_pk': 13.65}
thermodynamics_init(L:404) :error in thermodynamics_solve(ppr,pba,pth,ptw,pvecback);
=>thermodynamics_solve(L:1602) :error in thermodynamics_reionization_evolve_with_tau(&tpaw, interval_limit[index_interval], interval_limit[index_interval+1], mz_output, pth->tt_size);
=>thermodynamics_reionization_evolve_with_tau(L:2269) :condition (tau_sup < pth->tau_reio) is true; parameters are such that reionization cannot start after z_start_max
The following model failed in CLASS:
{'output': 'tCl,lCl,pCl,mPk', 'lensing': 'yes', 'k_pivot': 0.05, 'N_ur': 2.0328, 'N_ncdm': 1, 'm_ncdm': 0.06, 'T_ncdm': 0.71611, 'omega_b': 0.015718321788624832, 'omega_cdm': 0.2396467688591903, 'omega_ini_dcdm': 0.12159790896919541, 'Gamma_dcdm': 2505.32509198847, 'H0': 75.32925592474874, 'ln10^{10}A_s': 3.7864209216944564, 'n_s': 1.005627361487648, 'tau_reio': 0.35374374418358806, 'P_k_max_1/Mpc': 8.4445, 'z_max_pk': 13.65}
thermodynamics_init(L:404) :error in thermodynamics_solve(ppr,pba,pth,ptw,pvecback);
=>thermodynamics_solve(L:1602) :error in thermodynamics_reionization_evolve_with_tau(&tpaw, interval_limit[index_interval], interval_limit[index_interval+1], mz_output, pth->tt_size);
=>thermodynamics_reionization_evolve_with_tau(L:2269) :condition (tau_sup < pth->tau_reio) is true; parameters are such that reionization cannot start after z_start_max
The following model failed in CLASS:
{'output': 'tCl,lCl,pCl,mPk', 'lensing': 'yes', 'k_pivot': 0.05, 'N_ur': 2.0328, 'N_ncdm': 1, 'm_ncdm': 0.06, 'T_ncdm': 0.71611, 'omega_b': 0.015734520591375985, 'omega_cdm': 0.19466275284447182, 'omega_ini_dcdm': 0.30771077222858756, 'Gamma_dcdm': 2505.3371886351442, 'H0': 74.81635604674038, 'ln10^{10}A_s': 3.1940343029403304, 'n_s': 1.1277253188978358, 'tau_reio': 0.31150485673001377, 'P_k_max_1/Mpc': 8.4445, 'z_max_pk': 13.65}
thermodynamics_init(L:404) :error in thermodynamics_solve(ppr,pba,pth,ptw,pvecback);
=>thermodynamics_solve(L:1602) :error in thermodynamics_reionization_evolve_with_tau(&tpaw, interval_limit[index_interval], interval_limit[index_interval+1], mz_output, pth->tt_size);
=>thermodynamics_reionization_evolve_with_tau(L:2269) :condition (tau_sup < pth->tau_reio) is true; parameters are such that reionization cannot start after z_start_max
The following model failed in CLASS:
{'output': 'tCl,lCl,pCl,mPk', 'lensing': 'yes', 'k_pivot': 0.05, 'N_ur': 2.0328, 'N_ncdm': 1, 'm_ncdm': 0.06, 'T_ncdm': 0.71611, 'omega_b': 0.015929852460572547, 'omega_cdm': 0.19392048663282957, 'omega_ini_dcdm': 0.1060151575762958, 'Gamma_dcdm': 2505.7366792678185, 'H0': 74.62443298531358, 'ln10^{10}A_s': 2.9838784667223566, 'n_s': 1.0959965338160456, 'tau_reio': 0.3558890876966976, 'P_k_max_1/Mpc': 8.4445, 'z_max_pk': 13.65}
thermodynamics_init(L:404) :error in thermodynamics_solve(ppr,pba,pth,ptw,pvecback);
=>thermodynamics_solve(L:1602) :error in thermodynamics_reionization_evolve_with_tau(&tpaw, interval_limit[index_interval], interval_limit[index_interval+1], mz_output, pth->tt_size);
=>thermodynamics_reionization_evolve_with_tau(L:2269) :condition (tau_sup < pth->tau_reio) is true; parameters are such that reionization cannot start after z_start_max
The following model failed in CLASS:
{'output': 'tCl,lCl,pCl,mPk', 'lensing': 'yes', 'k_pivot': 0.05, 'N_ur': 2.0328, 'N_ncdm': 1, 'm_ncdm': 0.06, 'T_ncdm': 0.71611, 'omega_b': 0.015435544319897217, 'omega_cdm': 0.11316837597742467, 'omega_ini_dcdm': 0.30831740571751665, 'Gamma_dcdm': 2505.403251530875, 'H0': 74.76706506170726, 'ln10^{10}A_s': 2.6534302542865373, 'n_s': 1.1893858833556028, 'tau_reio': 0.3822016789378936, 'P_k_max_1/Mpc': 8.4445, 'z_max_pk': 13.65}
thermodynamics_init(L:404) :error in thermodynamics_solve(ppr,pba,pth,ptw,pvecback);
=>thermodynamics_solve(L:1602) :error in thermodynamics_reionization_evolve_with_tau(&tpaw, interval_limit[index_interval], interval_limit[index_interval+1], mz_output, pth->tt_size);
=>thermodynamics_reionization_evolve_with_tau(L:2269) :condition (tau_sup < pth->tau_reio) is true; parameters are such that reionization cannot start after z_start_max
The following model failed in CLASS:
{'output': 'tCl,lCl,pCl,mPk', 'lensing': 'yes', 'k_pivot': 0.05, 'N_ur': 2.0328, 'N_ncdm': 1, 'm_ncdm': 0.06, 'T_ncdm': 0.71611, 'omega_b': 0.014370980849405962, 'omega_cdm': 0.10726557713851613, 'omega_ini_dcdm': 0.22450066110945283, 'Gamma_dcdm': 2505.4146109882504, 'H0': 75.39835274812476, 'ln10^{10}A_s': 2.6710990428243737, 'n_s': 1.2725766745248341, 'tau_reio': 0.36348414717585764, 'P_k_max_1/Mpc': 8.4445, 'z_max_pk': 13.65}
thermodynamics_init(L:404) :error in thermodynamics_solve(ppr,pba,pth,ptw,pvecback);
=>thermodynamics_solve(L:1602) :error in thermodynamics_reionization_evolve_with_tau(&tpaw, interval_limit[index_interval], interval_limit[index_interval+1], mz_output, pth->tt_size);
=>thermodynamics_reionization_evolve_with_tau(L:2269) :condition (tau_sup < pth->tau_reio) is true; parameters are such that reionization cannot start after z_start_max
The following model failed in CLASS:
{'output': 'tCl,lCl,pCl,mPk', 'lensing': 'yes', 'k_pivot': 0.05, 'N_ur': 2.0328, 'N_ncdm': 1, 'm_ncdm': 0.06, 'T_ncdm': 0.71611, 'omega_b': 0.014674278284605189, 'omega_cdm': 0.13168989798751732, 'omega_ini_dcdm': 0.22265924717629537, 'Gamma_dcdm': 2505.3188771064047, 'H0': 74.80655936619114, 'ln10^{10}A_s': 3.455451195861034, 'n_s': 0.7790804078896805, 'tau_reio': 0.3232253459469586, 'P_k_max_1/Mpc': 8.4445, 'z_max_pk': 13.65}
thermodynamics_init(L:404) :error in thermodynamics_solve(ppr,pba,pth,ptw,pvecback);
=>thermodynamics_solve(L:1602) :error in thermodynamics_reionization_evolve_with_tau(&tpaw, interval_limit[index_interval], interval_limit[index_interval+1], mz_output, pth->tt_size);
=>thermodynamics_reionization_evolve_with_tau(L:2269) :condition (tau_sup < pth->tau_reio) is true; parameters are such that reionization cannot start after z_start_max
The following model failed in CLASS:
{'output': 'tCl,lCl,pCl,mPk', 'lensing': 'yes', 'k_pivot': 0.05, 'N_ur': 2.0328, 'N_ncdm': 1, 'm_ncdm': 0.06, 'T_ncdm': 0.71611, 'omega_b': 0.016501683049595206, 'omega_cdm': 0.24050467733805375, 'omega_ini_dcdm': 0.17330711436686114, 'Gamma_dcdm': 2504.6230227592678, 'H0': 75.05725300660319, 'ln10^{10}A_s': 3.786126039134686, 'n_s': 1.2565690117237018, 'tau_reio': 0.3866977690806203, 'P_k_max_1/Mpc': 8.4445, 'z_max_pk': 13.65}
thermodynamics_init(L:404) :error in thermodynamics_solve(ppr,pba,pth,ptw,pvecback);
=>thermodynamics_solve(L:1602) :error in thermodynamics_reionization_evolve_with_tau(&tpaw, interval_limit[index_interval], interval_limit[index_interval+1], mz_output, pth->tt_size);
=>thermodynamics_reionization_evolve_with_tau(L:2269) :condition (tau_sup < pth->tau_reio) is true; parameters are such that reionization cannot start after z_start_max
The following model failed in CLASS:
{'output': 'tCl,lCl,pCl,mPk', 'lensing': 'yes', 'k_pivot': 0.05, 'N_ur': 2.0328, 'N_ncdm': 1, 'm_ncdm': 0.06, 'T_ncdm': 0.71611, 'omega_b': 0.015728110287541813, 'omega_cdm': 0.08753534412049713, 'omega_ini_dcdm': 0.3436427552001167, 'Gamma_dcdm': 2505.0745710519795, 'H0': 74.73272161109739, 'ln10^{10}A_s': 3.40229973968942, 'n_s': 0.8484602470215197, 'tau_reio': 0.30663211207086144, 'P_k_max_1/Mpc': 8.4445, 'z_max_pk': 13.65}
thermodynamics_init(L:404) :error in thermodynamics_solve(ppr,pba,pth,ptw,pvecback);
=>thermodynamics_solve(L:1602) :error in thermodynamics_reionization_evolve_with_tau(&tpaw, interval_limit[index_interval], interval_limit[index_interval+1], mz_output, pth->tt_size);
=>thermodynamics_reionization_evolve_with_tau(L:2269) :condition (tau_sup < pth->tau_reio) is true; parameters are such that reionization cannot start after z_start_max
The following model failed in CLASS:
{'output': 'tCl,lCl,pCl,mPk', 'lensing': 'yes', 'k_pivot': 0.05, 'N_ur': 2.0328, 'N_ncdm': 1, 'm_ncdm': 0.06, 'T_ncdm': 0.71611, 'omega_b': 0.016941507273793704, 'omega_cdm': 0.21946647007819703, 'omega_ini_dcdm': 0.31788076521938335, 'Gamma_dcdm': 2505.43615476321, 'H0': 75.05785329756472, 'ln10^{10}A_s': 3.2045135511278984, 'n_s': 1.1705483319149244, 'tau_reio': 0.35733855399580183, 'P_k_max_1/Mpc': 8.4445, 'z_max_pk': 13.65}
thermodynamics_init(L:404) :error in thermodynamics_solve(ppr,pba,pth,ptw,pvecback);
=>thermodynamics_solve(L:1602) :error in thermodynamics_reionization_evolve_with_tau(&tpaw, interval_limit[index_interval], interval_limit[index_interval+1], mz_output, pth->tt_size);
=>thermodynamics_reionization_evolve_with_tau(L:2269) :condition (tau_sup < pth->tau_reio) is true; parameters are such that reionization cannot start after z_start_max
The following model failed in CLASS:
{'output': 'tCl,lCl,pCl,mPk', 'lensing': 'yes', 'k_pivot': 0.05, 'N_ur': 2.0328, 'N_ncdm': 1, 'm_ncdm': 0.06, 'T_ncdm': 0.71611, 'omega_b': 0.01766770036059176, 'omega_cdm': 0.2296275090271654, 'omega_ini_dcdm': 0.28366992939892244, 'Gamma_dcdm': 2504.6241286631475, 'H0': 74.99373147542157, 'ln10^{10}A_s': 3.8535792459172034, 'n_s': 0.9649738599276407, 'tau_reio': 0.3205331982639366, 'P_k_max_1/Mpc': 8.4445, 'z_max_pk': 13.65}
thermodynamics_init(L:404) :error in thermodynamics_solve(ppr,pba,pth,ptw,pvecback);
=>thermodynamics_solve(L:1602) :error in thermodynamics_reionization_evolve_with_tau(&tpaw, interval_limit[index_interval], interval_limit[index_interval+1], mz_output, pth->tt_size);
=>thermodynamics_reionization_evolve_with_tau(L:2269) :condition (tau_sup < pth->tau_reio) is true; parameters are such that reionization cannot start after z_start_max
The following model failed in CLASS:
{'output': 'tCl,lCl,pCl,mPk', 'lensing': 'yes', 'k_pivot': 0.05, 'N_ur': 2.0328, 'N_ncdm': 1, 'm_ncdm': 0.06, 'T_ncdm': 0.71611, 'omega_b': 0.01588123847312231, 'omega_cdm': 0.1231111664507947, 'omega_ini_dcdm': 0.22933870054336053, 'Gamma_dcdm': 2504.74455362597, 'H0': 75.75476700245568, 'ln10^{10}A_s': 3.1668093710716776, 'n_s': 1.0810688135152802, 'tau_reio': 0.34862416615530695, 'P_k_max_1/Mpc': 8.4445, 'z_max_pk': 13.65}
thermodynamics_init(L:404) :error in thermodynamics_solve(ppr,pba,pth,ptw,pvecback);
=>thermodynamics_solve(L:1602) :error in thermodynamics_reionization_evolve_with_tau(&tpaw, interval_limit[index_interval], interval_limit[index_interval+1], mz_output, pth->tt_size);
=>thermodynamics_reionization_evolve_with_tau(L:2269) :condition (tau_sup < pth->tau_reio) is true; parameters are such that reionization cannot start after z_start_max
The following model failed in CLASS:
{'output': 'tCl,lCl,pCl,mPk', 'lensing': 'yes', 'k_pivot': 0.05, 'N_ur': 2.0328, 'N_ncdm': 1, 'm_ncdm': 0.06, 'T_ncdm': 0.71611, 'omega_b': 0.01617890280441138, 'omega_cdm': 0.2017477129336821, 'omega_ini_dcdm': 0.33802758257176824, 'Gamma_dcdm': 2504.6422193738026, 'H0': 74.46313876164777, 'ln10^{10}A_s': 3.0179464904166835, 'n_s': 0.8477566591412262, 'tau_reio': 0.37877129457538483, 'P_k_max_1/Mpc': 8.4445, 'z_max_pk': 13.65}
thermodynamics_init(L:404) :error in thermodynamics_solve(ppr,pba,pth,ptw,pvecback);
=>thermodynamics_solve(L:1602) :error in thermodynamics_reionization_evolve_with_tau(&tpaw, interval_limit[index_interval], interval_limit[index_interval+1], mz_output, pth->tt_size);
=>thermodynamics_reionization_evolve_with_tau(L:2269) :condition (tau_sup < pth->tau_reio) is true; parameters are such that reionization cannot start after z_start_max
The following model failed in CLASS:
{'output': 'tCl,lCl,pCl,mPk', 'lensing': 'yes', 'k_pivot': 0.05, 'N_ur': 2.0328, 'N_ncdm': 1, 'm_ncdm': 0.06, 'T_ncdm': 0.71611, 'omega_b': 0.015956725991764113, 'omega_cdm': 0.23019065415782128, 'omega_ini_dcdm': 0.33740714098784624, 'Gamma_dcdm': 2505.8908226666717, 'H0': 74.72421461482634, 'ln10^{10}A_s': 2.9902812819206743, 'n_s': 0.8222418870228838, 'tau_reio': 0.3317749161913636, 'P_k_max_1/Mpc': 8.4445, 'z_max_pk': 13.65}
thermodynamics_init(L:404) :error in thermodynamics_solve(ppr,pba,pth,ptw,pvecback);
=>thermodynamics_solve(L:1602) :error in thermodynamics_reionization_evolve_with_tau(&tpaw, interval_limit[index_interval], interval_limit[index_interval+1], mz_output, pth->tt_size);
=>thermodynamics_reionization_evolve_with_tau(L:2269) :condition (tau_sup < pth->tau_reio) is true; parameters are such that reionization cannot start after z_start_max
The following model failed in CLASS:
{'output': 'tCl,lCl,pCl,mPk', 'lensing': 'yes', 'k_pivot': 0.05, 'N_ur': 2.0328, 'N_ncdm': 1, 'm_ncdm': 0.06, 'T_ncdm': 0.71611, 'omega_b': 0.014491834515429307, 'omega_cdm': 0.009380357401592238, 'omega_ini_dcdm': 0.33999940370779475, 'Gamma_dcdm': 2504.7431530807726, 'H0': 74.43069589026963, 'ln10^{10}A_s': 3.0836048455356817, 'n_s': 1.2817964704624243, 'tau_reio': 0.3764192589516612, 'P_k_max_1/Mpc': 8.4445, 'z_max_pk': 13.65}
thermodynamics_init(L:404) :error in thermodynamics_solve(ppr,pba,pth,ptw,pvecback);
=>thermodynamics_solve(L:1602) :error in thermodynamics_reionization_evolve_with_tau(&tpaw, interval_limit[index_interval], interval_limit[index_interval+1], mz_output, pth->tt_size);
=>thermodynamics_reionization_evolve_with_tau(L:2269) :condition (tau_sup < pth->tau_reio) is true; parameters are such that reionization cannot start after z_start_max
The following model failed in CLASS:
{'output': 'tCl,lCl,pCl,mPk', 'lensing': 'yes', 'k_pivot': 0.05, 'N_ur': 2.0328, 'N_ncdm': 1, 'm_ncdm': 0.06, 'T_ncdm': 0.71611, 'omega_b': 0.014766589558254098, 'omega_cdm': 0.027962141115933495, 'omega_ini_dcdm': 0.32496574892409297, 'Gamma_dcdm': 2504.3850594784444, 'H0': 75.15204444871, 'ln10^{10}A_s': 2.5028832504294307, 'n_s': 0.7154858567975194, 'tau_reio': 0.3307309185120122, 'P_k_max_1/Mpc': 8.4445, 'z_max_pk': 13.65}
thermodynamics_init(L:404) :error in thermodynamics_solve(ppr,pba,pth,ptw,pvecback);
=>thermodynamics_solve(L:1602) :error in thermodynamics_reionization_evolve_with_tau(&tpaw, interval_limit[index_interval], interval_limit[index_interval+1], mz_output, pth->tt_size);
=>thermodynamics_reionization_evolve_with_tau(L:2269) :condition (tau_sup < pth->tau_reio) is true; parameters are such that reionization cannot start after z_start_max
The following model failed in CLASS:
{'output': 'tCl,lCl,pCl,mPk', 'lensing': 'yes', 'k_pivot': 0.05, 'N_ur': 2.0328, 'N_ncdm': 1, 'm_ncdm': 0.06, 'T_ncdm': 0.71611, 'omega_b': 0.014046552412255981, 'omega_cdm': 0.21562111359834615, 'omega_ini_dcdm': 0.3140617444262709, 'Gamma_dcdm': 2504.4016224035054, 'H0': 75.72866107853618, 'ln10^{10}A_s': 2.80871012275959, 'n_s': 1.0201832284664372, 'tau_reio': 0.3346690616982615, 'P_k_max_1/Mpc': 8.4445, 'z_max_pk': 13.65}
thermodynamics_init(L:404) :error in thermodynamics_solve(ppr,pba,pth,ptw,pvecback);
=>thermodynamics_solve(L:1602) :error in thermodynamics_reionization_evolve_with_tau(&tpaw, interval_limit[index_interval], interval_limit[index_interval+1], mz_output, pth->tt_size);
=>thermodynamics_reionization_evolve_with_tau(L:2269) :condition (tau_sup < pth->tau_reio) is true; parameters are such that reionization cannot start after z_start_max
The following model failed in CLASS:
{'output': 'tCl,lCl,pCl,mPk', 'lensing': 'yes', 'k_pivot': 0.05, 'N_ur': 2.0328, 'N_ncdm': 1, 'm_ncdm': 0.06, 'T_ncdm': 0.71611, 'omega_b': 0.019436389992988024, 'omega_cdm': 0.24014271588863473, 'omega_ini_dcdm': 0.20338072610355737, 'Gamma_dcdm': 2504.241328201942, 'H0': 74.5897576017872, 'ln10^{10}A_s': 3.1934341050791084, 'n_s': 0.7169288147267483, 'tau_reio': 0.3880698353551798, 'P_k_max_1/Mpc': 8.4445, 'z_max_pk': 13.65}
thermodynamics_init(L:404) :error in thermodynamics_solve(ppr,pba,pth,ptw,pvecback);
=>thermodynamics_solve(L:1602) :error in thermodynamics_reionization_evolve_with_tau(&tpaw, interval_limit[index_interval], interval_limit[index_interval+1], mz_output, pth->tt_size);
=>thermodynamics_reionization_evolve_with_tau(L:2269) :condition (tau_sup < pth->tau_reio) is true; parameters are such that reionization cannot start after z_start_max
The following model failed in CLASS:
{'output': 'tCl,lCl,pCl,mPk', 'lensing': 'yes', 'k_pivot': 0.05, 'N_ur': 2.0328, 'N_ncdm': 1, 'm_ncdm': 0.06, 'T_ncdm': 0.71611, 'omega_b': 0.022306219296115436, 'omega_cdm': 0.19574924687662643, 'omega_ini_dcdm': 0.3784905219380811, 'Gamma_dcdm': 2504.9698738047805, 'H0': 74.95023051143883, 'ln10^{10}A_s': 2.1038949653344936, 'n_s': 0.8218165921107006, 'tau_reio': 0.36406352619929117, 'P_k_max_1/Mpc': 8.4445, 'z_max_pk': 13.65}
thermodynamics_init(L:404) :error in thermodynamics_solve(ppr,pba,pth,ptw,pvecback);
=>thermodynamics_solve(L:1602) :error in thermodynamics_reionization_evolve_with_tau(&tpaw, interval_limit[index_interval], interval_limit[index_interval+1], mz_output, pth->tt_size);
=>thermodynamics_reionization_evolve_with_tau(L:2269) :condition (tau_sup < pth->tau_reio) is true; parameters are such that reionization cannot start after z_start_max
The following model failed in CLASS:
{'output': 'tCl,lCl,pCl,mPk', 'lensing': 'yes', 'k_pivot': 0.05, 'N_ur': 2.0328, 'N_ncdm': 1, 'm_ncdm': 0.06, 'T_ncdm': 0.71611, 'omega_b': 0.018185099374339524, 'omega_cdm': 0.11841759697587041, 'omega_ini_dcdm': 0.37810342198917735, 'Gamma_dcdm': 2505.3077149162664, 'H0': 75.36635503232279, 'ln10^{10}A_s': 3.473454363916708, 'n_s': 1.1526788793994545, 'tau_reio': 0.38767977368708345, 'P_k_max_1/Mpc': 8.4445, 'z_max_pk': 13.65}
thermodynamics_init(L:404) :error in thermodynamics_solve(ppr,pba,pth,ptw,pvecback);
=>thermodynamics_solve(L:1602) :error in thermodynamics_reionization_evolve_with_tau(&tpaw, interval_limit[index_interval], interval_limit[index_interval+1], mz_output, pth->tt_size);
=>thermodynamics_reionization_evolve_with_tau(L:2269) :condition (tau_sup < pth->tau_reio) is true; parameters are such that reionization cannot start after z_start_max
The following model failed in CLASS:
{'output': 'tCl,lCl,pCl,mPk', 'lensing': 'yes', 'k_pivot': 0.05, 'N_ur': 2.0328, 'N_ncdm': 1, 'm_ncdm': 0.06, 'T_ncdm': 0.71611, 'omega_b': 0.015276360494477748, 'omega_cdm': 0.1725987263451975, 'omega_ini_dcdm': 0.24105264344627014, 'Gamma_dcdm': 2504.781375157142, 'H0': 74.97905717391903, 'ln10^{10}A_s': 2.7819807305162305, 'n_s': 0.7049458014383208, 'tau_reio': 0.2968750015180432, 'P_k_max_1/Mpc': 8.4445, 'z_max_pk': 13.65}
thermodynamics_init(L:404) :error in thermodynamics_solve(ppr,pba,pth,ptw,pvecback);
=>thermodynamics_solve(L:1602) :error in thermodynamics_reionization_evolve_with_tau(&tpaw, interval_limit[index_interval], interval_limit[index_interval+1], mz_output, pth->tt_size);
=>thermodynamics_reionization_evolve_with_tau(L:2269) :condition (tau_sup < pth->tau_reio) is true; parameters are such that reionization cannot start after z_start_max
The following model failed in CLASS:
{'output': 'tCl,lCl,pCl,mPk', 'lensing': 'yes', 'k_pivot': 0.05, 'N_ur': 2.0328, 'N_ncdm': 1, 'm_ncdm': 0.06, 'T_ncdm': 0.71611, 'omega_b': 0.015486669101171614, 'omega_cdm': 0.18946625918641607, 'omega_ini_dcdm': 0.20566985318222483, 'Gamma_dcdm': 2505.255484463156, 'H0': 74.53173001666426, 'ln10^{10}A_s': 2.229385844073507, 'n_s': 1.2753939290921983, 'tau_reio': 0.39867080073662814, 'P_k_max_1/Mpc': 8.4445, 'z_max_pk': 13.65}
thermodynamics_init(L:404) :error in thermodynamics_solve(ppr,pba,pth,ptw,pvecback);
=>thermodynamics_solve(L:1602) :error in thermodynamics_reionization_evolve_with_tau(&tpaw, interval_limit[index_interval], interval_limit[index_interval+1], mz_output, pth->tt_size);
=>thermodynamics_reionization_evolve_with_tau(L:2269) :condition (tau_sup < pth->tau_reio) is true; parameters are such that reionization cannot start after z_start_max
The following model failed in CLASS:
{'output': 'tCl,lCl,pCl,mPk', 'lensing': 'yes', 'k_pivot': 0.05, 'N_ur': 2.0328, 'N_ncdm': 1, 'm_ncdm': 0.06, 'T_ncdm': 0.71611, 'omega_b': 0.01636440436867273, 'omega_cdm': 0.18762112805175354, 'omega_ini_dcdm': 0.37306048648902534, 'Gamma_dcdm': 2504.462837309976, 'H0': 75.49933812275141, 'ln10^{10}A_s': 2.4536557401427634, 'n_s': 0.7038295422944075, 'tau_reio': 0.300610281021083, 'P_k_max_1/Mpc': 8.4445, 'z_max_pk': 13.65}
thermodynamics_init(L:404) :error in thermodynamics_solve(ppr,pba,pth,ptw,pvecback);
=>thermodynamics_solve(L:1602) :error in thermodynamics_reionization_evolve_with_tau(&tpaw, interval_limit[index_interval], interval_limit[index_interval+1], mz_output, pth->tt_size);
=>thermodynamics_reionization_evolve_with_tau(L:2269) :condition (tau_sup < pth->tau_reio) is true; parameters are such that reionization cannot start after z_start_max
The following model failed in CLASS:
{'output': 'tCl,lCl,pCl,mPk', 'lensing': 'yes', 'k_pivot': 0.05, 'N_ur': 2.0328, 'N_ncdm': 1, 'm_ncdm': 0.06, 'T_ncdm': 0.71611, 'omega_b': 0.016637399166826855, 'omega_cdm': 0.028207132899170193, 'omega_ini_dcdm': 0.303165691999997, 'Gamma_dcdm': 2505.7659028966136, 'H0': 75.0350618637195, 'ln10^{10}A_s': 3.440759204558972, 'n_s': 0.9782421397327238, 'tau_reio': 0.37947841766607415, 'P_k_max_1/Mpc': 8.4445, 'z_max_pk': 13.65}
thermodynamics_init(L:404) :error in thermodynamics_solve(ppr,pba,pth,ptw,pvecback);
=>thermodynamics_solve(L:1602) :error in thermodynamics_reionization_evolve_with_tau(&tpaw, interval_limit[index_interval], interval_limit[index_interval+1], mz_output, pth->tt_size);
=>thermodynamics_reionization_evolve_with_tau(L:2269) :condition (tau_sup < pth->tau_reio) is true; parameters are such that reionization cannot start after z_start_max
The following model failed in CLASS:
{'output': 'tCl,lCl,pCl,mPk', 'lensing': 'yes', 'k_pivot': 0.05, 'N_ur': 2.0328, 'N_ncdm': 1, 'm_ncdm': 0.06, 'T_ncdm': 0.71611, 'omega_b': 0.014182202028215844, 'omega_cdm': 0.1897398357725582, 'omega_ini_dcdm': 0.39341055959327054, 'Gamma_dcdm': 2504.7265995107814, 'H0': 75.9093820786206, 'ln10^{10}A_s': 3.1404691335144967, 'n_s': 0.9589011600037739, 'tau_reio': 0.27355577421607746, 'P_k_max_1/Mpc': 8.4445, 'z_max_pk': 13.65}
thermodynamics_init(L:404) :error in thermodynamics_solve(ppr,pba,pth,ptw,pvecback);
=>thermodynamics_solve(L:1602) :error in thermodynamics_reionization_evolve_with_tau(&tpaw, interval_limit[index_interval], interval_limit[index_interval+1], mz_output, pth->tt_size);
=>thermodynamics_reionization_evolve_with_tau(L:2269) :condition (tau_sup < pth->tau_reio) is true; parameters are such that reionization cannot start after z_start_max
The following model failed in CLASS:
{'output': 'tCl,lCl,pCl,mPk', 'lensing': 'yes', 'k_pivot': 0.05, 'N_ur': 2.0328, 'N_ncdm': 1, 'm_ncdm': 0.06, 'T_ncdm': 0.71611, 'omega_b': 0.016739737571239997, 'omega_cdm': 0.18577849923732445, 'omega_ini_dcdm': 0.2684281387075898, 'Gamma_dcdm': 2504.9854825294606, 'H0': 75.72310836899902, 'ln10^{10}A_s': 3.582081390086765, 'n_s': 1.2937114184883847, 'tau_reio': 0.3323553573857857, 'P_k_max_1/Mpc': 8.4445, 'z_max_pk': 13.65}
thermodynamics_init(L:404) :error in thermodynamics_solve(ppr,pba,pth,ptw,pvecback);
=>thermodynamics_solve(L:1602) :error in thermodynamics_reionization_evolve_with_tau(&tpaw, interval_limit[index_interval], interval_limit[index_interval+1], mz_output, pth->tt_size);
=>thermodynamics_reionization_evolve_with_tau(L:2269) :condition (tau_sup < pth->tau_reio) is true; parameters are such that reionization cannot start after z_start_max
The following model failed in CLASS:
{'output': 'tCl,lCl,pCl,mPk', 'lensing': 'yes', 'k_pivot': 0.05, 'N_ur': 2.0328, 'N_ncdm': 1, 'm_ncdm': 0.06, 'T_ncdm': 0.71611, 'omega_b': 0.016978811720923165, 'omega_cdm': 0.2018400092198414, 'omega_ini_dcdm': 0.3928005794927071, 'Gamma_dcdm': 2505.089236715811, 'H0': 74.77738187912463, 'ln10^{10}A_s': 3.5435219747340287, 'n_s': 0.7618589415888228, 'tau_reio': 0.3344430024648563, 'P_k_max_1/Mpc': 8.4445, 'z_max_pk': 13.65}
thermodynamics_init(L:404) :error in thermodynamics_solve(ppr,pba,pth,ptw,pvecback);
=>thermodynamics_solve(L:1602) :error in thermodynamics_reionization_evolve_with_tau(&tpaw, interval_limit[index_interval], interval_limit[index_interval+1], mz_output, pth->tt_size);
=>thermodynamics_reionization_evolve_with_tau(L:2269) :condition (tau_sup < pth->tau_reio) is true; parameters are such that reionization cannot start after z_start_max
The following model failed in CLASS:
{'output': 'tCl,lCl,pCl,mPk', 'lensing': 'yes', 'k_pivot': 0.05, 'N_ur': 2.0328, 'N_ncdm': 1, 'm_ncdm': 0.06, 'T_ncdm': 0.71611, 'omega_b': 0.01539140183527236, 'omega_cdm': 0.22419762511881358, 'omega_ini_dcdm': 0.1260886987864417, 'Gamma_dcdm': 2505.143976247437, 'H0': 75.12140609780634, 'ln10^{10}A_s': 2.928469880565085, 'n_s': 1.244828237563956, 'tau_reio': 0.3853633646018513, 'P_k_max_1/Mpc': 8.4445, 'z_max_pk': 13.65}
thermodynamics_init(L:404) :error in thermodynamics_solve(ppr,pba,pth,ptw,pvecback);
=>thermodynamics_solve(L:1602) :error in thermodynamics_reionization_evolve_with_tau(&tpaw, interval_limit[index_interval], interval_limit[index_interval+1], mz_output, pth->tt_size);
=>thermodynamics_reionization_evolve_with_tau(L:2269) :condition (tau_sup < pth->tau_reio) is true; parameters are such that reionization cannot start after z_start_max
The following model failed in CLASS:
{'output': 'tCl,lCl,pCl,mPk', 'lensing': 'yes', 'k_pivot': 0.05, 'N_ur': 2.0328, 'N_ncdm': 1, 'm_ncdm': 0.06, 'T_ncdm': 0.71611, 'omega_b': 0.014820044687711732, 'omega_cdm': 0.07086561931159577, 'omega_ini_dcdm': 0.2773081879674749, 'Gamma_dcdm': 2504.836279481666, 'H0': 75.65996155096742, 'ln10^{10}A_s': 2.5112647164754014, 'n_s': 0.8969290694897684, 'tau_reio': 0.3519293445762478, 'P_k_max_1/Mpc': 8.4445, 'z_max_pk': 13.65}
thermodynamics_init(L:404) :error in thermodynamics_solve(ppr,pba,pth,ptw,pvecback);
=>thermodynamics_solve(L:1602) :error in thermodynamics_reionization_evolve_with_tau(&tpaw, interval_limit[index_interval], interval_limit[index_interval+1], mz_output, pth->tt_size);
=>thermodynamics_reionization_evolve_with_tau(L:2269) :condition (tau_sup < pth->tau_reio) is true; parameters are such that reionization cannot start after z_start_max
The following model failed in CLASS:
{'output': 'tCl,lCl,pCl,mPk', 'lensing': 'yes', 'k_pivot': 0.05, 'N_ur': 2.0328, 'N_ncdm': 1, 'm_ncdm': 0.06, 'T_ncdm': 0.71611, 'omega_b': 0.015055066812217155, 'omega_cdm': 0.08391063702319078, 'omega_ini_dcdm': 0.21757205248617587, 'Gamma_dcdm': 2505.5904576686917, 'H0': 75.28378796734268, 'ln10^{10}A_s': 3.6243837094989964, 'n_s': 0.7983769040570523, 'tau_reio': 0.3548042477595623, 'P_k_max_1/Mpc': 8.4445, 'z_max_pk': 13.65}
thermodynamics_init(L:404) :error in thermodynamics_solve(ppr,pba,pth,ptw,pvecback);
=>thermodynamics_solve(L:1602) :error in thermodynamics_reionization_evolve_with_tau(&tpaw, interval_limit[index_interval], interval_limit[index_interval+1], mz_output, pth->tt_size);
=>thermodynamics_reionization_evolve_with_tau(L:2269) :condition (tau_sup < pth->tau_reio) is true; parameters are such that reionization cannot start after z_start_max
The following model failed in CLASS:
{'output': 'tCl,lCl,pCl,mPk', 'lensing': 'yes', 'k_pivot': 0.05, 'N_ur': 2.0328, 'N_ncdm': 1, 'm_ncdm': 0.06, 'T_ncdm': 0.71611, 'omega_b': 0.018739285690056007, 'omega_cdm': 0.1943032431974935, 'omega_ini_dcdm': 0.34907225069060377, 'Gamma_dcdm': 2505.3542800754158, 'H0': 74.70992387296006, 'ln10^{10}A_s': 2.5962048119339696, 'n_s': 0.7990343286683332, 'tau_reio': 0.3568936293785747, 'P_k_max_1/Mpc': 8.4445, 'z_max_pk': 13.65}
thermodynamics_init(L:404) :error in thermodynamics_solve(ppr,pba,pth,ptw,pvecback);
=>thermodynamics_solve(L:1602) :error in thermodynamics_reionization_evolve_with_tau(&tpaw, interval_limit[index_interval], interval_limit[index_interval+1], mz_output, pth->tt_size);
=>thermodynamics_reionization_evolve_with_tau(L:2269) :condition (tau_sup < pth->tau_reio) is true; parameters are such that reionization cannot start after z_start_max
[PARENT][Rank 259] | Exiting normally.
[PARENT][Rank 281] | Exiting normally.
[PARENT][Rank 291] | Exiting normally.
[PARENT][Rank 267] | Exiting normally.
[PARENT][Rank 271] | Exiting normally.
[PARENT][Rank 277] | Exiting normally.
[PARENT][Rank 269] | Exiting normally.
[PARENT][Rank 279] | Exiting normally.
[PARENT][Rank 263] | Exiting normally.
[PARENT][Rank 273] | Exiting normally.
[PARENT][Rank 257] | Exiting normally.
[PARENT][Rank 283] | Exiting normally.
[PARENT][Rank 382] | Exiting normally.
[PARENT][Rank 384] | Exiting normally.
[PARENT][Rank 372] | Exiting normally.
[PARENT][Rank 388] | Exiting normally.
[PARENT][Rank 367] | Exiting normally.
[PARENT][Rank 392] | Exiting normally.
[PARENT][Rank 365] | Exiting normally.
[PARENT][Rank 390] | Exiting normally.
[PARENT][Rank 397] | Exiting normally.
[PARENT][Rank 398] | Exiting normally.
[PARENT][Rank 378] | Exiting normally.
[PARENT][Rank 274] | Exiting normally.
[PARENT][Rank 369] | Exiting normally.
[PARENT][Rank 268] | Exiting normally.
[PARENT][Rank 290] | Exiting normally.
[PARENT][Rank 371] | Exiting normally.
[PARENT][Rank 370] | Exiting normally.
[PARENT][Rank 262] | Exiting normally.
[PARENT][Rank 395] | Exiting normally.
[PARENT][Rank 288] | Exiting normally.
[PARENT][Rank 375] | Exiting normally.
[PARENT][Rank 389] | Exiting normally.
[PARENT][Rank 264] | Exiting normally.
[PARENT][Rank 387] | Exiting normally.
[PARENT][Rank 385] | Exiting normally.
[PARENT][Rank 393] | Exiting normally.
[PARENT][Rank 383] | Exiting normally.
[PARENT][Rank 380] | Exiting normally.
[PARENT][Rank 364] | Exiting normally.
[PARENT][Rank 261] | Exiting normally.
[PARENT][Rank 394] | Exiting normally.
[PARENT][Rank 377] | Exiting normally.
[PARENT][Rank 275] | Exiting normally.
[PARENT][Rank 265] | Exiting normally.
[PARENT][Rank 366] | Exiting normally.
[PARENT][Rank 285] | Exiting normally.
[PARENT][Rank 379] | Exiting normally.
[PARENT][Rank 287] | Exiting normally.
[PARENT][Rank 381] | Exiting normally.
[PARENT][Rank 373] | Exiting normally.
[PARENT][Rank 272] | Exiting normally.
[PARENT][Rank 289] | Exiting normally.
[PARENT][Rank 391] | Exiting normally.
[PARENT][Rank 260] | Exiting normally.
[PARENT][Rank 386] | Exiting normally.
[PARENT][Rank 280] | Exiting normally.
[PARENT][Rank 376] | Exiting normally.
[PARENT][Rank 266] | Exiting normally.
[PARENT][Rank 368] | Exiting normally.
[PARENT][Rank 256] | Exiting normally.
[PARENT][Rank 276] | Exiting normally.
[PARENT][Rank 270] | Exiting normally.
[PARENT][Rank 284] | Exiting normally.
[PARENT][Rank 258] | Exiting normally.
[PARENT][Rank 278] | Exiting normally.
[PARENT][Rank 282] | Exiting normally.
[PARENT][Rank 286] | Exiting normally.
[PARENT][Rank 2] | Exiting normally.
[PARENT][Rank 1] | Exiting normally.
[PARENT][Rank 3] | Exiting normally.
[PARENT][Rank 396] | Exiting normally.
[PARENT][Rank 119] | Exiting normally.
[PARENT][Rank 0] | Exiting normally.
[PARENT][Rank 330] | Exiting normally.
[PARENT][Rank 334] | Exiting normally.
[PARENT][Rank 329] | Exiting normally.
[PARENT][Rank 335] | Exiting normally.
[PARENT][Rank 348] | Exiting normally.
[PARENT][Rank 362] | Exiting normally.
[PARENT][Rank 360] | Exiting normally.
[PARENT][Rank 343] | Exiting normally.
[PARENT][Rank 355] | Exiting normally.
[PARENT][Rank 345] | Exiting normally.
[PARENT][Rank 347] | Exiting normally.
[PARENT][Rank 354] | Exiting normally.
[PARENT][Rank 361] | Exiting normally.
[PARENT][Rank 351] | Exiting normally.
[PARENT][Rank 338] | Exiting normally.
[PARENT][Rank 342] | Exiting normally.
[PARENT][Rank 344] | Exiting normally.
[PARENT][Rank 352] | Exiting normally.
[PARENT][Rank 337] | Exiting normally.
[PARENT][Rank 349] | Exiting normally.
[PARENT][Rank 358] | Exiting normally.
[PARENT][Rank 363] | Exiting normally.
[PARENT][Rank 353] | Exiting normally.
[PARENT][Rank 328] | Exiting normally.
[PARENT][Rank 332] | Exiting normally.
[PARENT][Rank 331] | Exiting normally.
[PARENT][Rank 333] | Exiting normally.
[PARENT][Rank 350] | Exiting normally.
[PARENT][Rank 356] | Exiting normally.
[PARENT][Rank 341] | Exiting normally.
[PARENT][Rank 359] | Exiting normally.
[PARENT][Rank 339] | Exiting normally.
[PARENT][Rank 336] | Exiting normally.
[PARENT][Rank 299] | Exiting normally.
[PARENT][Rank 295] | Exiting normally.
[PARENT][Rank 298] | Exiting normally.
[PARENT][Rank 292] | Exiting normally.
[PARENT][Rank 310] | Exiting normally.
[PARENT][Rank 317] | Exiting normally.
[PARENT][Rank 293] | Exiting normally.
[PARENT][Rank 323] | Exiting normally.
[PARENT][Rank 309] | Exiting normally.
[PARENT][Rank 321] | Exiting normally.
[PARENT][Rank 315] | Exiting normally.
[PARENT][Rank 325] | Exiting normally.
[PARENT][Rank 313] | Exiting normally.
[PARENT][Rank 305] | Exiting normally.
[PARENT][Rank 327] | Exiting normally.
[PARENT][Rank 307] | Exiting normally.
[PARENT][Rank 312] | Exiting normally.
[PARENT][Rank 301] | Exiting normally.
[PARENT][Rank 306] | Exiting normally.
[PARENT][Rank 311] | Exiting normally.
[PARENT][Rank 304] | Exiting normally.
[PARENT][Rank 308] | Exiting normally.
[PARENT][Rank 316] | Exiting normally.
[PARENT][Rank 296] | Exiting normally.
[PARENT][Rank 303] | Exiting normally.
[PARENT][Rank 302] | Exiting normally.
[PARENT][Rank 324] | Exiting normally.
[PARENT][Rank 318] | Exiting normally.
[PARENT][Rank 300] | Exiting normally.
[PARENT][Rank 319] | Exiting normally.
[PARENT][Rank 314] | Exiting normally.
[PARENT][Rank 326] | Exiting normally.
[PARENT][Rank 297] | Exiting normally.
[PARENT][Rank 294] | Exiting normally.
[PARENT][Rank 322] | Exiting normally.
[PARENT][Rank 195] | Exiting normally.
[PARENT][Rank 374] | Exiting normally.
[PARENT][Rank 320] | Exiting normally.
[PARENT][Rank 340] | Exiting normally.
[PARENT][Rank 357] | Exiting normally.
[PARENT][Rank 99] | Exiting normally.
[PARENT][Rank 346] | Exiting normally.
[PARENT][Rank 131] | Exiting normally.
[PARENT][Rank 137] | Exiting normally.
[PARENT][Rank 121] | Exiting normally.
[PARENT][Rank 18] | Exiting normally.
[PARENT][Rank 12] | Exiting normally.
[PARENT][Rank 113] | Exiting normally.
[PARENT][Rank 15] | Exiting normally.
[PARENT][Rank 65] | Exiting normally.
[PARENT][Rank 133] | Exiting normally.
[PARENT][Rank 75] | Exiting normally.
[PARENT][Rank 53] | Exiting normally.
[PARENT][Rank 253] | Exiting normally.
[PARENT][Rank 239] | Exiting normally.
[PARENT][Rank 247] | Exiting normally.
[PARENT][Rank 171] | Exiting normally.
[PARENT][Rank 245] | Exiting normally.
[PARENT][Rank 4] | Exiting normally.
[PARENT][Rank 210] | Exiting normally.
[PARENT][Rank 187] | Exiting normally.
[PARENT][Rank 191] | Exiting normally.
[PARENT][Rank 197] | Exiting normally.
[PARENT][Rank 219] | Exiting normally.
[PARENT][Rank 215] | Exiting normally.
[PARENT][Rank 188] | Exiting normally.
[PARENT][Rank 208] | Exiting normally.
[PARENT][Rank 199] | Exiting normally.
[PARENT][Rank 202] | Exiting normally.
[PARENT][Rank 185] | Exiting normally.
[PARENT][Rank 205] | Exiting normally.
[PARENT][Rank 218] | Exiting normally.
[PARENT][Rank 203] | Exiting normally.
[PARENT][Rank 213] | Exiting normally.
[PARENT][Rank 207] | Exiting normally.
[PARENT][Rank 217] | Exiting normally.
[PARENT][Rank 211] | Exiting normally.
[PARENT][Rank 189] | Exiting normally.
[PARENT][Rank 186] | Exiting normally.
[PARENT][Rank 206] | Exiting normally.
[PARENT][Rank 76] | Exiting normally.
[PARENT][Rank 84] | Exiting normally.
[PARENT][Rank 96] | Exiting normally.
[PARENT][Rank 83] | Exiting normally.
[PARENT][Rank 97] | Exiting normally.
[PARENT][Rank 87] | Exiting normally.
[PARENT][Rank 81] | Exiting normally.
[PARENT][Rank 94] | Exiting normally.
[PARENT][Rank 106] | Exiting normally.
[PARENT][Rank 88] | Exiting normally.
[PARENT][Rank 90] | Exiting normally.
[PARENT][Rank 107] | Exiting normally.
[PARENT][Rank 86] | Exiting normally.
[PARENT][Rank 85] | Exiting normally.
[PARENT][Rank 93] | Exiting normally.
[PARENT][Rank 95] | Exiting normally.
[PARENT][Rank 110] | Exiting normally.
[PARENT][Rank 100] | Exiting normally.
[PARENT][Rank 98] | Exiting normally.
[PARENT][Rank 78] | Exiting normally.
[PARENT][Rank 102] | Exiting normally.
[PARENT][Rank 92] | Exiting normally.
[PARENT][Rank 79] | Exiting normally.
[PARENT][Rank 111] | Exiting normally.
[PARENT][Rank 103] | Exiting normally.
[PARENT][Rank 109] | Exiting normally.
[PARENT][Rank 82] | Exiting normally.
[PARENT][Rank 101] | Exiting normally.
[PARENT][Rank 89] | Exiting normally.
[PARENT][Rank 28] | Exiting normally.
[PARENT][Rank 10] | Exiting normally.
[PARENT][Rank 108] | Exiting normally.
[PARENT][Rank 17] | Exiting normally.
[PARENT][Rank 104] | Exiting normally.
[PARENT][Rank 80] | Exiting normally.
[PARENT][Rank 36] | Exiting normally.
[PARENT][Rank 91] | Exiting normally.
[PARENT][Rank 9] | Exiting normally.
[PARENT][Rank 5] | Exiting normally.
[PARENT][Rank 25] | Exiting normally.
[PARENT][Rank 39] | Exiting normally.
[PARENT][Rank 21] | Exiting normally.
[PARENT][Rank 23] | Exiting normally.
[PARENT][Rank 20] | Exiting normally.
[PARENT][Rank 34] | Exiting normally.
[PARENT][Rank 7] | Exiting normally.
[PARENT][Rank 27] | Exiting normally.
[PARENT][Rank 33] | Exiting normally.
[PARENT][Rank 13] | Exiting normally.
[PARENT][Rank 22] | Exiting normally.
[PARENT][Rank 31] | Exiting normally.
[PARENT][Rank 8] | Exiting normally.
[PARENT][Rank 26] | Exiting normally.
[PARENT][Rank 24] | Exiting normally.
[PARENT][Rank 38] | Exiting normally.
[PARENT][Rank 105] | Exiting normally.
[PARENT][Rank 35] | Exiting normally.
[PARENT][Rank 6] | Exiting normally.
[PARENT][Rank 16] | Exiting normally.
[PARENT][Rank 11] | Exiting normally.
[PARENT][Rank 37] | Exiting normally.
[PARENT][Rank 32] | Exiting normally.
[PARENT][Rank 30] | Exiting normally.
[PARENT][Rank 42] | Exiting normally.
[PARENT][Rank 47] | Exiting normally.
[PARENT][Rank 46] | Exiting normally.
[PARENT][Rank 68] | Exiting normally.
[PARENT][Rank 62] | Exiting normally.
[PARENT][Rank 57] | Exiting normally.
[PARENT][Rank 49] | Exiting normally.
[PARENT][Rank 73] | Exiting normally.
[PARENT][Rank 48] | Exiting normally.
[PARENT][Rank 64] | Exiting normally.
[PARENT][Rank 52] | Exiting normally.
[PARENT][Rank 43] | Exiting normally.
[PARENT][Rank 116] | Exiting normally.
[PARENT][Rank 61] | Exiting normally.
[PARENT][Rank 118] | Exiting normally.
[PARENT][Rank 29] | Exiting normally.
[PARENT][Rank 114] | Exiting normally.
[PARENT][Rank 51] | Exiting normally.
[PARENT][Rank 40] | Exiting normally.
[PARENT][Rank 56] | Exiting normally.
[PARENT][Rank 69] | Exiting normally.
[PARENT][Rank 60] | Exiting normally.
[PARENT][Rank 134] | Exiting normally.
[PARENT][Rank 72] | Exiting normally.
[PARENT][Rank 124] | Exiting normally.
[PARENT][Rank 66] | Exiting normally.
[PARENT][Rank 55] | Exiting normally.
[PARENT][Rank 50] | Exiting normally.
[PARENT][Rank 41] | Exiting normally.
[PARENT][Rank 71] | Exiting normally.
[PARENT][Rank 58] | Exiting normally.
[PARENT][Rank 44] | Exiting normally.
[PARENT][Rank 74] | Exiting normally.
[PARENT][Rank 63] | Exiting normally.
[PARENT][Rank 45] | Exiting normally.
[PARENT][Rank 147] | Exiting normally.
[PARENT][Rank 120] | Exiting normally.
[PARENT][Rank 67] | Exiting normally.
[PARENT][Rank 59] | Exiting normally.
[PARENT][Rank 112] | Exiting normally.
[PARENT][Rank 70] | Exiting normally.
[PARENT][Rank 126] | Exiting normally.
[PARENT][Rank 136] | Exiting normally.
[PARENT][Rank 146] | Exiting normally.
[PARENT][Rank 127] | Exiting normally.
[PARENT][Rank 135] | Exiting normally.
[PARENT][Rank 132] | Exiting normally.
[PARENT][Rank 139] | Exiting normally.
[PARENT][Rank 143] | Exiting normally.
[PARENT][Rank 144] | Exiting normally.
[PARENT][Rank 117] | Exiting normally.
[PARENT][Rank 140] | Exiting normally.
[PARENT][Rank 122] | Exiting normally.
[PARENT][Rank 125] | Exiting normally.
[PARENT][Rank 141] | Exiting normally.
[PARENT][Rank 123] | Exiting normally.
[PARENT][Rank 138] | Exiting normally.
[PARENT][Rank 129] | Exiting normally.
[PARENT][Rank 216] | Exiting normally.
[PARENT][Rank 196] | Exiting normally.
[PARENT][Rank 54] | Exiting normally.
[PARENT][Rank 212] | Exiting normally.
[PARENT][Rank 190] | Exiting normally.
[PARENT][Rank 193] | Exiting normally.
[PARENT][Rank 200] | Exiting normally.
[PARENT][Rank 209] | Exiting normally.
[PARENT][Rank 201] | Exiting normally.
[PARENT][Rank 251] | Exiting normally.
[PARENT][Rank 244] | Exiting normally.
[PARENT][Rank 204] | Exiting normally.
[PARENT][Rank 226] | Exiting normally.
[PARENT][Rank 198] | Exiting normally.
[PARENT][Rank 194] | Exiting normally.
[PARENT][Rank 242] | Exiting normally.
[PARENT][Rank 230] | Exiting normally.
[PARENT][Rank 255] | Exiting normally.
[PARENT][Rank 234] | Exiting normally.
[PARENT][Rank 254] | Exiting normally.
[PARENT][Rank 248] | Exiting normally.
[PARENT][Rank 229] | Exiting normally.
[PARENT][Rank 235] | Exiting normally.
[PARENT][Rank 233] | Exiting normally.
[PARENT][Rank 243] | Exiting normally.
[PARENT][Rank 184] | Exiting normally.
[PARENT][Rank 154] | Exiting normally.
[PARENT][Rank 222] | Exiting normally.
[PARENT][Rank 166] | Exiting normally.
[PARENT][Rank 225] | Exiting normally.
[PARENT][Rank 231] | Exiting normally.
[PARENT][Rank 220] | Exiting normally.
[PARENT][Rank 246] | Exiting normally.
[PARENT][Rank 228] | Exiting normally.
[PARENT][Rank 237] | Exiting normally.
[PARENT][Rank 240] | Exiting normally.
[PARENT][Rank 182] | Exiting normally.
[PARENT][Rank 238] | Exiting normally.
[PARENT][Rank 249] | Exiting normally.
[PARENT][Rank 224] | Exiting normally.
[PARENT][Rank 250] | Exiting normally.
[PARENT][Rank 236] | Exiting normally.
[PARENT][Rank 221] | Exiting normally.
[PARENT][Rank 232] | Exiting normally.
[PARENT][Rank 152] | Exiting normally.
[PARENT][Rank 165] | Exiting normally.
[PARENT][Rank 177] | Exiting normally.
[PARENT][Rank 183] | Exiting normally.
[PARENT][Rank 161] | Exiting normally.
[PARENT][Rank 159] | Exiting normally.
[PARENT][Rank 173] | Exiting normally.
[PARENT][Rank 170] | Exiting normally.
[PARENT][Rank 178] | Exiting normally.
[PARENT][Rank 223] | Exiting normally.
[PARENT][Rank 227] | Exiting normally.
[PARENT][Rank 174] | Exiting normally.
[PARENT][Rank 150] | Exiting normally.
[PARENT][Rank 241] | Exiting normally.
[PARENT][Rank 155] | Exiting normally.
[PARENT][Rank 151] | Exiting normally.
[PARENT][Rank 175] | Exiting normally.
[PARENT][Rank 181] | Exiting normally.
[PARENT][Rank 148] | Exiting normally.
[PARENT][Rank 168] | Exiting normally.
[PARENT][Rank 163] | Exiting normally.
[PARENT][Rank 77] | Exiting normally.
[PARENT][Rank 149] | Exiting normally.
[PARENT][Rank 172] | Exiting normally.
[PARENT][Rank 169] | Exiting normally.
[PARENT][Rank 176] | Exiting normally.
[PARENT][Rank 156] | Exiting normally.
[PARENT][Rank 167] | Exiting normally.
[PARENT][Rank 157] | Exiting normally.
[PARENT][Rank 164] | Exiting normally.
[PARENT][Rank 162] | Exiting normally.
[PARENT][Rank 160] | Exiting normally.
[PARENT][Rank 180] | Exiting normally.
[PARENT][Rank 179] | Exiting normally.
[PARENT][Rank 19] | Exiting normally.
[PARENT][Rank 14] | Exiting normally.
[PARENT][Rank 158] | Exiting normally.
[PARENT][Rank 142] | Exiting normally.
[PARENT][Rank 115] | Exiting normally.
[PARENT][Rank 128] | Exiting normally.
[PARENT][Rank 130] | Exiting normally.
[PARENT][Rank 145] | Exiting normally.
[PARENT][Rank 214] | Exiting normally.
[PARENT][Rank 192] | Exiting normally.
[PARENT][Rank 252] | Exiting normally.
[PARENT][Rank 153] | Exiting normally.
[PARENT][Rank 273] | Exiting normally.
[PARENT][Rank 266] | Exiting normally.
[PARENT][Rank 288] | Exiting normally.
[PARENT][Rank 282] | Exiting normally.
[PARENT][Rank 258] | Exiting normally.
[PARENT][Rank 260] | Exiting normally.
[PARENT][Rank 262] | Exiting normally.
[PARENT][Rank 269] | Exiting normally.
[PARENT][Rank 291] | Exiting normally.
[PARENT][Rank 289] | Exiting normally.
[PARENT][Rank 261] | Exiting normally.
[PARENT][Rank 278] | Exiting normally.
[PARENT][Rank 283] | Exiting normally.
[PARENT][Rank 264] | Exiting normally.
[PARENT][Rank 275] | Exiting normally.
[PARENT][Rank 284] | Exiting normally.
[PARENT][Rank 272] | Exiting normally.
[PARENT][Rank 286] | Exiting normally.
[PARENT][Rank 267] | Exiting normally.
[PARENT][Rank 285] | Exiting normally.
[PARENT][Rank 274] | Exiting normally.
[PARENT][Rank 280] | Exiting normally.
[PARENT][Rank 281] | Exiting normally.
[PARENT][Rank 287] | Exiting normally.
[PARENT][Rank 265] | Exiting normally.
[PARENT][Rank 263] | Exiting normally.
[PARENT][Rank 270] | Exiting normally.
[PARENT][Rank 279] | Exiting normally.
[PARENT][Rank 259] | Exiting normally.
[PARENT][Rank 276] | Exiting normally.
[PARENT][Rank 381] | Exiting normally.
[PARENT][Rank 383] | Exiting normally.
[PARENT][Rank 394] | Exiting normally.
[PARENT][Rank 366] | Exiting normally.
[PARENT][Rank 370] | Exiting normally.
[PARENT][Rank 382] | Exiting normally.
[PARENT][Rank 371] | Exiting normally.
[PARENT][Rank 384] | Exiting normally.
[PARENT][Rank 373] | Exiting normally.
[PARENT][Rank 364] | Exiting normally.
[PARENT][Rank 389] | Exiting normally.
[PARENT][Rank 393] | Exiting normally.
[PARENT][Rank 391] | Exiting normally.
[PARENT][Rank 369] | Exiting normally.
[PARENT][Rank 386] | Exiting normally.
[PARENT][Rank 377] | Exiting normally.
[PARENT][Rank 392] | Exiting normally.
[PARENT][Rank 277] | Exiting normally.
[PARENT][Rank 396] | Exiting normally.
[PARENT][Rank 367] | Exiting normally.
[PARENT][Rank 395] | Exiting normally.
[PARENT][Rank 375] | Exiting normally.
[PARENT][Rank 385] | Exiting normally.
[PARENT][Rank 256] | Exiting normally.
[PARENT][Rank 271] | Exiting normally.
[PARENT][Rank 257] | Exiting normally.
[PARENT][Rank 1] | Exiting normally.
[PARENT][Rank 368] | Exiting normally.
[PARENT][Rank 268] | Exiting normally.
[PARENT][Rank 217] | Exiting normally.
[PARENT][Rank 376] | Exiting normally.
[PARENT][Rank 290] | Exiting normally.
[PARENT][Rank 372] | Exiting normally.
[PARENT][Rank 380] | Exiting normally.
[PARENT][Rank 365] | Exiting normally.
[PARENT][Rank 379] | Exiting normally.
[PARENT][Rank 397] | Exiting normally.
[PARENT][Rank 387] | Exiting normally.
[PARENT][Rank 398] | Exiting normally.
[PARENT][Rank 374] | Exiting normally.
[PARENT][Rank 388] | Exiting normally.
[PARENT][Rank 378] | Exiting normally.
[PARENT][Rank 390] | Exiting normally.
[PARENT][Rank 126] | Exiting normally.
[PARENT][Rank 0] | Exiting normally.
[PARENT][Rank 292] | Exiting normally.
[PARENT][Rank 330] | Exiting normally.
[PARENT][Rank 329] | Exiting normally.
[PARENT][Rank 316] | Exiting normally.
[PARENT][Rank 318] | Exiting normally.
[PARENT][Rank 324] | Exiting normally.
[PARENT][Rank 314] | Exiting normally.
[PARENT][Rank 303] | Exiting normally.
[PARENT][Rank 338] | Exiting normally.
[PARENT][Rank 340] | Exiting normally.
[PARENT][Rank 348] | Exiting normally.
[PARENT][Rank 295] | Exiting normally.
[PARENT][Rank 354] | Exiting normally.
[PARENT][Rank 336] | Exiting normally.
[PARENT][Rank 339] | Exiting normally.
[PARENT][Rank 342] | Exiting normally.
[PARENT][Rank 332] | Exiting normally.
[PARENT][Rank 294] | Exiting normally.
[PARENT][Rank 298] | Exiting normally.
[PARENT][Rank 326] | Exiting normally.
[PARENT][Rank 307] | Exiting normally.
[PARENT][Rank 111] | Exiting normally.
[PARENT][Rank 323] | Exiting normally.
[PARENT][Rank 87] | Exiting normally.
[PARENT][Rank 108] | Exiting normally.
[PARENT][Rank 325] | Exiting normally.
[PARENT][Rank 344] | Exiting normally.
[PARENT][Rank 306] | Exiting normally.
[PARENT][Rank 310] | Exiting normally.
[PARENT][Rank 320] | Exiting normally.
[PARENT][Rank 300] | Exiting normally.
[PARENT][Rank 352] | Exiting normally.
[PARENT][Rank 302] | Exiting normally.
[PARENT][Rank 355] | Exiting normally.
[PARENT][Rank 299] | Exiting normally.
[PARENT][Rank 356] | Exiting normally.
[PARENT][Rank 312] | Exiting normally.
[PARENT][Rank 322] | Exiting normally.
[PARENT][Rank 358] | Exiting normally.
[PARENT][Rank 321] | Exiting normally.
[PARENT][Rank 360] | Exiting normally.
[PARENT][Rank 308] | Exiting normally.
[PARENT][Rank 328] | Exiting normally.
[PARENT][Rank 350] | Exiting normally.
[PARENT][Rank 296] | Exiting normally.
[PARENT][Rank 317] | Exiting normally.
[PARENT][Rank 361] | Exiting normally.
[PARENT][Rank 293] | Exiting normally.
[PARENT][Rank 334] | Exiting normally.
[PARENT][Rank 327] | Exiting normally.
[PARENT][Rank 335] | Exiting normally.
[PARENT][Rank 297] | Exiting normally.
[PARENT][Rank 351] | Exiting normally.
[PARENT][Rank 313] | Exiting normally.
[PARENT][Rank 357] | Exiting normally.
[PARENT][Rank 331] | Exiting normally.
[PARENT][Rank 315] | Exiting normally.
[PARENT][Rank 343] | Exiting normally.
[PARENT][Rank 304] | Exiting normally.
[PARENT][Rank 345] | Exiting normally.
[PARENT][Rank 305] | Exiting normally.
[PARENT][Rank 309] | Exiting normally.
[PARENT][Rank 349] | Exiting normally.
[PARENT][Rank 311] | Exiting normally.
[PARENT][Rank 337] | Exiting normally.
[PARENT][Rank 346] | Exiting normally.
[PARENT][Rank 301] | Exiting normally.
[PARENT][Rank 359] | Exiting normally.
[PARENT][Rank 362] | Exiting normally.
[PARENT][Rank 363] | Exiting normally.
[PARENT][Rank 347] | Exiting normally.
[PARENT][Rank 110] | Exiting normally.
[PARENT][Rank 341] | Exiting normally.
[PARENT][Rank 353] | Exiting normally.
[PARENT][Rank 319] | Exiting normally.
[PARENT][Rank 333] | Exiting normally.
[PARENT][Rank 113] | Exiting normally.
[PARENT][Rank 115] | Exiting normally.
[PARENT][Rank 143] | Exiting normally.
[PARENT][Rank 137] | Exiting normally.
[PARENT][Rank 144] | Exiting normally.
[PARENT][Rank 135] | Exiting normally.
[PARENT][Rank 130] | Exiting normally.
[PARENT][Rank 147] | Exiting normally.
[PARENT][Rank 2] | Exiting normally.
[PARENT][Rank 3] | Exiting normally.
[PARENT][Rank 213] | Exiting normally.
[PARENT][Rank 197] | Exiting normally.
[PARENT][Rank 195] | Exiting normally.
[PARENT][Rank 207] | Exiting normally.
[PARENT][Rank 219] | Exiting normally.
[PARENT][Rank 149] | Exiting normally.
[PARENT][Rank 181] | Exiting normally.
[PARENT][Rank 9] | Exiting normally.
[PARENT][Rank 57] | Exiting normally.
[PARENT][Rank 34] | Exiting normally.
[PARENT][Rank 20] | Exiting normally.
[PARENT][Rank 28] | Exiting normally.
[PARENT][Rank 168] | Exiting normally.
[PARENT][Rank 254] | Exiting normally.
[PARENT][Rank 191] | Exiting normally.
[PARENT][Rank 215] | Exiting normally.
[PARENT][Rank 211] | Exiting normally.
[PARENT][Rank 203] | Exiting normally.
[PARENT][Rank 189] | Exiting normally.
[PARENT][Rank 199] | Exiting normally.
[PARENT][Rank 99] | Exiting normally.
[PARENT][Rank 76] | Exiting normally.
[PARENT][Rank 104] | Exiting normally.
[PARENT][Rank 77] | Exiting normally.
[PARENT][Rank 85] | Exiting normally.
[PARENT][Rank 83] | Exiting normally.
[PARENT][Rank 94] | Exiting normally.
[PARENT][Rank 92] | Exiting normally.
[PARENT][Rank 105] | Exiting normally.
[PARENT][Rank 100] | Exiting normally.
[PARENT][Rank 93] | Exiting normally.
[PARENT][Rank 86] | Exiting normally.
[PARENT][Rank 80] | Exiting normally.
[PARENT][Rank 101] | Exiting normally.
[PARENT][Rank 84] | Exiting normally.
[PARENT][Rank 82] | Exiting normally.
[PARENT][Rank 107] | Exiting normally.
[PARENT][Rank 106] | Exiting normally.
[PARENT][Rank 79] | Exiting normally.
[PARENT][Rank 81] | Exiting normally.
[PARENT][Rank 91] | Exiting normally.
[PARENT][Rank 89] | Exiting normally.
[PARENT][Rank 78] | Exiting normally.
[PARENT][Rank 96] | Exiting normally.
[PARENT][Rank 102] | Exiting normally.
[PARENT][Rank 98] | Exiting normally.
[PARENT][Rank 95] | Exiting normally.
[PARENT][Rank 103] | Exiting normally.
[PARENT][Rank 146] | Exiting normally.
[PARENT][Rank 117] | Exiting normally.
[PARENT][Rank 120] | Exiting normally.
[PARENT][Rank 112] | Exiting normally.
[PARENT][Rank 145] | Exiting normally.
[PARENT][Rank 123] | Exiting normally.
[PARENT][Rank 138] | Exiting normally.
[PARENT][Rank 119] | Exiting normally.
[PARENT][Rank 136] | Exiting normally.
[PARENT][Rank 116] | Exiting normally.
[PARENT][Rank 121] | Exiting normally.
[PARENT][Rank 142] | Exiting normally.
[PARENT][Rank 118] | Exiting normally.
[PARENT][Rank 114] | Exiting normally.
[PARENT][Rank 127] | Exiting normally.
[PARENT][Rank 129] | Exiting normally.
[PARENT][Rank 128] | Exiting normally.
[PARENT][Rank 132] | Exiting normally.
[PARENT][Rank 139] | Exiting normally.
[PARENT][Rank 140] | Exiting normally.
[PARENT][Rank 133] | Exiting normally.
[PARENT][Rank 134] | Exiting normally.
[PARENT][Rank 141] | Exiting normally.
[PARENT][Rank 124] | Exiting normally.
[PARENT][Rank 125] | Exiting normally.
[PARENT][Rank 131] | Exiting normally.
[PARENT][Rank 122] | Exiting normally.
[PARENT][Rank 196] | Exiting normally.
[PARENT][Rank 200] | Exiting normally.
[PARENT][Rank 206] | Exiting normally.
[PARENT][Rank 33] | Exiting normally.
[PARENT][Rank 218] | Exiting normally.
[PARENT][Rank 194] | Exiting normally.
[PARENT][Rank 198] | Exiting normally.
[PARENT][Rank 37] | Exiting normally.
[PARENT][Rank 212] | Exiting normally.
[PARENT][Rank 35] | Exiting normally.
[PARENT][Rank 192] | Exiting normally.
[PARENT][Rank 193] | Exiting normally.
[PARENT][Rank 201] | Exiting normally.
[PARENT][Rank 7] | Exiting normally.
[PARENT][Rank 202] | Exiting normally.
[PARENT][Rank 188] | Exiting normally.
[PARENT][Rank 205] | Exiting normally.
[PARENT][Rank 15] | Exiting normally.
[PARENT][Rank 216] | Exiting normally.
[PARENT][Rank 187] | Exiting normally.
[PARENT][Rank 214] | Exiting normally.
[PARENT][Rank 23] | Exiting normally.
[PARENT][Rank 22] | Exiting normally.
[PARENT][Rank 10] | Exiting normally.
[PARENT][Rank 6] | Exiting normally.
[PARENT][Rank 38] | Exiting normally.
[PARENT][Rank 39] | Exiting normally.
[PARENT][Rank 30] | Exiting normally.
[PARENT][Rank 11] | Exiting normally.
[PARENT][Rank 13] | Exiting normally.
[PARENT][Rank 27] | Exiting normally.
[PARENT][Rank 21] | Exiting normally.
[PARENT][Rank 31] | Exiting normally.
[PARENT][Rank 14] | Exiting normally.
[PARENT][Rank 32] | Exiting normally.
[PARENT][Rank 24] | Exiting normally.
[PARENT][Rank 4] | Exiting normally.
[PARENT][Rank 41] | Exiting normally.
[PARENT][Rank 16] | Exiting normally.
[PARENT][Rank 12] | Exiting normally.
[PARENT][Rank 152] | Exiting normally.
[PARENT][Rank 29] | Exiting normally.
[PARENT][Rank 18] | Exiting normally.
[PARENT][Rank 97] | Exiting normally.
[PARENT][Rank 19] | Exiting normally.
[PARENT][Rank 90] | Exiting normally.
[PARENT][Rank 17] | Exiting normally.
[PARENT][Rank 8] | Exiting normally.
[PARENT][Rank 36] | Exiting normally.
[PARENT][Rank 162] | Exiting normally.
[PARENT][Rank 5] | Exiting normally.
[PARENT][Rank 43] | Exiting normally.
[PARENT][Rank 26] | Exiting normally.
[PARENT][Rank 40] | Exiting normally.
[PARENT][Rank 155] | Exiting normally.
[PARENT][Rank 59] | Exiting normally.
[PARENT][Rank 75] | Exiting normally.
[PARENT][Rank 51] | Exiting normally.
[PARENT][Rank 67] | Exiting normally.
[PARENT][Rank 167] | Exiting normally.
[PARENT][Rank 63] | Exiting normally.
[PARENT][Rank 109] | Exiting normally.
[PARENT][Rank 48] | Exiting normally.
[PARENT][Rank 64] | Exiting normally.
[PARENT][Rank 171] | Exiting normally.
[PARENT][Rank 70] | Exiting normally.
[PARENT][Rank 44] | Exiting normally.
[PARENT][Rank 66] | Exiting normally.
[PARENT][Rank 42] | Exiting normally.
[PARENT][Rank 47] | Exiting normally.
[PARENT][Rank 72] | Exiting normally.
[PARENT][Rank 45] | Exiting normally.
[PARENT][Rank 46] | Exiting normally.
[PARENT][Rank 54] | Exiting normally.
[PARENT][Rank 73] | Exiting normally.
[PARENT][Rank 49] | Exiting normally.
[PARENT][Rank 62] | Exiting normally.
[PARENT][Rank 180] | Exiting normally.
[PARENT][Rank 71] | Exiting normally.
[PARENT][Rank 74] | Exiting normally.
[PARENT][Rank 172] | Exiting normally.
[PARENT][Rank 53] | Exiting normally.
[PARENT][Rank 69] | Exiting normally.
[PARENT][Rank 65] | Exiting normally.
[PARENT][Rank 161] | Exiting normally.
[PARENT][Rank 60] | Exiting normally.
[PARENT][Rank 179] | Exiting normally.
[PARENT][Rank 61] | Exiting normally.
[PARENT][Rank 68] | Exiting normally.
[PARENT][Rank 148] | Exiting normally.
[PARENT][Rank 182] | Exiting normally.
[PARENT][Rank 55] | Exiting normally.
[PARENT][Rank 169] | Exiting normally.
[PARENT][Rank 56] | Exiting normally.
[PARENT][Rank 164] | Exiting normally.
[PARENT][Rank 58] | Exiting normally.
[PARENT][Rank 159] | Exiting normally.
[PARENT][Rank 173] | Exiting normally.
[PARENT][Rank 52] | Exiting normally.
[PARENT][Rank 184] | Exiting normally.
[PARENT][Rank 158] | Exiting normally.
[PARENT][Rank 88] | Exiting normally.
[PARENT][Rank 170] | Exiting normally.
[PARENT][Rank 166] | Exiting normally.
[PARENT][Rank 160] | Exiting normally.
[PARENT][Rank 178] | Exiting normally.
[PARENT][Rank 183] | Exiting normally.
[PARENT][Rank 153] | Exiting normally.
[PARENT][Rank 151] | Exiting normally.
[PARENT][Rank 25] | Exiting normally.
[PARENT][Rank 50] | Exiting normally.
[PARENT][Rank 175] | Exiting normally.
[PARENT][Rank 163] | Exiting normally.
[PARENT][Rank 156] | Exiting normally.
[PARENT][Rank 224] | Exiting normally.
[PARENT][Rank 223] | Exiting normally.
[PARENT][Rank 225] | Exiting normally.
[PARENT][Rank 252] | Exiting normally.
[PARENT][Rank 228] | Exiting normally.
[PARENT][Rank 237] | Exiting normally.
[PARENT][Rank 249] | Exiting normally.
[PARENT][Rank 245] | Exiting normally.
[PARENT][Rank 222] | Exiting normally.
[PARENT][Rank 230] | Exiting normally.
[PARENT][Rank 236] | Exiting normally.
[PARENT][Rank 240] | Exiting normally.
[PARENT][Rank 220] | Exiting normally.
[PARENT][Rank 248] | Exiting normally.
[PARENT][Rank 221] | Exiting normally.
[PARENT][Rank 234] | Exiting normally.
[PARENT][Rank 232] | Exiting normally.
[PARENT][Rank 255] | Exiting normally.
[PARENT][Rank 227] | Exiting normally.
[PARENT][Rank 244] | Exiting normally.
[PARENT][Rank 246] | Exiting normally.
[PARENT][Rank 239] | Exiting normally.
[PARENT][Rank 241] | Exiting normally.
[PARENT][Rank 233] | Exiting normally.
[PARENT][Rank 235] | Exiting normally.
[PARENT][Rank 229] | Exiting normally.
[PARENT][Rank 253] | Exiting normally.
[PARENT][Rank 226] | Exiting normally.
[PARENT][Rank 251] | Exiting normally.
[PARENT][Rank 242] | Exiting normally.
[PARENT][Rank 247] | Exiting normally.
[PARENT][Rank 238] | Exiting normally.
[PARENT][Rank 243] | Exiting normally.
[PARENT][Rank 231] | Exiting normally.
[PARENT][Rank 250] | Exiting normally.
[PARENT][Rank 204] | Exiting normally.
[PARENT][Rank 186] | Exiting normally.
[PARENT][Rank 209] | Exiting normally.
[PARENT][Rank 185] | Exiting normally.
[PARENT][Rank 190] | Exiting normally.
[PARENT][Rank 210] | Exiting normally.
[PARENT][Rank 150] | Exiting normally.
[PARENT][Rank 208] | Exiting normally.
[PARENT][Rank 165] | Exiting normally.
[PARENT][Rank 154] | Exiting normally.
[PARENT][Rank 157] | Exiting normally.
[PARENT][Rank 176] | Exiting normally.
[PARENT][Rank 174] | Exiting normally.
[PARENT][Rank 177] | Exiting normally.
[PARENT][Rank 259] | Exiting normally.
[PARENT][Rank 263] | Exiting normally.
[PARENT][Rank 277] | Exiting normally.
[PARENT][Rank 289] | Exiting normally.
[PARENT][Rank 265] | Exiting normally.
[PARENT][Rank 271] | Exiting normally.
[PARENT][Rank 262] | Exiting normally.
[PARENT][Rank 266] | Exiting normally.
[PARENT][Rank 286] | Exiting normally.
[PARENT][Rank 256] | Exiting normally.
[PARENT][Rank 291] | Exiting normally.
[PARENT][Rank 257] | Exiting normally.
[PARENT][Rank 288] | Exiting normally.
[PARENT][Rank 267] | Exiting normally.
[PARENT][Rank 282] | Exiting normally.
[PARENT][Rank 276] | Exiting normally.
[PARENT][Rank 283] | Exiting normally.
[PARENT][Rank 261] | Exiting normally.
[PARENT][Rank 269] | Exiting normally.
[PARENT][Rank 258] | Exiting normally.
[PARENT][Rank 275] | Exiting normally.
[PARENT][Rank 280] | Exiting normally.
[PARENT][Rank 260] | Exiting normally.
[PARENT][Rank 281] | Exiting normally.
[PARENT][Rank 284] | Exiting normally.
[PARENT][Rank 285] | Exiting normally.
[PARENT][Rank 273] | Exiting normally.
[PARENT][Rank 279] | Exiting normally.
[PARENT][Rank 268] | Exiting normally.
[PARENT][Rank 272] | Exiting normally.
[PARENT][Rank 274] | Exiting normally.
[PARENT][Rank 264] | Exiting normally.
[PARENT][Rank 290] | Exiting normally.
[PARENT][Rank 372] | Exiting normally.
[PARENT][Rank 378] | Exiting normally.
[PARENT][Rank 380] | Exiting normally.
[PARENT][Rank 394] | Exiting normally.
[PARENT][Rank 388] | Exiting normally.
[PARENT][Rank 364] | Exiting normally.
[PARENT][Rank 386] | Exiting normally.
[PARENT][Rank 270] | Exiting normally.
[PARENT][Rank 278] | Exiting normally.
[PARENT][Rank 382] | Exiting normally.
[PARENT][Rank 381] | Exiting normally.
[PARENT][Rank 0] | Exiting normally.
[PARENT][Rank 365] | Exiting normally.
[PARENT][Rank 397] | Exiting normally.
[PARENT][Rank 287] | Exiting normally.
[PARENT][Rank 292] | Exiting normally.
[PARENT][Rank 294] | Exiting normally.
[PARENT][Rank 296] | Exiting normally.
[PARENT][Rank 321] | Exiting normally.
[PARENT][Rank 324] | Exiting normally.
[PARENT][Rank 325] | Exiting normally.
[PARENT][Rank 326] | Exiting normally.
[PARENT][Rank 383] | Exiting normally.
[PARENT][Rank 293] | Exiting normally.
[PARENT][Rank 295] | Exiting normally.
[PARENT][Rank 297] | Exiting normally.
[PARENT][Rank 298] | Exiting normally.
[PARENT][Rank 299] | Exiting normally.
[PARENT][Rank 300] | Exiting normally.
[PARENT][Rank 301] | Exiting normally.
[PARENT][Rank 302] | Exiting normally.
[PARENT][Rank 303] | Exiting normally.
[PARENT][Rank 305] | Exiting normally.
[PARENT][Rank 306] | Exiting normally.
[PARENT][Rank 308] | Exiting normally.
[PARENT][Rank 311] | Exiting normally.
[PARENT][Rank 312] | Exiting normally.
[PARENT][Rank 313] | Exiting normally.
[PARENT][Rank 314] | Exiting normally.
[PARENT][Rank 315] | Exiting normally.
[PARENT][Rank 318] | Exiting normally.
[PARENT][Rank 319] | Exiting normally.
[PARENT][Rank 320] | Exiting normally.
[PARENT][Rank 336] | Exiting normally.
[PARENT][Rank 361] | Exiting normally.
[PARENT][Rank 362] | Exiting normally.
[PARENT][Rank 363] | Exiting normally.
[PARENT][Rank 328] | Exiting normally.
[PARENT][Rank 329] | Exiting normally.
[PARENT][Rank 331] | Exiting normally.
[PARENT][Rank 333] | Exiting normally.
[PARENT][Rank 335] | Exiting normally.
[PARENT][Rank 385] | Exiting normally.
[PARENT][Rank 337] | Exiting normally.
[PARENT][Rank 377] | Exiting normally.
[PARENT][Rank 339] | Exiting normally.
[PARENT][Rank 340] | Exiting normally.
[PARENT][Rank 341] | Exiting normally.
[PARENT][Rank 343] | Exiting normally.
[PARENT][Rank 344] | Exiting normally.
[PARENT][Rank 345] | Exiting normally.
[PARENT][Rank 347] | Exiting normally.
[PARENT][Rank 348] | Exiting normally.
[PARENT][Rank 349] | Exiting normally.
[PARENT][Rank 376] | Exiting normally.
[PARENT][Rank 350] | Exiting normally.
[PARENT][Rank 353] | Exiting normally.
[PARENT][Rank 354] | Exiting normally.
[PARENT][Rank 355] | Exiting normally.
[PARENT][Rank 358] | Exiting normally.
[PARENT][Rank 359] | Exiting normally.
[PARENT][Rank 360] | Exiting normally.
[PARENT][Rank 366] | Exiting normally.
[PARENT][Rank 393] | Exiting normally.
[PARENT][Rank 371] | Exiting normally.
[PARENT][Rank 356] | Exiting normally.
[PARENT][Rank 390] | Exiting normally.
[PARENT][Rank 384] | Exiting normally.
[PARENT][Rank 370] | Exiting normally.
[PARENT][Rank 387] | Exiting normally.
[PARENT][Rank 368] | Exiting normally.
[PARENT][Rank 398] | Exiting normally.
[PARENT][Rank 392] | Exiting normally.
[PARENT][Rank 369] | Exiting normally.
[PARENT][Rank 396] | Exiting normally.
[PARENT][Rank 375] | Exiting normally.
[PARENT][Rank 391] | Exiting normally.
[PARENT][Rank 395] | Exiting normally.
[PARENT][Rank 374] | Exiting normally.
[PARENT][Rank 367] | Exiting normally.
[PARENT][Rank 389] | Exiting normally.
[PARENT][Rank 2] | Exiting normally.
[PARENT][Rank 1] | Exiting normally.
[PARENT][Rank 3] | Exiting normally.
[PARENT][Rank 373] | Exiting normally.
[PARENT][Rank 310] | Exiting normally.
[PARENT][Rank 379] | Exiting normally.
[PARENT][Rank 317] | Exiting normally.
[PARENT][Rank 322] | Exiting normally.
[PARENT][Rank 327] | Exiting normally.
[PARENT][Rank 307] | Exiting normally.
[PARENT][Rank 323] | Exiting normally.
[PARENT][Rank 330] | Exiting normally.
[PARENT][Rank 338] | Exiting normally.
[PARENT][Rank 309] | Exiting normally.
[PARENT][Rank 332] | Exiting normally.
[PARENT][Rank 352] | Exiting normally.
[PARENT][Rank 334] | Exiting normally.
[PARENT][Rank 342] | Exiting normally.
[PARENT][Rank 346] | Exiting normally.
[PARENT][Rank 357] | Exiting normally.
[PARENT][Rank 351] | Exiting normally.
[PARENT][Rank 304] | Exiting normally.
[PARENT][Rank 316] | Exiting normally.
[PARENT][Rank 140] | Exiting normally.
[PARENT][Rank 187] | Exiting normally.
[PARENT][Rank 25] | Exiting normally.
[PARENT][Rank 33] | Exiting normally.
[PARENT][Rank 65] | Exiting normally.
[PARENT][Rank 98] | Exiting normally.
[PARENT][Rank 27] | Exiting normally.
[PARENT][Rank 241] | Exiting normally.
[PARENT][Rank 165] | Exiting normally.
[PARENT][Rank 79] | Exiting normally.
[PARENT][Rank 101] | Exiting normally.
[PARENT][Rank 91] | Exiting normally.
[PARENT][Rank 76] | Exiting normally.
[PARENT][Rank 85] | Exiting normally.
[PARENT][Rank 97] | Exiting normally.
[PARENT][Rank 82] | Exiting normally.
[PARENT][Rank 93] | Exiting normally.
[PARENT][Rank 102] | Exiting normally.
[PARENT][Rank 84] | Exiting normally.
[PARENT][Rank 110] | Exiting normally.
[PARENT][Rank 78] | Exiting normally.
[PARENT][Rank 107] | Exiting normally.
[PARENT][Rank 81] | Exiting normally.
[PARENT][Rank 99] | Exiting normally.
[PARENT][Rank 103] | Exiting normally.
[PARENT][Rank 86] | Exiting normally.
[PARENT][Rank 92] | Exiting normally.
[PARENT][Rank 100] | Exiting normally.
[PARENT][Rank 77] | Exiting normally.
[PARENT][Rank 109] | Exiting normally.
[PARENT][Rank 108] | Exiting normally.
[PARENT][Rank 80] | Exiting normally.
[PARENT][Rank 105] | Exiting normally.
[PARENT][Rank 111] | Exiting normally.
[PARENT][Rank 90] | Exiting normally.
[PARENT][Rank 10] | Exiting normally.
[PARENT][Rank 36] | Exiting normally.
[PARENT][Rank 20] | Exiting normally.
[PARENT][Rank 5] | Exiting normally.
[PARENT][Rank 24] | Exiting normally.
[PARENT][Rank 18] | Exiting normally.
[PARENT][Rank 83] | Exiting normally.
[PARENT][Rank 34] | Exiting normally.
[PARENT][Rank 39] | Exiting normally.
[PARENT][Rank 29] | Exiting normally.
[PARENT][Rank 6] | Exiting normally.
[PARENT][Rank 12] | Exiting normally.
[PARENT][Rank 42] | Exiting normally.
[PARENT][Rank 22] | Exiting normally.
[PARENT][Rank 67] | Exiting normally.
[PARENT][Rank 64] | Exiting normally.
[PARENT][Rank 74] | Exiting normally.
[PARENT][Rank 14] | Exiting normally.
[PARENT][Rank 9] | Exiting normally.
[PARENT][Rank 15] | Exiting normally.
[PARENT][Rank 32] | Exiting normally.
[PARENT][Rank 58] | Exiting normally.
[PARENT][Rank 60] | Exiting normally.
[PARENT][Rank 37] | Exiting normally.
[PARENT][Rank 19] | Exiting normally.
[PARENT][Rank 51] | Exiting normally.
[PARENT][Rank 31] | Exiting normally.
[PARENT][Rank 40] | Exiting normally.
[PARENT][Rank 59] | Exiting normally.
[PARENT][Rank 26] | Exiting normally.
[PARENT][Rank 30] | Exiting normally.
[PARENT][Rank 11] | Exiting normally.
[PARENT][Rank 47] | Exiting normally.
[PARENT][Rank 53] | Exiting normally.
[PARENT][Rank 16] | Exiting normally.
[PARENT][Rank 52] | Exiting normally.
[PARENT][Rank 61] | Exiting normally.
[PARENT][Rank 75] | Exiting normally.
[PARENT][Rank 116] | Exiting normally.
[PARENT][Rank 49] | Exiting normally.
[PARENT][Rank 73] | Exiting normally.
[PARENT][Rank 68] | Exiting normally.
[PARENT][Rank 46] | Exiting normally.
[PARENT][Rank 41] | Exiting normally.
[PARENT][Rank 50] | Exiting normally.
[PARENT][Rank 57] | Exiting normally.
[PARENT][Rank 62] | Exiting normally.
[PARENT][Rank 63] | Exiting normally.
[PARENT][Rank 70] | Exiting normally.
[PARENT][Rank 54] | Exiting normally.
[PARENT][Rank 56] | Exiting normally.
[PARENT][Rank 143] | Exiting normally.
[PARENT][Rank 71] | Exiting normally.
[PARENT][Rank 69] | Exiting normally.
[PARENT][Rank 48] | Exiting normally.
[PARENT][Rank 45] | Exiting normally.
[PARENT][Rank 43] | Exiting normally.
[PARENT][Rank 135] | Exiting normally.
[PARENT][Rank 129] | Exiting normally.
[PARENT][Rank 131] | Exiting normally.
[PARENT][Rank 55] | Exiting normally.
[PARENT][Rank 196] | Exiting normally.
[PARENT][Rank 113] | Exiting normally.
[PARENT][Rank 122] | Exiting normally.
[PARENT][Rank 206] | Exiting normally.
[PARENT][Rank 114] | Exiting normally.
[PARENT][Rank 120] | Exiting normally.
[PARENT][Rank 138] | Exiting normally.
[PARENT][Rank 44] | Exiting normally.
[PARENT][Rank 126] | Exiting normally.
[PARENT][Rank 147] | Exiting normally.
[PARENT][Rank 130] | Exiting normally.
[PARENT][Rank 121] | Exiting normally.
[PARENT][Rank 146] | Exiting normally.
[PARENT][Rank 66] | Exiting normally.
[PARENT][Rank 128] | Exiting normally.
[PARENT][Rank 132] | Exiting normally.
[PARENT][Rank 186] | Exiting normally.
[PARENT][Rank 144] | Exiting normally.
[PARENT][Rank 145] | Exiting normally.
[PARENT][Rank 117] | Exiting normally.
[PARENT][Rank 123] | Exiting normally.
[PARENT][Rank 115] | Exiting normally.
[PARENT][Rank 134] | Exiting normally.
[PARENT][Rank 142] | Exiting normally.
[PARENT][Rank 139] | Exiting normally.
[PARENT][Rank 133] | Exiting normally.
[PARENT][Rank 137] | Exiting normally.
[PARENT][Rank 141] | Exiting normally.
[PARENT][Rank 125] | Exiting normally.
[PARENT][Rank 127] | Exiting normally.
[PARENT][Rank 136] | Exiting normally.
[PARENT][Rank 118] | Exiting normally.
[PARENT][Rank 124] | Exiting normally.
[PARENT][Rank 112] | Exiting normally.
[PARENT][Rank 28] | Exiting normally.
[PARENT][Rank 192] | Exiting normally.
[PARENT][Rank 204] | Exiting normally.
[PARENT][Rank 119] | Exiting normally.
[PARENT][Rank 184] | Exiting normally.
[PARENT][Rank 72] | Exiting normally.
[PARENT][Rank 202] | Exiting normally.
[PARENT][Rank 185] | Exiting normally.
[PARENT][Rank 194] | Exiting normally.
[PARENT][Rank 188] | Exiting normally.
[PARENT][Rank 216] | Exiting normally.
[PARENT][Rank 191] | Exiting normally.
[PARENT][Rank 199] | Exiting normally.
[PARENT][Rank 205] | Exiting normally.
[PARENT][Rank 217] | Exiting normally.
[PARENT][Rank 197] | Exiting normally.
[PARENT][Rank 209] | Exiting normally.
[PARENT][Rank 219] | Exiting normally.
[PARENT][Rank 195] | Exiting normally.
[PARENT][Rank 211] | Exiting normally.
[PARENT][Rank 210] | Exiting normally.
[PARENT][Rank 193] | Exiting normally.
[PARENT][Rank 190] | Exiting normally.
[PARENT][Rank 189] | Exiting normally.
[PARENT][Rank 218] | Exiting normally.
[PARENT][Rank 203] | Exiting normally.
[PARENT][Rank 214] | Exiting normally.
[PARENT][Rank 198] | Exiting normally.
[PARENT][Rank 213] | Exiting normally.
[PARENT][Rank 212] | Exiting normally.
[PARENT][Rank 201] | Exiting normally.
[PARENT][Rank 207] | Exiting normally.
[PARENT][Rank 96] | Exiting normally.
[PARENT][Rank 215] | Exiting normally.
[PARENT][Rank 89] | Exiting normally.
[PARENT][Rank 87] | Exiting normally.
[PARENT][Rank 94] | Exiting normally.
[PARENT][Rank 208] | Exiting normally.
[PARENT][Rank 104] | Exiting normally.
[PARENT][Rank 95] | Exiting normally.
[PARENT][Rank 200] | Exiting normally.
[PARENT][Rank 106] | Exiting normally.
[PARENT][Rank 88] | Exiting normally.
[PARENT][Rank 227] | Exiting normally.
[PARENT][Rank 231] | Exiting normally.
[PARENT][Rank 230] | Exiting normally.
[PARENT][Rank 245] | Exiting normally.
[PARENT][Rank 239] | Exiting normally.
[PARENT][Rank 240] | Exiting normally.
[PARENT][Rank 232] | Exiting normally.
[PARENT][Rank 238] | Exiting normally.
[PARENT][Rank 226] | Exiting normally.
[PARENT][Rank 246] | Exiting normally.
[PARENT][Rank 225] | Exiting normally.
[PARENT][Rank 221] | Exiting normally.
[PARENT][Rank 228] | Exiting normally.
[PARENT][Rank 23] | Exiting normally.
[PARENT][Rank 13] | Exiting normally.
[PARENT][Rank 254] | Exiting normally.
[PARENT][Rank 251] | Exiting normally.
[PARENT][Rank 8] | Exiting normally.
[PARENT][Rank 224] | Exiting normally.
[PARENT][Rank 38] | Exiting normally.
[PARENT][Rank 234] | Exiting normally.
[PARENT][Rank 222] | Exiting normally.
[PARENT][Rank 253] | Exiting normally.
[PARENT][Rank 248] | Exiting normally.
[PARENT][Rank 229] | Exiting normally.
[PARENT][Rank 250] | Exiting normally.
[PARENT][Rank 220] | Exiting normally.
[PARENT][Rank 236] | Exiting normally.
[PARENT][Rank 244] | Exiting normally.
[PARENT][Rank 249] | Exiting normally.
[PARENT][Rank 247] | Exiting normally.
[PARENT][Rank 35] | Exiting normally.
[PARENT][Rank 252] | Exiting normally.
[PARENT][Rank 7] | Exiting normally.
[PARENT][Rank 21] | Exiting normally.
[PARENT][Rank 255] | Exiting normally.
[PARENT][Rank 233] | Exiting normally.
[PARENT][Rank 243] | Exiting normally.
[PARENT][Rank 237] | Exiting normally.
[PARENT][Rank 4] | Exiting normally.
[PARENT][Rank 235] | Exiting normally.
[PARENT][Rank 223] | Exiting normally.
[PARENT][Rank 17] | Exiting normally.
[PARENT][Rank 242] | Exiting normally.
[PARENT][Rank 166] | Exiting normally.
[PARENT][Rank 178] | Exiting normally.
[PARENT][Rank 160] | Exiting normally.
[PARENT][Rank 151] | Exiting normally.
[PARENT][Rank 177] | Exiting normally.
[PARENT][Rank 168] | Exiting normally.
[PARENT][Rank 154] | Exiting normally.
[PARENT][Rank 157] | Exiting normally.
[PARENT][Rank 172] | Exiting normally.
[PARENT][Rank 174] | Exiting normally.
[PARENT][Rank 167] | Exiting normally.
[PARENT][Rank 163] | Exiting normally.
[PARENT][Rank 158] | Exiting normally.
[PARENT][Rank 148] | Exiting normally.
[PARENT][Rank 152] | Exiting normally.
[PARENT][Rank 170] | Exiting normally.
[PARENT][Rank 175] | Exiting normally.
[PARENT][Rank 156] | Exiting normally.
[PARENT][Rank 173] | Exiting normally.
[PARENT][Rank 181] | Exiting normally.
[PARENT][Rank 171] | Exiting normally.
[PARENT][Rank 150] | Exiting normally.
[PARENT][Rank 155] | Exiting normally.
[PARENT][Rank 176] | Exiting normally.
[PARENT][Rank 180] | Exiting normally.
[PARENT][Rank 164] | Exiting normally.
[PARENT][Rank 153] | Exiting normally.
[PARENT][Rank 183] | Exiting normally.
[PARENT][Rank 162] | Exiting normally.
[PARENT][Rank 159] | Exiting normally.
[PARENT][Rank 161] | Exiting normally.
[PARENT][Rank 149] | Exiting normally.
[PARENT][Rank 182] | Exiting normally.
[PARENT][Rank 169] | Exiting normally.
[PARENT][Rank 179] | Exiting normally.
The following model failed in CLASS:
{'output': 'tCl,lCl,pCl,mPk', 'lensing': 'yes', 'k_pivot': 0.05, 'N_ur': 2.0328, 'N_ncdm': 1, 'm_ncdm': 0.06, 'T_ncdm': 0.71611, 'omega_b': 0.02276735, 'omega_cdm': 0.1152832, 'omega_ini_dcdm': 0.004978822, 'Gamma_dcdm': 61.68265, 'H0': 68.3553, 'ln10^{10}A_s': 3.065511, 'n_s': 0.9662288, 'tau_reio': 0.04587081, 'P_k_max_1/Mpc': 8.4445, 'z_max_pk': 13.65}
perturbations_init(L:901) :error in perturbations_timesampling_for_sources(ppr, pba, pth, ppt);
=>perturbations_timesampling_for_sources(L:2033) :condition ((tau_lower <= ppt->tau_sampling[index_tau])) is true; you asked for zmax=1.365000e+01, i.e. taumin=3.874857e+03, smaller than or equal to the first possible value =1.409624e+04; it should be strictly bigger for a successfull interpolation
[PARENT][Rank 256] | Exiting normally.
[PARENT][Rank 272] | Exiting normally.
[PARENT][Rank 264] | Exiting normally.
[PARENT][Rank 278] | Exiting normally.
[PARENT][Rank 260] | Exiting normally.
[PARENT][Rank 266] | Exiting normally.
[PARENT][Rank 290] | Exiting normally.
[PARENT][Rank 282] | Exiting normally.
[PARENT][Rank 270] | Exiting normally.
[PARENT][Rank 269] | Exiting normally.
[PARENT][Rank 267] | Exiting normally.
[PARENT][Rank 262] | Exiting normally.
[PARENT][Rank 280] | Exiting normally.
[PARENT][Rank 284] | Exiting normally.
[PARENT][Rank 281] | Exiting normally.
[PARENT][Rank 268] | Exiting normally.
[PARENT][Rank 288] | Exiting normally.
[PARENT][Rank 384] | Exiting normally.
[PARENT][Rank 381] | Exiting normally.
[PARENT][Rank 365] | Exiting normally.
[PARENT][Rank 261] | Exiting normally.
[PARENT][Rank 274] | Exiting normally.
[PARENT][Rank 382] | Exiting normally.
[PARENT][Rank 258] | Exiting normally.
[PARENT][Rank 265] | Exiting normally.
[PARENT][Rank 376] | Exiting normally.
[PARENT][Rank 370] | Exiting normally.
[PARENT][Rank 276] | Exiting normally.
[PARENT][Rank 287] | Exiting normally.
[PARENT][Rank 279] | Exiting normally.
[PARENT][Rank 259] | Exiting normally.
[PARENT][Rank 273] | Exiting normally.
[PARENT][Rank 366] | Exiting normally.
[PARENT][Rank 263] | Exiting normally.
[PARENT][Rank 285] | Exiting normally.
[PARENT][Rank 257] | Exiting normally.
[PARENT][Rank 364] | Exiting normally.
[PARENT][Rank 277] | Exiting normally.
[PARENT][Rank 271] | Exiting normally.
[PARENT][Rank 289] | Exiting normally.
[PARENT][Rank 369] | Exiting normally.
[PARENT][Rank 275] | Exiting normally.
[PARENT][Rank 373] | Exiting normally.
[PARENT][Rank 388] | Exiting normally.
[PARENT][Rank 385] | Exiting normally.
[PARENT][Rank 383] | Exiting normally.
[PARENT][Rank 380] | Exiting normally.
[PARENT][Rank 397] | Exiting normally.
[PARENT][Rank 1] | Exiting normally.
[PARENT][Rank 3] | Exiting normally.
[PARENT][Rank 2] | Exiting normally.
[PARENT][Rank 142] | Exiting normally.
[PARENT][Rank 0] | Exiting normally.
[PARENT][Rank 374] | Exiting normally.
[PARENT][Rank 328] | Exiting normally.
[PARENT][Rank 336] | Exiting normally.
[PARENT][Rank 333] | Exiting normally.
[PARENT][Rank 330] | Exiting normally.
[PARENT][Rank 337] | Exiting normally.
[PARENT][Rank 353] | Exiting normally.
[PARENT][Rank 363] | Exiting normally.
[PARENT][Rank 356] | Exiting normally.
[PARENT][Rank 286] | Exiting normally.
[PARENT][Rank 329] | Exiting normally.
[PARENT][Rank 354] | Exiting normally.
[PARENT][Rank 331] | Exiting normally.
[PARENT][Rank 341] | Exiting normally.
[PARENT][Rank 355] | Exiting normally.
[PARENT][Rank 343] | Exiting normally.
[PARENT][Rank 392] | Exiting normally.
[PARENT][Rank 334] | Exiting normally.
[PARENT][Rank 362] | Exiting normally.
[PARENT][Rank 352] | Exiting normally.
[PARENT][Rank 342] | Exiting normally.
[PARENT][Rank 300] | Exiting normally.
[PARENT][Rank 322] | Exiting normally.
[PARENT][Rank 344] | Exiting normally.
[PARENT][Rank 348] | Exiting normally.
[PARENT][Rank 338] | Exiting normally.
[PARENT][Rank 357] | Exiting normally.
[PARENT][Rank 340] | Exiting normally.
[PARENT][Rank 323] | Exiting normally.
[PARENT][Rank 339] | Exiting normally.
[PARENT][Rank 359] | Exiting normally.
[PARENT][Rank 345] | Exiting normally.
[PARENT][Rank 296] | Exiting normally.
[PARENT][Rank 326] | Exiting normally.
[PARENT][Rank 295] | Exiting normally.
[PARENT][Rank 358] | Exiting normally.
[PARENT][Rank 302] | Exiting normally.
[PARENT][Rank 325] | Exiting normally.
[PARENT][Rank 368] | Exiting normally.
[PARENT][Rank 283] | Exiting normally.
[PARENT][Rank 305] | Exiting normally.
[PARENT][Rank 192] | Exiting normally.
[PARENT][Rank 346] | Exiting normally.
[PARENT][Rank 317] | Exiting normally.
[PARENT][Rank 309] | Exiting normally.
[PARENT][Rank 294] | Exiting normally.
[PARENT][Rank 297] | Exiting normally.
[PARENT][Rank 299] | Exiting normally.
[PARENT][Rank 306] | Exiting normally.
[PARENT][Rank 318] | Exiting normally.
[PARENT][Rank 301] | Exiting normally.
[PARENT][Rank 292] | Exiting normally.
[PARENT][Rank 314] | Exiting normally.
[PARENT][Rank 321] | Exiting normally.
[PARENT][Rank 291] | Exiting normally.
[PARENT][Rank 303] | Exiting normally.
[PARENT][Rank 311] | Exiting normally.
[PARENT][Rank 327] | Exiting normally.
[PARENT][Rank 315] | Exiting normally.
[PARENT][Rank 308] | Exiting normally.
[PARENT][Rank 304] | Exiting normally.
[PARENT][Rank 316] | Exiting normally.
[PARENT][Rank 307] | Exiting normally.
[PARENT][Rank 395] | Exiting normally.
[PARENT][Rank 313] | Exiting normally.
[PARENT][Rank 378] | Exiting normally.
[PARENT][Rank 350] | Exiting normally.
[PARENT][Rank 391] | Exiting normally.
[PARENT][Rank 394] | Exiting normally.
[PARENT][Rank 393] | Exiting normally.
[PARENT][Rank 371] | Exiting normally.
[PARENT][Rank 398] | Exiting normally.
[PARENT][Rank 386] | Exiting normally.
[PARENT][Rank 390] | Exiting normally.
[PARENT][Rank 372] | Exiting normally.
[PARENT][Rank 312] | Exiting normally.
[PARENT][Rank 396] | Exiting normally.
[PARENT][Rank 377] | Exiting normally.
[PARENT][Rank 387] | Exiting normally.
[PARENT][Rank 389] | Exiting normally.
[PARENT][Rank 367] | Exiting normally.
[PARENT][Rank 379] | Exiting normally.
[PARENT][Rank 375] | Exiting normally.
[PARENT][Rank 347] | Exiting normally.
[PARENT][Rank 351] | Exiting normally.
[PARENT][Rank 332] | Exiting normally.
[PARENT][Rank 361] | Exiting normally.
[PARENT][Rank 335] | Exiting normally.
[PARENT][Rank 349] | Exiting normally.
[PARENT][Rank 298] | Exiting normally.
[PARENT][Rank 293] | Exiting normally.
[PARENT][Rank 320] | Exiting normally.
[PARENT][Rank 319] | Exiting normally.
[PARENT][Rank 324] | Exiting normally.
[PARENT][Rank 360] | Exiting normally.
[PARENT][Rank 310] | Exiting normally.
[PARENT][Rank 123] | Exiting normally.
[PARENT][Rank 129] | Exiting normally.
[PARENT][Rank 141] | Exiting normally.
[PARENT][Rank 121] | Exiting normally.
[PARENT][Rank 220] | Exiting normally.
[PARENT][Rank 76] | Exiting normally.
[PARENT][Rank 15] | Exiting normally.
[PARENT][Rank 190] | Exiting normally.
[PARENT][Rank 196] | Exiting normally.
[PARENT][Rank 52] | Exiting normally.
[PARENT][Rank 166] | Exiting normally.
[PARENT][Rank 12] | Exiting normally.
[PARENT][Rank 189] | Exiting normally.
[PARENT][Rank 198] | Exiting normally.
[PARENT][Rank 210] | Exiting normally.
[PARENT][Rank 212] | Exiting normally.
[PARENT][Rank 213] | Exiting normally.
[PARENT][Rank 208] | Exiting normally.
[PARENT][Rank 195] | Exiting normally.
[PARENT][Rank 207] | Exiting normally.
[PARENT][Rank 188] | Exiting normally.
[PARENT][Rank 200] | Exiting normally.
[PARENT][Rank 216] | Exiting normally.
[PARENT][Rank 209] | Exiting normally.
[PARENT][Rank 184] | Exiting normally.
[PARENT][Rank 204] | Exiting normally.
[PARENT][Rank 112] | Exiting normally.
[PARENT][Rank 17] | Exiting normally.
[PARENT][Rank 77] | Exiting normally.
[PARENT][Rank 36] | Exiting normally.
[PARENT][Rank 223] | Exiting normally.
[PARENT][Rank 254] | Exiting normally.
[PARENT][Rank 226] | Exiting normally.
[PARENT][Rank 250] | Exiting normally.
[PARENT][Rank 228] | Exiting normally.
[PARENT][Rank 239] | Exiting normally.
[PARENT][Rank 244] | Exiting normally.
[PARENT][Rank 237] | Exiting normally.
[PARENT][Rank 78] | Exiting normally.
[PARENT][Rank 227] | Exiting normally.
[PARENT][Rank 222] | Exiting normally.
[PARENT][Rank 255] | Exiting normally.
[PARENT][Rank 9] | Exiting normally.
[PARENT][Rank 11] | Exiting normally.
[PARENT][Rank 8] | Exiting normally.
[PARENT][Rank 39] | Exiting normally.
[PARENT][Rank 229] | Exiting normally.
[PARENT][Rank 28] | Exiting normally.
[PARENT][Rank 118] | Exiting normally.
[PARENT][Rank 116] | Exiting normally.
[PARENT][Rank 20] | Exiting normally.
[PARENT][Rank 33] | Exiting normally.
[PARENT][Rank 136] | Exiting normally.
[PARENT][Rank 234] | Exiting normally.
[PARENT][Rank 7] | Exiting normally.
[PARENT][Rank 24] | Exiting normally.
[PARENT][Rank 6] | Exiting normally.
[PARENT][Rank 26] | Exiting normally.
[PARENT][Rank 104] | Exiting normally.
[PARENT][Rank 132] | Exiting normally.
[PARENT][Rank 96] | Exiting normally.
[PARENT][Rank 221] | Exiting normally.
[PARENT][Rank 113] | Exiting normally.
[PARENT][Rank 231] | Exiting normally.
[PARENT][Rank 225] | Exiting normally.
[PARENT][Rank 146] | Exiting normally.
[PARENT][Rank 82] | Exiting normally.
[PARENT][Rank 27] | Exiting normally.
[PARENT][Rank 18] | Exiting normally.
[PARENT][Rank 245] | Exiting normally.
[PARENT][Rank 140] | Exiting normally.
[PARENT][Rank 247] | Exiting normally.
[PARENT][Rank 117] | Exiting normally.
[PARENT][Rank 92] | Exiting normally.
[PARENT][Rank 233] | Exiting normally.
[PARENT][Rank 99] | Exiting normally.
[PARENT][Rank 249] | Exiting normally.
[PARENT][Rank 134] | Exiting normally.
[PARENT][Rank 79] | Exiting normally.
[PARENT][Rank 144] | Exiting normally.
[PARENT][Rank 101] | Exiting normally.
[PARENT][Rank 120] | Exiting normally.
[PARENT][Rank 103] | Exiting normally.
[PARENT][Rank 37] | Exiting normally.
[PARENT][Rank 131] | Exiting normally.
[PARENT][Rank 13] | Exiting normally.
[PARENT][Rank 108] | Exiting normally.
[PARENT][Rank 251] | Exiting normally.
[PARENT][Rank 88] | Exiting normally.
[PARENT][Rank 243] | Exiting normally.
[PARENT][Rank 19] | Exiting normally.
[PARENT][Rank 100] | Exiting normally.
[PARENT][Rank 5] | Exiting normally.
[PARENT][Rank 133] | Exiting normally.
[PARENT][Rank 109] | Exiting normally.
[PARENT][Rank 105] | Exiting normally.
[PARENT][Rank 32] | Exiting normally.
[PARENT][Rank 35] | Exiting normally.
[PARENT][Rank 124] | Exiting normally.
[PARENT][Rank 23] | Exiting normally.
[PARENT][Rank 186] | Exiting normally.
[PARENT][Rank 38] | Exiting normally.
[PARENT][Rank 91] | Exiting normally.
[PARENT][Rank 21] | Exiting normally.
[PARENT][Rank 218] | Exiting normally.
[PARENT][Rank 30] | Exiting normally.
[PARENT][Rank 106] | Exiting normally.
[PARENT][Rank 85] | Exiting normally.
[PARENT][Rank 111] | Exiting normally.
[PARENT][Rank 87] | Exiting normally.
[PARENT][Rank 98] | Exiting normally.
[PARENT][Rank 122] | Exiting normally.
[PARENT][Rank 4] | Exiting normally.
[PARENT][Rank 86] | Exiting normally.
[PARENT][Rank 110] | Exiting normally.
[PARENT][Rank 34] | Exiting normally.
[PARENT][Rank 83] | Exiting normally.
[PARENT][Rank 90] | Exiting normally.
[PARENT][Rank 14] | Exiting normally.
[PARENT][Rank 107] | Exiting normally.
[PARENT][Rank 102] | Exiting normally.
[PARENT][Rank 31] | Exiting normally.
[PARENT][Rank 29] | Exiting normally.
[PARENT][Rank 22] | Exiting normally.
[PARENT][Rank 80] | Exiting normally.
[PARENT][Rank 95] | Exiting normally.
[PARENT][Rank 93] | Exiting normally.
[PARENT][Rank 81] | Exiting normally.
[PARENT][Rank 94] | Exiting normally.
[PARENT][Rank 97] | Exiting normally.
[PARENT][Rank 16] | Exiting normally.
[PARENT][Rank 89] | Exiting normally.
[PARENT][Rank 148] | Exiting normally.
[PARENT][Rank 10] | Exiting normally.
[PARENT][Rank 126] | Exiting normally.
[PARENT][Rank 84] | Exiting normally.
[PARENT][Rank 174] | Exiting normally.
[PARENT][Rank 152] | Exiting normally.
[PARENT][Rank 150] | Exiting normally.
[PARENT][Rank 179] | Exiting normally.
[PARENT][Rank 168] | Exiting normally.
[PARENT][Rank 172] | Exiting normally.
[PARENT][Rank 171] | Exiting normally.
[PARENT][Rank 161] | Exiting normally.
[PARENT][Rank 169] | Exiting normally.
[PARENT][Rank 158] | Exiting normally.
[PARENT][Rank 173] | Exiting normally.
[PARENT][Rank 180] | Exiting normally.
[PARENT][Rank 160] | Exiting normally.
[PARENT][Rank 164] | Exiting normally.
[PARENT][Rank 25] | Exiting normally.
[PARENT][Rank 153] | Exiting normally.
[PARENT][Rank 149] | Exiting normally.
[PARENT][Rank 167] | Exiting normally.
[PARENT][Rank 159] | Exiting normally.
[PARENT][Rank 157] | Exiting normally.
[PARENT][Rank 253] | Exiting normally.
[PARENT][Rank 40] | Exiting normally.
[PARENT][Rank 165] | Exiting normally.
[PARENT][Rank 45] | Exiting normally.
[PARENT][Rank 151] | Exiting normally.
[PARENT][Rank 176] | Exiting normally.
[PARENT][Rank 175] | Exiting normally.
[PARENT][Rank 178] | Exiting normally.
[PARENT][Rank 43] | Exiting normally.
[PARENT][Rank 177] | Exiting normally.
[PARENT][Rank 170] | Exiting normally.
[PARENT][Rank 69] | Exiting normally.
[PARENT][Rank 182] | Exiting normally.
[PARENT][Rank 163] | Exiting normally.
[PARENT][Rank 74] | Exiting normally.
[PARENT][Rank 71] | Exiting normally.
[PARENT][Rank 51] | Exiting normally.
[PARENT][Rank 154] | Exiting normally.
[PARENT][Rank 46] | Exiting normally.
[PARENT][Rank 58] | Exiting normally.
[PARENT][Rank 155] | Exiting normally.
[PARENT][Rank 59] | Exiting normally.
[PARENT][Rank 41] | Exiting normally.
[PARENT][Rank 57] | Exiting normally.
[PARENT][Rank 68] | Exiting normally.
[PARENT][Rank 42] | Exiting normally.
[PARENT][Rank 44] | Exiting normally.
[PARENT][Rank 53] | Exiting normally.
[PARENT][Rank 49] | Exiting normally.
[PARENT][Rank 73] | Exiting normally.
[PARENT][Rank 67] | Exiting normally.
[PARENT][Rank 61] | Exiting normally.
[PARENT][Rank 50] | Exiting normally.
[PARENT][Rank 66] | Exiting normally.
[PARENT][Rank 55] | Exiting normally.
[PARENT][Rank 64] | Exiting normally.
[PARENT][Rank 60] | Exiting normally.
[PARENT][Rank 65] | Exiting normally.
[PARENT][Rank 47] | Exiting normally.
[PARENT][Rank 56] | Exiting normally.
[PARENT][Rank 70] | Exiting normally.
[PARENT][Rank 75] | Exiting normally.
[PARENT][Rank 54] | Exiting normally.
[PARENT][Rank 63] | Exiting normally.
[PARENT][Rank 72] | Exiting normally.
[PARENT][Rank 48] | Exiting normally.
[PARENT][Rank 62] | Exiting normally.
[PARENT][Rank 119] | Exiting normally.
[PARENT][Rank 130] | Exiting normally.
[PARENT][Rank 232] | Exiting normally.
[PARENT][Rank 242] | Exiting normally.
[PARENT][Rank 240] | Exiting normally.
[PARENT][Rank 235] | Exiting normally.
[PARENT][Rank 215] | Exiting normally.
[PARENT][Rank 199] | Exiting normally.
[PARENT][Rank 238] | Exiting normally.
[PARENT][Rank 191] | Exiting normally.
[PARENT][Rank 203] | Exiting normally.
[PARENT][Rank 114] | Exiting normally.
[PARENT][Rank 145] | Exiting normally.
[PARENT][Rank 219] | Exiting normally.
[PARENT][Rank 135] | Exiting normally.
[PARENT][Rank 246] | Exiting normally.
[PARENT][Rank 252] | Exiting normally.
[PARENT][Rank 185] | Exiting normally.
[PARENT][Rank 230] | Exiting normally.
[PARENT][Rank 187] | Exiting normally.
[PARENT][Rank 224] | Exiting normally.
[PARENT][Rank 194] | Exiting normally.
[PARENT][Rank 241] | Exiting normally.
[PARENT][Rank 201] | Exiting normally.
[PARENT][Rank 205] | Exiting normally.
[PARENT][Rank 147] | Exiting normally.
[PARENT][Rank 217] | Exiting normally.
[PARENT][Rank 193] | Exiting normally.
[PARENT][Rank 211] | Exiting normally.
[PARENT][Rank 197] | Exiting normally.
[PARENT][Rank 128] | Exiting normally.
[PARENT][Rank 138] | Exiting normally.
[PARENT][Rank 202] | Exiting normally.
[PARENT][Rank 115] | Exiting normally.
[PARENT][Rank 236] | Exiting normally.
[PARENT][Rank 143] | Exiting normally.
[PARENT][Rank 125] | Exiting normally.
[PARENT][Rank 127] | Exiting normally.
[PARENT][Rank 137] | Exiting normally.
[PARENT][Rank 206] | Exiting normally.
[PARENT][Rank 156] | Exiting normally.
[PARENT][Rank 248] | Exiting normally.
[PARENT][Rank 214] | Exiting normally.
[PARENT][Rank 162] | Exiting normally.
[PARENT][Rank 181] | Exiting normally.
[PARENT][Rank 139] | Exiting normally.
[PARENT][Rank 183] | Exiting normally.
The following model failed in CLASS:
{'output': 'tCl,lCl,pCl,mPk', 'lensing': 'yes', 'k_pivot': 0.05, 'N_ur': 2.0328, 'N_ncdm': 1, 'm_ncdm': 0.06, 'T_ncdm': 0.71611, 'omega_b': 0.021902498, 'omega_cdm': 0.113094, 'omega_ini_dcdm': 0.008729553, 'Gamma_dcdm': 198.14995, 'H0': 67.05965, 'ln10^{10}A_s': 3.053507, 'n_s': 0.9538899, 'tau_reio': 0.05900515, 'P_k_max_1/Mpc': 8.4445, 'z_max_pk': 13.65}
perturbations_init(L:1006) :error in perturbations_solve(ppr, pba, pth, ppt, index_md, index_ic, index_k, pppw[thread]);
=>perturbations_solve(L:3221) :error in perturbations_find_approximation_switches(ppr, pba, pth, ppt, index_md, k, ppw, tau, ppt->tau_sampling[tau_actual_size-1], ppr->tol_tau_approx, interval_number, interval_number_of, interval_limit, interval_approx);
=>perturbations_find_approximation_switches(L:3689) :error in perturbations_approximations(ppr, pba, pth, ppt, index_md, k, mid, ppw);
=>perturbations_approximations(L:6190) :condition (tau_c < 0.) is true; tau_c = 1/kappa' should always be positive unless there is something wrong in the thermodynamics module. However you have here tau_c=-9.324401e+08 at z=4.997795e-02, conformal time=1.393248e+04 x_e=-2.834239e-03. (This could come from the interpolation of a too poorly sampled reionisation history?).

The following model failed in CLASS:
{'output': 'tCl,lCl,pCl,mPk', 'lensing': 'yes', 'k_pivot': 0.05, 'N_ur': 2.0328, 'N_ncdm': 1, 'm_ncdm': 0.06, 'T_ncdm': 0.71611, 'omega_b': 0.021902498, 'omega_cdm': 0.113094, 'omega_ini_dcdm': 0.008729553, 'Gamma_dcdm': 198.14995, 'H0': 67.05965, 'ln10^{10}A_s': 3.053507, 'n_s': 0.9538899, 'tau_reio': 0.05900515, 'P_k_max_1/Mpc': 8.4445, 'z_max_pk': 13.65}
perturbations_init(L:1006) :error in perturbations_solve(ppr, pba, pth, ppt, index_md, index_ic, index_k, pppw[thread]);
=>perturbations_solve(L:3221) :error in perturbations_find_approximation_switches(ppr, pba, pth, ppt, index_md, k, ppw, tau, ppt->tau_sampling[tau_actual_size-1], ppr->tol_tau_approx, interval_number, interval_number_of, interval_limit, interval_approx);
=>perturbations_find_approximation_switches(L:3689) :error in perturbations_approximations(ppr, pba, pth, ppt, index_md, k, mid, ppw);
=>perturbations_approximations(L:6190) :condition (tau_c < 0.) is true; tau_c = 1/kappa' should always be positive unless there is something wrong in the thermodynamics module. However you have here tau_c=-9.324401e+08 at z=4.997795e-02, conformal time=1.393248e+04 x_e=-2.834239e-03. (This could come from the interpolation of a too poorly sampled reionisation history?).

[PARENT][Rank 281] | Exiting normally.
[PARENT][Rank 283] | Exiting normally.
[PARENT][Rank 277] | Exiting normally.
[PARENT][Rank 279] | Exiting normally.
[PARENT][Rank 285] | Exiting normally.
[PARENT][Rank 275] | Exiting normally.
[PARENT][Rank 271] | Exiting normally.
[PARENT][Rank 273] | Exiting normally.
[PARENT][Rank 291] | Exiting normally.
[PARENT][Rank 290] | Exiting normally.
[PARENT][Rank 258] | Exiting normally.
[PARENT][Rank 278] | Exiting normally.
[PARENT][Rank 280] | Exiting normally.
[PARENT][Rank 261] | Exiting normally.
[PARENT][Rank 269] | Exiting normally.
[PARENT][Rank 263] | Exiting normally.
[PARENT][Rank 289] | Exiting normally.
[PARENT][Rank 272] | Exiting normally.
[PARENT][Rank 260] | Exiting normally.
[PARENT][Rank 270] | Exiting normally.
[PARENT][Rank 267] | Exiting normally.
[PARENT][Rank 288] | Exiting normally.
[PARENT][Rank 274] | Exiting normally.
[PARENT][Rank 257] | Exiting normally.
[PARENT][Rank 265] | Exiting normally.
[PARENT][Rank 259] | Exiting normally.
[PARENT][Rank 266] | Exiting normally.
[PARENT][Rank 373] | Exiting normally.
[PARENT][Rank 378] | Exiting normally.
[PARENT][Rank 375] | Exiting normally.
[PARENT][Rank 368] | Exiting normally.
[PARENT][Rank 379] | Exiting normally.
[PARENT][Rank 397] | Exiting normally.
[PARENT][Rank 287] | Exiting normally.
[PARENT][Rank 264] | Exiting normally.
[PARENT][Rank 282] | Exiting normally.
[PARENT][Rank 382] | Exiting normally.
[PARENT][Rank 268] | Exiting normally.
[PARENT][Rank 256] | Exiting normally.
[PARENT][Rank 364] | Exiting normally.
[PARENT][Rank 376] | Exiting normally.
[PARENT][Rank 284] | Exiting normally.
[PARENT][Rank 286] | Exiting normally.
[PARENT][Rank 385] | Exiting normally.
[PARENT][Rank 262] | Exiting normally.
[PARENT][Rank 394] | Exiting normally.
[PARENT][Rank 396] | Exiting normally.
[PARENT][Rank 374] | Exiting normally.
[PARENT][Rank 276] | Exiting normally.
[PARENT][Rank 371] | Exiting normally.
[PARENT][Rank 370] | Exiting normally.
[PARENT][Rank 393] | Exiting normally.
[PARENT][Rank 340] | Exiting normally.
[PARENT][Rank 346] | Exiting normally.
[PARENT][Rank 360] | Exiting normally.
[PARENT][Rank 372] | Exiting normally.
[PARENT][Rank 389] | Exiting normally.
[PARENT][Rank 391] | Exiting normally.
[PARENT][Rank 383] | Exiting normally.
[PARENT][Rank 388] | Exiting normally.
[PARENT][Rank 377] | Exiting normally.
[PARENT][Rank 392] | Exiting normally.
[PARENT][Rank 365] | Exiting normally.
[PARENT][Rank 366] | Exiting normally.
[PARENT][Rank 387] | Exiting normally.
[PARENT][Rank 367] | Exiting normally.
[PARENT][Rank 381] | Exiting normally.
[PARENT][Rank 395] | Exiting normally.
[PARENT][Rank 386] | Exiting normally.
[PARENT][Rank 0] | Exiting normally.
[PARENT][Rank 390] | Exiting normally.
[PARENT][Rank 384] | Exiting normally.
[PARENT][Rank 380] | Exiting normally.
[PARENT][Rank 398] | Exiting normally.
[PARENT][Rank 369] | Exiting normally.
[PARENT][Rank 314] | Exiting normally.
[PARENT][Rank 294] | Exiting normally.
[PARENT][Rank 295] | Exiting normally.
[PARENT][Rank 324] | Exiting normally.
[PARENT][Rank 138] | Exiting normally.
[PARENT][Rank 325] | Exiting normally.
[PARENT][Rank 326] | Exiting normally.
[PARENT][Rank 292] | Exiting normally.
[PARENT][Rank 293] | Exiting normally.
[PARENT][Rank 296] | Exiting normally.
[PARENT][Rank 297] | Exiting normally.
[PARENT][Rank 299] | Exiting normally.
[PARENT][Rank 300] | Exiting normally.
[PARENT][Rank 301] | Exiting normally.
[PARENT][Rank 302] | Exiting normally.
[PARENT][Rank 303] | Exiting normally.
[PARENT][Rank 304] | Exiting normally.
[PARENT][Rank 305] | Exiting normally.
[PARENT][Rank 306] | Exiting normally.
[PARENT][Rank 308] | Exiting normally.
[PARENT][Rank 309] | Exiting normally.
[PARENT][Rank 310] | Exiting normally.
[PARENT][Rank 311] | Exiting normally.
[PARENT][Rank 312] | Exiting normally.
[PARENT][Rank 313] | Exiting normally.
[PARENT][Rank 315] | Exiting normally.
[PARENT][Rank 316] | Exiting normally.
[PARENT][Rank 317] | Exiting normally.
[PARENT][Rank 318] | Exiting normally.
[PARENT][Rank 319] | Exiting normally.
[PARENT][Rank 320] | Exiting normally.
[PARENT][Rank 321] | Exiting normally.
[PARENT][Rank 322] | Exiting normally.
[PARENT][Rank 323] | Exiting normally.
[PARENT][Rank 298] | Exiting normally.
[PARENT][Rank 327] | Exiting normally.
[PARENT][Rank 330] | Exiting normally.
[PARENT][Rank 363] | Exiting normally.
[PARENT][Rank 350] | Exiting normally.
[PARENT][Rank 332] | Exiting normally.
[PARENT][Rank 358] | Exiting normally.
[PARENT][Rank 362] | Exiting normally.
[PARENT][Rank 338] | Exiting normally.
[PARENT][Rank 356] | Exiting normally.
[PARENT][Rank 359] | Exiting normally.
[PARENT][Rank 334] | Exiting normally.
[PARENT][Rank 335] | Exiting normally.
[PARENT][Rank 331] | Exiting normally.
[PARENT][Rank 347] | Exiting normally.
[PARENT][Rank 357] | Exiting normally.
[PARENT][Rank 351] | Exiting normally.
[PARENT][Rank 361] | Exiting normally.
[PARENT][Rank 333] | Exiting normally.
[PARENT][Rank 341] | Exiting normally.
[PARENT][Rank 343] | Exiting normally.
[PARENT][Rank 337] | Exiting normally.
[PARENT][Rank 339] | Exiting normally.
[PARENT][Rank 307] | Exiting normally.
[PARENT][Rank 329] | Exiting normally.
[PARENT][Rank 336] | Exiting normally.
[PARENT][Rank 348] | Exiting normally.
[PARENT][Rank 352] | Exiting normally.
[PARENT][Rank 342] | Exiting normally.
[PARENT][Rank 344] | Exiting normally.
[PARENT][Rank 354] | Exiting normally.
[PARENT][Rank 355] | Exiting normally.
[PARENT][Rank 345] | Exiting normally.
[PARENT][Rank 349] | Exiting normally.
[PARENT][Rank 328] | Exiting normally.
[PARENT][Rank 187] | Exiting normally.
[PARENT][Rank 353] | Exiting normally.
[PARENT][Rank 3] | Exiting normally.
[PARENT][Rank 1] | Exiting normally.
[PARENT][Rank 100] | Exiting normally.
[PARENT][Rank 2] | Exiting normally.
[PARENT][Rank 6] | Exiting normally.
[PARENT][Rank 7] | Exiting normally.
[PARENT][Rank 24] | Exiting normally.
[PARENT][Rank 28] | Exiting normally.
[PARENT][Rank 50] | Exiting normally.
[PARENT][Rank 244] | Exiting normally.
[PARENT][Rank 114] | Exiting normally.
[PARENT][Rank 124] | Exiting normally.
[PARENT][Rank 122] | Exiting normally.
[PARENT][Rank 134] | Exiting normally.
[PARENT][Rank 146] | Exiting normally.
[PARENT][Rank 126] | Exiting normally.
[PARENT][Rank 112] | Exiting normally.
[PARENT][Rank 154] | Exiting normally.
[PARENT][Rank 140] | Exiting normally.
[PARENT][Rank 131] | Exiting normally.
[PARENT][Rank 144] | Exiting normally.
[PARENT][Rank 120] | Exiting normally.
[PARENT][Rank 139] | Exiting normally.
[PARENT][Rank 123] | Exiting normally.
[PARENT][Rank 78] | Exiting normally.
[PARENT][Rank 77] | Exiting normally.
[PARENT][Rank 105] | Exiting normally.
[PARENT][Rank 99] | Exiting normally.
[PARENT][Rank 102] | Exiting normally.
[PARENT][Rank 96] | Exiting normally.
[PARENT][Rank 91] | Exiting normally.
[PARENT][Rank 86] | Exiting normally.
[PARENT][Rank 88] | Exiting normally.
[PARENT][Rank 106] | Exiting normally.
[PARENT][Rank 81] | Exiting normally.
[PARENT][Rank 107] | Exiting normally.
[PARENT][Rank 80] | Exiting normally.
[PARENT][Rank 109] | Exiting normally.
[PARENT][Rank 97] | Exiting normally.
[PARENT][Rank 83] | Exiting normally.
[PARENT][Rank 101] | Exiting normally.
[PARENT][Rank 110] | Exiting normally.
[PARENT][Rank 104] | Exiting normally.
[PARENT][Rank 108] | Exiting normally.
[PARENT][Rank 87] | Exiting normally.
[PARENT][Rank 84] | Exiting normally.
[PARENT][Rank 82] | Exiting normally.
[PARENT][Rank 184] | Exiting normally.
[PARENT][Rank 92] | Exiting normally.
[PARENT][Rank 29] | Exiting normally.
[PARENT][Rank 33] | Exiting normally.
[PARENT][Rank 13] | Exiting normally.
[PARENT][Rank 93] | Exiting normally.
[PARENT][Rank 218] | Exiting normally.
[PARENT][Rank 18] | Exiting normally.
[PARENT][Rank 19] | Exiting normally.
[PARENT][Rank 95] | Exiting normally.
[PARENT][Rank 22] | Exiting normally.
[PARENT][Rank 37] | Exiting normally.
[PARENT][Rank 111] | Exiting normally.
[PARENT][Rank 89] | Exiting normally.
[PARENT][Rank 103] | Exiting normally.
[PARENT][Rank 196] | Exiting normally.
[PARENT][Rank 79] | Exiting normally.
[PARENT][Rank 85] | Exiting normally.
[PARENT][Rank 90] | Exiting normally.
[PARENT][Rank 194] | Exiting normally.
[PARENT][Rank 94] | Exiting normally.
[PARENT][Rank 208] | Exiting normally.
[PARENT][Rank 76] | Exiting normally.
[PARENT][Rank 212] | Exiting normally.
[PARENT][Rank 216] | Exiting normally.
[PARENT][Rank 10] | Exiting normally.
[PARENT][Rank 200] | Exiting normally.
[PARENT][Rank 185] | Exiting normally.
[PARENT][Rank 198] | Exiting normally.
[PARENT][Rank 211] | Exiting normally.
[PARENT][Rank 192] | Exiting normally.
[PARENT][Rank 5] | Exiting normally.
[PARENT][Rank 38] | Exiting normally.
[PARENT][Rank 206] | Exiting normally.
[PARENT][Rank 23] | Exiting normally.
[PARENT][Rank 32] | Exiting normally.
[PARENT][Rank 9] | Exiting normally.
[PARENT][Rank 26] | Exiting normally.
[PARENT][Rank 16] | Exiting normally.
[PARENT][Rank 191] | Exiting normally.
[PARENT][Rank 188] | Exiting normally.
[PARENT][Rank 197] | Exiting normally.
[PARENT][Rank 12] | Exiting normally.
[PARENT][Rank 14] | Exiting normally.
[PARENT][Rank 34] | Exiting normally.
[PARENT][Rank 186] | Exiting normally.
[PARENT][Rank 8] | Exiting normally.
[PARENT][Rank 210] | Exiting normally.
[PARENT][Rank 31] | Exiting normally.
[PARENT][Rank 193] | Exiting normally.
[PARENT][Rank 214] | Exiting normally.
[PARENT][Rank 190] | Exiting normally.
[PARENT][Rank 215] | Exiting normally.
[PARENT][Rank 27] | Exiting normally.
[PARENT][Rank 202] | Exiting normally.
[PARENT][Rank 204] | Exiting normally.
[PARENT][Rank 98] | Exiting normally.
[PARENT][Rank 209] | Exiting normally.
[PARENT][Rank 201] | Exiting normally.
[PARENT][Rank 205] | Exiting normally.
[PARENT][Rank 219] | Exiting normally.
[PARENT][Rank 195] | Exiting normally.
[PARENT][Rank 199] | Exiting normally.
[PARENT][Rank 203] | Exiting normally.
[PARENT][Rank 213] | Exiting normally.
[PARENT][Rank 189] | Exiting normally.
[PARENT][Rank 207] | Exiting normally.
[PARENT][Rank 35] | Exiting normally.
[PARENT][Rank 15] | Exiting normally.
[PARENT][Rank 30] | Exiting normally.
[PARENT][Rank 17] | Exiting normally.
[PARENT][Rank 4] | Exiting normally.
[PARENT][Rank 64] | Exiting normally.
[PARENT][Rank 21] | Exiting normally.
[PARENT][Rank 39] | Exiting normally.
[PARENT][Rank 217] | Exiting normally.
[PARENT][Rank 11] | Exiting normally.
[PARENT][Rank 69] | Exiting normally.
[PARENT][Rank 25] | Exiting normally.
[PARENT][Rank 20] | Exiting normally.
[PARENT][Rank 52] | Exiting normally.
[PARENT][Rank 36] | Exiting normally.
[PARENT][Rank 73] | Exiting normally.
[PARENT][Rank 56] | Exiting normally.
[PARENT][Rank 48] | Exiting normally.
[PARENT][Rank 63] | Exiting normally.
[PARENT][Rank 58] | Exiting normally.
[PARENT][Rank 70] | Exiting normally.
[PARENT][Rank 59] | Exiting normally.
[PARENT][Rank 61] | Exiting normally.
[PARENT][Rank 62] | Exiting normally.
[PARENT][Rank 67] | Exiting normally.
[PARENT][Rank 75] | Exiting normally.
[PARENT][Rank 49] | Exiting normally.
[PARENT][Rank 60] | Exiting normally.
[PARENT][Rank 45] | Exiting normally.
[PARENT][Rank 41] | Exiting normally.
[PARENT][Rank 66] | Exiting normally.
[PARENT][Rank 68] | Exiting normally.
[PARENT][Rank 54] | Exiting normally.
[PARENT][Rank 42] | Exiting normally.
[PARENT][Rank 65] | Exiting normally.
[PARENT][Rank 55] | Exiting normally.
[PARENT][Rank 57] | Exiting normally.
[PARENT][Rank 71] | Exiting normally.
[PARENT][Rank 40] | Exiting normally.
[PARENT][Rank 43] | Exiting normally.
[PARENT][Rank 72] | Exiting normally.
[PARENT][Rank 46] | Exiting normally.
[PARENT][Rank 74] | Exiting normally.
[PARENT][Rank 44] | Exiting normally.
[PARENT][Rank 47] | Exiting normally.
[PARENT][Rank 51] | Exiting normally.
[PARENT][Rank 53] | Exiting normally.
[PARENT][Rank 223] | Exiting normally.
[PARENT][Rank 225] | Exiting normally.
[PARENT][Rank 238] | Exiting normally.
[PARENT][Rank 237] | Exiting normally.
[PARENT][Rank 227] | Exiting normally.
[PARENT][Rank 255] | Exiting normally.
[PARENT][Rank 229] | Exiting normally.
[PARENT][Rank 253] | Exiting normally.
[PARENT][Rank 252] | Exiting normally.
[PARENT][Rank 246] | Exiting normally.
[PARENT][Rank 254] | Exiting normally.
[PARENT][Rank 235] | Exiting normally.
[PARENT][Rank 222] | Exiting normally.
[PARENT][Rank 221] | Exiting normally.
[PARENT][Rank 243] | Exiting normally.
[PARENT][Rank 245] | Exiting normally.
[PARENT][Rank 247] | Exiting normally.
[PARENT][Rank 241] | Exiting normally.
[PARENT][Rank 251] | Exiting normally.
[PARENT][Rank 231] | Exiting normally.
[PARENT][Rank 236] | Exiting normally.
[PARENT][Rank 248] | Exiting normally.
[PARENT][Rank 220] | Exiting normally.
[PARENT][Rank 230] | Exiting normally.
[PARENT][Rank 239] | Exiting normally.
[PARENT][Rank 232] | Exiting normally.
[PARENT][Rank 226] | Exiting normally.
[PARENT][Rank 224] | Exiting normally.
[PARENT][Rank 233] | Exiting normally.
[PARENT][Rank 249] | Exiting normally.
[PARENT][Rank 240] | Exiting normally.
[PARENT][Rank 242] | Exiting normally.
[PARENT][Rank 228] | Exiting normally.
[PARENT][Rank 234] | Exiting normally.
[PARENT][Rank 116] | Exiting normally.
[PARENT][Rank 250] | Exiting normally.
[PARENT][Rank 117] | Exiting normally.
[PARENT][Rank 129] | Exiting normally.
[PARENT][Rank 130] | Exiting normally.
[PARENT][Rank 119] | Exiting normally.
[PARENT][Rank 143] | Exiting normally.
[PARENT][Rank 118] | Exiting normally.
[PARENT][Rank 141] | Exiting normally.
[PARENT][Rank 121] | Exiting normally.
[PARENT][Rank 145] | Exiting normally.
[PARENT][Rank 113] | Exiting normally.
[PARENT][Rank 147] | Exiting normally.
[PARENT][Rank 115] | Exiting normally.
[PARENT][Rank 133] | Exiting normally.
[PARENT][Rank 127] | Exiting normally.
[PARENT][Rank 142] | Exiting normally.
[PARENT][Rank 136] | Exiting normally.
[PARENT][Rank 125] | Exiting normally.
[PARENT][Rank 135] | Exiting normally.
[PARENT][Rank 128] | Exiting normally.
[PARENT][Rank 137] | Exiting normally.
[PARENT][Rank 132] | Exiting normally.
[PARENT][Rank 164] | Exiting normally.
[PARENT][Rank 158] | Exiting normally.
[PARENT][Rank 174] | Exiting normally.
[PARENT][Rank 175] | Exiting normally.
[PARENT][Rank 153] | Exiting normally.
[PARENT][Rank 155] | Exiting normally.
[PARENT][Rank 161] | Exiting normally.
[PARENT][Rank 181] | Exiting normally.
[PARENT][Rank 151] | Exiting normally.
[PARENT][Rank 172] | Exiting normally.
[PARENT][Rank 180] | Exiting normally.
[PARENT][Rank 149] | Exiting normally.
[PARENT][Rank 171] | Exiting normally.
[PARENT][Rank 179] | Exiting normally.
[PARENT][Rank 168] | Exiting normally.
[PARENT][Rank 157] | Exiting normally.
[PARENT][Rank 167] | Exiting normally.
[PARENT][Rank 150] | Exiting normally.
[PARENT][Rank 173] | Exiting normally.
[PARENT][Rank 148] | Exiting normally.
[PARENT][Rank 182] | Exiting normally.
[PARENT][Rank 166] | Exiting normally.
[PARENT][Rank 165] | Exiting normally.
[PARENT][Rank 176] | Exiting normally.
[PARENT][Rank 169] | Exiting normally.
[PARENT][Rank 178] | Exiting normally.
[PARENT][Rank 177] | Exiting normally.
[PARENT][Rank 163] | Exiting normally.
[PARENT][Rank 156] | Exiting normally.
[PARENT][Rank 160] | Exiting normally.
[PARENT][Rank 162] | Exiting normally.
[PARENT][Rank 152] | Exiting normally.
[PARENT][Rank 183] | Exiting normally.
[PARENT][Rank 159] | Exiting normally.
[PARENT][Rank 170] | Exiting normally.
[PARENT][Rank 259] | Exiting normally.
[PARENT][Rank 289] | Exiting normally.
[PARENT][Rank 263] | Exiting normally.
[PARENT][Rank 282] | Exiting normally.
[PARENT][Rank 288] | Exiting normally.
[PARENT][Rank 287] | Exiting normally.
[PARENT][Rank 260] | Exiting normally.
[PARENT][Rank 256] | Exiting normally.
[PARENT][Rank 277] | Exiting normally.
[PARENT][Rank 284] | Exiting normally.
[PARENT][Rank 281] | Exiting normally.
[PARENT][Rank 265] | Exiting normally.
[PARENT][Rank 279] | Exiting normally.
[PARENT][Rank 286] | Exiting normally.
[PARENT][Rank 276] | Exiting normally.
[PARENT][Rank 290] | Exiting normally.
[PARENT][Rank 270] | Exiting normally.
[PARENT][Rank 275] | Exiting normally.
[PARENT][Rank 258] | Exiting normally.
[PARENT][Rank 261] | Exiting normally.
[PARENT][Rank 269] | Exiting normally.
[PARENT][Rank 280] | Exiting normally.
[PARENT][Rank 272] | Exiting normally.
[PARENT][Rank 262] | Exiting normally.
[PARENT][Rank 268] | Exiting normally.
[PARENT][Rank 264] | Exiting normally.
[PARENT][Rank 278] | Exiting normally.
[PARENT][Rank 271] | Exiting normally.
[PARENT][Rank 379] | Exiting normally.
[PARENT][Rank 393] | Exiting normally.
[PARENT][Rank 215] | Exiting normally.
[PARENT][Rank 371] | Exiting normally.
[PARENT][Rank 367] | Exiting normally.
[PARENT][Rank 389] | Exiting normally.
[PARENT][Rank 365] | Exiting normally.
[PARENT][Rank 381] | Exiting normally.
[PARENT][Rank 373] | Exiting normally.
[PARENT][Rank 377] | Exiting normally.
[PARENT][Rank 396] | Exiting normally.
[PARENT][Rank 274] | Exiting normally.
[PARENT][Rank 0] | Exiting normally.
[PARENT][Rank 343] | Exiting normally.
[PARENT][Rank 353] | Exiting normally.
[PARENT][Rank 383] | Exiting normally.
[PARENT][Rank 352] | Exiting normally.
[PARENT][Rank 387] | Exiting normally.
[PARENT][Rank 358] | Exiting normally.
[PARENT][Rank 354] | Exiting normally.
[PARENT][Rank 333] | Exiting normally.
[PARENT][Rank 378] | Exiting normally.
[PARENT][Rank 356] | Exiting normally.
[PARENT][Rank 267] | Exiting normally.
[PARENT][Rank 285] | Exiting normally.
[PARENT][Rank 266] | Exiting normally.
[PARENT][Rank 257] | Exiting normally.
[PARENT][Rank 273] | Exiting normally.
[PARENT][Rank 347] | Exiting normally.
[PARENT][Rank 291] | Exiting normally.
[PARENT][Rank 376] | Exiting normally.
[PARENT][Rank 385] | Exiting normally.
[PARENT][Rank 335] | Exiting normally.
[PARENT][Rank 338] | Exiting normally.
[PARENT][Rank 359] | Exiting normally.
[PARENT][Rank 329] | Exiting normally.
[PARENT][Rank 344] | Exiting normally.
[PARENT][Rank 328] | Exiting normally.
[PARENT][Rank 330] | Exiting normally.
[PARENT][Rank 331] | Exiting normally.
[PARENT][Rank 345] | Exiting normally.
[PARENT][Rank 332] | Exiting normally.
[PARENT][Rank 342] | Exiting normally.
[PARENT][Rank 334] | Exiting normally.
[PARENT][Rank 357] | Exiting normally.
[PARENT][Rank 355] | Exiting normally.
[PARENT][Rank 349] | Exiting normally.
[PARENT][Rank 341] | Exiting normally.
[PARENT][Rank 362] | Exiting normally.
[PARENT][Rank 363] | Exiting normally.
[PARENT][Rank 337] | Exiting normally.
[PARENT][Rank 350] | Exiting normally.
[PARENT][Rank 283] | Exiting normally.
[PARENT][Rank 369] | Exiting normally.
[PARENT][Rank 372] | Exiting normally.
[PARENT][Rank 398] | Exiting normally.
[PARENT][Rank 382] | Exiting normally.
[PARENT][Rank 388] | Exiting normally.
[PARENT][Rank 391] | Exiting normally.
[PARENT][Rank 364] | Exiting normally.
[PARENT][Rank 395] | Exiting normally.
[PARENT][Rank 390] | Exiting normally.
[PARENT][Rank 366] | Exiting normally.
[PARENT][Rank 394] | Exiting normally.
[PARENT][Rank 370] | Exiting normally.
[PARENT][Rank 374] | Exiting normally.
[PARENT][Rank 386] | Exiting normally.
[PARENT][Rank 392] | Exiting normally.
[PARENT][Rank 380] | Exiting normally.
[PARENT][Rank 384] | Exiting normally.
[PARENT][Rank 368] | Exiting normally.
[PARENT][Rank 375] | Exiting normally.
[PARENT][Rank 397] | Exiting normally.
[PARENT][Rank 135] | Exiting normally.
[PARENT][Rank 361] | Exiting normally.
[PARENT][Rank 3] | Exiting normally.
[PARENT][Rank 1] | Exiting normally.
[PARENT][Rank 2] | Exiting normally.
[PARENT][Rank 339] | Exiting normally.
[PARENT][Rank 306] | Exiting normally.
[PARENT][Rank 294] | Exiting normally.
[PARENT][Rank 336] | Exiting normally.
[PARENT][Rank 321] | Exiting normally.
[PARENT][Rank 325] | Exiting normally.
[PARENT][Rank 296] | Exiting normally.
[PARENT][Rank 301] | Exiting normally.
[PARENT][Rank 303] | Exiting normally.
[PARENT][Rank 305] | Exiting normally.
[PARENT][Rank 307] | Exiting normally.
[PARENT][Rank 315] | Exiting normally.
[PARENT][Rank 319] | Exiting normally.
[PARENT][Rank 323] | Exiting normally.
[PARENT][Rank 293] | Exiting normally.
[PARENT][Rank 297] | Exiting normally.
[PARENT][Rank 322] | Exiting normally.
[PARENT][Rank 326] | Exiting normally.
[PARENT][Rank 304] | Exiting normally.
[PARENT][Rank 308] | Exiting normally.
[PARENT][Rank 327] | Exiting normally.
[PARENT][Rank 292] | Exiting normally.
[PARENT][Rank 324] | Exiting normally.
[PARENT][Rank 295] | Exiting normally.
[PARENT][Rank 314] | Exiting normally.
[PARENT][Rank 300] | Exiting normally.
[PARENT][Rank 312] | Exiting normally.
[PARENT][Rank 313] | Exiting normally.
[PARENT][Rank 320] | Exiting normally.
[PARENT][Rank 299] | Exiting normally.
[PARENT][Rank 310] | Exiting normally.
[PARENT][Rank 317] | Exiting normally.
[PARENT][Rank 318] | Exiting normally.
[PARENT][Rank 316] | Exiting normally.
[PARENT][Rank 309] | Exiting normally.
[PARENT][Rank 311] | Exiting normally.
[PARENT][Rank 302] | Exiting normally.
[PARENT][Rank 360] | Exiting normally.
[PARENT][Rank 298] | Exiting normally.
[PARENT][Rank 346] | Exiting normally.
[PARENT][Rank 351] | Exiting normally.
[PARENT][Rank 348] | Exiting normally.
[PARENT][Rank 90] | Exiting normally.
[PARENT][Rank 91] | Exiting normally.
[PARENT][Rank 14] | Exiting normally.
[PARENT][Rank 32] | Exiting normally.
[PARENT][Rank 340] | Exiting normally.
[PARENT][Rank 187] | Exiting normally.
[PARENT][Rank 216] | Exiting normally.
[PARENT][Rank 204] | Exiting normally.
[PARENT][Rank 197] | Exiting normally.
[PARENT][Rank 217] | Exiting normally.
[PARENT][Rank 193] | Exiting normally.
[PARENT][Rank 191] | Exiting normally.
[PARENT][Rank 75] | Exiting normally.
[PARENT][Rank 164] | Exiting normally.
[PARENT][Rank 220] | Exiting normally.
[PARENT][Rank 228] | Exiting normally.
[PARENT][Rank 238] | Exiting normally.
[PARENT][Rank 247] | Exiting normally.
[PARENT][Rank 129] | Exiting normally.
[PARENT][Rank 115] | Exiting normally.
[PARENT][Rank 117] | Exiting normally.
[PARENT][Rank 123] | Exiting normally.
[PARENT][Rank 101] | Exiting normally.
[PARENT][Rank 28] | Exiting normally.
[PARENT][Rank 132] | Exiting normally.
[PARENT][Rank 195] | Exiting normally.
[PARENT][Rank 77] | Exiting normally.
[PARENT][Rank 93] | Exiting normally.
[PARENT][Rank 104] | Exiting normally.
[PARENT][Rank 106] | Exiting normally.
[PARENT][Rank 99] | Exiting normally.
[PARENT][Rank 76] | Exiting normally.
[PARENT][Rank 38] | Exiting normally.
[PARENT][Rank 85] | Exiting normally.
[PARENT][Rank 80] | Exiting normally.
[PARENT][Rank 6] | Exiting normally.
[PARENT][Rank 86] | Exiting normally.
[PARENT][Rank 84] | Exiting normally.
[PARENT][Rank 103] | Exiting normally.
[PARENT][Rank 83] | Exiting normally.
[PARENT][Rank 94] | Exiting normally.
[PARENT][Rank 88] | Exiting normally.
[PARENT][Rank 102] | Exiting normally.
[PARENT][Rank 109] | Exiting normally.
[PARENT][Rank 24] | Exiting normally.
[PARENT][Rank 98] | Exiting normally.
[PARENT][Rank 92] | Exiting normally.
[PARENT][Rank 36] | Exiting normally.
[PARENT][Rank 10] | Exiting normally.
[PARENT][Rank 18] | Exiting normally.
[PARENT][Rank 16] | Exiting normally.
[PARENT][Rank 34] | Exiting normally.
[PARENT][Rank 4] | Exiting normally.
[PARENT][Rank 81] | Exiting normally.
[PARENT][Rank 97] | Exiting normally.
[PARENT][Rank 208] | Exiting normally.
[PARENT][Rank 212] | Exiting normally.
[PARENT][Rank 219] | Exiting normally.
[PARENT][Rank 53] | Exiting normally.
[PARENT][Rank 184] | Exiting normally.
[PARENT][Rank 200] | Exiting normally.
[PARENT][Rank 45] | Exiting normally.
[PARENT][Rank 52] | Exiting normally.
[PARENT][Rank 74] | Exiting normally.
[PARENT][Rank 192] | Exiting normally.
[PARENT][Rank 51] | Exiting normally.
[PARENT][Rank 58] | Exiting normally.
[PARENT][Rank 188] | Exiting normally.
[PARENT][Rank 73] | Exiting normally.
[PARENT][Rank 67] | Exiting normally.
[PARENT][Rank 218] | Exiting normally.
[PARENT][Rank 59] | Exiting normally.
[PARENT][Rank 48] | Exiting normally.
[PARENT][Rank 198] | Exiting normally.
[PARENT][Rank 206] | Exiting normally.
[PARENT][Rank 203] | Exiting normally.
[PARENT][Rank 190] | Exiting normally.
[PARENT][Rank 205] | Exiting normally.
[PARENT][Rank 194] | Exiting normally.
[PARENT][Rank 202] | Exiting normally.
[PARENT][Rank 66] | Exiting normally.
[PARENT][Rank 40] | Exiting normally.
[PARENT][Rank 44] | Exiting normally.
[PARENT][Rank 41] | Exiting normally.
[PARENT][Rank 68] | Exiting normally.
[PARENT][Rank 70] | Exiting normally.
[PARENT][Rank 54] | Exiting normally.
[PARENT][Rank 57] | Exiting normally.
[PARENT][Rank 65] | Exiting normally.
[PARENT][Rank 185] | Exiting normally.
[PARENT][Rank 63] | Exiting normally.
[PARENT][Rank 42] | Exiting normally.
[PARENT][Rank 50] | Exiting normally.
[PARENT][Rank 62] | Exiting normally.
[PARENT][Rank 213] | Exiting normally.
[PARENT][Rank 56] | Exiting normally.
[PARENT][Rank 189] | Exiting normally.
[PARENT][Rank 72] | Exiting normally.
[PARENT][Rank 60] | Exiting normally.
[PARENT][Rank 49] | Exiting normally.
[PARENT][Rank 55] | Exiting normally.
[PARENT][Rank 201] | Exiting normally.
[PARENT][Rank 71] | Exiting normally.
[PARENT][Rank 43] | Exiting normally.
[PARENT][Rank 69] | Exiting normally.
[PARENT][Rank 64] | Exiting normally.
[PARENT][Rank 46] | Exiting normally.
[PARENT][Rank 61] | Exiting normally.
[PARENT][Rank 199] | Exiting normally.
[PARENT][Rank 224] | Exiting normally.
[PARENT][Rank 207] | Exiting normally.
[PARENT][Rank 47] | Exiting normally.
[PARENT][Rank 231] | Exiting normally.
[PARENT][Rank 232] | Exiting normally.
[PARENT][Rank 242] | Exiting normally.
[PARENT][Rank 237] | Exiting normally.
[PARENT][Rank 154] | Exiting normally.
[PARENT][Rank 248] | Exiting normally.
[PARENT][Rank 251] | Exiting normally.
[PARENT][Rank 246] | Exiting normally.
[PARENT][Rank 254] | Exiting normally.
[PARENT][Rank 240] | Exiting normally.
[PARENT][Rank 155] | Exiting normally.
[PARENT][Rank 233] | Exiting normally.
[PARENT][Rank 236] | Exiting normally.
[PARENT][Rank 244] | Exiting normally.
[PARENT][Rank 230] | Exiting normally.
[PARENT][Rank 234] | Exiting normally.
[PARENT][Rank 174] | Exiting normally.
[PARENT][Rank 222] | Exiting normally.
[PARENT][Rank 151] | Exiting normally.
[PARENT][Rank 227] | Exiting normally.
[PARENT][Rank 229] | Exiting normally.
[PARENT][Rank 225] | Exiting normally.
[PARENT][Rank 255] | Exiting normally.
[PARENT][Rank 226] | Exiting normally.
[PARENT][Rank 239] | Exiting normally.
[PARENT][Rank 241] | Exiting normally.
[PARENT][Rank 178] | Exiting normally.
[PARENT][Rank 150] | Exiting normally.
[PARENT][Rank 221] | Exiting normally.
[PARENT][Rank 235] | Exiting normally.
[PARENT][Rank 245] | Exiting normally.
[PARENT][Rank 223] | Exiting normally.
[PARENT][Rank 163] | Exiting normally.
[PARENT][Rank 249] | Exiting normally.
[PARENT][Rank 253] | Exiting normally.
[PARENT][Rank 78] | Exiting normally.
[PARENT][Rank 243] | Exiting normally.
[PARENT][Rank 250] | Exiting normally.
[PARENT][Rank 179] | Exiting normally.
[PARENT][Rank 181] | Exiting normally.
[PARENT][Rank 111] | Exiting normally.
[PARENT][Rank 165] | Exiting normally.
[PARENT][Rank 162] | Exiting normally.
[PARENT][Rank 153] | Exiting normally.
[PARENT][Rank 166] | Exiting normally.
[PARENT][Rank 172] | Exiting normally.
[PARENT][Rank 171] | Exiting normally.
[PARENT][Rank 252] | Exiting normally.
[PARENT][Rank 159] | Exiting normally.
[PARENT][Rank 168] | Exiting normally.
[PARENT][Rank 107] | Exiting normally.
[PARENT][Rank 87] | Exiting normally.
[PARENT][Rank 169] | Exiting normally.
[PARENT][Rank 183] | Exiting normally.
[PARENT][Rank 152] | Exiting normally.
[PARENT][Rank 160] | Exiting normally.
[PARENT][Rank 167] | Exiting normally.
[PARENT][Rank 161] | Exiting normally.
[PARENT][Rank 177] | Exiting normally.
[PARENT][Rank 29] | Exiting normally.
[PARENT][Rank 173] | Exiting normally.
[PARENT][Rank 175] | Exiting normally.
[PARENT][Rank 30] | Exiting normally.
[PARENT][Rank 33] | Exiting normally.
[PARENT][Rank 9] | Exiting normally.
[PARENT][Rank 182] | Exiting normally.
[PARENT][Rank 15] | Exiting normally.
[PARENT][Rank 27] | Exiting normally.
[PARENT][Rank 13] | Exiting normally.
[PARENT][Rank 20] | Exiting normally.
[PARENT][Rank 82] | Exiting normally.
[PARENT][Rank 23] | Exiting normally.
[PARENT][Rank 100] | Exiting normally.
[PARENT][Rank 110] | Exiting normally.
[PARENT][Rank 79] | Exiting normally.
[PARENT][Rank 105] | Exiting normally.
[PARENT][Rank 25] | Exiting normally.
[PARENT][Rank 95] | Exiting normally.
[PARENT][Rank 96] | Exiting normally.
[PARENT][Rank 37] | Exiting normally.
[PARENT][Rank 31] | Exiting normally.
[PARENT][Rank 11] | Exiting normally.
[PARENT][Rank 19] | Exiting normally.
[PARENT][Rank 108] | Exiting normally.
[PARENT][Rank 7] | Exiting normally.
[PARENT][Rank 113] | Exiting normally.
[PARENT][Rank 12] | Exiting normally.
[PARENT][Rank 21] | Exiting normally.
[PARENT][Rank 17] | Exiting normally.
[PARENT][Rank 5] | Exiting normally.
[PARENT][Rank 22] | Exiting normally.
[PARENT][Rank 26] | Exiting normally.
[PARENT][Rank 89] | Exiting normally.
[PARENT][Rank 35] | Exiting normally.
[PARENT][Rank 112] | Exiting normally.
[PARENT][Rank 127] | Exiting normally.
[PARENT][Rank 145] | Exiting normally.
[PARENT][Rank 133] | Exiting normally.
[PARENT][Rank 143] | Exiting normally.
[PARENT][Rank 142] | Exiting normally.
[PARENT][Rank 146] | Exiting normally.
[PARENT][Rank 134] | Exiting normally.
[PARENT][Rank 8] | Exiting normally.
[PARENT][Rank 114] | Exiting normally.
[PARENT][Rank 120] | Exiting normally.
[PARENT][Rank 139] | Exiting normally.
[PARENT][Rank 141] | Exiting normally.
[PARENT][Rank 125] | Exiting normally.
[PARENT][Rank 196] | Exiting normally.
[PARENT][Rank 119] | Exiting normally.
[PARENT][Rank 130] | Exiting normally.
[PARENT][Rank 128] | Exiting normally.
[PARENT][Rank 122] | Exiting normally.
[PARENT][Rank 126] | Exiting normally.
[PARENT][Rank 118] | Exiting normally.
[PARENT][Rank 39] | Exiting normally.
[PARENT][Rank 121] | Exiting normally.
[PARENT][Rank 124] | Exiting normally.
[PARENT][Rank 138] | Exiting normally.
[PARENT][Rank 136] | Exiting normally.
[PARENT][Rank 147] | Exiting normally.
[PARENT][Rank 131] | Exiting normally.
[PARENT][Rank 137] | Exiting normally.
[PARENT][Rank 140] | Exiting normally.
[PARENT][Rank 116] | Exiting normally.
[PARENT][Rank 144] | Exiting normally.
[PARENT][Rank 209] | Exiting normally.
[PARENT][Rank 186] | Exiting normally.
[PARENT][Rank 214] | Exiting normally.
[PARENT][Rank 210] | Exiting normally.
[PARENT][Rank 211] | Exiting normally.
[PARENT][Rank 149] | Exiting normally.
[PARENT][Rank 157] | Exiting normally.
[PARENT][Rank 158] | Exiting normally.
[PARENT][Rank 156] | Exiting normally.
[PARENT][Rank 176] | Exiting normally.
[PARENT][Rank 180] | Exiting normally.
[PARENT][Rank 170] | Exiting normally.
[PARENT][Rank 148] | Exiting normally.
The following model failed in CLASS:
{'output': 'tCl,lCl,pCl,mPk', 'lensing': 'yes', 'k_pivot': 0.05, 'N_ur': 2.0328, 'N_ncdm': 1, 'm_ncdm': 0.06, 'T_ncdm': 0.71611, 'omega_b': 0.02200635, 'omega_cdm': 0.03107202, 'omega_ini_dcdm': 0.08870534, 'Gamma_dcdm': 56.401672, 'H0': 65.68343, 'ln10^{10}A_s': 3.036955, 'n_s': 0.9664608, 'tau_reio': 0.05170072, 'P_k_max_1/Mpc': 8.4445, 'z_max_pk': 13.65}
perturbations_init(L:901) :error in perturbations_timesampling_for_sources(ppr, pba, pth, ppt);
=>perturbations_timesampling_for_sources(L:2033) :condition ((tau_lower <= ppt->tau_sampling[index_tau])) is true; you asked for zmax=1.365000e+01, i.e. taumin=3.892786e+03, smaller than or equal to the first possible value =1.438660e+04; it should be strictly bigger for a successfull interpolation
The following model failed in CLASS:
{'output': 'tCl,lCl,pCl,mPk', 'lensing': 'yes', 'k_pivot': 0.05, 'N_ur': 2.0328, 'N_ncdm': 1, 'm_ncdm': 0.06, 'T_ncdm': 0.71611, 'omega_b': 0.02200635, 'omega_cdm': 0.03107202, 'omega_ini_dcdm': 0.08870534, 'Gamma_dcdm': 56.401672, 'H0': 65.68343, 'ln10^{10}A_s': 3.036955, 'n_s': 0.9664608, 'tau_reio': 0.05170072, 'P_k_max_1/Mpc': 8.4445, 'z_max_pk': 13.65}
perturbations_init(L:901) :error in perturbations_timesampling_for_sources(ppr, pba, pth, ppt);
=>perturbations_timesampling_for_sources(L:2033) :condition ((tau_lower <= ppt->tau_sampling[index_tau])) is true; you asked for zmax=1.365000e+01, i.e. taumin=3.892786e+03, smaller than or equal to the first possible value =1.438660e+04; it should be strictly bigger for a successfull interpolation
The following model failed in CLASS:
{'output': 'tCl,lCl,pCl,mPk', 'lensing': 'yes', 'k_pivot': 0.05, 'N_ur': 2.0328, 'N_ncdm': 1, 'm_ncdm': 0.06, 'T_ncdm': 0.71611, 'omega_b': 0.02200635, 'omega_cdm': 0.03107202, 'omega_ini_dcdm': 0.08870534, 'Gamma_dcdm': 56.401672, 'H0': 65.68343, 'ln10^{10}A_s': 3.036955, 'n_s': 0.9664608, 'tau_reio': 0.05170072, 'P_k_max_1/Mpc': 8.4445, 'z_max_pk': 13.65}
perturbations_init(L:901) :error in perturbations_timesampling_for_sources(ppr, pba, pth, ppt);
=>perturbations_timesampling_for_sources(L:2033) :condition ((tau_lower <= ppt->tau_sampling[index_tau])) is true; you asked for zmax=1.365000e+01, i.e. taumin=3.892786e+03, smaller than or equal to the first possible value =1.438660e+04; it should be strictly bigger for a successfull interpolation
The following model failed in CLASS:
{'output': 'tCl,lCl,pCl,mPk', 'lensing': 'yes', 'k_pivot': 0.05, 'N_ur': 2.0328, 'N_ncdm': 1, 'm_ncdm': 0.06, 'T_ncdm': 0.71611, 'omega_b': 0.02200635, 'omega_cdm': 0.03107202, 'omega_ini_dcdm': 0.08870534, 'Gamma_dcdm': 56.401672, 'H0': 65.68343, 'ln10^{10}A_s': 3.036955, 'n_s': 0.9664608, 'tau_reio': 0.05170072, 'P_k_max_1/Mpc': 8.4445, 'z_max_pk': 13.65}
perturbations_init(L:901) :error in perturbations_timesampling_for_sources(ppr, pba, pth, ppt);
=>perturbations_timesampling_for_sources(L:2033) :condition ((tau_lower <= ppt->tau_sampling[index_tau])) is true; you asked for zmax=1.365000e+01, i.e. taumin=3.892786e+03, smaller than or equal to the first possible value =1.438660e+04; it should be strictly bigger for a successfull interpolation
[PARENT][Rank 289] | Exiting normally.
[PARENT][Rank 261] | Exiting normally.
[PARENT][Rank 265] | Exiting normally.
[PARENT][Rank 287] | Exiting normally.
[PARENT][Rank 291] | Exiting normally.
[PARENT][Rank 275] | Exiting normally.
[PARENT][Rank 283] | Exiting normally.
[PARENT][Rank 285] | Exiting normally.
[PARENT][Rank 281] | Exiting normally.
[PARENT][Rank 398] | Exiting normally.
[PARENT][Rank 396] | Exiting normally.
[PARENT][Rank 380] | Exiting normally.
[PARENT][Rank 382] | Exiting normally.
[PARENT][Rank 386] | Exiting normally.
[PARENT][Rank 374] | Exiting normally.
[PARENT][Rank 368] | Exiting normally.
[PARENT][Rank 378] | Exiting normally.
[PARENT][Rank 366] | Exiting normally.
[PARENT][Rank 381] | Exiting normally.
[PARENT][Rank 395] | Exiting normally.
[PARENT][Rank 385] | Exiting normally.
[PARENT][Rank 256] | Exiting normally.
[PARENT][Rank 365] | Exiting normally.
[PARENT][Rank 389] | Exiting normally.
[PARENT][Rank 258] | Exiting normally.
[PARENT][Rank 397] | Exiting normally.
[PARENT][Rank 373] | Exiting normally.
[PARENT][Rank 392] | Exiting normally.
[PARENT][Rank 278] | Exiting normally.
[PARENT][Rank 264] | Exiting normally.
[PARENT][Rank 370] | Exiting normally.
[PARENT][Rank 376] | Exiting normally.
[PARENT][Rank 388] | Exiting normally.
[PARENT][Rank 276] | Exiting normally.
[PARENT][Rank 387] | Exiting normally.
[PARENT][Rank 369] | Exiting normally.
[PARENT][Rank 383] | Exiting normally.
[PARENT][Rank 394] | Exiting normally.
[PARENT][Rank 364] | Exiting normally.
[PARENT][Rank 391] | Exiting normally.
[PARENT][Rank 257] | Exiting normally.
[PARENT][Rank 286] | Exiting normally.
[PARENT][Rank 263] | Exiting normally.
[PARENT][Rank 272] | Exiting normally.
[PARENT][Rank 268] | Exiting normally.
[PARENT][Rank 266] | Exiting normally.
[PARENT][Rank 282] | Exiting normally.
[PARENT][Rank 262] | Exiting normally.
[PARENT][Rank 277] | Exiting normally.
[PARENT][Rank 260] | Exiting normally.
[PARENT][Rank 259] | Exiting normally.
[PARENT][Rank 284] | Exiting normally.
[PARENT][Rank 267] | Exiting normally.
[PARENT][Rank 270] | Exiting normally.
[PARENT][Rank 274] | Exiting normally.
[PARENT][Rank 290] | Exiting normally.
[PARENT][Rank 273] | Exiting normally.
[PARENT][Rank 279] | Exiting normally.
[PARENT][Rank 271] | Exiting normally.
[PARENT][Rank 280] | Exiting normally.
[PARENT][Rank 288] | Exiting normally.
[PARENT][Rank 269] | Exiting normally.
[PARENT][Rank 384] | Exiting normally.
[PARENT][Rank 2] | Exiting normally.
[PARENT][Rank 3] | Exiting normally.
[PARENT][Rank 1] | Exiting normally.
[PARENT][Rank 210] | Exiting normally.
[PARENT][Rank 0] | Exiting normally.
[PARENT][Rank 292] | Exiting normally.
[PARENT][Rank 322] | Exiting normally.
[PARENT][Rank 314] | Exiting normally.
[PARENT][Rank 323] | Exiting normally.
[PARENT][Rank 303] | Exiting normally.
[PARENT][Rank 306] | Exiting normally.
[PARENT][Rank 393] | Exiting normally.
[PARENT][Rank 308] | Exiting normally.
[PARENT][Rank 297] | Exiting normally.
[PARENT][Rank 311] | Exiting normally.
[PARENT][Rank 318] | Exiting normally.
[PARENT][Rank 313] | Exiting normally.
[PARENT][Rank 301] | Exiting normally.
[PARENT][Rank 305] | Exiting normally.
[PARENT][Rank 317] | Exiting normally.
[PARENT][Rank 307] | Exiting normally.
[PARENT][Rank 315] | Exiting normally.
[PARENT][Rank 320] | Exiting normally.
[PARENT][Rank 298] | Exiting normally.
[PARENT][Rank 309] | Exiting normally.
[PARENT][Rank 328] | Exiting normally.
[PARENT][Rank 327] | Exiting normally.
[PARENT][Rank 324] | Exiting normally.
[PARENT][Rank 316] | Exiting normally.
[PARENT][Rank 296] | Exiting normally.
[PARENT][Rank 310] | Exiting normally.
[PARENT][Rank 326] | Exiting normally.
[PARENT][Rank 340] | Exiting normally.
[PARENT][Rank 329] | Exiting normally.
[PARENT][Rank 300] | Exiting normally.
[PARENT][Rank 349] | Exiting normally.
[PARENT][Rank 355] | Exiting normally.
[PARENT][Rank 357] | Exiting normally.
[PARENT][Rank 354] | Exiting normally.
[PARENT][Rank 346] | Exiting normally.
[PARENT][Rank 362] | Exiting normally.
[PARENT][Rank 333] | Exiting normally.
[PARENT][Rank 361] | Exiting normally.
[PARENT][Rank 375] | Exiting normally.
[PARENT][Rank 347] | Exiting normally.
[PARENT][Rank 377] | Exiting normally.
[PARENT][Rank 372] | Exiting normally.
[PARENT][Rank 331] | Exiting normally.
[PARENT][Rank 350] | Exiting normally.
[PARENT][Rank 360] | Exiting normally.
[PARENT][Rank 319] | Exiting normally.
[PARENT][Rank 344] | Exiting normally.
[PARENT][Rank 345] | Exiting normally.
[PARENT][Rank 336] | Exiting normally.
[PARENT][Rank 335] | Exiting normally.
[PARENT][Rank 342] | Exiting normally.
[PARENT][Rank 348] | Exiting normally.
[PARENT][Rank 358] | Exiting normally.
[PARENT][Rank 337] | Exiting normally.
[PARENT][Rank 352] | Exiting normally.
[PARENT][Rank 359] | Exiting normally.
[PARENT][Rank 299] | Exiting normally.
[PARENT][Rank 371] | Exiting normally.
[PARENT][Rank 379] | Exiting normally.
[PARENT][Rank 132] | Exiting normally.
[PARENT][Rank 304] | Exiting normally.
[PARENT][Rank 332] | Exiting normally.
[PARENT][Rank 390] | Exiting normally.
[PARENT][Rank 367] | Exiting normally.
[PARENT][Rank 363] | Exiting normally.
[PARENT][Rank 294] | Exiting normally.
[PARENT][Rank 295] | Exiting normally.
[PARENT][Rank 312] | Exiting normally.
[PARENT][Rank 321] | Exiting normally.
[PARENT][Rank 325] | Exiting normally.
[PARENT][Rank 302] | Exiting normally.
[PARENT][Rank 330] | Exiting normally.
[PARENT][Rank 339] | Exiting normally.
[PARENT][Rank 351] | Exiting normally.
[PARENT][Rank 353] | Exiting normally.
[PARENT][Rank 343] | Exiting normally.
[PARENT][Rank 293] | Exiting normally.
[PARENT][Rank 341] | Exiting normally.
[PARENT][Rank 356] | Exiting normally.
[PARENT][Rank 338] | Exiting normally.
[PARENT][Rank 334] | Exiting normally.
[PARENT][Rank 77] | Exiting normally.
[PARENT][Rank 39] | Exiting normally.
[PARENT][Rank 36] | Exiting normally.
[PARENT][Rank 4] | Exiting normally.
[PARENT][Rank 208] | Exiting normally.
[PARENT][Rank 198] | Exiting normally.
[PARENT][Rank 202] | Exiting normally.
[PARENT][Rank 192] | Exiting normally.
[PARENT][Rank 46] | Exiting normally.
[PARENT][Rank 190] | Exiting normally.
[PARENT][Rank 235] | Exiting normally.
[PARENT][Rank 243] | Exiting normally.
[PARENT][Rank 245] | Exiting normally.
[PARENT][Rank 160] | Exiting normally.
[PARENT][Rank 15] | Exiting normally.
[PARENT][Rank 225] | Exiting normally.
[PARENT][Rank 115] | Exiting normally.
[PARENT][Rank 129] | Exiting normally.
[PARENT][Rank 206] | Exiting normally.
[PARENT][Rank 133] | Exiting normally.
[PARENT][Rank 130] | Exiting normally.
[PARENT][Rank 134] | Exiting normally.
[PARENT][Rank 144] | Exiting normally.
[PARENT][Rank 125] | Exiting normally.
[PARENT][Rank 113] | Exiting normally.
[PARENT][Rank 114] | Exiting normally.
[PARENT][Rank 137] | Exiting normally.
[PARENT][Rank 142] | Exiting normally.
[PARENT][Rank 117] | Exiting normally.
[PARENT][Rank 146] | Exiting normally.
[PARENT][Rank 118] | Exiting normally.
[PARENT][Rank 135] | Exiting normally.
[PARENT][Rank 112] | Exiting normally.
[PARENT][Rank 124] | Exiting normally.
[PARENT][Rank 70] | Exiting normally.
[PARENT][Rank 50] | Exiting normally.
[PARENT][Rank 48] | Exiting normally.
[PARENT][Rank 69] | Exiting normally.
[PARENT][Rank 57] | Exiting normally.
[PARENT][Rank 53] | Exiting normally.
[PARENT][Rank 67] | Exiting normally.
[PARENT][Rank 47] | Exiting normally.
[PARENT][Rank 62] | Exiting normally.
[PARENT][Rank 71] | Exiting normally.
[PARENT][Rank 41] | Exiting normally.
[PARENT][Rank 44] | Exiting normally.
[PARENT][Rank 43] | Exiting normally.
[PARENT][Rank 74] | Exiting normally.
[PARENT][Rank 68] | Exiting normally.
[PARENT][Rank 72] | Exiting normally.
[PARENT][Rank 51] | Exiting normally.
[PARENT][Rank 64] | Exiting normally.
[PARENT][Rank 49] | Exiting normally.
[PARENT][Rank 66] | Exiting normally.
[PARENT][Rank 60] | Exiting normally.
[PARENT][Rank 55] | Exiting normally.
[PARENT][Rank 75] | Exiting normally.
[PARENT][Rank 63] | Exiting normally.
[PARENT][Rank 65] | Exiting normally.
[PARENT][Rank 54] | Exiting normally.
[PARENT][Rank 45] | Exiting normally.
[PARENT][Rank 98] | Exiting normally.
[PARENT][Rank 90] | Exiting normally.
[PARENT][Rank 94] | Exiting normally.
[PARENT][Rank 110] | Exiting normally.
[PARENT][Rank 106] | Exiting normally.
[PARENT][Rank 89] | Exiting normally.
[PARENT][Rank 93] | Exiting normally.
[PARENT][Rank 84] | Exiting normally.
[PARENT][Rank 102] | Exiting normally.
[PARENT][Rank 105] | Exiting normally.
[PARENT][Rank 82] | Exiting normally.
[PARENT][Rank 81] | Exiting normally.
[PARENT][Rank 85] | Exiting normally.
[PARENT][Rank 100] | Exiting normally.
[PARENT][Rank 92] | Exiting normally.
[PARENT][Rank 111] | Exiting normally.
[PARENT][Rank 87] | Exiting normally.
[PARENT][Rank 76] | Exiting normally.
[PARENT][Rank 101] | Exiting normally.
[PARENT][Rank 80] | Exiting normally.
[PARENT][Rank 79] | Exiting normally.
[PARENT][Rank 95] | Exiting normally.
[PARENT][Rank 108] | Exiting normally.
[PARENT][Rank 97] | Exiting normally.
[PARENT][Rank 88] | Exiting normally.
[PARENT][Rank 99] | Exiting normally.
[PARENT][Rank 104] | Exiting normally.
[PARENT][Rank 116] | Exiting normally.
[PARENT][Rank 109] | Exiting normally.
[PARENT][Rank 91] | Exiting normally.
[PARENT][Rank 103] | Exiting normally.
[PARENT][Rank 83] | Exiting normally.
[PARENT][Rank 12] | Exiting normally.
[PARENT][Rank 9] | Exiting normally.
[PARENT][Rank 20] | Exiting normally.
[PARENT][Rank 13] | Exiting normally.
[PARENT][Rank 8] | Exiting normally.
[PARENT][Rank 127] | Exiting normally.
[PARENT][Rank 86] | Exiting normally.
[PARENT][Rank 27] | Exiting normally.
[PARENT][Rank 24] | Exiting normally.
[PARENT][Rank 34] | Exiting normally.
[PARENT][Rank 119] | Exiting normally.
[PARENT][Rank 143] | Exiting normally.
[PARENT][Rank 11] | Exiting normally.
[PARENT][Rank 7] | Exiting normally.
[PARENT][Rank 128] | Exiting normally.
[PARENT][Rank 14] | Exiting normally.
[PARENT][Rank 121] | Exiting normally.
[PARENT][Rank 141] | Exiting normally.
[PARENT][Rank 5] | Exiting normally.
[PARENT][Rank 28] | Exiting normally.
[PARENT][Rank 6] | Exiting normally.
[PARENT][Rank 22] | Exiting normally.
[PARENT][Rank 38] | Exiting normally.
[PARENT][Rank 29] | Exiting normally.
[PARENT][Rank 96] | Exiting normally.
[PARENT][Rank 19] | Exiting normally.
[PARENT][Rank 33] | Exiting normally.
[PARENT][Rank 30] | Exiting normally.
[PARENT][Rank 23] | Exiting normally.
[PARENT][Rank 253] | Exiting normally.
[PARENT][Rank 26] | Exiting normally.
[PARENT][Rank 18] | Exiting normally.
[PARENT][Rank 16] | Exiting normally.
[PARENT][Rank 35] | Exiting normally.
[PARENT][Rank 242] | Exiting normally.
[PARENT][Rank 220] | Exiting normally.
[PARENT][Rank 221] | Exiting normally.
[PARENT][Rank 247] | Exiting normally.
[PARENT][Rank 236] | Exiting normally.
[PARENT][Rank 239] | Exiting normally.
[PARENT][Rank 223] | Exiting normally.
[PARENT][Rank 232] | Exiting normally.
[PARENT][Rank 238] | Exiting normally.
[PARENT][Rank 42] | Exiting normally.
[PARENT][Rank 227] | Exiting normally.
[PARENT][Rank 222] | Exiting normally.
[PARENT][Rank 231] | Exiting normally.
[PARENT][Rank 224] | Exiting normally.
[PARENT][Rank 228] | Exiting normally.
[PARENT][Rank 229] | Exiting normally.
[PARENT][Rank 204] | Exiting normally.
[PARENT][Rank 199] | Exiting normally.
[PARENT][Rank 248] | Exiting normally.
[PARENT][Rank 241] | Exiting normally.
[PARENT][Rank 240] | Exiting normally.
[PARENT][Rank 226] | Exiting normally.
[PARENT][Rank 249] | Exiting normally.
[PARENT][Rank 219] | Exiting normally.
[PARENT][Rank 215] | Exiting normally.
[PARENT][Rank 185] | Exiting normally.
[PARENT][Rank 40] | Exiting normally.
[PARENT][Rank 136] | Exiting normally.
[PARENT][Rank 187] | Exiting normally.
[PARENT][Rank 214] | Exiting normally.
[PARENT][Rank 251] | Exiting normally.
[PARENT][Rank 237] | Exiting normally.
[PARENT][Rank 195] | Exiting normally.
[PARENT][Rank 52] | Exiting normally.
[PARENT][Rank 122] | Exiting normally.
[PARENT][Rank 201] | Exiting normally.
[PARENT][Rank 189] | Exiting normally.
[PARENT][Rank 209] | Exiting normally.
[PARENT][Rank 186] | Exiting normally.
[PARENT][Rank 123] | Exiting normally.
[PARENT][Rank 138] | Exiting normally.
[PARENT][Rank 197] | Exiting normally.
[PARENT][Rank 73] | Exiting normally.
[PARENT][Rank 61] | Exiting normally.
[PARENT][Rank 200] | Exiting normally.
[PARENT][Rank 218] | Exiting normally.
[PARENT][Rank 184] | Exiting normally.
[PARENT][Rank 131] | Exiting normally.
[PARENT][Rank 58] | Exiting normally.
[PARENT][Rank 205] | Exiting normally.
[PARENT][Rank 217] | Exiting normally.
[PARENT][Rank 203] | Exiting normally.
[PARENT][Rank 212] | Exiting normally.
[PARENT][Rank 188] | Exiting normally.
[PARENT][Rank 59] | Exiting normally.
[PARENT][Rank 207] | Exiting normally.
[PARENT][Rank 196] | Exiting normally.
[PARENT][Rank 120] | Exiting normally.
[PARENT][Rank 126] | Exiting normally.
[PARENT][Rank 145] | Exiting normally.
[PARENT][Rank 56] | Exiting normally.
[PARENT][Rank 194] | Exiting normally.
[PARENT][Rank 216] | Exiting normally.
[PARENT][Rank 107] | Exiting normally.
[PARENT][Rank 176] | Exiting normally.
[PARENT][Rank 171] | Exiting normally.
[PARENT][Rank 163] | Exiting normally.
[PARENT][Rank 166] | Exiting normally.
[PARENT][Rank 180] | Exiting normally.
[PARENT][Rank 32] | Exiting normally.
[PARENT][Rank 78] | Exiting normally.
[PARENT][Rank 37] | Exiting normally.
[PARENT][Rank 150] | Exiting normally.
[PARENT][Rank 168] | Exiting normally.
[PARENT][Rank 156] | Exiting normally.
[PARENT][Rank 151] | Exiting normally.
[PARENT][Rank 31] | Exiting normally.
[PARENT][Rank 169] | Exiting normally.
[PARENT][Rank 175] | Exiting normally.
[PARENT][Rank 164] | Exiting normally.
[PARENT][Rank 182] | Exiting normally.
[PARENT][Rank 178] | Exiting normally.
[PARENT][Rank 170] | Exiting normally.
[PARENT][Rank 10] | Exiting normally.
[PARENT][Rank 179] | Exiting normally.
[PARENT][Rank 183] | Exiting normally.
[PARENT][Rank 162] | Exiting normally.
[PARENT][Rank 157] | Exiting normally.
[PARENT][Rank 17] | Exiting normally.
[PARENT][Rank 155] | Exiting normally.
[PARENT][Rank 161] | Exiting normally.
[PARENT][Rank 173] | Exiting normally.
[PARENT][Rank 159] | Exiting normally.
[PARENT][Rank 165] | Exiting normally.
[PARENT][Rank 148] | Exiting normally.
[PARENT][Rank 21] | Exiting normally.
[PARENT][Rank 152] | Exiting normally.
[PARENT][Rank 167] | Exiting normally.
[PARENT][Rank 158] | Exiting normally.
[PARENT][Rank 25] | Exiting normally.
[PARENT][Rank 153] | Exiting normally.
[PARENT][Rank 244] | Exiting normally.
[PARENT][Rank 255] | Exiting normally.
[PARENT][Rank 254] | Exiting normally.
[PARENT][Rank 191] | Exiting normally.
[PARENT][Rank 234] | Exiting normally.
[PARENT][Rank 233] | Exiting normally.
[PARENT][Rank 193] | Exiting normally.
[PARENT][Rank 230] | Exiting normally.
[PARENT][Rank 250] | Exiting normally.
[PARENT][Rank 252] | Exiting normally.
[PARENT][Rank 140] | Exiting normally.
[PARENT][Rank 211] | Exiting normally.
[PARENT][Rank 147] | Exiting normally.
[PARENT][Rank 213] | Exiting normally.
[PARENT][Rank 139] | Exiting normally.
[PARENT][Rank 246] | Exiting normally.
[PARENT][Rank 177] | Exiting normally.
[PARENT][Rank 154] | Exiting normally.
[PARENT][Rank 149] | Exiting normally.
[PARENT][Rank 174] | Exiting normally.
[PARENT][Rank 181] | Exiting normally.
[PARENT][Rank 172] | Exiting normally.
[PARENT][Rank 278] | Exiting normally.
[PARENT][Rank 288] | Exiting normally.
[PARENT][Rank 290] | Exiting normally.
[PARENT][Rank 264] | Exiting normally.
[PARENT][Rank 266] | Exiting normally.
[PARENT][Rank 268] | Exiting normally.
[PARENT][Rank 259] | Exiting normally.
[PARENT][Rank 281] | Exiting normally.
[PARENT][Rank 269] | Exiting normally.
[PARENT][Rank 287] | Exiting normally.
[PARENT][Rank 283] | Exiting normally.
[PARENT][Rank 261] | Exiting normally.
[PARENT][Rank 267] | Exiting normally.
[PARENT][Rank 277] | Exiting normally.
[PARENT][Rank 289] | Exiting normally.
[PARENT][Rank 279] | Exiting normally.
[PARENT][Rank 291] | Exiting normally.
[PARENT][Rank 275] | Exiting normally.
[PARENT][Rank 282] | Exiting normally.
[PARENT][Rank 265] | Exiting normally.
[PARENT][Rank 256] | Exiting normally.
[PARENT][Rank 258] | Exiting normally.
[PARENT][Rank 284] | Exiting normally.
[PARENT][Rank 263] | Exiting normally.
[PARENT][Rank 280] | Exiting normally.
[PARENT][Rank 285] | Exiting normally.
[PARENT][Rank 262] | Exiting normally.
[PARENT][Rank 276] | Exiting normally.
[PARENT][Rank 260] | Exiting normally.
[PARENT][Rank 273] | Exiting normally.
[PARENT][Rank 270] | Exiting normally.
[PARENT][Rank 271] | Exiting normally.
[PARENT][Rank 272] | Exiting normally.
[PARENT][Rank 274] | Exiting normally.
[PARENT][Rank 397] | Exiting normally.
[PARENT][Rank 369] | Exiting normally.
[PARENT][Rank 384] | Exiting normally.
[PARENT][Rank 368] | Exiting normally.
[PARENT][Rank 374] | Exiting normally.
[PARENT][Rank 396] | Exiting normally.
[PARENT][Rank 393] | Exiting normally.
[PARENT][Rank 371] | Exiting normally.
[PARENT][Rank 394] | Exiting normally.
[PARENT][Rank 390] | Exiting normally.
[PARENT][Rank 370] | Exiting normally.
[PARENT][Rank 392] | Exiting normally.
[PARENT][Rank 386] | Exiting normally.
[PARENT][Rank 398] | Exiting normally.
[PARENT][Rank 380] | Exiting normally.
[PARENT][Rank 378] | Exiting normally.
[PARENT][Rank 366] | Exiting normally.
[PARENT][Rank 388] | Exiting normally.
[PARENT][Rank 385] | Exiting normally.
[PARENT][Rank 367] | Exiting normally.
[PARENT][Rank 372] | Exiting normally.
[PARENT][Rank 379] | Exiting normally.
[PARENT][Rank 373] | Exiting normally.
[PARENT][Rank 375] | Exiting normally.
[PARENT][Rank 381] | Exiting normally.
[PARENT][Rank 119] | Exiting normally.
[PARENT][Rank 336] | Exiting normally.
[PARENT][Rank 346] | Exiting normally.
[PARENT][Rank 328] | Exiting normally.
[PARENT][Rank 353] | Exiting normally.
[PARENT][Rank 257] | Exiting normally.
[PARENT][Rank 358] | Exiting normally.
[PARENT][Rank 357] | Exiting normally.
[PARENT][Rank 330] | Exiting normally.
[PARENT][Rank 194] | Exiting normally.
[PARENT][Rank 348] | Exiting normally.
[PARENT][Rank 342] | Exiting normally.
[PARENT][Rank 340] | Exiting normally.
[PARENT][Rank 352] | Exiting normally.
[PARENT][Rank 360] | Exiting normally.
[PARENT][Rank 333] | Exiting normally.
[PARENT][Rank 334] | Exiting normally.
[PARENT][Rank 356] | Exiting normally.
[PARENT][Rank 363] | Exiting normally.
[PARENT][Rank 339] | Exiting normally.
[PARENT][Rank 344] | Exiting normally.
[PARENT][Rank 359] | Exiting normally.
[PARENT][Rank 355] | Exiting normally.
[PARENT][Rank 332] | Exiting normally.
[PARENT][Rank 286] | Exiting normally.
[PARENT][Rank 341] | Exiting normally.
[PARENT][Rank 318] | Exiting normally.
[PARENT][Rank 314] | Exiting normally.
[PARENT][Rank 296] | Exiting normally.
[PARENT][Rank 306] | Exiting normally.
[PARENT][Rank 294] | Exiting normally.
[PARENT][Rank 310] | Exiting normally.
[PARENT][Rank 299] | Exiting normally.
[PARENT][Rank 305] | Exiting normally.
[PARENT][Rank 323] | Exiting normally.
[PARENT][Rank 327] | Exiting normally.
[PARENT][Rank 293] | Exiting normally.
[PARENT][Rank 307] | Exiting normally.
[PARENT][Rank 303] | Exiting normally.
[PARENT][Rank 308] | Exiting normally.
[PARENT][Rank 316] | Exiting normally.
[PARENT][Rank 324] | Exiting normally.
[PARENT][Rank 298] | Exiting normally.
[PARENT][Rank 295] | Exiting normally.
[PARENT][Rank 300] | Exiting normally.
[PARENT][Rank 311] | Exiting normally.
[PARENT][Rank 319] | Exiting normally.
[PARENT][Rank 321] | Exiting normally.
[PARENT][Rank 312] | Exiting normally.
[PARENT][Rank 322] | Exiting normally.
[PARENT][Rank 315] | Exiting normally.
[PARENT][Rank 309] | Exiting normally.
[PARENT][Rank 313] | Exiting normally.
[PARENT][Rank 301] | Exiting normally.
[PARENT][Rank 383] | Exiting normally.
[PARENT][Rank 350] | Exiting normally.
[PARENT][Rank 1] | Exiting normally.
[PARENT][Rank 3] | Exiting normally.
[PARENT][Rank 2] | Exiting normally.
[PARENT][Rank 326] | Exiting normally.
[PARENT][Rank 365] | Exiting normally.
[PARENT][Rank 382] | Exiting normally.
[PARENT][Rank 73] | Exiting normally.
[PARENT][Rank 376] | Exiting normally.
[PARENT][Rank 0] | Exiting normally.
[PARENT][Rank 395] | Exiting normally.
[PARENT][Rank 377] | Exiting normally.
[PARENT][Rank 389] | Exiting normally.
[PARENT][Rank 391] | Exiting normally.
[PARENT][Rank 387] | Exiting normally.
[PARENT][Rank 364] | Exiting normally.
[PARENT][Rank 331] | Exiting normally.
[PARENT][Rank 94] | Exiting normally.
[PARENT][Rank 351] | Exiting normally.
[PARENT][Rank 91] | Exiting normally.
[PARENT][Rank 329] | Exiting normally.
[PARENT][Rank 349] | Exiting normally.
[PARENT][Rank 345] | Exiting normally.
[PARENT][Rank 347] | Exiting normally.
[PARENT][Rank 338] | Exiting normally.
[PARENT][Rank 354] | Exiting normally.
[PARENT][Rank 362] | Exiting normally.
[PARENT][Rank 361] | Exiting normally.
[PARENT][Rank 343] | Exiting normally.
[PARENT][Rank 335] | Exiting normally.
[PARENT][Rank 337] | Exiting normally.
[PARENT][Rank 292] | Exiting normally.
[PARENT][Rank 320] | Exiting normally.
[PARENT][Rank 302] | Exiting normally.
[PARENT][Rank 304] | Exiting normally.
[PARENT][Rank 317] | Exiting normally.
[PARENT][Rank 297] | Exiting normally.
[PARENT][Rank 243] | Exiting normally.
[PARENT][Rank 253] | Exiting normally.
[PARENT][Rank 242] | Exiting normally.
[PARENT][Rank 244] | Exiting normally.
[PARENT][Rank 19] | Exiting normally.
[PARENT][Rank 325] | Exiting normally.
[PARENT][Rank 135] | Exiting normally.
[PARENT][Rank 133] | Exiting normally.
[PARENT][Rank 125] | Exiting normally.
[PARENT][Rank 212] | Exiting normally.
[PARENT][Rank 218] | Exiting normally.
[PARENT][Rank 117] | Exiting normally.
[PARENT][Rank 192] | Exiting normally.
[PARENT][Rank 206] | Exiting normally.
[PARENT][Rank 97] | Exiting normally.
[PARENT][Rank 141] | Exiting normally.
[PARENT][Rank 190] | Exiting normally.
[PARENT][Rank 201] | Exiting normally.
[PARENT][Rank 122] | Exiting normally.
[PARENT][Rank 148] | Exiting normally.
[PARENT][Rank 139] | Exiting normally.
[PARENT][Rank 214] | Exiting normally.
[PARENT][Rank 68] | Exiting normally.
[PARENT][Rank 44] | Exiting normally.
[PARENT][Rank 50] | Exiting normally.
[PARENT][Rank 54] | Exiting normally.
[PARENT][Rank 52] | Exiting normally.
[PARENT][Rank 56] | Exiting normally.
[PARENT][Rank 219] | Exiting normally.
[PARENT][Rank 69] | Exiting normally.
[PARENT][Rank 45] | Exiting normally.
[PARENT][Rank 70] | Exiting normally.
[PARENT][Rank 58] | Exiting normally.
[PARENT][Rank 62] | Exiting normally.
[PARENT][Rank 48] | Exiting normally.
[PARENT][Rank 42] | Exiting normally.
[PARENT][Rank 64] | Exiting normally.
[PARENT][Rank 74] | Exiting normally.
[PARENT][Rank 46] | Exiting normally.
[PARENT][Rank 72] | Exiting normally.
[PARENT][Rank 93] | Exiting normally.
[PARENT][Rank 106] | Exiting normally.
[PARENT][Rank 87] | Exiting normally.
[PARENT][Rank 111] | Exiting normally.
[PARENT][Rank 85] | Exiting normally.
[PARENT][Rank 92] | Exiting normally.
[PARENT][Rank 88] | Exiting normally.
[PARENT][Rank 81] | Exiting normally.
[PARENT][Rank 84] | Exiting normally.
[PARENT][Rank 95] | Exiting normally.
[PARENT][Rank 89] | Exiting normally.
[PARENT][Rank 99] | Exiting normally.
[PARENT][Rank 104] | Exiting normally.
[PARENT][Rank 83] | Exiting normally.
[PARENT][Rank 82] | Exiting normally.
[PARENT][Rank 105] | Exiting normally.
[PARENT][Rank 103] | Exiting normally.
[PARENT][Rank 107] | Exiting normally.
[PARENT][Rank 90] | Exiting normally.
[PARENT][Rank 76] | Exiting normally.
[PARENT][Rank 101] | Exiting normally.
[PARENT][Rank 77] | Exiting normally.
[PARENT][Rank 13] | Exiting normally.
[PARENT][Rank 7] | Exiting normally.
[PARENT][Rank 12] | Exiting normally.
[PARENT][Rank 36] | Exiting normally.
[PARENT][Rank 29] | Exiting normally.
[PARENT][Rank 9] | Exiting normally.
[PARENT][Rank 18] | Exiting normally.
[PARENT][Rank 254] | Exiting normally.
[PARENT][Rank 246] | Exiting normally.
[PARENT][Rank 224] | Exiting normally.
[PARENT][Rank 226] | Exiting normally.
[PARENT][Rank 222] | Exiting normally.
[PARENT][Rank 20] | Exiting normally.
[PARENT][Rank 28] | Exiting normally.
[PARENT][Rank 25] | Exiting normally.
[PARENT][Rank 5] | Exiting normally.
[PARENT][Rank 17] | Exiting normally.
[PARENT][Rank 39] | Exiting normally.
[PARENT][Rank 21] | Exiting normally.
[PARENT][Rank 30] | Exiting normally.
[PARENT][Rank 233] | Exiting normally.
[PARENT][Rank 8] | Exiting normally.
[PARENT][Rank 11] | Exiting normally.
[PARENT][Rank 33] | Exiting normally.
[PARENT][Rank 24] | Exiting normally.
[PARENT][Rank 26] | Exiting normally.
[PARENT][Rank 22] | Exiting normally.
[PARENT][Rank 23] | Exiting normally.
[PARENT][Rank 14] | Exiting normally.
[PARENT][Rank 27] | Exiting normally.
[PARENT][Rank 35] | Exiting normally.
[PARENT][Rank 34] | Exiting normally.
[PARENT][Rank 252] | Exiting normally.
[PARENT][Rank 10] | Exiting normally.
[PARENT][Rank 230] | Exiting normally.
[PARENT][Rank 225] | Exiting normally.
[PARENT][Rank 237] | Exiting normally.
[PARENT][Rank 229] | Exiting normally.
[PARENT][Rank 239] | Exiting normally.
[PARENT][Rank 32] | Exiting normally.
[PARENT][Rank 241] | Exiting normally.
[PARENT][Rank 250] | Exiting normally.
[PARENT][Rank 238] | Exiting normally.
[PARENT][Rank 235] | Exiting normally.
[PARENT][Rank 255] | Exiting normally.
[PARENT][Rank 234] | Exiting normally.
[PARENT][Rank 249] | Exiting normally.
[PARENT][Rank 251] | Exiting normally.
[PARENT][Rank 245] | Exiting normally.
[PARENT][Rank 248] | Exiting normally.
[PARENT][Rank 240] | Exiting normally.
[PARENT][Rank 223] | Exiting normally.
[PARENT][Rank 232] | Exiting normally.
[PARENT][Rank 228] | Exiting normally.
[PARENT][Rank 47] | Exiting normally.
[PARENT][Rank 61] | Exiting normally.
[PARENT][Rank 65] | Exiting normally.
[PARENT][Rank 220] | Exiting normally.
[PARENT][Rank 59] | Exiting normally.
[PARENT][Rank 66] | Exiting normally.
[PARENT][Rank 60] | Exiting normally.
[PARENT][Rank 41] | Exiting normally.
[PARENT][Rank 51] | Exiting normally.
[PARENT][Rank 40] | Exiting normally.
[PARENT][Rank 43] | Exiting normally.
[PARENT][Rank 55] | Exiting normally.
[PARENT][Rank 63] | Exiting normally.
[PARENT][Rank 57] | Exiting normally.
[PARENT][Rank 67] | Exiting normally.
[PARENT][Rank 53] | Exiting normally.
[PARENT][Rank 71] | Exiting normally.
[PARENT][Rank 49] | Exiting normally.
[PARENT][Rank 143] | Exiting normally.
[PARENT][Rank 128] | Exiting normally.
[PARENT][Rank 75] | Exiting normally.
[PARENT][Rank 98] | Exiting normally.
[PARENT][Rank 113] | Exiting normally.
[PARENT][Rank 145] | Exiting normally.
[PARENT][Rank 109] | Exiting normally.
[PARENT][Rank 112] | Exiting normally.
[PARENT][Rank 120] | Exiting normally.
[PARENT][Rank 116] | Exiting normally.
[PARENT][Rank 144] | Exiting normally.
[PARENT][Rank 185] | Exiting normally.
[PARENT][Rank 124] | Exiting normally.
[PARENT][Rank 134] | Exiting normally.
[PARENT][Rank 211] | Exiting normally.
[PARENT][Rank 114] | Exiting normally.
[PARENT][Rank 189] | Exiting normally.
[PARENT][Rank 123] | Exiting normally.
[PARENT][Rank 79] | Exiting normally.
[PARENT][Rank 130] | Exiting normally.
[PARENT][Rank 197] | Exiting normally.
[PARENT][Rank 131] | Exiting normally.
[PARENT][Rank 118] | Exiting normally.
[PARENT][Rank 188] | Exiting normally.
[PARENT][Rank 217] | Exiting normally.
[PARENT][Rank 137] | Exiting normally.
[PARENT][Rank 146] | Exiting normally.
[PARENT][Rank 132] | Exiting normally.
[PARENT][Rank 140] | Exiting normally.
[PARENT][Rank 138] | Exiting normally.
[PARENT][Rank 126] | Exiting normally.
[PARENT][Rank 209] | Exiting normally.
[PARENT][Rank 203] | Exiting normally.
[PARENT][Rank 127] | Exiting normally.
[PARENT][Rank 193] | Exiting normally.
[PARENT][Rank 207] | Exiting normally.
[PARENT][Rank 205] | Exiting normally.
[PARENT][Rank 191] | Exiting normally.
[PARENT][Rank 110] | Exiting normally.
[PARENT][Rank 78] | Exiting normally.
[PARENT][Rank 198] | Exiting normally.
[PARENT][Rank 216] | Exiting normally.
[PARENT][Rank 210] | Exiting normally.
[PARENT][Rank 96] | Exiting normally.
[PARENT][Rank 102] | Exiting normally.
[PARENT][Rank 108] | Exiting normally.
[PARENT][Rank 86] | Exiting normally.
[PARENT][Rank 80] | Exiting normally.
[PARENT][Rank 129] | Exiting normally.
[PARENT][Rank 115] | Exiting normally.
[PARENT][Rank 100] | Exiting normally.
[PARENT][Rank 121] | Exiting normally.
[PARENT][Rank 161] | Exiting normally.
[PARENT][Rank 37] | Exiting normally.
[PARENT][Rank 6] | Exiting normally.
[PARENT][Rank 159] | Exiting normally.
[PARENT][Rank 163] | Exiting normally.
[PARENT][Rank 173] | Exiting normally.
[PARENT][Rank 15] | Exiting normally.
[PARENT][Rank 175] | Exiting normally.
[PARENT][Rank 181] | Exiting normally.
[PARENT][Rank 4] | Exiting normally.
[PARENT][Rank 152] | Exiting normally.
[PARENT][Rank 170] | Exiting normally.
[PARENT][Rank 178] | Exiting normally.
[PARENT][Rank 16] | Exiting normally.
[PARENT][Rank 158] | Exiting normally.
[PARENT][Rank 165] | Exiting normally.
[PARENT][Rank 162] | Exiting normally.
[PARENT][Rank 153] | Exiting normally.
[PARENT][Rank 150] | Exiting normally.
[PARENT][Rank 164] | Exiting normally.
[PARENT][Rank 38] | Exiting normally.
[PARENT][Rank 166] | Exiting normally.
[PARENT][Rank 247] | Exiting normally.
[PARENT][Rank 179] | Exiting normally.
[PARENT][Rank 154] | Exiting normally.
[PARENT][Rank 177] | Exiting normally.
[PARENT][Rank 182] | Exiting normally.
[PARENT][Rank 231] | Exiting normally.
[PARENT][Rank 221] | Exiting normally.
[PARENT][Rank 167] | Exiting normally.
[PARENT][Rank 227] | Exiting normally.
[PARENT][Rank 236] | Exiting normally.
[PARENT][Rank 31] | Exiting normally.
[PARENT][Rank 136] | Exiting normally.
[PARENT][Rank 208] | Exiting normally.
[PARENT][Rank 142] | Exiting normally.
[PARENT][Rank 187] | Exiting normally.
[PARENT][Rank 200] | Exiting normally.
[PARENT][Rank 195] | Exiting normally.
[PARENT][Rank 204] | Exiting normally.
[PARENT][Rank 215] | Exiting normally.
[PARENT][Rank 199] | Exiting normally.
[PARENT][Rank 213] | Exiting normally.
[PARENT][Rank 186] | Exiting normally.
[PARENT][Rank 147] | Exiting normally.
[PARENT][Rank 202] | Exiting normally.
[PARENT][Rank 184] | Exiting normally.
[PARENT][Rank 196] | Exiting normally.
[PARENT][Rank 169] | Exiting normally.
[PARENT][Rank 156] | Exiting normally.
[PARENT][Rank 157] | Exiting normally.
[PARENT][Rank 183] | Exiting normally.
[PARENT][Rank 155] | Exiting normally.
[PARENT][Rank 160] | Exiting normally.
[PARENT][Rank 172] | Exiting normally.
[PARENT][Rank 176] | Exiting normally.
[PARENT][Rank 174] | Exiting normally.
[PARENT][Rank 149] | Exiting normally.
[PARENT][Rank 151] | Exiting normally.
[PARENT][Rank 168] | Exiting normally.
[PARENT][Rank 180] | Exiting normally.
[PARENT][Rank 171] | Exiting normally.
[PARENT][Rank 277] | Exiting normally.
[PARENT][Rank 281] | Exiting normally.
[PARENT][Rank 287] | Exiting normally.
[PARENT][Rank 271] | Exiting normally.
[PARENT][Rank 283] | Exiting normally.
[PARENT][Rank 285] | Exiting normally.
[PARENT][Rank 289] | Exiting normally.
[PARENT][Rank 291] | Exiting normally.
[PARENT][Rank 398] | Exiting normally.
[PARENT][Rank 372] | Exiting normally.
[PARENT][Rank 382] | Exiting normally.
[PARENT][Rank 376] | Exiting normally.
[PARENT][Rank 378] | Exiting normally.
[PARENT][Rank 390] | Exiting normally.
[PARENT][Rank 387] | Exiting normally.
[PARENT][Rank 365] | Exiting normally.
[PARENT][Rank 395] | Exiting normally.
[PARENT][Rank 391] | Exiting normally.
[PARENT][Rank 383] | Exiting normally.
[PARENT][Rank 367] | Exiting normally.
[PARENT][Rank 375] | Exiting normally.
[PARENT][Rank 373] | Exiting normally.
[PARENT][Rank 369] | Exiting normally.
[PARENT][Rank 381] | Exiting normally.
[PARENT][Rank 258] | Exiting normally.
[PARENT][Rank 276] | Exiting normally.
[PARENT][Rank 257] | Exiting normally.
[PARENT][Rank 274] | Exiting normally.
[PARENT][Rank 268] | Exiting normally.
[PARENT][Rank 290] | Exiting normally.
[PARENT][Rank 388] | Exiting normally.
[PARENT][Rank 262] | Exiting normally.
[PARENT][Rank 261] | Exiting normally.
[PARENT][Rank 272] | Exiting normally.
[PARENT][Rank 380] | Exiting normally.
[PARENT][Rank 259] | Exiting normally.
[PARENT][Rank 264] | Exiting normally.
[PARENT][Rank 279] | Exiting normally.
[PARENT][Rank 269] | Exiting normally.
[PARENT][Rank 282] | Exiting normally.
[PARENT][Rank 377] | Exiting normally.
[PARENT][Rank 265] | Exiting normally.
[PARENT][Rank 273] | Exiting normally.
[PARENT][Rank 389] | Exiting normally.
[PARENT][Rank 286] | Exiting normally.
[PARENT][Rank 278] | Exiting normally.
[PARENT][Rank 393] | Exiting normally.
[PARENT][Rank 275] | Exiting normally.
[PARENT][Rank 284] | Exiting normally.
[PARENT][Rank 270] | Exiting normally.
[PARENT][Rank 396] | Exiting normally.
[PARENT][Rank 394] | Exiting normally.
[PARENT][Rank 385] | Exiting normally.
[PARENT][Rank 288] | Exiting normally.
[PARENT][Rank 371] | Exiting normally.
[PARENT][Rank 397] | Exiting normally.
[PARENT][Rank 364] | Exiting normally.
[PARENT][Rank 384] | Exiting normally.
[PARENT][Rank 366] | Exiting normally.
[PARENT][Rank 368] | Exiting normally.
[PARENT][Rank 374] | Exiting normally.
[PARENT][Rank 280] | Exiting normally.
[PARENT][Rank 263] | Exiting normally.
[PARENT][Rank 256] | Exiting normally.
[PARENT][Rank 260] | Exiting normally.
[PARENT][Rank 267] | Exiting normally.
[PARENT][Rank 266] | Exiting normally.
[PARENT][Rank 370] | Exiting normally.
[PARENT][Rank 2] | Exiting normally.
[PARENT][Rank 3] | Exiting normally.
[PARENT][Rank 1] | Exiting normally.
[PARENT][Rank 0] | Exiting normally.
[PARENT][Rank 392] | Exiting normally.
[PARENT][Rank 379] | Exiting normally.
[PARENT][Rank 328] | Exiting normally.
[PARENT][Rank 344] | Exiting normally.
[PARENT][Rank 345] | Exiting normally.
[PARENT][Rank 346] | Exiting normally.
[PARENT][Rank 347] | Exiting normally.
[PARENT][Rank 348] | Exiting normally.
[PARENT][Rank 350] | Exiting normally.
[PARENT][Rank 351] | Exiting normally.
[PARENT][Rank 352] | Exiting normally.
[PARENT][Rank 353] | Exiting normally.
[PARENT][Rank 354] | Exiting normally.
[PARENT][Rank 355] | Exiting normally.
[PARENT][Rank 356] | Exiting normally.
[PARENT][Rank 357] | Exiting normally.
[PARENT][Rank 358] | Exiting normally.
[PARENT][Rank 359] | Exiting normally.
[PARENT][Rank 360] | Exiting normally.
[PARENT][Rank 361] | Exiting normally.
[PARENT][Rank 362] | Exiting normally.
[PARENT][Rank 363] | Exiting normally.
[PARENT][Rank 329] | Exiting normally.
[PARENT][Rank 330] | Exiting normally.
[PARENT][Rank 331] | Exiting normally.
[PARENT][Rank 332] | Exiting normally.
[PARENT][Rank 333] | Exiting normally.
[PARENT][Rank 335] | Exiting normally.
[PARENT][Rank 336] | Exiting normally.
[PARENT][Rank 337] | Exiting normally.
[PARENT][Rank 338] | Exiting normally.
[PARENT][Rank 339] | Exiting normally.
[PARENT][Rank 340] | Exiting normally.
[PARENT][Rank 342] | Exiting normally.
[PARENT][Rank 123] | Exiting normally.
[PARENT][Rank 386] | Exiting normally.
[PARENT][Rank 292] | Exiting normally.
[PARENT][Rank 294] | Exiting normally.
[PARENT][Rank 293] | Exiting normally.
[PARENT][Rank 295] | Exiting normally.
[PARENT][Rank 296] | Exiting normally.
[PARENT][Rank 298] | Exiting normally.
[PARENT][Rank 299] | Exiting normally.
[PARENT][Rank 300] | Exiting normally.
[PARENT][Rank 301] | Exiting normally.
[PARENT][Rank 302] | Exiting normally.
[PARENT][Rank 303] | Exiting normally.
[PARENT][Rank 304] | Exiting normally.
[PARENT][Rank 305] | Exiting normally.
[PARENT][Rank 306] | Exiting normally.
[PARENT][Rank 309] | Exiting normally.
[PARENT][Rank 310] | Exiting normally.
[PARENT][Rank 311] | Exiting normally.
[PARENT][Rank 312] | Exiting normally.
[PARENT][Rank 313] | Exiting normally.
[PARENT][Rank 314] | Exiting normally.
[PARENT][Rank 315] | Exiting normally.
[PARENT][Rank 316] | Exiting normally.
[PARENT][Rank 317] | Exiting normally.
[PARENT][Rank 318] | Exiting normally.
[PARENT][Rank 319] | Exiting normally.
[PARENT][Rank 320] | Exiting normally.
[PARENT][Rank 322] | Exiting normally.
[PARENT][Rank 323] | Exiting normally.
[PARENT][Rank 324] | Exiting normally.
[PARENT][Rank 325] | Exiting normally.
[PARENT][Rank 297] | Exiting normally.
[PARENT][Rank 307] | Exiting normally.
[PARENT][Rank 321] | Exiting normally.
[PARENT][Rank 308] | Exiting normally.
[PARENT][Rank 341] | Exiting normally.
[PARENT][Rank 349] | Exiting normally.
[PARENT][Rank 343] | Exiting normally.
[PARENT][Rank 334] | Exiting normally.
[PARENT][Rank 327] | Exiting normally.
[PARENT][Rank 326] | Exiting normally.
[PARENT][Rank 22] | Exiting normally.
[PARENT][Rank 66] | Exiting normally.
[PARENT][Rank 233] | Exiting normally.
[PARENT][Rank 139] | Exiting normally.
[PARENT][Rank 129] | Exiting normally.
[PARENT][Rank 131] | Exiting normally.
[PARENT][Rank 147] | Exiting normally.
[PARENT][Rank 143] | Exiting normally.
[PARENT][Rank 121] | Exiting normally.
[PARENT][Rank 92] | Exiting normally.
[PARENT][Rank 195] | Exiting normally.
[PARENT][Rank 152] | Exiting normally.
[PARENT][Rank 50] | Exiting normally.
[PARENT][Rank 83] | Exiting normally.
[PARENT][Rank 35] | Exiting normally.
[PARENT][Rank 39] | Exiting normally.
[PARENT][Rank 33] | Exiting normally.
[PARENT][Rank 111] | Exiting normally.
[PARENT][Rank 105] | Exiting normally.
[PARENT][Rank 12] | Exiting normally.
[PARENT][Rank 8] | Exiting normally.
[PARENT][Rank 107] | Exiting normally.
[PARENT][Rank 52] | Exiting normally.
[PARENT][Rank 10] | Exiting normally.
[PARENT][Rank 91] | Exiting normally.
[PARENT][Rank 38] | Exiting normally.
[PARENT][Rank 109] | Exiting normally.
[PARENT][Rank 36] | Exiting normally.
[PARENT][Rank 54] | Exiting normally.
[PARENT][Rank 30] | Exiting normally.
[PARENT][Rank 61] | Exiting normally.
[PARENT][Rank 62] | Exiting normally.
[PARENT][Rank 41] | Exiting normally.
[PARENT][Rank 42] | Exiting normally.
[PARENT][Rank 31] | Exiting normally.
[PARENT][Rank 32] | Exiting normally.
[PARENT][Rank 46] | Exiting normally.
[PARENT][Rank 26] | Exiting normally.
[PARENT][Rank 72] | Exiting normally.
[PARENT][Rank 68] | Exiting normally.
[PARENT][Rank 97] | Exiting normally.
[PARENT][Rank 60] | Exiting normally.
[PARENT][Rank 63] | Exiting normally.
[PARENT][Rank 70] | Exiting normally.
[PARENT][Rank 89] | Exiting normally.
[PARENT][Rank 25] | Exiting normally.
[PARENT][Rank 24] | Exiting normally.
[PARENT][Rank 58] | Exiting normally.
[PARENT][Rank 29] | Exiting normally.
[PARENT][Rank 75] | Exiting normally.
[PARENT][Rank 65] | Exiting normally.
[PARENT][Rank 5] | Exiting normally.
[PARENT][Rank 64] | Exiting normally.
[PARENT][Rank 23] | Exiting normally.
[PARENT][Rank 49] | Exiting normally.
[PARENT][Rank 37] | Exiting normally.
[PARENT][Rank 87] | Exiting normally.
[PARENT][Rank 45] | Exiting normally.
[PARENT][Rank 13] | Exiting normally.
[PARENT][Rank 73] | Exiting normally.
[PARENT][Rank 71] | Exiting normally.
[PARENT][Rank 74] | Exiting normally.
[PARENT][Rank 28] | Exiting normally.
[PARENT][Rank 103] | Exiting normally.
[PARENT][Rank 59] | Exiting normally.
[PARENT][Rank 69] | Exiting normally.
[PARENT][Rank 55] | Exiting normally.
[PARENT][Rank 51] | Exiting normally.
[PARENT][Rank 57] | Exiting normally.
[PARENT][Rank 79] | Exiting normally.
[PARENT][Rank 44] | Exiting normally.
[PARENT][Rank 47] | Exiting normally.
[PARENT][Rank 19] | Exiting normally.
[PARENT][Rank 40] | Exiting normally.
[PARENT][Rank 53] | Exiting normally.
[PARENT][Rank 21] | Exiting normally.
[PARENT][Rank 7] | Exiting normally.
[PARENT][Rank 15] | Exiting normally.
[PARENT][Rank 95] | Exiting normally.
[PARENT][Rank 34] | Exiting normally.
[PARENT][Rank 221] | Exiting normally.
[PARENT][Rank 238] | Exiting normally.
[PARENT][Rank 223] | Exiting normally.
[PARENT][Rank 235] | Exiting normally.
[PARENT][Rank 246] | Exiting normally.
[PARENT][Rank 253] | Exiting normally.
[PARENT][Rank 244] | Exiting normally.
[PARENT][Rank 255] | Exiting normally.
[PARENT][Rank 236] | Exiting normally.
[PARENT][Rank 230] | Exiting normally.
[PARENT][Rank 248] | Exiting normally.
[PARENT][Rank 234] | Exiting normally.
[PARENT][Rank 251] | Exiting normally.
[PARENT][Rank 225] | Exiting normally.
[PARENT][Rank 226] | Exiting normally.
[PARENT][Rank 243] | Exiting normally.
[PARENT][Rank 240] | Exiting normally.
[PARENT][Rank 224] | Exiting normally.
[PARENT][Rank 222] | Exiting normally.
[PARENT][Rank 249] | Exiting normally.
[PARENT][Rank 232] | Exiting normally.
[PARENT][Rank 229] | Exiting normally.
[PARENT][Rank 237] | Exiting normally.
[PARENT][Rank 227] | Exiting normally.
[PARENT][Rank 239] | Exiting normally.
[PARENT][Rank 254] | Exiting normally.
[PARENT][Rank 241] | Exiting normally.
[PARENT][Rank 242] | Exiting normally.
[PARENT][Rank 247] | Exiting normally.
[PARENT][Rank 252] | Exiting normally.
[PARENT][Rank 250] | Exiting normally.
[PARENT][Rank 155] | Exiting normally.
[PARENT][Rank 179] | Exiting normally.
[PARENT][Rank 177] | Exiting normally.
[PARENT][Rank 161] | Exiting normally.
[PARENT][Rank 181] | Exiting normally.
[PARENT][Rank 76] | Exiting normally.
[PARENT][Rank 20] | Exiting normally.
[PARENT][Rank 149] | Exiting normally.
[PARENT][Rank 99] | Exiting normally.
[PARENT][Rank 151] | Exiting normally.
[PARENT][Rank 100] | Exiting normally.
[PARENT][Rank 43] | Exiting normally.
[PARENT][Rank 11] | Exiting normally.
[PARENT][Rank 183] | Exiting normally.
[PARENT][Rank 159] | Exiting normally.
[PARENT][Rank 102] | Exiting normally.
[PARENT][Rank 98] | Exiting normally.
[PARENT][Rank 138] | Exiting normally.
[PARENT][Rank 165] | Exiting normally.
[PARENT][Rank 163] | Exiting normally.
[PARENT][Rank 80] | Exiting normally.
[PARENT][Rank 82] | Exiting normally.
[PARENT][Rank 175] | Exiting normally.
[PARENT][Rank 9] | Exiting normally.
[PARENT][Rank 16] | Exiting normally.
[PARENT][Rank 6] | Exiting normally.
[PARENT][Rank 81] | Exiting normally.
[PARENT][Rank 27] | Exiting normally.
[PARENT][Rank 85] | Exiting normally.
[PARENT][Rank 101] | Exiting normally.
[PARENT][Rank 94] | Exiting normally.
[PARENT][Rank 18] | Exiting normally.
[PARENT][Rank 93] | Exiting normally.
[PARENT][Rank 84] | Exiting normally.
[PARENT][Rank 90] | Exiting normally.
[PARENT][Rank 77] | Exiting normally.
[PARENT][Rank 17] | Exiting normally.
[PARENT][Rank 110] | Exiting normally.
[PARENT][Rank 86] | Exiting normally.
[PARENT][Rank 88] | Exiting normally.
[PARENT][Rank 67] | Exiting normally.
[PARENT][Rank 56] | Exiting normally.
[PARENT][Rank 157] | Exiting normally.
[PARENT][Rank 104] | Exiting normally.
[PARENT][Rank 96] | Exiting normally.
[PARENT][Rank 108] | Exiting normally.
[PARENT][Rank 106] | Exiting normally.
[PARENT][Rank 112] | Exiting normally.
[PARENT][Rank 126] | Exiting normally.
[PARENT][Rank 142] | Exiting normally.
[PARENT][Rank 134] | Exiting normally.
[PARENT][Rank 124] | Exiting normally.
[PARENT][Rank 140] | Exiting normally.
[PARENT][Rank 114] | Exiting normally.
[PARENT][Rank 14] | Exiting normally.
[PARENT][Rank 127] | Exiting normally.
[PARENT][Rank 144] | Exiting normally.
[PARENT][Rank 116] | Exiting normally.
[PARENT][Rank 117] | Exiting normally.
[PARENT][Rank 135] | Exiting normally.
[PARENT][Rank 146] | Exiting normally.
[PARENT][Rank 115] | Exiting normally.
[PARENT][Rank 132] | Exiting normally.
[PARENT][Rank 197] | Exiting normally.
[PARENT][Rank 125] | Exiting normally.
[PARENT][Rank 4] | Exiting normally.
[PARENT][Rank 118] | Exiting normally.
[PARENT][Rank 113] | Exiting normally.
[PARENT][Rank 78] | Exiting normally.
[PARENT][Rank 130] | Exiting normally.
[PARENT][Rank 120] | Exiting normally.
[PARENT][Rank 48] | Exiting normally.
[PARENT][Rank 122] | Exiting normally.
[PARENT][Rank 128] | Exiting normally.
[PARENT][Rank 141] | Exiting normally.
[PARENT][Rank 133] | Exiting normally.
[PARENT][Rank 145] | Exiting normally.
[PARENT][Rank 119] | Exiting normally.
[PARENT][Rank 193] | Exiting normally.
[PARENT][Rank 210] | Exiting normally.
[PARENT][Rank 215] | Exiting normally.
[PARENT][Rank 194] | Exiting normally.
[PARENT][Rank 185] | Exiting normally.
[PARENT][Rank 187] | Exiting normally.
[PARENT][Rank 201] | Exiting normally.
[PARENT][Rank 206] | Exiting normally.
[PARENT][Rank 218] | Exiting normally.
[PARENT][Rank 208] | Exiting normally.
[PARENT][Rank 188] | Exiting normally.
[PARENT][Rank 198] | Exiting normally.
[PARENT][Rank 202] | Exiting normally.
[PARENT][Rank 216] | Exiting normally.
[PARENT][Rank 245] | Exiting normally.
[PARENT][Rank 231] | Exiting normally.
[PARENT][Rank 137] | Exiting normally.
[PARENT][Rank 200] | Exiting normally.
[PARENT][Rank 207] | Exiting normally.
[PARENT][Rank 209] | Exiting normally.
[PARENT][Rank 186] | Exiting normally.
[PARENT][Rank 212] | Exiting normally.
[PARENT][Rank 217] | Exiting normally.
[PARENT][Rank 211] | Exiting normally.
[PARENT][Rank 189] | Exiting normally.
[PARENT][Rank 199] | Exiting normally.
[PARENT][Rank 184] | Exiting normally.
[PARENT][Rank 214] | Exiting normally.
[PARENT][Rank 196] | Exiting normally.
[PARENT][Rank 220] | Exiting normally.
[PARENT][Rank 204] | Exiting normally.
[PARENT][Rank 192] | Exiting normally.
[PARENT][Rank 190] | Exiting normally.
[PARENT][Rank 203] | Exiting normally.
[PARENT][Rank 191] | Exiting normally.
[PARENT][Rank 205] | Exiting normally.
[PARENT][Rank 213] | Exiting normally.
[PARENT][Rank 228] | Exiting normally.
[PARENT][Rank 219] | Exiting normally.
[PARENT][Rank 174] | Exiting normally.
[PARENT][Rank 171] | Exiting normally.
[PARENT][Rank 158] | Exiting normally.
[PARENT][Rank 176] | Exiting normally.
[PARENT][Rank 153] | Exiting normally.
[PARENT][Rank 150] | Exiting normally.
[PARENT][Rank 178] | Exiting normally.
[PARENT][Rank 180] | Exiting normally.
[PARENT][Rank 160] | Exiting normally.
[PARENT][Rank 168] | Exiting normally.
[PARENT][Rank 170] | Exiting normally.
[PARENT][Rank 156] | Exiting normally.
[PARENT][Rank 172] | Exiting normally.
[PARENT][Rank 169] | Exiting normally.
[PARENT][Rank 154] | Exiting normally.
[PARENT][Rank 164] | Exiting normally.
[PARENT][Rank 148] | Exiting normally.
[PARENT][Rank 166] | Exiting normally.
[PARENT][Rank 173] | Exiting normally.
[PARENT][Rank 162] | Exiting normally.
[PARENT][Rank 167] | Exiting normally.
[PARENT][Rank 182] | Exiting normally.
[PARENT][Rank 136] | Exiting normally.
========= Job finished at Mon Mar  3 03:09:26 CET 2025 ==========
